time_ns,mean_induced_D,max_induced_D
0.000000000000000000e+00,1.816359013319015503e-01,5.522649884223937988e-01
1.000000002981405768e-02,1.825815588235855103e-01,4.864121973514556885e-01
2.000000005962811536e-02,1.842287629842758179e-01,5.080991387367248535e-01
3.000000008944217478e-02,1.793667525053024292e-01,5.634931921958923340e-01
4.000000011925623072e-02,1.858210563659667969e-01,5.187988877296447754e-01
5.000000014907028667e-02,1.773751527070999146e-01,5.475108027458190918e-01
6.000000017888434956e-02,1.838287860155105591e-01,5.306453108787536621e-01
7.000000020869839856e-02,1.843242049217224121e-01,5.244686603546142578e-01
8.000000023851246145e-02,1.866164207458496094e-01,6.332637667655944824e-01
9.000000026832652433e-02,1.802388578653335571e-01,5.606379508972167969e-01
1.000000002981405733e-01,1.826862841844558716e-01,5.875660181045532227e-01
1.100000003279546362e-01,1.738956868648529053e-01,5.667163133621215820e-01
1.200000003577686991e-01,1.901692450046539307e-01,5.270101428031921387e-01
1.300000003875827481e-01,1.763976812362670898e-01,7.055251002311706543e-01
1.400000004173967971e-01,1.645466238260269165e-01,5.493078827857971191e-01
1.500000004472108739e-01,1.890508085489273071e-01,5.621605515480041504e-01
1.600000004770249229e-01,1.835270822048187256e-01,5.882933139801025391e-01
1.700000005068389719e-01,1.792152971029281616e-01,6.326665282249450684e-01
1.800000005366530487e-01,1.773621737957000732e-01,5.335371494293212891e-01
1.900000005664670977e-01,1.781628876924514771e-01,6.619042754173278809e-01
2.000000005962811467e-01,1.773310005664825439e-01,5.230988860130310059e-01
2.100000006260952234e-01,1.787320673465728760e-01,5.721678733825683594e-01
2.200000006559092725e-01,1.708099991083145142e-01,5.209995508193969727e-01
2.300000006857233215e-01,1.743396222591400146e-01,5.982734560966491699e-01
2.400000007155373982e-01,1.744486093521118164e-01,6.522092819213867188e-01
2.500000007453514472e-01,1.747607588768005371e-01,5.780251622200012207e-01
2.600000007751654962e-01,1.842832565307617188e-01,5.300609469413757324e-01
2.700000008049795452e-01,1.797525286674499512e-01,5.381739139556884766e-01
2.800000008347935943e-01,1.838403940200805664e-01,6.914092898368835449e-01
2.900000008646076988e-01,1.869998127222061157e-01,5.731128454208374023e-01
3.000000008944217478e-01,1.738367378711700439e-01,5.985842943191528320e-01
3.100000009242357968e-01,1.847201436758041382e-01,6.340203881263732910e-01
3.200000009540498458e-01,1.776186674833297729e-01,5.403311848640441895e-01
3.300000009838638948e-01,1.827112734317779541e-01,6.453176736831665039e-01
3.400000010136779438e-01,1.834744513034820557e-01,5.373207926750183105e-01
3.500000010434919928e-01,1.778669804334640503e-01,5.146378278732299805e-01
3.600000010733060973e-01,1.799408644437789917e-01,5.213937163352966309e-01
3.700000011031201463e-01,1.885774284601211548e-01,5.442635416984558105e-01
3.800000011329341953e-01,1.807355731725692749e-01,5.231036543846130371e-01
3.900000011627482444e-01,1.793502718210220337e-01,5.244796276092529297e-01
4.000000011925622934e-01,1.779848486185073853e-01,5.402285456657409668e-01
4.100000012223763424e-01,1.861859858036041260e-01,4.994038641452789307e-01
4.200000012521904469e-01,1.777577251195907593e-01,4.967374503612518311e-01
4.300000012820044959e-01,1.849653571844100952e-01,5.431380867958068848e-01
4.400000013118185449e-01,1.838908195495605469e-01,5.762570500373840332e-01
4.500000013416325939e-01,1.896339654922485352e-01,5.251467823982238770e-01
4.600000013714466429e-01,1.858521103858947754e-01,5.990498661994934082e-01
4.700000014012606919e-01,1.841577142477035522e-01,5.552502870559692383e-01
4.800000014310747964e-01,1.898756623268127441e-01,5.449241995811462402e-01
4.900000014608888455e-01,1.814992725849151611e-01,4.873802065849304199e-01
5.000000014907028945e-01,1.856765598058700562e-01,5.049820542335510254e-01
5.100000015205169435e-01,1.807134002447128296e-01,5.331283211708068848e-01
5.200000015503309925e-01,1.893550902605056763e-01,5.904910564422607422e-01
5.300000015801450415e-01,1.896788030862808228e-01,4.914259016513824463e-01
5.400000016099590905e-01,1.862776428461074829e-01,5.023151636123657227e-01
5.500000016397731395e-01,1.847405582666397095e-01,5.180538892745971680e-01
5.600000016695871885e-01,1.867398172616958618e-01,7.190845608711242676e-01
5.700000016994012375e-01,1.813321560621261597e-01,5.240703821182250977e-01
5.800000017292153975e-01,1.742357760667800903e-01,5.243754386901855469e-01
5.900000017590294465e-01,1.745432764291763306e-01,5.022348761558532715e-01
6.000000017888434956e-01,1.870549172163009644e-01,5.464341640472412109e-01
6.100000018186575446e-01,1.821466982364654541e-01,5.193238854408264160e-01
6.200000018484715936e-01,1.828189045190811157e-01,4.988312125205993652e-01
6.300000018782856426e-01,1.809894740581512451e-01,5.226463675498962402e-01
6.400000019080996916e-01,1.859633177518844604e-01,6.047092080116271973e-01
6.500000019379137406e-01,1.833117306232452393e-01,5.090616345405578613e-01
6.600000019677277896e-01,1.788509041070938110e-01,5.142999887466430664e-01
6.700000019975418386e-01,1.694207191467285156e-01,5.566134452819824219e-01
6.800000020273558876e-01,1.781215071678161621e-01,6.410640478134155273e-01
6.900000020571699366e-01,1.776425540447235107e-01,5.311810970306396484e-01
7.000000020869839856e-01,1.823859810829162598e-01,5.688188672065734863e-01
7.100000021167981457e-01,1.897836774587631226e-01,5.021570324897766113e-01
7.200000021466121947e-01,1.807023137807846069e-01,5.301571488380432129e-01
7.300000021764262437e-01,1.773083657026290894e-01,4.676478207111358643e-01
7.400000022062402927e-01,1.790732294321060181e-01,5.086963772773742676e-01
7.500000022360543417e-01,1.802312582731246948e-01,5.249006748199462891e-01
7.600000022658683907e-01,1.830254942178726196e-01,5.283422470092773438e-01
7.700000022956824397e-01,1.932159960269927979e-01,5.364534854888916016e-01
7.800000023254964887e-01,1.804274171590805054e-01,5.047666430473327637e-01
7.900000023553105377e-01,1.770807802677154541e-01,4.618110358715057373e-01
8.000000023851245867e-01,1.815446913242340088e-01,5.263868570327758789e-01
8.100000024149386357e-01,1.856214702129364014e-01,6.058473587036132812e-01
8.200000024447526847e-01,1.891311556100845337e-01,5.272709727287292480e-01
8.300000024745667337e-01,1.806722134351730347e-01,4.953051805496215820e-01
8.400000025043808938e-01,1.780486255884170532e-01,5.696655511856079102e-01
8.500000025341949428e-01,1.897360384464263916e-01,5.199818611145019531e-01
8.600000025640089918e-01,1.793119758367538452e-01,5.490135550498962402e-01
8.700000025938230408e-01,1.846000403165817261e-01,5.067327618598937988e-01
8.800000026236370898e-01,1.802089810371398926e-01,5.197474360466003418e-01
8.900000026534511388e-01,1.779893040657043457e-01,5.695160627365112305e-01
9.000000026832651878e-01,1.788905113935470581e-01,5.217325091361999512e-01
9.100000027130792368e-01,1.913804858922958374e-01,5.901710391044616699e-01
9.200000027428932858e-01,1.833265423774719238e-01,4.292660355567932129e-01
9.300000027727073348e-01,1.782301515340805054e-01,6.266319155693054199e-01
9.400000028025213838e-01,1.738172471523284912e-01,4.538829922676086426e-01
9.500000028323354329e-01,1.856378614902496338e-01,5.185754299163818359e-01
9.600000028621495929e-01,1.899037212133407593e-01,5.583470463752746582e-01
9.700000028919636419e-01,1.804939508438110352e-01,5.027904510498046875e-01
9.800000029217776909e-01,1.863243132829666138e-01,6.041796207427978516e-01
9.900000029515917399e-01,1.852564811706542969e-01,5.967884659767150879e-01
1.000000002981405789e+00,1.850117594003677368e-01,5.355282425880432129e-01
1.010000003011219727e+00,1.850653588771820068e-01,6.212803125381469727e-01
1.020000003041033887e+00,1.926511675119400024e-01,5.188009738922119141e-01
1.030000003070848047e+00,1.736364811658859253e-01,4.982285797595977783e-01
1.040000003100661985e+00,1.785583198070526123e-01,6.616358160972595215e-01
1.050000003130476145e+00,1.882657855749130249e-01,5.925870537757873535e-01
1.060000003160290083e+00,1.751829236745834351e-01,5.769845247268676758e-01
1.070000003190104243e+00,1.873391419649124146e-01,5.234655737876892090e-01
1.080000003219918181e+00,1.790167391300201416e-01,5.390995740890502930e-01
1.090000003249732341e+00,1.902673989534378052e-01,6.376557350158691406e-01
1.100000003279546279e+00,1.853348463773727417e-01,6.640558242797851562e-01
1.110000003309360439e+00,1.845175325870513916e-01,4.853277206420898438e-01
1.120000003339174377e+00,1.881348490715026855e-01,7.284137010574340820e-01
1.130000003368988537e+00,1.821334958076477051e-01,5.085478425025939941e-01
1.140000003398802475e+00,1.687623262405395508e-01,4.991328716278076172e-01
1.150000003428616635e+00,1.802913546562194824e-01,5.044359564781188965e-01
1.160000003458430795e+00,1.765789389610290527e-01,5.243315100669860840e-01
1.170000003488244733e+00,1.813146173954010010e-01,5.074968338012695312e-01
1.180000003518058893e+00,1.811817288398742676e-01,4.886312484741210938e-01
1.190000003547872831e+00,1.818525046110153198e-01,5.072091221809387207e-01
1.200000003577686991e+00,1.797011792659759521e-01,6.349797248840332031e-01
1.210000003607500929e+00,1.789692044258117676e-01,4.817168414592742920e-01
1.220000003637315089e+00,1.945558786392211914e-01,5.354637503623962402e-01
1.230000003667129027e+00,1.804518550634384155e-01,5.635267496109008789e-01
1.240000003696943187e+00,1.857205927371978760e-01,4.776769876480102539e-01
1.250000003726757125e+00,1.784006506204605103e-01,4.894286692142486572e-01
1.260000003756571285e+00,1.748742014169692993e-01,4.590452015399932861e-01
1.270000003786385223e+00,1.816234886646270752e-01,5.404623746871948242e-01
1.280000003816199383e+00,1.784357130527496338e-01,5.375520586967468262e-01
1.290000003846013543e+00,1.859664916992187500e-01,5.300041437149047852e-01
1.300000003875827481e+00,1.707706898450851440e-01,4.635635912418365479e-01
1.310000003905641641e+00,1.733725219964981079e-01,5.196656584739685059e-01
1.320000003935455579e+00,1.677988767623901367e-01,5.705417394638061523e-01
1.330000003965269739e+00,1.845390051603317261e-01,5.079345703125000000e-01
1.340000003995083677e+00,1.762565970420837402e-01,5.161598324775695801e-01
1.350000004024897837e+00,1.733224838972091675e-01,5.138897299766540527e-01
1.360000004054711775e+00,1.769830882549285889e-01,4.942889809608459473e-01
1.370000004084525935e+00,1.852287948131561279e-01,4.773853421211242676e-01
1.380000004114339873e+00,1.742821782827377319e-01,4.462278783321380615e-01
1.390000004144154033e+00,1.734859347343444824e-01,5.399473905563354492e-01
1.400000004173967971e+00,1.750396341085433960e-01,5.471855998039245605e-01
1.410000004203782131e+00,1.783943027257919312e-01,5.502373576164245605e-01
1.420000004233596291e+00,1.759980320930480957e-01,5.529509186744689941e-01
1.430000004263410229e+00,1.870562732219696045e-01,6.572265625000000000e-01
1.440000004293224389e+00,1.865746378898620605e-01,6.220950484275817871e-01
1.450000004323038327e+00,1.827763170003890991e-01,6.179698705673217773e-01
1.460000004352852487e+00,1.833918392658233643e-01,5.731961131095886230e-01
1.470000004382666425e+00,1.854267716407775879e-01,4.805706143379211426e-01
1.480000004412480585e+00,1.705830693244934082e-01,5.052115917205810547e-01
1.490000004442294523e+00,1.800158619880676270e-01,5.041642785072326660e-01
1.500000004472108683e+00,1.759599298238754272e-01,5.238445401191711426e-01
1.510000004501922621e+00,1.724862456321716309e-01,4.929684698581695557e-01
1.520000004531736781e+00,1.784905791282653809e-01,5.104044675827026367e-01
1.530000004561550719e+00,1.770244836807250977e-01,5.436639189720153809e-01
1.540000004591364879e+00,1.786881387233734131e-01,5.065580010414123535e-01
1.550000004621179039e+00,1.870216280221939087e-01,5.450594425201416016e-01
1.560000004650992977e+00,1.776991486549377441e-01,5.327185988426208496e-01
1.570000004680807137e+00,1.827034056186676025e-01,5.270107388496398926e-01
1.580000004710621075e+00,1.927978545427322388e-01,5.375707745552062988e-01
1.590000004740435235e+00,1.786833405494689941e-01,5.333603620529174805e-01
1.600000004770249173e+00,1.830937117338180542e-01,5.079718232154846191e-01
1.610000004800063333e+00,1.816711723804473877e-01,5.141845345497131348e-01
1.620000004829877271e+00,1.774384230375289917e-01,5.193488001823425293e-01
1.630000004859691431e+00,1.774300336837768555e-01,5.675523877143859863e-01
1.640000004889505369e+00,1.887389123439788818e-01,6.042103171348571777e-01
1.650000004919319530e+00,1.814062297344207764e-01,5.592507123947143555e-01
1.660000004949133467e+00,1.874763518571853638e-01,6.645410656929016113e-01
1.670000004978947628e+00,1.957377195358276367e-01,6.507483720779418945e-01
1.680000005008761788e+00,1.841167807579040527e-01,6.751084923744201660e-01
1.690000005038575726e+00,1.714666932821273804e-01,5.593663454055786133e-01
1.700000005068389886e+00,1.776917725801467896e-01,5.501428246498107910e-01
1.710000005098203824e+00,1.926666498184204102e-01,6.797531843185424805e-01
1.720000005128017984e+00,1.885927617549896240e-01,6.024610996246337891e-01
1.730000005157831922e+00,1.858652830123901367e-01,5.350595116615295410e-01
1.740000005187646082e+00,1.775515824556350708e-01,6.103329062461853027e-01
1.750000005217460020e+00,1.791712641716003418e-01,5.108361840248107910e-01
1.760000005247274180e+00,1.799271851778030396e-01,6.061258316040039062e-01
1.770000005277088118e+00,1.826810985803604126e-01,6.004597544670104980e-01
1.780000005306902278e+00,1.813042908906936646e-01,6.540372371673583984e-01
1.790000005336716216e+00,1.951039284467697144e-01,6.145185828208923340e-01
1.800000005366530376e+00,1.838359385728836060e-01,6.033838987350463867e-01
1.810000005396344536e+00,1.887462437152862549e-01,5.653067827224731445e-01
1.820000005426158474e+00,1.895470172166824341e-01,6.649128794670104980e-01
1.830000005455972634e+00,1.807546317577362061e-01,6.009312868118286133e-01
1.840000005485786572e+00,1.764506250619888306e-01,5.957458615303039551e-01
1.850000005515600732e+00,1.796826869249343872e-01,5.458105802536010742e-01
1.860000005545414670e+00,1.809165030717849731e-01,5.748622417449951172e-01
1.870000005575228830e+00,1.795234084129333496e-01,6.019406914710998535e-01
1.880000005605042768e+00,1.802332103252410889e-01,5.882318615913391113e-01
1.890000005634856928e+00,1.813792735338211060e-01,4.830142557621002197e-01
1.900000005664670866e+00,1.794016957283020020e-01,5.250766277313232422e-01
1.910000005694485026e+00,1.729250401258468628e-01,5.251449942588806152e-01
1.920000005724299186e+00,1.778856366872787476e-01,5.049608945846557617e-01
1.930000005754113124e+00,1.774077117443084717e-01,4.783211052417755127e-01
1.940000005783927284e+00,1.820933371782302856e-01,5.321820378303527832e-01
1.950000005813741222e+00,1.819026768207550049e-01,5.000371336936950684e-01
1.960000005843555382e+00,1.776609122753143311e-01,4.927447438240051270e-01
1.970000005873369320e+00,1.850162148475646973e-01,5.768672823905944824e-01
1.980000005903183480e+00,1.834331154823303223e-01,5.188396573066711426e-01
1.990000005932997418e+00,1.824151873588562012e-01,4.990121722221374512e-01
2.000000005962811578e+00,1.751622259616851807e-01,4.641017019748687744e-01
2.010000005992625738e+00,1.723050475120544434e-01,5.389525294303894043e-01
2.020000006022439454e+00,1.740063279867172241e-01,4.743431508541107178e-01
2.030000006052253614e+00,1.817339211702346802e-01,5.188715457916259766e-01
2.040000006082067774e+00,1.740203350782394409e-01,5.078639388084411621e-01
2.050000006111881934e+00,1.867538988590240479e-01,5.247357487678527832e-01
2.060000006141696094e+00,1.733586639165878296e-01,5.380901098251342773e-01
2.070000006171509810e+00,1.750221848487854004e-01,4.799623191356658936e-01
2.080000006201323970e+00,1.804377138614654541e-01,5.183935761451721191e-01
2.090000006231138130e+00,1.849191933870315552e-01,5.278389453887939453e-01
2.100000006260952290e+00,1.794706284999847412e-01,5.173645615577697754e-01
2.110000006290766006e+00,1.842077523469924927e-01,4.698757827281951904e-01
2.120000006320580166e+00,1.805727332830429077e-01,4.995687305927276611e-01
2.130000006350394326e+00,1.816813647747039795e-01,5.076033473014831543e-01
2.140000006380208486e+00,1.808633804321289062e-01,5.479206442832946777e-01
2.150000006410022202e+00,1.741654425859451294e-01,4.863154590129852295e-01
2.160000006439836362e+00,1.809144616127014160e-01,6.015262603759765625e-01
2.170000006469650522e+00,1.842697411775588989e-01,5.381462574005126953e-01
2.180000006499464682e+00,1.806007325649261475e-01,5.224509239196777344e-01
2.190000006529278842e+00,1.798497289419174194e-01,5.236203670501708984e-01
2.200000006559092558e+00,1.815782636404037476e-01,5.172517895698547363e-01
2.210000006588906718e+00,1.855252087116241455e-01,4.992340803146362305e-01
2.220000006618720878e+00,1.782965064048767090e-01,5.222107768058776855e-01
2.230000006648535038e+00,1.806891560554504395e-01,4.656710624694824219e-01
2.240000006678348754e+00,1.811980605125427246e-01,5.256116390228271484e-01
2.250000006708162914e+00,1.865196079015731812e-01,5.095173120498657227e-01
2.260000006737977074e+00,1.903498023748397827e-01,5.130354166030883789e-01
2.270000006767791234e+00,1.789842694997787476e-01,4.652945399284362793e-01
2.280000006797604950e+00,1.857433319091796875e-01,4.755488634109497070e-01
2.290000006827419110e+00,1.865561604499816895e-01,4.300487041473388672e-01
2.300000006857233270e+00,1.751620322465896606e-01,4.719027280807495117e-01
2.310000006887047430e+00,1.866229921579360962e-01,5.534482002258300781e-01
2.320000006916861590e+00,1.871021091938018799e-01,4.597400128841400146e-01
2.330000006946675306e+00,1.840183585882186890e-01,4.675944149494171143e-01
2.340000006976489466e+00,1.833335757255554199e-01,4.579205513000488281e-01
2.350000007006303626e+00,1.861999481916427612e-01,4.986232519149780273e-01
2.360000007036117786e+00,1.862744390964508057e-01,4.971592128276824951e-01
2.370000007065931502e+00,1.856213808059692383e-01,5.262366533279418945e-01
2.380000007095745662e+00,1.804961711168289185e-01,5.659903287887573242e-01
2.390000007125559822e+00,1.921116113662719727e-01,6.005615592002868652e-01
2.400000007155373982e+00,1.742957085371017456e-01,5.286942124366760254e-01
2.410000007185187698e+00,1.765939891338348389e-01,6.244169473648071289e-01
2.420000007215001858e+00,1.794586479663848877e-01,5.502194762229919434e-01
2.430000007244816018e+00,1.800494641065597534e-01,5.443823933601379395e-01
2.440000007274630178e+00,1.754697114229202271e-01,5.372154712677001953e-01
2.450000007304444338e+00,1.812532544136047363e-01,5.799210667610168457e-01
2.460000007334258054e+00,1.801436543464660645e-01,5.148428082466125488e-01
2.470000007364072214e+00,1.776393204927444458e-01,5.567490458488464355e-01
2.480000007393886374e+00,1.785472631454467773e-01,5.724398493766784668e-01
2.490000007423700534e+00,1.749956905841827393e-01,5.743056535720825195e-01
2.500000007453514250e+00,1.774123013019561768e-01,5.434418916702270508e-01
2.510000007483328410e+00,1.728846579790115356e-01,5.361509323120117188e-01
2.520000007513142570e+00,1.729736328125000000e-01,5.673840045928955078e-01
2.530000007542956730e+00,1.840132027864456177e-01,4.674377143383026123e-01
2.540000007572770446e+00,1.772902607917785645e-01,5.263283252716064453e-01
2.550000007602584606e+00,1.811810582876205444e-01,4.910888969898223877e-01
2.560000007632398766e+00,1.683993935585021973e-01,5.031070113182067871e-01
2.570000007662212926e+00,1.747745573520660400e-01,5.922535061836242676e-01
2.580000007692027086e+00,1.758752763271331787e-01,5.260288119316101074e-01
2.590000007721840802e+00,1.828616708517074585e-01,6.026390790939331055e-01
2.600000007751654962e+00,1.774876415729522705e-01,4.182698428630828857e-01
2.610000007781469122e+00,1.817507594823837280e-01,5.968170762062072754e-01
2.620000007811283282e+00,1.847079843282699585e-01,6.874613761901855469e-01
2.630000007841096998e+00,1.844451725482940674e-01,4.770906567573547363e-01
2.640000007870911158e+00,1.760004758834838867e-01,4.480893909931182861e-01
2.650000007900725318e+00,1.803865283727645874e-01,5.276806354522705078e-01
2.660000007930539478e+00,1.809258460998535156e-01,4.862320423126220703e-01
2.670000007960353194e+00,1.783199310302734375e-01,5.195505023002624512e-01
2.680000007990167354e+00,1.709679216146469116e-01,5.013669133186340332e-01
2.690000008019981514e+00,1.701619923114776611e-01,5.286256670951843262e-01
2.700000008049795674e+00,1.799841970205307007e-01,5.315514206886291504e-01
2.710000008079609835e+00,1.681252419948577881e-01,4.721393287181854248e-01
2.720000008109423550e+00,1.838605254888534546e-01,4.944660663604736328e-01
2.730000008139237710e+00,1.767044961452484131e-01,5.070283412933349609e-01
2.740000008169051871e+00,1.818719059228897095e-01,5.925886631011962891e-01
2.750000008198866031e+00,1.773240119218826294e-01,5.363593101501464844e-01
2.760000008228679746e+00,1.814924776554107666e-01,4.266460835933685303e-01
2.770000008258493907e+00,1.801656782627105713e-01,5.392981767654418945e-01
2.780000008288308067e+00,1.815743148326873779e-01,4.795150160789489746e-01
2.790000008318122227e+00,1.768422126770019531e-01,4.976464807987213135e-01
2.800000008347935943e+00,1.746083498001098633e-01,5.327304005622863770e-01
2.810000008377750103e+00,1.775967180728912354e-01,4.423100054264068604e-01
2.820000008407564263e+00,1.761261969804763794e-01,4.553232491016387939e-01
2.830000008437378423e+00,1.772154867649078369e-01,5.275943875312805176e-01
2.840000008467192583e+00,1.742926537990570068e-01,5.236597657203674316e-01
2.850000008497006299e+00,1.791158765554428101e-01,5.828631520271301270e-01
2.860000008526820459e+00,1.745667606592178345e-01,5.735957622528076172e-01
2.870000008556634619e+00,1.816271245479583740e-01,6.394988894462585449e-01
2.880000008586448779e+00,1.726075410842895508e-01,4.873015880584716797e-01
2.890000008616262495e+00,1.732242852449417114e-01,5.062696337699890137e-01
2.900000008646076655e+00,1.784760057926177979e-01,5.906820893287658691e-01
2.910000008675890815e+00,1.764254868030548096e-01,6.191132068634033203e-01
2.920000008705704975e+00,1.748678237199783325e-01,6.060557961463928223e-01
2.930000008735518691e+00,1.681415587663650513e-01,5.232446193695068359e-01
2.940000008765332851e+00,1.727984547615051270e-01,5.669730305671691895e-01
2.950000008795147011e+00,1.776142716407775879e-01,6.039032340049743652e-01
2.960000008824961171e+00,1.739894449710845947e-01,5.317729115486145020e-01
2.970000008854775331e+00,1.777102649211883545e-01,5.446437597274780273e-01
2.980000008884589047e+00,1.740776896476745605e-01,5.575308203697204590e-01
2.990000008914403207e+00,1.854119002819061279e-01,6.526739001274108887e-01
3.000000008944217367e+00,1.756708025932312012e-01,4.843882918357849121e-01
3.010000008974031527e+00,1.758489012718200684e-01,4.454557001590728760e-01
3.020000009003845243e+00,1.764199584722518921e-01,4.739687144756317139e-01
3.030000009033659403e+00,1.689473837614059448e-01,4.912017881870269775e-01
3.040000009063473563e+00,1.798350512981414795e-01,4.648238718509674072e-01
3.050000009093287723e+00,1.759249567985534668e-01,4.924311339855194092e-01
3.060000009123101439e+00,1.756187379360198975e-01,4.663155376911163330e-01
3.070000009152915599e+00,1.786990016698837280e-01,4.463435411453247070e-01
3.080000009182729759e+00,1.745689511299133301e-01,4.982537627220153809e-01
3.090000009212543919e+00,1.825598180294036865e-01,4.936522841453552246e-01
3.100000009242358079e+00,1.788717359304428101e-01,4.426711201667785645e-01
3.110000009272171795e+00,1.734195053577423096e-01,4.757553339004516602e-01
3.120000009301985955e+00,1.754379272460937500e-01,4.261691570281982422e-01
3.130000009331800115e+00,1.739880442619323730e-01,5.323584079742431641e-01
3.140000009361614275e+00,1.803636252880096436e-01,4.778007566928863525e-01
3.150000009391427991e+00,1.760622859001159668e-01,4.628005623817443848e-01
3.160000009421242151e+00,1.832662075757980347e-01,5.617520213127136230e-01
3.170000009451056311e+00,1.789992749691009521e-01,4.498994946479797363e-01
3.180000009480870471e+00,1.865047365427017212e-01,5.230878591537475586e-01
3.190000009510684187e+00,1.761411130428314209e-01,4.925485551357269287e-01
3.200000009540498347e+00,1.818887144327163696e-01,5.444465875625610352e-01
3.210000009570312507e+00,1.827199906110763550e-01,5.116870403289794922e-01
3.220000009600126667e+00,1.791774034500122070e-01,4.530434012413024902e-01
3.230000009629940827e+00,1.667106449604034424e-01,5.146948099136352539e-01
3.240000009659754543e+00,1.726045459508895874e-01,4.653600454330444336e-01
3.250000009689568703e+00,1.802282333374023438e-01,4.928520023822784424e-01
3.260000009719382863e+00,1.770626157522201538e-01,4.439575076103210449e-01
3.270000009749197023e+00,1.688496470451354980e-01,4.826217591762542725e-01
3.280000009779010739e+00,1.751189678907394409e-01,5.308201909065246582e-01
3.290000009808824899e+00,1.731673628091812134e-01,4.956384301185607910e-01
3.300000009838639059e+00,1.717142760753631592e-01,4.433753490447998047e-01
3.310000009868453219e+00,1.741078644990921021e-01,4.709474742412567139e-01
3.320000009898266935e+00,1.724397838115692139e-01,5.346574783325195312e-01
3.330000009928081095e+00,1.856769323348999023e-01,4.452338814735412598e-01
3.340000009957895255e+00,1.967480629682540894e-01,5.597385764122009277e-01
3.350000009987709415e+00,1.760609447956085205e-01,4.906519949436187744e-01
3.360000010017523575e+00,1.775844544172286987e-01,4.304378330707550049e-01
3.370000010047337291e+00,1.822634935379028320e-01,4.636890292167663574e-01
3.380000010077151451e+00,1.718040853738784790e-01,4.928459227085113525e-01
3.390000010106965611e+00,1.697681099176406860e-01,5.258103609085083008e-01
3.400000010136779771e+00,1.767416298389434814e-01,4.989001154899597168e-01
3.410000010166593487e+00,1.760074794292449951e-01,5.118690729141235352e-01
3.420000010196407647e+00,1.747174710035324097e-01,4.988892972469329834e-01
3.430000010226221807e+00,1.807612031698226929e-01,4.607340097427368164e-01
3.440000010256035967e+00,1.773338019847869873e-01,4.368507862091064453e-01
3.450000010285849683e+00,1.808130592107772827e-01,5.148677825927734375e-01
3.460000010315663843e+00,1.749110072851181030e-01,4.662791192531585693e-01
3.470000010345478003e+00,1.687901914119720459e-01,5.465280413627624512e-01
3.480000010375292163e+00,1.731985360383987427e-01,5.165895223617553711e-01
3.490000010405106323e+00,1.740379929542541504e-01,5.328058600425720215e-01
3.500000010434920039e+00,1.791831254959106445e-01,5.435537695884704590e-01
3.510000010464734199e+00,1.796593517065048218e-01,5.752311944961547852e-01
3.520000010494548359e+00,1.772398650646209717e-01,5.072653889656066895e-01
3.530000010524362519e+00,1.783221811056137085e-01,5.359798669815063477e-01
3.540000010554176235e+00,1.723803430795669556e-01,4.990842044353485107e-01
3.550000010583990395e+00,1.755362749099731445e-01,6.093112230300903320e-01
3.560000010613804555e+00,1.826898306608200073e-01,5.140781998634338379e-01
3.570000010643618715e+00,1.690926998853683472e-01,5.292052030563354492e-01
3.580000010673432431e+00,1.737802773714065552e-01,4.959734678268432617e-01
3.590000010703246591e+00,1.721092164516448975e-01,5.044654607772827148e-01
3.600000010733060751e+00,1.685797274112701416e-01,4.687989652156829834e-01
3.610000010762874911e+00,1.829089075326919556e-01,5.814256668090820312e-01
3.620000010792689071e+00,1.741805523633956909e-01,5.031443238258361816e-01
3.630000010822502787e+00,1.693016141653060913e-01,5.716599225997924805e-01
3.640000010852316947e+00,1.703979820013046265e-01,5.567766427993774414e-01
3.650000010882131107e+00,1.816087812185287476e-01,4.751985073089599609e-01
3.660000010911945267e+00,1.685334593057632446e-01,5.460837483406066895e-01
3.670000010941758983e+00,1.726821362972259521e-01,5.682177543640136719e-01
3.680000010971573143e+00,1.784591376781463623e-01,4.531542062759399414e-01
3.690000011001387303e+00,1.659049838781356812e-01,4.381756186485290527e-01
3.700000011031201463e+00,1.712380051612854004e-01,4.518687725067138672e-01
3.710000011061015179e+00,1.662564724683761597e-01,4.626304805278778076e-01
3.720000011090829339e+00,1.673985123634338379e-01,4.531035125255584717e-01
3.730000011120643499e+00,1.731565743684768677e-01,5.249260663986206055e-01
3.740000011150457659e+00,1.769071817398071289e-01,5.204436182975769043e-01
3.750000011180271819e+00,1.778799295425415039e-01,5.084348320960998535e-01
3.760000011210085535e+00,1.759762167930603027e-01,4.432214200496673584e-01
3.770000011239899695e+00,1.678930371999740601e-01,5.425735116004943848e-01
3.780000011269713855e+00,1.555789560079574585e-01,4.963635206222534180e-01
3.790000011299528015e+00,1.760669201612472534e-01,4.218058586120605469e-01
3.800000011329341731e+00,1.737807989120483398e-01,4.167155921459197998e-01
3.810000011359155891e+00,1.789687126874923706e-01,4.480328559875488281e-01
3.820000011388970051e+00,1.876852959394454956e-01,4.902304708957672119e-01
3.830000011418784212e+00,1.790385842323303223e-01,4.757333695888519287e-01
3.840000011448598372e+00,1.727356761693954468e-01,4.630974531173706055e-01
3.850000011478412087e+00,1.740225255489349365e-01,4.847552478313446045e-01
3.860000011508226248e+00,1.668016314506530762e-01,4.774736464023590088e-01
3.870000011538040408e+00,1.706087887287139893e-01,4.165786802768707275e-01
3.880000011567854568e+00,1.809142082929611206e-01,4.355300962924957275e-01
3.890000011597668284e+00,1.848825514316558838e-01,5.419524908065795898e-01
3.900000011627482444e+00,1.728912740945816040e-01,4.262317121028900146e-01
3.910000011657296604e+00,1.696450412273406982e-01,4.756520986557006836e-01
3.920000011687110764e+00,1.800664514303207397e-01,4.795278608798980713e-01
3.930000011716924480e+00,1.743067353963851929e-01,5.283432602882385254e-01
3.940000011746738640e+00,1.817093044519424438e-01,5.960741043090820312e-01
3.950000011776552800e+00,1.823089569807052612e-01,5.164484381675720215e-01
3.960000011806366960e+00,1.719468384981155396e-01,6.321063637733459473e-01
3.970000011836181120e+00,1.823932379484176636e-01,5.095792412757873535e-01
3.980000011865994836e+00,1.670476496219635010e-01,5.147893428802490234e-01
3.990000011895808996e+00,1.714137196540832520e-01,4.412214159965515137e-01
4.000000011925623156e+00,1.761895716190338135e-01,4.984263777732849121e-01
4.010000011955437316e+00,1.786035895347595215e-01,5.354063510894775391e-01
4.020000011985251476e+00,1.820065379142761230e-01,5.204051136970520020e-01
4.030000012015065636e+00,1.732042878866195679e-01,5.415760874748229980e-01
4.040000012044878908e+00,1.594809889793395996e-01,5.352210402488708496e-01
4.050000012074693068e+00,1.699310243129730225e-01,4.947322607040405273e-01
4.060000012104507228e+00,1.821106821298599243e-01,4.249484241008758545e-01
4.070000012134321388e+00,1.834669560194015503e-01,4.757627546787261963e-01
4.080000012164135548e+00,1.828473955392837524e-01,4.830945432186126709e-01
4.090000012193949708e+00,1.790773719549179077e-01,5.391308069229125977e-01
4.100000012223763868e+00,1.810476630926132202e-01,4.656305313110351562e-01
4.110000012253578028e+00,1.674069315195083618e-01,5.135654211044311523e-01
4.120000012283392188e+00,1.715428978204727173e-01,4.280381798744201660e-01
4.130000012313205460e+00,1.890348494052886963e-01,5.540287494659423828e-01
4.140000012343019620e+00,1.638015508651733398e-01,4.391183257102966309e-01
4.150000012372833780e+00,1.732368916273117065e-01,5.833899974822998047e-01
4.160000012402647940e+00,1.674339920282363892e-01,4.725627303123474121e-01
4.170000012432462100e+00,1.751134544610977173e-01,5.218165516853332520e-01
4.180000012462276260e+00,1.786241382360458374e-01,4.638511836528778076e-01
4.190000012492090420e+00,1.834249496459960938e-01,5.923513770103454590e-01
4.200000012521904580e+00,1.867529898881912231e-01,4.876499772071838379e-01
4.210000012551717852e+00,1.918897032737731934e-01,5.040586590766906738e-01
4.220000012581532012e+00,1.742009669542312622e-01,5.062852501869201660e-01
4.230000012611346172e+00,1.805207878351211548e-01,4.565901160240173340e-01
4.240000012641160332e+00,1.836100965738296509e-01,4.943552315235137939e-01
4.250000012670974492e+00,1.787595301866531372e-01,4.609849750995635986e-01
4.260000012700788652e+00,1.798699796199798584e-01,5.160390734672546387e-01
4.270000012730602812e+00,1.706280410289764404e-01,6.034484505653381348e-01
4.280000012760416972e+00,1.672140359878540039e-01,4.749551415443420410e-01
4.290000012790231132e+00,1.734413951635360718e-01,4.740638434886932373e-01
4.300000012820044404e+00,1.719250380992889404e-01,5.309523940086364746e-01
4.310000012849858564e+00,1.830362081527709961e-01,5.519526600837707520e-01
4.320000012879672724e+00,1.693513244390487671e-01,5.597233772277832031e-01
4.330000012909486884e+00,1.735661476850509644e-01,4.836184084415435791e-01
4.340000012939301044e+00,1.761847138404846191e-01,4.538027942180633545e-01
4.350000012969115204e+00,1.664318889379501343e-01,5.066331028938293457e-01
4.360000012998929364e+00,1.697069257497787476e-01,4.580868184566497803e-01
4.370000013028743524e+00,1.815818101167678833e-01,4.906025528907775879e-01
4.380000013058557684e+00,1.651550382375717163e-01,4.852092266082763672e-01
4.390000013088370956e+00,1.758858412504196167e-01,5.471534132957458496e-01
4.400000013118185116e+00,1.800219118595123291e-01,5.335642099380493164e-01
4.410000013147999276e+00,1.744128465652465820e-01,5.347698926925659180e-01
4.420000013177813436e+00,1.759612113237380981e-01,5.686832070350646973e-01
4.430000013207627596e+00,1.715026497840881348e-01,5.605221390724182129e-01
4.440000013237441756e+00,1.831849217414855957e-01,5.126232504844665527e-01
4.450000013267255916e+00,1.707984507083892822e-01,5.367281436920166016e-01
4.460000013297070076e+00,1.727739870548248291e-01,4.751413762569427490e-01
4.470000013326883348e+00,1.796851605176925659e-01,4.727379381656646729e-01
4.480000013356697508e+00,1.742972135543823242e-01,5.890275239944458008e-01
4.490000013386511668e+00,1.683071255683898926e-01,4.595121741294860840e-01
4.500000013416325828e+00,1.741399466991424561e-01,5.027185082435607910e-01
4.510000013446139988e+00,1.778905987739562988e-01,5.056181550025939941e-01
4.520000013475954148e+00,1.733551472425460815e-01,5.353585481643676758e-01
4.530000013505768308e+00,1.877979785203933716e-01,5.805976986885070801e-01
4.540000013535582468e+00,1.742900162935256958e-01,5.595704317092895508e-01
4.550000013565396628e+00,1.702871024608612061e-01,4.150485098361968994e-01
4.560000013595209900e+00,1.783307045698165894e-01,4.593567252159118652e-01
4.570000013625024060e+00,1.783392280340194702e-01,5.072207450866699219e-01
4.580000013654838220e+00,1.759686470031738281e-01,4.869109094142913818e-01
4.590000013684652380e+00,1.713718175888061523e-01,5.189434289932250977e-01
4.600000013714466540e+00,1.741970479488372803e-01,5.290549993515014648e-01
4.610000013744280700e+00,1.783598214387893677e-01,5.254912376403808594e-01
4.620000013774094860e+00,1.762638688087463379e-01,5.174025297164916992e-01
4.630000013803909020e+00,1.776582598686218262e-01,5.388162136077880859e-01
4.640000013833723180e+00,1.869089007377624512e-01,4.468058347702026367e-01
4.650000013863536452e+00,1.813779771327972412e-01,4.341029822826385498e-01
4.660000013893350612e+00,1.755078583955764771e-01,5.250549912452697754e-01
4.670000013923164772e+00,1.726239770650863647e-01,5.077270269393920898e-01
4.680000013952978932e+00,1.776247918605804443e-01,5.295923352241516113e-01
4.690000013982793092e+00,1.812505871057510376e-01,4.464617073535919189e-01
4.700000014012607252e+00,1.800284981727600098e-01,5.116719007492065430e-01
4.710000014042421412e+00,1.781088262796401978e-01,4.593636691570281982e-01
4.720000014072235572e+00,1.804995089769363403e-01,5.045585036277770996e-01
4.730000014102048844e+00,1.763117462396621704e-01,4.866212010383605957e-01
4.740000014131863004e+00,1.764243841171264648e-01,4.674291908740997314e-01
4.750000014161677164e+00,1.679357588291168213e-01,5.073074698448181152e-01
4.760000014191491324e+00,1.705783754587173462e-01,4.296617209911346436e-01
4.770000014221305484e+00,1.734369993209838867e-01,5.317283272743225098e-01
4.780000014251119644e+00,1.813642531633377075e-01,5.493916869163513184e-01
4.790000014280933804e+00,1.787225902080535889e-01,5.720002651214599609e-01
4.800000014310747964e+00,1.724239885807037354e-01,4.716522693634033203e-01
4.810000014340562124e+00,1.698334068059921265e-01,4.433947205543518066e-01
4.820000014370375396e+00,1.679144054651260376e-01,5.090377926826477051e-01
4.830000014400189556e+00,1.697876900434494019e-01,5.371818542480468750e-01
4.840000014430003716e+00,1.746859401464462280e-01,4.468007683753967285e-01
4.850000014459817876e+00,1.745728403329849243e-01,5.258076786994934082e-01
4.860000014489632036e+00,1.769815534353256226e-01,5.058996081352233887e-01
4.870000014519446196e+00,1.811743825674057007e-01,4.907403588294982910e-01
4.880000014549260356e+00,1.784936338663101196e-01,6.227454543113708496e-01
4.890000014579074517e+00,1.743603646755218506e-01,5.456431508064270020e-01
4.900000014608888677e+00,1.744299232959747314e-01,4.962318241596221924e-01
4.910000014638701948e+00,1.831873357295989990e-01,5.290598273277282715e-01
4.920000014668516108e+00,1.707461029291152954e-01,5.197089910507202148e-01
4.930000014698330268e+00,1.820496469736099243e-01,4.910452961921691895e-01
4.940000014728144428e+00,1.820234060287475586e-01,5.329336524009704590e-01
4.950000014757958589e+00,1.734004616737365723e-01,5.355085134506225586e-01
4.960000014787772749e+00,1.855548471212387085e-01,5.360074639320373535e-01
4.970000014817586909e+00,1.747215986251831055e-01,4.811707139015197754e-01
4.980000014847401069e+00,1.767892390489578247e-01,4.746558070182800293e-01
4.990000014877214340e+00,1.844172179698944092e-01,5.367895960807800293e-01
5.000000014907028500e+00,1.820948272943496704e-01,5.166755318641662598e-01
5.010000014936842661e+00,1.739883124828338623e-01,4.640294313430786133e-01
5.020000014966656821e+00,1.728083193302154541e-01,4.586213529109954834e-01
5.030000014996470981e+00,1.885726302862167358e-01,6.400230526924133301e-01
5.040000015026285141e+00,1.765516400337219238e-01,4.843438267707824707e-01
5.050000015056099301e+00,1.808399260044097900e-01,5.081541538238525391e-01
5.060000015085913461e+00,1.696640104055404663e-01,5.577350258827209473e-01
5.070000015115727621e+00,1.832748353481292725e-01,4.901928603649139404e-01
5.080000015145540893e+00,1.741881221532821655e-01,4.896354377269744873e-01
5.090000015175355053e+00,1.862963140010833740e-01,4.119673669338226318e-01
5.100000015205169213e+00,1.765153855085372925e-01,4.281780123710632324e-01
5.110000015234983373e+00,1.766700893640518188e-01,4.973187744617462158e-01
5.120000015264797533e+00,1.722842305898666382e-01,4.633915424346923828e-01
5.130000015294611693e+00,1.706020236015319824e-01,5.152961015701293945e-01
5.140000015324425853e+00,1.757433265447616577e-01,4.949442446231842041e-01
5.150000015354240013e+00,1.702723056077957153e-01,6.281661987304687500e-01
5.160000015384054173e+00,1.795216649770736694e-01,5.008966922760009766e-01
5.170000015413867445e+00,1.635594218969345093e-01,5.198075175285339355e-01
5.180000015443681605e+00,1.773838549852371216e-01,4.917173087596893311e-01
5.190000015473495765e+00,1.726319640874862671e-01,5.497628450393676758e-01
5.200000015503309925e+00,1.733463704586029053e-01,5.190599560737609863e-01
5.210000015533124085e+00,1.849011182785034180e-01,5.305706262588500977e-01
5.220000015562938245e+00,1.703303456306457520e-01,5.014701485633850098e-01
5.230000015592752405e+00,1.752691417932510376e-01,4.547723531723022461e-01
5.240000015622566565e+00,1.749524623155593872e-01,4.358839690685272217e-01
5.250000015652380725e+00,1.706998050212860107e-01,4.164816439151763916e-01
5.260000015682193997e+00,1.772848963737487793e-01,4.484634101390838623e-01
5.270000015712008157e+00,1.758231222629547119e-01,4.891051948070526123e-01
5.280000015741822317e+00,1.845584064722061157e-01,4.986326992511749268e-01
5.290000015771636477e+00,1.744246482849121094e-01,5.638172626495361328e-01
5.300000015801450637e+00,1.648783683776855469e-01,4.676202237606048584e-01
5.310000015831264797e+00,1.726180166006088257e-01,4.642325043678283691e-01
5.320000015861078957e+00,1.769687533378601074e-01,5.066149234771728516e-01
5.330000015890893117e+00,1.728497743606567383e-01,5.480219721794128418e-01
5.340000015920706389e+00,1.775898486375808716e-01,4.865303337574005127e-01
5.350000015950520549e+00,1.785907596349716187e-01,4.543940424919128418e-01
5.360000015980334709e+00,1.744210124015808105e-01,5.083914995193481445e-01
5.370000016010148869e+00,1.804728806018829346e-01,4.313373863697052002e-01
5.380000016039963029e+00,1.798041611909866333e-01,4.798527359962463379e-01
5.390000016069777189e+00,1.672089546918869019e-01,4.452244639396667480e-01
5.400000016099591349e+00,1.828855127096176147e-01,5.501503348350524902e-01
5.410000016129405509e+00,1.777241379022598267e-01,4.098840653896331787e-01
5.420000016159219669e+00,1.767350286245346069e-01,4.502001702785491943e-01
5.430000016189032941e+00,1.916588544845581055e-01,5.154665708541870117e-01
5.440000016218847101e+00,1.807740330696105957e-01,4.908149242401123047e-01
5.450000016248661261e+00,1.761179566383361816e-01,5.087205767631530762e-01
5.460000016278475421e+00,1.813737452030181885e-01,5.723971724510192871e-01
5.470000016308289581e+00,1.812865287065505981e-01,4.563775658607482910e-01
5.480000016338103741e+00,1.696609854698181152e-01,4.431759417057037354e-01
5.490000016367917901e+00,1.740100830793380737e-01,5.484318137168884277e-01
5.500000016397732061e+00,1.876971870660781860e-01,6.512054204940795898e-01
5.510000016427546221e+00,1.741263270378112793e-01,5.160900950431823730e-01
5.520000016457359493e+00,1.721769422292709351e-01,4.977623522281646729e-01
5.530000016487173653e+00,1.694595217704772949e-01,4.929663538932800293e-01
5.540000016516987813e+00,1.783169060945510864e-01,5.012735724449157715e-01
5.550000016546801973e+00,1.786033362150192261e-01,5.211747884750366211e-01
5.560000016576616133e+00,1.887997388839721680e-01,6.195908188819885254e-01
5.570000016606430293e+00,1.852225214242935181e-01,5.566340684890747070e-01
5.580000016636244453e+00,1.739446967840194702e-01,4.444659054279327393e-01
5.590000016666058613e+00,1.741415411233901978e-01,5.331658720970153809e-01
5.600000016695871885e+00,1.703287214040756226e-01,4.747465848922729492e-01
5.610000016725686045e+00,1.783685386180877686e-01,4.984366595745086670e-01
5.620000016755500205e+00,1.710376888513565063e-01,4.647584855556488037e-01
5.630000016785314365e+00,1.730291247367858887e-01,5.269294381141662598e-01
5.640000016815128525e+00,1.797656565904617310e-01,6.579685807228088379e-01
5.650000016844942685e+00,1.902315020561218262e-01,6.648406982421875000e-01
5.660000016874756845e+00,1.723495423793792725e-01,5.104053020477294922e-01
5.670000016904571005e+00,1.792267709970474243e-01,5.871149301528930664e-01
5.680000016934385165e+00,1.761046648025512695e-01,3.995341658592224121e-01
5.690000016964198437e+00,1.776221245527267456e-01,4.614233672618865967e-01
5.700000016994012597e+00,1.891043037176132202e-01,5.963687896728515625e-01
5.710000017023826757e+00,1.717593371868133545e-01,4.882165789604187012e-01
5.720000017053640917e+00,1.757848560810089111e-01,5.922389626502990723e-01
5.730000017083455077e+00,1.760039627552032471e-01,5.155305862426757812e-01
5.740000017113269237e+00,1.769803166389465332e-01,5.262656211853027344e-01
5.750000017143083397e+00,1.774201691150665283e-01,5.384374260902404785e-01
5.760000017172897557e+00,1.760045588016510010e-01,5.016639232635498047e-01
5.770000017202711717e+00,1.821561753749847412e-01,4.699028432369232178e-01
5.780000017232524989e+00,1.795604974031448364e-01,5.307509899139404297e-01
5.790000017262339149e+00,1.793034970760345459e-01,5.108008980751037598e-01
5.800000017292153309e+00,1.672747582197189331e-01,5.220099687576293945e-01
5.810000017321967469e+00,1.772101968526840210e-01,4.844719469547271729e-01
5.820000017351781629e+00,1.723183691501617432e-01,5.072672963142395020e-01
5.830000017381595789e+00,1.736152768135070801e-01,4.603453576564788818e-01
5.840000017411409949e+00,1.774545013904571533e-01,4.692058861255645752e-01
5.850000017441224109e+00,1.749436557292938232e-01,4.745372235774993896e-01
5.860000017471037381e+00,1.719358712434768677e-01,4.665228426456451416e-01
5.870000017500851541e+00,1.718943268060684204e-01,4.453699886798858643e-01
5.880000017530665701e+00,1.738195568323135376e-01,4.274924695491790771e-01
5.890000017560479861e+00,1.642367243766784668e-01,4.498845338821411133e-01
5.900000017590294021e+00,1.720037162303924561e-01,4.803548753261566162e-01
5.910000017620108181e+00,1.737782508134841919e-01,5.456790328025817871e-01
5.920000017649922341e+00,1.784834712743759155e-01,4.833686351776123047e-01
5.930000017679736501e+00,1.776666045188903809e-01,4.860025942325592041e-01
5.940000017709550661e+00,1.754443198442459106e-01,5.030986070632934570e-01
5.950000017739363933e+00,1.753069162368774414e-01,5.029747486114501953e-01
5.960000017769178093e+00,1.746862083673477173e-01,5.325558781623840332e-01
5.970000017798992253e+00,1.790996193885803223e-01,4.033749401569366455e-01
5.980000017828806413e+00,1.724032461643218994e-01,5.771640539169311523e-01
5.990000017858620573e+00,1.744693368673324585e-01,4.967433810234069824e-01
6.000000017888434733e+00,1.722005605697631836e-01,4.685946106910705566e-01
6.010000017918248894e+00,1.735486388206481934e-01,5.168156027793884277e-01
6.020000017948063054e+00,1.875860244035720825e-01,5.374663472175598145e-01
6.030000017977877214e+00,1.700734496116638184e-01,5.307271480560302734e-01
6.040000018007690485e+00,1.747732162475585938e-01,5.251244306564331055e-01
6.050000018037504645e+00,1.745736300945281982e-01,5.024276375770568848e-01
6.060000018067318805e+00,1.761990040540695190e-01,5.523183345794677734e-01
6.070000018097132966e+00,1.800247877836227417e-01,5.303565859794616699e-01
6.080000018126947126e+00,1.724411100149154663e-01,5.134994387626647949e-01
6.090000018156761286e+00,1.681683212518692017e-01,5.262311697006225586e-01
6.100000018186575446e+00,1.821901500225067139e-01,6.228969097137451172e-01
6.110000018216389606e+00,1.790864616632461548e-01,4.479706287384033203e-01
6.120000018246202877e+00,1.721602082252502441e-01,5.373646020889282227e-01
6.130000018276017038e+00,1.693871170282363892e-01,4.890369772911071777e-01
6.140000018305831198e+00,1.871562898159027100e-01,5.259565114974975586e-01
6.150000018335645358e+00,1.848252713680267334e-01,4.777735769748687744e-01
6.160000018365459518e+00,1.785537451505661011e-01,4.678346812725067139e-01
6.170000018395273678e+00,1.799041628837585449e-01,4.938298165798187256e-01
6.180000018425087838e+00,1.707933545112609863e-01,4.680486023426055908e-01
6.190000018454901998e+00,1.656544655561447144e-01,5.051401257514953613e-01
6.200000018484716158e+00,1.601633876562118530e-01,5.073862075805664062e-01
6.210000018514529430e+00,1.815508753061294556e-01,5.162557363510131836e-01
6.220000018544343590e+00,1.743310689926147461e-01,5.532205104827880859e-01
6.230000018574157750e+00,1.652679443359375000e-01,4.539912343025207520e-01
6.240000018603971910e+00,1.746118366718292236e-01,5.102913379669189453e-01
6.250000018633786070e+00,1.644892990589141846e-01,4.890429377555847168e-01
6.260000018663600230e+00,1.823934316635131836e-01,4.949581325054168701e-01
6.270000018693414390e+00,1.687569767236709595e-01,5.478452444076538086e-01
6.280000018723228550e+00,1.704559177160263062e-01,4.964267611503601074e-01
6.290000018753042710e+00,1.752354651689529419e-01,5.570469498634338379e-01
6.300000018782855982e+00,1.767313927412033081e-01,4.838496744632720947e-01
6.310000018812670142e+00,1.831341832876205444e-01,6.164983510971069336e-01
6.320000018842484302e+00,1.844148486852645874e-01,4.819748997688293457e-01
6.330000018872298462e+00,1.830905526876449585e-01,4.427343308925628662e-01
6.340000018902112622e+00,1.751647591590881348e-01,4.381102621555328369e-01
6.350000018931926782e+00,1.730116754770278931e-01,5.022897124290466309e-01
6.360000018961740942e+00,1.790426224470138550e-01,6.599014401435852051e-01
6.370000018991555102e+00,1.737940907478332520e-01,5.153493881225585938e-01
6.380000019021368374e+00,1.739218980073928833e-01,5.157510638236999512e-01
6.390000019051182534e+00,1.730312705039978027e-01,4.879782199859619141e-01
6.400000019080996694e+00,1.720898002386093140e-01,4.637471139430999756e-01
6.410000019110810854e+00,1.715553849935531616e-01,4.996708035469055176e-01
6.420000019140625014e+00,1.746824383735656738e-01,5.426795482635498047e-01
6.430000019170439174e+00,1.786775738000869751e-01,5.793788433074951172e-01
6.440000019200253334e+00,1.695885211229324341e-01,4.401315450668334961e-01
6.450000019230067494e+00,1.726727783679962158e-01,4.993169605731964111e-01
6.460000019259881654e+00,1.693605482578277588e-01,4.847332239151000977e-01
6.470000019289694926e+00,1.733018755912780762e-01,5.859050750732421875e-01
6.480000019319509086e+00,1.787855923175811768e-01,5.104517340660095215e-01
6.490000019349323246e+00,1.674455553293228149e-01,5.368743538856506348e-01
6.500000019379137406e+00,1.719049066305160522e-01,6.068570613861083984e-01
6.510000019408951566e+00,1.708750873804092407e-01,4.385947287082672119e-01
6.520000019438765726e+00,1.733266711235046387e-01,4.942291378974914551e-01
6.530000019468579886e+00,1.777638047933578491e-01,5.220507383346557617e-01
6.540000019498394046e+00,1.706103384494781494e-01,5.286672711372375488e-01
6.550000019528208206e+00,1.661389470100402832e-01,4.977633357048034668e-01
6.560000019558021478e+00,1.737353950738906860e-01,4.480772912502288818e-01
6.570000019587835638e+00,1.779283136129379272e-01,5.021103024482727051e-01
6.580000019617649798e+00,1.734305024147033691e-01,5.385085940361022949e-01
6.590000019647463958e+00,1.747645437717437744e-01,5.499825477600097656e-01
6.600000019677278118e+00,1.676297038793563843e-01,5.574381947517395020e-01
6.610000019707092278e+00,1.783933341503143311e-01,5.505487918853759766e-01
6.620000019736906438e+00,1.766750365495681763e-01,5.592596530914306641e-01
6.630000019766720598e+00,1.722257286310195923e-01,5.345361232757568359e-01
6.640000019796533870e+00,1.837236732244491577e-01,5.784602165222167969e-01
6.650000019826348030e+00,1.785135865211486816e-01,5.785681605339050293e-01
6.660000019856162190e+00,1.756802052259445190e-01,4.882678687572479248e-01
6.670000019885976350e+00,1.736434996128082275e-01,4.857678115367889404e-01
6.680000019915790510e+00,1.757586151361465454e-01,4.709152579307556152e-01
6.690000019945604670e+00,1.702329963445663452e-01,4.874242544174194336e-01
6.700000019975418830e+00,1.741587370634078979e-01,5.466890931129455566e-01
6.710000020005232990e+00,1.703141927719116211e-01,5.163290500640869141e-01
6.720000020035047150e+00,1.751384437084197998e-01,4.683605432510375977e-01
6.730000020064860422e+00,1.719755232334136963e-01,5.399630069732666016e-01
6.740000020094674582e+00,1.719461083412170410e-01,4.510089457035064697e-01
6.750000020124488742e+00,1.703301668167114258e-01,5.344632267951965332e-01
6.760000020154302902e+00,1.774806082248687744e-01,4.524563252925872803e-01
6.770000020184117062e+00,1.733092814683914185e-01,5.471763610839843750e-01
6.780000020213931222e+00,1.718541383743286133e-01,4.595058560371398926e-01
6.790000020243745382e+00,1.712365597486495972e-01,5.283702611923217773e-01
6.800000020273559542e+00,1.742007434368133545e-01,5.548368692398071289e-01
6.810000020303373702e+00,1.744480729103088379e-01,4.875005483627319336e-01
6.820000020333186974e+00,1.714759021997451782e-01,4.654436707496643066e-01
6.830000020363001134e+00,1.657788306474685669e-01,5.072269439697265625e-01
6.840000020392815294e+00,1.762786507606506348e-01,4.510876238346099854e-01
6.850000020422629454e+00,1.800853163003921509e-01,5.290091037750244141e-01
6.860000020452443614e+00,1.731192320585250854e-01,4.810236990451812744e-01
6.870000020482257774e+00,1.655254065990447998e-01,5.259253382682800293e-01
6.880000020512071934e+00,1.839910447597503662e-01,5.149846076965332031e-01
6.890000020541886094e+00,1.734353005886077881e-01,5.352691411972045898e-01
6.900000020571699366e+00,1.738774627447128296e-01,5.798426270484924316e-01
6.910000020601513526e+00,1.754885315895080566e-01,5.465123057365417480e-01
6.920000020631327686e+00,1.794509589672088623e-01,4.789713919162750244e-01
6.930000020661141846e+00,1.755611598491668701e-01,4.690730273723602295e-01
6.940000020690956006e+00,1.674518734216690063e-01,5.167280435562133789e-01
6.950000020720770166e+00,1.754001379013061523e-01,4.538935720920562744e-01
6.960000020750584326e+00,1.693857759237289429e-01,5.579605698585510254e-01
6.970000020780398486e+00,1.701664626598358154e-01,5.153784155845642090e-01
6.980000020810212646e+00,1.726394593715667725e-01,5.226569771766662598e-01
6.990000020840025918e+00,1.701340377330780029e-01,5.616309642791748047e-01
7.000000020869840078e+00,1.768855452537536621e-01,6.362262964248657227e-01
7.010000020899654238e+00,1.650910228490829468e-01,4.753605127334594727e-01
7.020000020929468398e+00,1.737478822469711304e-01,5.675666928291320801e-01
7.030000020959282558e+00,1.730288267135620117e-01,5.275871753692626953e-01
7.040000020989096718e+00,1.769361943006515503e-01,5.011823177337646484e-01
7.050000021018910878e+00,1.656397432088851929e-01,4.426448941230773926e-01
7.060000021048725038e+00,1.738413870334625244e-01,4.471297264099121094e-01
7.070000021078539199e+00,1.773823201656341553e-01,4.941849708557128906e-01
7.080000021108352470e+00,1.765477508306503296e-01,4.264649152755737305e-01
7.090000021138166630e+00,1.743805110454559326e-01,5.171953439712524414e-01
7.100000021167980790e+00,1.809343993663787842e-01,4.686458408832550049e-01
7.110000021197794950e+00,1.708368808031082153e-01,4.694059491157531738e-01
7.120000021227609110e+00,1.766967922449111938e-01,4.396263659000396729e-01
7.130000021257423271e+00,1.772639453411102295e-01,5.670081973075866699e-01
7.140000021287237431e+00,1.812343597412109375e-01,5.420672893524169922e-01
7.150000021317051591e+00,1.825227439403533936e-01,5.433177947998046875e-01
7.160000021346864862e+00,1.702206730842590332e-01,4.769772887229919434e-01
7.170000021376679022e+00,1.712579876184463501e-01,4.742987155914306641e-01
7.180000021406493182e+00,1.700245440006256104e-01,4.474266767501831055e-01
7.190000021436307343e+00,1.692060530185699463e-01,4.994892776012420654e-01
7.200000021466121503e+00,1.746828407049179077e-01,4.690460264682769775e-01
7.210000021495935663e+00,1.719301939010620117e-01,4.503869414329528809e-01
7.220000021525749823e+00,1.756886988878250122e-01,4.504640698432922363e-01
7.230000021555563983e+00,1.680317372083663940e-01,4.835696518421173096e-01
7.240000021585378143e+00,1.617647707462310791e-01,4.742023050785064697e-01
7.250000021615191415e+00,1.817084699869155884e-01,4.808973968029022217e-01
7.260000021645005575e+00,1.836489588022232056e-01,5.649244785308837891e-01
7.270000021674819735e+00,1.759997308254241943e-01,4.621769785881042480e-01
7.280000021704633895e+00,1.750408113002777100e-01,4.950885772705078125e-01
7.290000021734448055e+00,1.679506152868270874e-01,5.515084862709045410e-01
7.300000021764262215e+00,1.712781041860580444e-01,5.735424160957336426e-01
7.310000021794076375e+00,1.708413660526275635e-01,5.227335095405578613e-01
7.320000021823890535e+00,1.717190891504287720e-01,5.344572067260742188e-01
7.330000021853704695e+00,1.752233505249023438e-01,4.523185789585113525e-01
7.340000021883517967e+00,1.766619980335235596e-01,4.024635553359985352e-01
7.350000021913332127e+00,1.830160468816757202e-01,4.966958463191986084e-01
7.360000021943146287e+00,1.681324243545532227e-01,6.251906752586364746e-01
7.370000021972960447e+00,1.811073273420333862e-01,4.764769375324249268e-01
7.380000022002774607e+00,1.737222373485565186e-01,3.993279933929443359e-01
7.390000022032588767e+00,1.774868965148925781e-01,6.001174449920654297e-01
7.400000022062402927e+00,1.787067055702209473e-01,5.846058726310729980e-01
7.410000022092217087e+00,1.720851510763168335e-01,5.223234891891479492e-01
7.420000022122030359e+00,1.743767708539962769e-01,5.316365361213684082e-01
7.430000022151844519e+00,1.697214990854263306e-01,4.518243074417114258e-01
7.440000022181658679e+00,1.700844913721084595e-01,4.975896775722503662e-01
7.450000022211472839e+00,1.669485419988632202e-01,4.850926399230957031e-01
7.460000022241286999e+00,1.719394922256469727e-01,5.506654381752014160e-01
7.470000022271101159e+00,1.876984089612960815e-01,6.111819744110107422e-01
7.480000022300915319e+00,1.753600984811782837e-01,4.620372653007507324e-01
7.490000022330729479e+00,1.768733114004135132e-01,4.217774569988250732e-01
7.500000022360543639e+00,1.716030985116958618e-01,5.067732930183410645e-01
7.510000022390356911e+00,1.717599630355834961e-01,4.533748924732208252e-01
7.520000022420171071e+00,1.767521202564239502e-01,6.075060367584228516e-01
7.530000022449985231e+00,1.763374209403991699e-01,5.003707408905029297e-01
7.540000022479799391e+00,1.677460819482803345e-01,4.524892568588256836e-01
7.550000022509613551e+00,1.797181516885757446e-01,5.472064614295959473e-01
7.560000022539427711e+00,1.718170791864395142e-01,4.898818433284759521e-01
7.570000022569241871e+00,1.873714327812194824e-01,6.271047592163085938e-01
7.580000022599056031e+00,1.782364696264266968e-01,4.983718097209930420e-01
7.590000022628870191e+00,1.679314076900482178e-01,4.570522010326385498e-01
7.600000022658683463e+00,1.719156801700592041e-01,4.826158881187438965e-01
7.610000022688497623e+00,1.656302511692047119e-01,4.702806770801544189e-01
7.620000022718311783e+00,1.810598224401473999e-01,4.474601447582244873e-01
7.630000022748125943e+00,1.754025071859359741e-01,5.152175426483154297e-01
7.640000022777940103e+00,1.660075336694717407e-01,5.255671739578247070e-01
7.650000022807754263e+00,1.598411649465560913e-01,5.169426798820495605e-01
7.660000022837568423e+00,1.663143485784530640e-01,5.664898753166198730e-01
7.670000022867382583e+00,1.784010827541351318e-01,5.687642097473144531e-01
7.680000022897196743e+00,1.823658049106597900e-01,5.134845972061157227e-01
7.690000022927010015e+00,1.726567596197128296e-01,5.178756117820739746e-01
7.700000022956824175e+00,1.780880391597747803e-01,5.251700282096862793e-01
7.710000022986638335e+00,1.658907085657119751e-01,4.837155938148498535e-01
7.720000023016452495e+00,1.786132305860519409e-01,5.299397110939025879e-01
7.730000023046266655e+00,1.763447225093841553e-01,4.839081764221191406e-01
7.740000023076080815e+00,1.715477555990219116e-01,5.086150169372558594e-01
7.750000023105894975e+00,1.773007959127426147e-01,4.526474773883819580e-01
7.760000023135709135e+00,1.749225705862045288e-01,4.455529451370239258e-01
7.770000023165522407e+00,1.754617691040039062e-01,4.948694705963134766e-01
7.780000023195336567e+00,1.757869869470596313e-01,4.451338648796081543e-01
7.790000023225150727e+00,1.685332357883453369e-01,4.389260113239288330e-01
7.800000023254964887e+00,1.736402511596679688e-01,4.976607263088226318e-01
7.810000023284779047e+00,1.734689772129058838e-01,5.586271286010742188e-01
7.820000023314593207e+00,1.829297393560409546e-01,4.733654856681823730e-01
7.830000023344407367e+00,1.765989661216735840e-01,5.046544671058654785e-01
7.840000023374221527e+00,1.758707612752914429e-01,4.965342581272125244e-01
7.850000023404035687e+00,1.743018478155136108e-01,4.536452591419219971e-01
7.860000023433848959e+00,1.757531464099884033e-01,4.747431576251983643e-01
7.870000023463663119e+00,1.691651344299316406e-01,4.891009926795959473e-01
7.880000023493477279e+00,1.721617430448532104e-01,6.002500057220458984e-01
7.890000023523291439e+00,1.735727936029434204e-01,5.245402455329895020e-01
7.900000023553105599e+00,1.769001930952072144e-01,4.728949368000030518e-01
7.910000023582919759e+00,1.779224574565887451e-01,5.064848065376281738e-01
7.920000023612733919e+00,1.650948822498321533e-01,4.405587017536163330e-01
7.930000023642548079e+00,1.713494211435317993e-01,5.023134946823120117e-01
7.940000023672362239e+00,1.696544140577316284e-01,5.149271488189697266e-01
7.950000023702175511e+00,1.681918650865554810e-01,4.793629944324493408e-01
7.960000023731989671e+00,1.769889891147613525e-01,4.502030909061431885e-01
7.970000023761803831e+00,1.741326451301574707e-01,4.681866765022277832e-01
7.980000023791617991e+00,1.737746745347976685e-01,4.491795301437377930e-01
7.990000023821432151e+00,1.729556173086166382e-01,4.985513687133789062e-01
8.000000023851246311e+00,1.688814610242843628e-01,3.974276185035705566e-01
8.010000023881060471e+00,1.739998161792755127e-01,4.928330481052398682e-01
8.020000023910874631e+00,1.777782142162322998e-01,5.020471215248107910e-01
8.030000023940688791e+00,1.709033399820327759e-01,4.202220141887664795e-01
8.040000023970502951e+00,1.701488643884658813e-01,4.812994301319122314e-01
8.050000024000317111e+00,1.761489361524581909e-01,4.167422652244567871e-01
8.060000024030131272e+00,1.678422242403030396e-01,4.385727345943450928e-01
8.070000024059945432e+00,1.690400838851928711e-01,5.090578198432922363e-01
8.080000024089757815e+00,1.675921976566314697e-01,4.487854540348052979e-01
8.090000024119571975e+00,1.725975126028060913e-01,5.554056167602539062e-01
8.100000024149386135e+00,1.706415265798568726e-01,4.648371338844299316e-01
8.110000024179200295e+00,1.728575527667999268e-01,5.300639867782592773e-01
8.120000024209014455e+00,1.686879545450210571e-01,5.158885121345520020e-01
8.130000024238828615e+00,1.713051795959472656e-01,5.390067696571350098e-01
8.140000024268642775e+00,1.754661202430725098e-01,4.198597669601440430e-01
8.150000024298456935e+00,1.747302711009979248e-01,5.776247382164001465e-01
8.160000024328271095e+00,1.747395098209381104e-01,4.406444728374481201e-01
8.170000024358085255e+00,1.891154199838638306e-01,4.875218868255615234e-01
8.180000024387899416e+00,1.667162775993347168e-01,4.635790586471557617e-01
8.190000024417713576e+00,1.663869321346282959e-01,4.263552427291870117e-01
8.200000024447527736e+00,1.686533242464065552e-01,5.205180644989013672e-01
8.210000024477341896e+00,1.778653562068939209e-01,5.244342088699340820e-01
8.220000024507156056e+00,1.641468703746795654e-01,4.480470120906829834e-01
8.230000024536970216e+00,1.668273061513900757e-01,4.445905387401580811e-01
8.240000024566784376e+00,1.779085844755172729e-01,4.252617955207824707e-01
8.250000024596596759e+00,1.664858311414718628e-01,4.458837509155273438e-01
8.260000024626410919e+00,1.831861883401870728e-01,5.026485323905944824e-01
8.270000024656225079e+00,1.741808652877807617e-01,4.938166439533233643e-01
8.280000024686039239e+00,1.754297018051147461e-01,4.567306935787200928e-01
8.290000024715853399e+00,1.692386865615844727e-01,4.589515626430511475e-01
8.300000024745667560e+00,1.707912981510162354e-01,5.097153186798095703e-01
8.310000024775481720e+00,1.723842322826385498e-01,5.101333260536193848e-01
8.320000024805295880e+00,1.745770573616027832e-01,5.385965704917907715e-01
8.330000024835110040e+00,1.643002778291702271e-01,4.793843924999237061e-01
8.340000024864924200e+00,1.725701689720153809e-01,5.038845539093017578e-01
8.350000024894738360e+00,1.685982048511505127e-01,5.766165852546691895e-01
8.360000024924552520e+00,1.734784394502639771e-01,5.782492160797119141e-01
8.370000024954366680e+00,1.750180274248123169e-01,5.349306464195251465e-01
8.380000024984180840e+00,1.802962422370910645e-01,5.683166384696960449e-01
8.390000025013995000e+00,1.734920442104339600e-01,5.411661267280578613e-01
8.400000025043809160e+00,1.719819456338882446e-01,5.180130600929260254e-01
8.410000025073623320e+00,1.747725903987884521e-01,6.126730442047119141e-01
8.420000025103435703e+00,1.742245405912399292e-01,5.041851997375488281e-01
8.430000025133249864e+00,1.780756264925003052e-01,5.532425045967102051e-01
8.440000025163064024e+00,1.727701574563980103e-01,4.849539101123809814e-01
8.450000025192878184e+00,1.773670762777328491e-01,4.812728762626647949e-01
8.460000025222692344e+00,1.626076996326446533e-01,5.300813317298889160e-01
8.470000025252506504e+00,1.686071753501892090e-01,4.656255841255187988e-01
8.480000025282320664e+00,1.763608753681182861e-01,5.138776302337646484e-01
8.490000025312134824e+00,1.830207556486129761e-01,4.912114739418029785e-01
8.500000025341948984e+00,1.780676990747451782e-01,4.739435315132141113e-01
8.510000025371763144e+00,1.764030605554580688e-01,5.117337703704833984e-01
8.520000025401577304e+00,1.722752004861831665e-01,5.306824445724487305e-01
8.530000025431391464e+00,1.623022407293319702e-01,5.203955173492431641e-01
8.540000025461205624e+00,1.661541610956192017e-01,5.229690074920654297e-01
8.550000025491019784e+00,1.796430051326751709e-01,4.390826821327209473e-01
8.560000025520833944e+00,1.759276092052459717e-01,3.709109127521514893e-01
8.570000025550648104e+00,1.811680495738983154e-01,4.857001602649688721e-01
8.580000025580462264e+00,1.800074726343154907e-01,5.295206904411315918e-01
8.590000025610276424e+00,1.703924238681793213e-01,4.832248389720916748e-01
8.600000025640088808e+00,1.691534072160720825e-01,5.089951753616333008e-01
8.610000025669902968e+00,1.755771785974502563e-01,4.554725885391235352e-01
8.620000025699717128e+00,1.702291518449783325e-01,6.051592230796813965e-01
8.630000025729531288e+00,1.695180386304855347e-01,4.979623854160308838e-01
8.640000025759345448e+00,1.654013395309448242e-01,4.966889619827270508e-01
8.650000025789159608e+00,1.721971780061721802e-01,5.813503265380859375e-01
8.660000025818973768e+00,1.730073988437652588e-01,4.153775274753570557e-01
8.670000025848787928e+00,1.733428537845611572e-01,4.518975913524627686e-01
8.680000025878602088e+00,1.730534583330154419e-01,5.092141628265380859e-01
8.690000025908416248e+00,1.831567436456680298e-01,4.548551738262176514e-01
8.700000025938230408e+00,1.696445643901824951e-01,3.985117971897125244e-01
8.710000025968044568e+00,1.682946532964706421e-01,4.384291172027587891e-01
8.720000025997858728e+00,1.686318516731262207e-01,4.932543337345123291e-01
8.730000026027672888e+00,1.750912368297576904e-01,4.989828169345855713e-01
8.740000026057487048e+00,1.712689548730850220e-01,4.547867476940155029e-01
8.750000026087301208e+00,1.773346215486526489e-01,4.555060863494873047e-01
8.760000026117115368e+00,1.700387895107269287e-01,4.919780492782592773e-01
8.770000026146927752e+00,1.605793684720993042e-01,4.128915369510650635e-01
8.780000026176741912e+00,1.844732910394668579e-01,5.277673602104187012e-01
8.790000026206556072e+00,1.688481271266937256e-01,4.900456666946411133e-01
8.800000026236370232e+00,1.675545424222946167e-01,4.562382400035858154e-01
8.810000026266184392e+00,1.720830947160720825e-01,4.919015765190124512e-01
8.820000026295998552e+00,1.688107252120971680e-01,4.467993676662445068e-01
8.830000026325812712e+00,1.733202785253524780e-01,4.847109317779541016e-01
8.840000026355626872e+00,1.723531633615493774e-01,5.311676859855651855e-01
8.850000026385441032e+00,1.687737107276916504e-01,4.574282169342041016e-01
8.860000026415255192e+00,1.776440590620040894e-01,4.572699666023254395e-01
8.870000026445069352e+00,1.656593084335327148e-01,4.303019642829895020e-01
8.880000026474883512e+00,1.723108440637588501e-01,5.484839081764221191e-01
8.890000026504697672e+00,1.677273362874984741e-01,4.489899277687072754e-01
8.900000026534511832e+00,1.709806621074676514e-01,4.224379658699035645e-01
8.910000026564325992e+00,1.795148849487304688e-01,4.932192564010620117e-01
8.920000026594140152e+00,1.632416546344757080e-01,5.439873337745666504e-01
8.930000026623954312e+00,1.824399977922439575e-01,4.885605275630950928e-01
8.940000026653766696e+00,1.810302734375000000e-01,4.751527011394500732e-01
8.950000026683580856e+00,1.667968183755874634e-01,4.214034378528594971e-01
8.960000026713395016e+00,1.741461753845214844e-01,4.095638394355773926e-01
8.970000026743209176e+00,1.719832420349121094e-01,5.251643061637878418e-01
8.980000026773023336e+00,1.839995086193084717e-01,4.614187777042388916e-01
8.990000026802837496e+00,1.696760058403015137e-01,4.536847472190856934e-01
9.000000026832651656e+00,1.774829626083374023e-01,5.224053859710693359e-01
9.010000026862465816e+00,1.701970100402832031e-01,4.157771766185760498e-01
9.020000026892279976e+00,1.722650527954101562e-01,5.499579906463623047e-01
9.030000026922094136e+00,1.673264652490615845e-01,5.133654475212097168e-01
9.040000026951908296e+00,1.734153181314468384e-01,5.574187636375427246e-01
9.050000026981722456e+00,1.799681335687637329e-01,4.583007097244262695e-01
9.060000027011536616e+00,1.714130938053131104e-01,4.967855215072631836e-01
9.070000027041350776e+00,1.647218018770217896e-01,5.387749671936035156e-01
9.080000027071164936e+00,1.775962114334106445e-01,4.760057926177978516e-01
9.090000027100979096e+00,1.669346690177917480e-01,5.151493549346923828e-01
9.100000027130793256e+00,1.772316247224807739e-01,4.783807098865509033e-01
9.110000027160607416e+00,1.692932248115539551e-01,5.404336452484130859e-01
9.120000027190419800e+00,1.699510663747787476e-01,4.375088214874267578e-01
9.130000027220233960e+00,1.657179445028305054e-01,4.889160990715026855e-01
9.140000027250048120e+00,1.728587150573730469e-01,4.907920956611633301e-01
9.150000027279862280e+00,1.762525737285614014e-01,5.696447491645812988e-01
9.160000027309676440e+00,1.785340458154678345e-01,4.450843930244445801e-01
9.170000027339490600e+00,1.803074181079864502e-01,5.549729466438293457e-01
9.180000027369304760e+00,1.743603348731994629e-01,5.037245154380798340e-01
9.190000027399118920e+00,1.702211350202560425e-01,4.836723506450653076e-01
9.200000027428933080e+00,1.648405343294143677e-01,4.835579991340637207e-01
9.210000027458747240e+00,1.698680371046066284e-01,5.113047361373901367e-01
9.220000027488561400e+00,1.743063479661941528e-01,4.702198207378387451e-01
9.230000027518375560e+00,1.673793345689773560e-01,4.993974268436431885e-01
9.240000027548189721e+00,1.795899271965026855e-01,4.918711781501770020e-01
9.250000027578003881e+00,1.716828346252441406e-01,4.182637333869934082e-01
9.260000027607818041e+00,1.797577291727066040e-01,5.426548719406127930e-01
9.270000027637632201e+00,1.684478521347045898e-01,4.763965904712677002e-01
9.280000027667446361e+00,1.775027662515640259e-01,5.306783914566040039e-01
9.290000027697258744e+00,1.672419309616088867e-01,4.320621788501739502e-01
9.300000027727072904e+00,1.753451526165008545e-01,4.832066595554351807e-01
9.310000027756887064e+00,1.737083941698074341e-01,4.512031078338623047e-01
9.320000027786701224e+00,1.835676580667495728e-01,4.719638824462890625e-01
9.330000027816515384e+00,1.766626536846160889e-01,5.267794132232666016e-01
9.340000027846329544e+00,1.802895367145538330e-01,5.434568524360656738e-01
9.350000027876143704e+00,1.711922883987426758e-01,5.337492823600769043e-01
9.360000027905957865e+00,1.720798611640930176e-01,5.295758247375488281e-01
9.370000027935772025e+00,1.703852117061614990e-01,4.448316991329193115e-01
9.380000027965586185e+00,1.687164753675460815e-01,5.639212131500244141e-01
9.390000027995400345e+00,1.738662123680114746e-01,4.793179035186767578e-01
9.400000028025214505e+00,1.847526431083679199e-01,4.626944363117218018e-01
9.410000028055028665e+00,1.634147912263870239e-01,5.176838636398315430e-01
9.420000028084842825e+00,1.817028969526290894e-01,6.236735582351684570e-01
9.430000028114656985e+00,1.745476275682449341e-01,5.213267207145690918e-01
9.440000028144471145e+00,1.684094816446304321e-01,4.364025592803955078e-01
9.450000028174285305e+00,1.739225089550018311e-01,4.284293949604034424e-01
9.460000028204097688e+00,1.642241328954696655e-01,5.170091390609741211e-01
9.470000028233911848e+00,1.765129268169403076e-01,4.888904988765716553e-01
9.480000028263726009e+00,1.748453974723815918e-01,5.076159834861755371e-01
9.490000028293540169e+00,1.771837472915649414e-01,4.850927293300628662e-01
9.500000028323354329e+00,1.696850508451461792e-01,4.395324289798736572e-01
9.510000028353168489e+00,1.773625314235687256e-01,4.839049577713012695e-01
9.520000028382982649e+00,1.687653511762619019e-01,5.525032281875610352e-01
9.530000028412796809e+00,1.781441271305084229e-01,5.958450436592102051e-01
9.540000028442610969e+00,1.739577054977416992e-01,5.383233428001403809e-01
9.550000028472425129e+00,1.735643446445465088e-01,5.447652935981750488e-01
9.560000028502239289e+00,1.834707260131835938e-01,4.472849071025848389e-01
9.570000028532053449e+00,1.671842932701110840e-01,4.867232143878936768e-01
9.580000028561867609e+00,1.824497580528259277e-01,4.313669800758361816e-01
9.590000028591681769e+00,1.800889074802398682e-01,4.612800180912017822e-01
9.600000028621495929e+00,1.741595417261123657e-01,5.017194747924804688e-01
9.610000028651310089e+00,1.763185113668441772e-01,4.885601401329040527e-01
9.620000028681124249e+00,1.816787570714950562e-01,4.708691239356994629e-01
9.630000028710938409e+00,1.661528497934341431e-01,5.486508011817932129e-01
9.640000028740750793e+00,1.734504699707031250e-01,4.176171720027923584e-01
9.650000028770564953e+00,1.722883731126785278e-01,4.375878274440765381e-01
9.660000028800379113e+00,1.632094234228134155e-01,5.088771581649780273e-01
9.670000028830193273e+00,1.806996613740921021e-01,5.599057674407958984e-01
9.680000028860007433e+00,1.741843521595001221e-01,5.213695168495178223e-01
9.690000028889821593e+00,1.757777631282806396e-01,4.501238763332366943e-01
9.700000028919635753e+00,1.750419884920120239e-01,4.461918473243713379e-01
9.710000028949449913e+00,1.672861129045486450e-01,4.847942292690277100e-01
9.720000028979264073e+00,1.790974289178848267e-01,5.222910642623901367e-01
9.730000029009078233e+00,1.736588627099990845e-01,5.461923480033874512e-01
9.740000029038892393e+00,1.771142780780792236e-01,5.360301733016967773e-01
9.750000029068706553e+00,1.756596416234970093e-01,4.895730912685394287e-01
9.760000029098520713e+00,1.717386096715927124e-01,5.656991004943847656e-01
9.770000029128334873e+00,1.746429800987243652e-01,4.919835925102233887e-01
9.780000029158149033e+00,1.744393259286880493e-01,5.927659273147583008e-01
9.790000029187963193e+00,1.782362163066864014e-01,5.620929002761840820e-01
9.800000029217777353e+00,1.637690812349319458e-01,5.304467082023620605e-01
9.810000029247589737e+00,1.720665395259857178e-01,5.985536575317382812e-01
9.820000029277403897e+00,1.711347699165344238e-01,5.425115227699279785e-01
9.830000029307218057e+00,1.781174838542938232e-01,4.837546050548553467e-01
9.840000029337032217e+00,1.685311496257781982e-01,4.715096652507781982e-01
9.850000029366846377e+00,1.669478267431259155e-01,5.381640791893005371e-01
9.860000029396660537e+00,1.694261431694030762e-01,4.823139607906341553e-01
9.870000029426474697e+00,1.724939644336700439e-01,4.505879580974578857e-01
9.880000029456288857e+00,1.835010945796966553e-01,4.482642412185668945e-01
9.890000029486103017e+00,1.692369431257247925e-01,5.311946272850036621e-01
9.900000029515917177e+00,1.779370158910751343e-01,5.053352117538452148e-01
9.910000029545731337e+00,1.827225834131240845e-01,5.039231777191162109e-01
9.920000029575545497e+00,1.698382645845413208e-01,5.064749717712402344e-01
9.930000029605359657e+00,1.736627817153930664e-01,5.045744180679321289e-01
9.940000029635173817e+00,1.722254753112792969e-01,4.347175657749176025e-01
9.950000029664987977e+00,1.768726259469985962e-01,4.749949872493743896e-01
9.960000029694802137e+00,1.746858507394790649e-01,4.911321401596069336e-01
9.970000029724616297e+00,1.707626283168792725e-01,4.114696383476257324e-01
9.980000029754428681e+00,1.701094210147857666e-01,4.538347125053405762e-01
9.990000029784242841e+00,1.734730601310729980e-01,5.348502397537231445e-01
1.000000002981405700e+01,1.760364919900894165e-01,5.612065196037292480e-01
1.001000002984387116e+01,1.655274629592895508e-01,5.057904720306396484e-01
1.002000002987368532e+01,1.715092658996582031e-01,5.007550120353698730e-01
1.003000002990349948e+01,1.825181394815444946e-01,5.339595675468444824e-01
1.004000002993331364e+01,1.720141768455505371e-01,5.518828034400939941e-01
1.005000002996312780e+01,1.805930733680725098e-01,4.414665997028350830e-01
1.006000002999294196e+01,1.775466650724411011e-01,4.726117551326751709e-01
1.007000003002275612e+01,1.762230992317199707e-01,4.295995831489562988e-01
1.008000003005257028e+01,1.752736866474151611e-01,5.409826040267944336e-01
1.009000003008238444e+01,1.747996062040328979e-01,4.495636224746704102e-01
1.010000003011219860e+01,1.949454545974731445e-01,5.924451947212219238e-01
1.011000003014201276e+01,1.862089335918426514e-01,5.838774442672729492e-01
1.012000003017182692e+01,1.779883354902267456e-01,5.563156604766845703e-01
1.013000003020164108e+01,1.696663498878479004e-01,5.200018882751464844e-01
1.014000003023145524e+01,1.739366948604583740e-01,4.285006821155548096e-01
1.015000003026126940e+01,1.638290286064147949e-01,4.770622253417968750e-01
1.016000003029108179e+01,1.687734723091125488e-01,4.760996699333190918e-01
1.017000003032089595e+01,1.741254627704620361e-01,4.848246574401855469e-01
1.018000003035071011e+01,1.844879239797592163e-01,5.305047631263732910e-01
1.019000003038052427e+01,1.726380884647369385e-01,4.547293484210968018e-01
1.020000003041033843e+01,1.726614683866500854e-01,4.417810142040252686e-01
1.021000003044015259e+01,1.702950298786163330e-01,5.434393286705017090e-01
1.022000003046996675e+01,1.702771484851837158e-01,4.712841212749481201e-01
1.023000003049978091e+01,1.794185489416122437e-01,5.384301543235778809e-01
1.024000003052959507e+01,1.689705550670623779e-01,4.030016064643859863e-01
1.025000003055940923e+01,1.777514517307281494e-01,4.471127092838287354e-01
1.026000003058922339e+01,1.710892319679260254e-01,4.584642648696899414e-01
1.027000003061903755e+01,1.645434498786926270e-01,4.515477716922760010e-01
1.028000003064885171e+01,1.741720736026763916e-01,4.225942492485046387e-01
1.029000003067866587e+01,1.736045330762863159e-01,4.945796728134155273e-01
1.030000003070848003e+01,1.732641607522964478e-01,4.809843897819519043e-01
1.031000003073829419e+01,1.737775355577468872e-01,4.343531727790832520e-01
1.032000003076810835e+01,1.696351915597915649e-01,5.086635947227478027e-01
1.033000003079792073e+01,1.884667426347732544e-01,5.204544067382812500e-01
1.034000003082773489e+01,1.792915165424346924e-01,4.408772289752960205e-01
1.035000003085754905e+01,1.725085228681564331e-01,5.083417892456054688e-01
1.036000003088736321e+01,1.810795366764068604e-01,5.128872990608215332e-01
1.037000003091717737e+01,1.717675030231475830e-01,4.950253665447235107e-01
1.038000003094699153e+01,1.697861850261688232e-01,6.229391694068908691e-01
1.039000003097680569e+01,1.759908944368362427e-01,4.868456721305847168e-01
1.040000003100661985e+01,1.721546351909637451e-01,5.486208796501159668e-01
1.041000003103643401e+01,1.840353459119796753e-01,6.048264503479003906e-01
1.042000003106624817e+01,1.828281283378601074e-01,5.442401766777038574e-01
1.043000003109606233e+01,1.736160665750503540e-01,4.830088317394256592e-01
1.044000003112587649e+01,1.790564954280853271e-01,5.043197870254516602e-01
1.045000003115569065e+01,1.754624545574188232e-01,5.263639092445373535e-01
1.046000003118550481e+01,1.807717233896255493e-01,4.508449137210845947e-01
1.047000003121531897e+01,1.835772842168807983e-01,5.853605866432189941e-01
1.048000003124513313e+01,1.644548773765563965e-01,4.944450855255126953e-01
1.049000003127494729e+01,1.634182929992675781e-01,4.989686310291290283e-01
1.050000003130476145e+01,1.731680333614349365e-01,5.196361541748046875e-01
1.051000003133457383e+01,1.831139475107192993e-01,4.176580607891082764e-01
1.052000003136438799e+01,1.872800290584564209e-01,5.006904006004333496e-01
1.053000003139420215e+01,1.734721809625625610e-01,5.032190680503845215e-01
1.054000003142401631e+01,1.684315651655197144e-01,5.247536897659301758e-01
1.055000003145383047e+01,1.680537909269332886e-01,4.878890216350555420e-01
1.056000003148364463e+01,1.766786128282546997e-01,5.609951615333557129e-01
1.057000003151345879e+01,1.793072372674942017e-01,4.982494413852691650e-01
1.058000003154327295e+01,1.693592220544815063e-01,4.895403385162353516e-01
1.059000003157308711e+01,1.799605041742324829e-01,5.226286053657531738e-01
1.060000003160290127e+01,1.750891506671905518e-01,5.292338132858276367e-01
1.061000003163271543e+01,1.770941764116287231e-01,5.623021125793457031e-01
1.062000003166252959e+01,1.878943592309951782e-01,5.310516357421875000e-01
1.063000003169234375e+01,1.646075695753097534e-01,5.076017379760742188e-01
1.064000003172215791e+01,1.745430827140808105e-01,5.025445222854614258e-01
1.065000003175197207e+01,1.701514422893524170e-01,5.106549263000488281e-01
1.066000003178178623e+01,1.671280562877655029e-01,4.836905300617218018e-01
1.067000003181160039e+01,1.788944751024246216e-01,5.700619816780090332e-01
1.068000003184141278e+01,1.727849096059799194e-01,5.748168826103210449e-01
1.069000003187122694e+01,1.756999343633651733e-01,6.320464611053466797e-01
1.070000003190104110e+01,1.705148965120315552e-01,5.335816144943237305e-01
1.071000003193085526e+01,1.633252203464508057e-01,5.127717256546020508e-01
1.072000003196066942e+01,1.762965917587280273e-01,5.265789628028869629e-01
1.073000003199048358e+01,1.743951290845870972e-01,6.062551140785217285e-01
1.074000003202029774e+01,1.741453856229782104e-01,5.656673312187194824e-01
1.075000003205011190e+01,1.679221987724304199e-01,5.599081516265869141e-01
1.076000003207992606e+01,1.763315051794052124e-01,4.483982622623443604e-01
1.077000003210974022e+01,1.749679744243621826e-01,4.843791127204895020e-01
1.078000003213955438e+01,1.691518127918243408e-01,4.970294833183288574e-01
1.079000003216936854e+01,1.725136786699295044e-01,4.668566882610321045e-01
1.080000003219918270e+01,1.834089607000350952e-01,4.949130713939666748e-01
1.081000003222899686e+01,1.798918992280960083e-01,4.761662781238555908e-01
1.082000003225881102e+01,1.772532761096954346e-01,5.347883701324462891e-01
1.083000003228862518e+01,1.617594212293624878e-01,4.651627540588378906e-01
1.084000003231843934e+01,1.717589050531387329e-01,4.860008955001831055e-01
1.085000003234825172e+01,1.757975965738296509e-01,5.359758734703063965e-01
1.086000003237806588e+01,1.762053370475769043e-01,4.939547777175903320e-01
1.087000003240788004e+01,1.787317991256713867e-01,5.527661442756652832e-01
1.088000003243769420e+01,1.710191071033477783e-01,5.381884574890136719e-01
1.089000003246750836e+01,1.717454940080642700e-01,5.130608677864074707e-01
1.090000003249732252e+01,1.669729650020599365e-01,5.041191577911376953e-01
1.091000003252713668e+01,1.738004684448242188e-01,4.687669277191162109e-01
1.092000003255695084e+01,1.704743504524230957e-01,5.026133060455322266e-01
1.093000003258676500e+01,1.733687967061996460e-01,5.158286094665527344e-01
1.094000003261657916e+01,1.846164315938949585e-01,5.207380056381225586e-01
1.095000003264639332e+01,1.766121536493301392e-01,4.282409548759460449e-01
1.096000003267620748e+01,1.761040985584259033e-01,5.534711480140686035e-01
1.097000003270602164e+01,1.673480272293090820e-01,5.412560105323791504e-01
1.098000003273583580e+01,1.662732362747192383e-01,5.136433243751525879e-01
1.099000003276564996e+01,1.668607145547866821e-01,4.808800816535949707e-01
1.100000003279546412e+01,1.673646122217178345e-01,5.121270418167114258e-01
1.101000003282527828e+01,1.722129136323928833e-01,4.673161208629608154e-01
1.102000003285509244e+01,1.672870069742202759e-01,4.745833575725555420e-01
1.103000003288490483e+01,1.764852404594421387e-01,4.669753313064575195e-01
1.104000003291471899e+01,1.703673601150512695e-01,5.169341564178466797e-01
1.105000003294453315e+01,1.733405292034149170e-01,4.342682063579559326e-01
1.106000003297434731e+01,1.647539287805557251e-01,4.532474875450134277e-01
1.107000003300416147e+01,1.742527186870574951e-01,5.289797186851501465e-01
1.108000003303397563e+01,1.706014722585678101e-01,4.634038507938385010e-01
1.109000003306378979e+01,1.688605695962905884e-01,5.193203091621398926e-01
1.110000003309360395e+01,1.636506617069244385e-01,4.723762571811676025e-01
1.111000003312341811e+01,1.709143817424774170e-01,5.319876074790954590e-01
1.112000003315323227e+01,1.732609122991561890e-01,4.890017807483673096e-01
1.113000003318304643e+01,1.669261306524276733e-01,5.507232546806335449e-01
1.114000003321286059e+01,1.745038926601409912e-01,4.849832355976104736e-01
1.115000003324267475e+01,1.742243915796279907e-01,4.998735189437866211e-01
1.116000003327248891e+01,1.671896874904632568e-01,4.827980399131774902e-01
1.117000003330230307e+01,1.693757325410842896e-01,5.187351703643798828e-01
1.118000003333211723e+01,1.686172187328338623e-01,4.939507842063903809e-01
1.119000003336193139e+01,1.733334809541702271e-01,5.214534997940063477e-01
1.120000003339174377e+01,1.758940517902374268e-01,4.613753855228424072e-01
1.121000003342155793e+01,1.711654216051101685e-01,4.982995390892028809e-01
1.122000003345137209e+01,1.755437999963760376e-01,5.200009942054748535e-01
1.123000003348118625e+01,1.722491681575775146e-01,5.195190310478210449e-01
1.124000003351100041e+01,1.690389066934585571e-01,4.727616608142852783e-01
1.125000003354081457e+01,1.642304956912994385e-01,4.824958741664886475e-01
1.126000003357062873e+01,1.612010598182678223e-01,5.082622766494750977e-01
1.127000003360044289e+01,1.736221313476562500e-01,5.424706339836120605e-01
1.128000003363025705e+01,1.735327690839767456e-01,5.082093477249145508e-01
1.129000003366007121e+01,1.699858158826828003e-01,4.452273547649383545e-01
1.130000003368988537e+01,1.671644449234008789e-01,5.985399484634399414e-01
1.131000003371969953e+01,1.720447242259979248e-01,5.115664601325988770e-01
1.132000003374951369e+01,1.626035869121551514e-01,4.952872395515441895e-01
1.133000003377932785e+01,1.743501275777816772e-01,6.716382503509521484e-01
1.134000003380914201e+01,1.790042370557785034e-01,4.243907630443572998e-01
1.135000003383895617e+01,1.782511472702026367e-01,4.677632749080657959e-01
1.136000003386877033e+01,1.621621400117874146e-01,5.466880202293395996e-01
1.137000003389858271e+01,1.624990701675415039e-01,5.257894992828369141e-01
1.138000003392839687e+01,1.868513822555541992e-01,4.466013014316558838e-01
1.139000003395821103e+01,1.714479029178619385e-01,4.604130983352661133e-01
1.140000003398802519e+01,1.721034944057464600e-01,5.140044093132019043e-01
1.141000003401783935e+01,1.709155887365341187e-01,5.021822452545166016e-01
1.142000003404765351e+01,1.706954836845397949e-01,5.003508925437927246e-01
1.143000003407746767e+01,1.813579946756362915e-01,4.778769314289093018e-01
1.144000003410728183e+01,1.784649044275283813e-01,6.038041114807128906e-01
1.145000003413709599e+01,1.726095080375671387e-01,5.096237659454345703e-01
1.146000003416691015e+01,1.705918759107589722e-01,4.599767029285430908e-01
1.147000003419672431e+01,1.709914356470108032e-01,4.710193872451782227e-01
1.148000003422653847e+01,1.759115308523178101e-01,4.223077595233917236e-01
1.149000003425635263e+01,1.683432757854461670e-01,4.286167919635772705e-01
1.150000003428616679e+01,1.611736118793487549e-01,5.054451227188110352e-01
1.151000003431598095e+01,1.789641827344894409e-01,5.212313532829284668e-01
1.152000003434579511e+01,1.743664890527725220e-01,4.437104761600494385e-01
1.153000003437560927e+01,1.741129308938980103e-01,4.731735885143280029e-01
1.154000003440542343e+01,1.684392243623733521e-01,4.794430732727050781e-01
1.155000003443523582e+01,1.717969030141830444e-01,5.462313294410705566e-01
1.156000003446504998e+01,1.628656834363937378e-01,5.271527171134948730e-01
1.157000003449486414e+01,1.627954840660095215e-01,5.070133209228515625e-01
1.158000003452467830e+01,1.814847290515899658e-01,5.392187833786010742e-01
1.159000003455449246e+01,1.698893606662750244e-01,5.574017763137817383e-01
1.160000003458430662e+01,1.714024096727371216e-01,4.828422367572784424e-01
1.161000003461412078e+01,1.746400296688079834e-01,6.061629056930541992e-01
1.162000003464393494e+01,1.781182736158370972e-01,4.450323283672332764e-01
1.163000003467374910e+01,1.738193780183792114e-01,5.473628640174865723e-01
1.164000003470356326e+01,1.804257631301879883e-01,4.458857774734497070e-01
1.165000003473337742e+01,1.731220483779907227e-01,5.780938863754272461e-01
1.166000003476319158e+01,1.708898395299911499e-01,5.398445129394531250e-01
1.167000003479300574e+01,1.621142476797103882e-01,4.812129735946655273e-01
1.168000003482281990e+01,1.707565635442733765e-01,4.745854437351226807e-01
1.169000003485263406e+01,1.736732721328735352e-01,5.170642137527465820e-01
1.170000003488244822e+01,1.813749670982360840e-01,4.728366136550903320e-01
1.171000003491226238e+01,1.708258241415023804e-01,5.166889429092407227e-01
1.172000003494207476e+01,1.694072484970092773e-01,4.537137150764465332e-01
1.173000003497188892e+01,1.793727427721023560e-01,4.884158670902252197e-01
1.174000003500170308e+01,1.736231297254562378e-01,4.175974130630493164e-01
1.175000003503151724e+01,1.725350022315979004e-01,4.413739442825317383e-01
1.176000003506133140e+01,1.767900437116622925e-01,4.891002774238586426e-01
1.177000003509114556e+01,1.637142747640609741e-01,4.382938146591186523e-01
1.178000003512095972e+01,1.678819060325622559e-01,4.817516803741455078e-01
1.179000003515077388e+01,1.779098659753799438e-01,4.867921471595764160e-01
1.180000003518058804e+01,1.751592755317687988e-01,5.046220421791076660e-01
1.181000003521040220e+01,1.799762398004531860e-01,4.410500824451446533e-01
1.182000003524021636e+01,1.728518754243850708e-01,5.449990630149841309e-01
1.183000003527003052e+01,1.811565160751342773e-01,5.681250691413879395e-01
1.184000003529984468e+01,1.714310199022293091e-01,5.167999267578125000e-01
1.185000003532965884e+01,1.761120706796646118e-01,4.210300445556640625e-01
1.186000003535947300e+01,1.812389492988586426e-01,4.844344556331634521e-01
1.187000003538928716e+01,1.661718487739562988e-01,4.368107616901397705e-01
1.188000003541910132e+01,1.824827790260314941e-01,5.620903372764587402e-01
1.189000003544891371e+01,1.724864393472671509e-01,5.322496294975280762e-01
1.190000003547872787e+01,1.675696671009063721e-01,5.130428075790405273e-01
1.191000003550854203e+01,1.741484552621841431e-01,4.987854957580566406e-01
1.192000003553835619e+01,1.745756119489669800e-01,4.652791917324066162e-01
1.193000003556817035e+01,1.801984012126922607e-01,4.711651206016540527e-01
1.194000003559798451e+01,1.750484555959701538e-01,5.022965669631958008e-01
1.195000003562779867e+01,1.624655425548553467e-01,4.658483862876892090e-01
1.196000003565761283e+01,1.688103079795837402e-01,4.412378370761871338e-01
1.197000003568742699e+01,1.679680198431015015e-01,4.710237085819244385e-01
1.198000003571724115e+01,1.694389581680297852e-01,4.921980202198028564e-01
1.199000003574705531e+01,1.649560332298278809e-01,4.225395321846008301e-01
1.200000003577686947e+01,1.747189909219741821e-01,5.067802667617797852e-01
1.201000003580668363e+01,1.714587062597274780e-01,4.943197369575500488e-01
1.202000003583649779e+01,1.689211428165435791e-01,4.653759598731994629e-01
1.203000003586631195e+01,1.844121664762496948e-01,5.277461409568786621e-01
1.204000003589612611e+01,1.748065501451492310e-01,4.737617373466491699e-01
1.205000003592594027e+01,1.645661294460296631e-01,4.742096066474914551e-01
1.206000003595575443e+01,1.630446016788482666e-01,4.209060072898864746e-01
1.207000003598556681e+01,1.688983738422393799e-01,4.538288116455078125e-01
1.208000003601538097e+01,1.772025972604751587e-01,4.289343059062957764e-01
1.209000003604519513e+01,1.736294180154800415e-01,4.773707985877990723e-01
1.210000003607500929e+01,1.726867258548736572e-01,5.614460110664367676e-01
1.211000003610482345e+01,1.614452451467514038e-01,4.636473655700683594e-01
1.212000003613463761e+01,1.752406209707260132e-01,5.630601644515991211e-01
1.213000003616445177e+01,1.749098896980285645e-01,4.626113772392272949e-01
1.214000003619426593e+01,1.728555113077163696e-01,4.641452729701995850e-01
1.215000003622408009e+01,1.769937276840209961e-01,4.650113284587860107e-01
1.216000003625389425e+01,1.710455268621444702e-01,5.008211731910705566e-01
1.217000003628370841e+01,1.679997593164443970e-01,4.555831551551818848e-01
1.218000003631352257e+01,1.688330322504043579e-01,4.156185090541839600e-01
1.219000003634333673e+01,1.715003401041030884e-01,4.770342409610748291e-01
1.220000003637315089e+01,1.864297240972518921e-01,4.703027904033660889e-01
1.221000003640296505e+01,1.709479689598083496e-01,4.449751973152160645e-01
1.222000003643277921e+01,1.716181039810180664e-01,4.482498168945312500e-01
1.223000003646259337e+01,1.767118275165557861e-01,5.185546875000000000e-01
1.224000003649240575e+01,1.760196238756179810e-01,4.940754175186157227e-01
1.225000003652221992e+01,1.694625914096832275e-01,4.359285235404968262e-01
1.226000003655203408e+01,1.697542816400527954e-01,5.551385283470153809e-01
1.227000003658184824e+01,1.658083498477935791e-01,5.025428533554077148e-01
1.228000003661166240e+01,1.739474534988403320e-01,4.866285026073455811e-01
1.229000003664147656e+01,1.701157689094543457e-01,4.819582402706146240e-01
1.230000003667129072e+01,1.642815619707107544e-01,4.646284282207489014e-01
1.231000003670110488e+01,1.679470241069793701e-01,4.924785494804382324e-01
1.232000003673091904e+01,1.709723770618438721e-01,4.965690374374389648e-01
1.233000003676073320e+01,1.651583611965179443e-01,4.355186223983764648e-01
1.234000003679054736e+01,1.655462533235549927e-01,5.171837806701660156e-01
1.235000003682036152e+01,1.698913276195526123e-01,5.229960083961486816e-01
1.236000003685017568e+01,1.758252829313278198e-01,4.564726948738098145e-01
1.237000003687998984e+01,1.759549081325531006e-01,5.185019969940185547e-01
1.238000003690980400e+01,1.768728941679000854e-01,4.837227165699005127e-01
1.239000003693961816e+01,1.787633001804351807e-01,4.468264579772949219e-01
1.240000003696943232e+01,1.742608249187469482e-01,4.926329255104064941e-01
1.241000003699924470e+01,1.793704628944396973e-01,5.137472152709960938e-01
1.242000003702905886e+01,1.748149245977401733e-01,4.852497875690460205e-01
1.243000003705887302e+01,1.675474494695663452e-01,4.635127484798431396e-01
1.244000003708868718e+01,1.680155396461486816e-01,4.583795070648193359e-01
1.245000003711850134e+01,1.763132363557815552e-01,5.168439149856567383e-01
1.246000003714831550e+01,1.730179637670516968e-01,5.130227804183959961e-01
1.247000003717812966e+01,1.869648545980453491e-01,6.265330314636230469e-01
1.248000003720794382e+01,1.748389154672622681e-01,4.446026086807250977e-01
1.249000003723775798e+01,1.727730482816696167e-01,4.594935774803161621e-01
1.250000003726757214e+01,1.797244697809219360e-01,4.772020578384399414e-01
1.251000003729738630e+01,1.744756996631622314e-01,4.572812020778656006e-01
1.252000003732720046e+01,1.831726431846618652e-01,5.478658676147460938e-01
1.253000003735701462e+01,1.733931005001068115e-01,4.801917374134063721e-01
1.254000003738682878e+01,1.701557934284210205e-01,4.161624610424041748e-01
1.255000003741664294e+01,1.762267500162124634e-01,5.132377147674560547e-01
1.256000003744645710e+01,1.784338355064392090e-01,4.324988424777984619e-01
1.257000003747627126e+01,1.829319447278976440e-01,5.333747863769531250e-01
1.258000003750608542e+01,1.742090731859207153e-01,4.338709414005279541e-01
1.259000003753589780e+01,1.781892180442810059e-01,4.375789165496826172e-01
1.260000003756571196e+01,1.723509132862091064e-01,4.561351239681243896e-01
1.261000003759552612e+01,1.733168363571166992e-01,4.563472867012023926e-01
1.262000003762534028e+01,1.855924725532531738e-01,4.689694643020629883e-01
1.263000003765515444e+01,1.738813072443008423e-01,5.992165207862854004e-01
1.264000003768496860e+01,1.792950034141540527e-01,5.067514181137084961e-01
1.265000003771478276e+01,1.824222505092620850e-01,5.615605711936950684e-01
1.266000003774459692e+01,1.718179136514663696e-01,4.877244830131530762e-01
1.267000003777441108e+01,1.830939203500747681e-01,5.042901635169982910e-01
1.268000003780422524e+01,1.758557409048080444e-01,4.161246418952941895e-01
1.269000003783403940e+01,1.726414710283279419e-01,4.911586046218872070e-01
1.270000003786385356e+01,1.862450689077377319e-01,4.694073200225830078e-01
1.271000003789366772e+01,1.799618601799011230e-01,4.655727744102478027e-01
1.272000003792348188e+01,1.786423027515411377e-01,5.150576829910278320e-01
1.273000003795329604e+01,1.791339069604873657e-01,4.548563957214355469e-01
1.274000003798311020e+01,1.780528426170349121e-01,4.548673927783966064e-01
1.275000003801292436e+01,1.695660054683685303e-01,4.654611945152282715e-01
1.276000003804273675e+01,1.746173053979873657e-01,4.097323715686798096e-01
1.277000003807255091e+01,1.707132458686828613e-01,5.037968158721923828e-01
1.278000003810236507e+01,1.757826954126358032e-01,5.015701651573181152e-01
1.279000003813217923e+01,1.682867407798767090e-01,4.542074799537658691e-01
1.280000003816199339e+01,1.722694039344787598e-01,4.185582697391510010e-01
1.281000003819180755e+01,1.795704066753387451e-01,5.753157734870910645e-01
1.282000003822162171e+01,1.734165996313095093e-01,4.734275043010711670e-01
1.283000003825143587e+01,1.751932203769683838e-01,4.553339183330535889e-01
1.284000003828125003e+01,1.732501089572906494e-01,4.623736739158630371e-01
1.285000003831106419e+01,1.759854853153228760e-01,5.160603523254394531e-01
1.286000003834087835e+01,1.649513840675354004e-01,4.790157377719879150e-01
1.287000003837069251e+01,1.685428917407989502e-01,5.219511389732360840e-01
1.288000003840050667e+01,1.705743968486785889e-01,5.231959819793701172e-01
1.289000003843032083e+01,1.727773547172546387e-01,4.884526729583740234e-01
1.290000003846013499e+01,1.664410978555679321e-01,4.990274012088775635e-01
1.291000003848994915e+01,1.724988222122192383e-01,5.229008197784423828e-01
1.292000003851976331e+01,1.846545338630676270e-01,4.534785747528076172e-01
1.293000003854957747e+01,1.679805368185043335e-01,4.456376731395721436e-01
1.294000003857938985e+01,1.857833564281463623e-01,5.579206347465515137e-01
1.295000003860920401e+01,1.756697744131088257e-01,5.806850790977478027e-01
1.296000003863901817e+01,1.678386777639389038e-01,4.883845746517181396e-01
1.297000003866883233e+01,1.760122627019882202e-01,5.420811772346496582e-01
1.298000003869864649e+01,1.728472858667373657e-01,4.228919744491577148e-01
1.299000003872846065e+01,1.766008138656616211e-01,5.075299143791198730e-01
1.300000003875827481e+01,1.749412417411804199e-01,4.591971635818481445e-01
1.301000003878808897e+01,1.748043298721313477e-01,4.084629118442535400e-01
1.302000003881790313e+01,1.809441000223159790e-01,4.240252971649169922e-01
1.303000003884771729e+01,1.722969710826873779e-01,5.117801427841186523e-01
1.304000003887753145e+01,1.863986253738403320e-01,4.500562548637390137e-01
1.305000003890734561e+01,1.797977387905120850e-01,4.755958318710327148e-01
1.306000003893715977e+01,1.790501773357391357e-01,4.183925986289978027e-01
1.307000003896697393e+01,1.796433627605438232e-01,4.392304122447967529e-01
1.308000003899678809e+01,1.842139065265655518e-01,4.641226232051849365e-01
1.309000003902660225e+01,1.746951341629028320e-01,4.424330890178680420e-01
1.310000003905641641e+01,1.715741306543350220e-01,5.169794559478759766e-01
1.311000003908622880e+01,1.706645935773849487e-01,4.453820884227752686e-01
1.312000003911604296e+01,1.717406958341598511e-01,4.411813616752624512e-01
1.313000003914585712e+01,1.695579588413238525e-01,4.870896637439727783e-01
1.314000003917567128e+01,1.745583564043045044e-01,5.173180699348449707e-01
1.315000003920548544e+01,1.729140132665634155e-01,5.130124688148498535e-01
1.316000003923529960e+01,1.792749762535095215e-01,4.769487082958221436e-01
1.317000003926511376e+01,1.656433492898941040e-01,5.038725733757019043e-01
1.318000003929492792e+01,1.753091663122177124e-01,4.858092367649078369e-01
1.319000003932474208e+01,1.745504140853881836e-01,4.478038251399993896e-01
1.320000003935455624e+01,1.816776096820831299e-01,4.763730764389038086e-01
1.321000003938437040e+01,1.749291270971298218e-01,4.585435390472412109e-01
1.322000003941418456e+01,1.705629378557205200e-01,4.266212284564971924e-01
1.323000003944399872e+01,1.706105470657348633e-01,4.917438328266143799e-01
1.324000003947381288e+01,1.764842867851257324e-01,5.738567113876342773e-01
1.325000003950362704e+01,1.706074029207229614e-01,4.414095878601074219e-01
1.326000003953344120e+01,1.687481105327606201e-01,4.879344701766967773e-01
1.327000003956325536e+01,1.706888526678085327e-01,4.443514645099639893e-01
1.328000003959306774e+01,1.669479608535766602e-01,4.712412059307098389e-01
1.329000003962288190e+01,1.915050595998764038e-01,5.017803311347961426e-01
1.330000003965269606e+01,1.757882386445999146e-01,4.283810853958129883e-01
1.331000003968251022e+01,1.677519232034683228e-01,4.318060874938964844e-01
1.332000003971232438e+01,1.756783872842788696e-01,4.429986178874969482e-01
1.333000003974213854e+01,1.656751334667205811e-01,3.933946192264556885e-01
1.334000003977195270e+01,1.807593852281570435e-01,4.674710929393768311e-01
1.335000003980176686e+01,1.820236295461654663e-01,4.213880896568298340e-01
1.336000003983158102e+01,1.840858459472656250e-01,4.726288318634033203e-01
1.337000003986139518e+01,1.668167561292648315e-01,5.018261075019836426e-01
1.338000003989120934e+01,1.663311868906021118e-01,4.280711412429809570e-01
1.339000003992102350e+01,1.724959760904312134e-01,4.969539642333984375e-01
1.340000003995083766e+01,1.677265465259552002e-01,3.963472545146942139e-01
1.341000003998065182e+01,1.724590659141540527e-01,4.640541374683380127e-01
1.342000004001046598e+01,1.805640757083892822e-01,5.157724618911743164e-01
1.343000004004028014e+01,1.746053993701934814e-01,4.423476755619049072e-01
1.344000004007009430e+01,1.734545081853866577e-01,5.262340307235717773e-01
1.345000004009990846e+01,1.851807683706283569e-01,4.592075645923614502e-01
1.346000004012972084e+01,1.781034320592880249e-01,5.447440743446350098e-01
1.347000004015953500e+01,1.743525266647338867e-01,4.696771502494812012e-01
1.348000004018934916e+01,1.847713589668273926e-01,4.790075421333312988e-01
1.349000004021916332e+01,1.720765978097915649e-01,4.143641889095306396e-01
1.350000004024897748e+01,1.753760725259780884e-01,4.227838218212127686e-01
1.351000004027879164e+01,1.718602776527404785e-01,4.161131978034973145e-01
1.352000004030860580e+01,1.743346601724624634e-01,4.467007815837860107e-01
1.353000004033841996e+01,1.700633913278579712e-01,4.588874280452728271e-01
1.354000004036823412e+01,1.737150102853775024e-01,4.352709949016571045e-01
1.355000004039804828e+01,1.731381565332412720e-01,4.313027262687683105e-01
1.356000004042786244e+01,1.733732074499130249e-01,4.124208390712738037e-01
1.357000004045767660e+01,1.767009198665618896e-01,4.483164250850677490e-01
1.358000004048749076e+01,1.847429275512695312e-01,4.585617184638977051e-01
1.359000004051730492e+01,1.852258741855621338e-01,5.628887414932250977e-01
1.360000004054711908e+01,1.725292503833770752e-01,4.979372918605804443e-01
1.361000004057693324e+01,1.663964837789535522e-01,4.808787107467651367e-01
1.362000004060674740e+01,1.786282658576965332e-01,4.579888880252838135e-01
1.363000004063655979e+01,1.771918833255767822e-01,4.705360531806945801e-01
1.364000004066637395e+01,1.752533912658691406e-01,4.180750846862792969e-01
1.365000004069618811e+01,1.757556498050689697e-01,4.525788724422454834e-01
1.366000004072600227e+01,1.704034805297851562e-01,4.548638164997100830e-01
1.367000004075581643e+01,1.771261543035507202e-01,4.530408978462219238e-01
1.368000004078563059e+01,1.784537434577941895e-01,4.446095824241638184e-01
1.369000004081544475e+01,1.747008413076400757e-01,4.464773237705230713e-01
1.370000004084525891e+01,1.689299643039703369e-01,4.394152760505676270e-01
1.371000004087507307e+01,1.781485378742218018e-01,5.240688920021057129e-01
1.372000004090488723e+01,1.855972856283187866e-01,4.966593086719512939e-01
1.373000004093470139e+01,1.679782569408416748e-01,4.431044757366180420e-01
1.374000004096451555e+01,1.720764189958572388e-01,4.228319823741912842e-01
1.375000004099432971e+01,1.711162328720092773e-01,4.642440080642700195e-01
1.376000004102414387e+01,1.766895055770874023e-01,5.109233856201171875e-01
1.377000004105395803e+01,1.825048327445983887e-01,5.173839926719665527e-01
1.378000004108377219e+01,1.713576614856719971e-01,4.359365403652191162e-01
1.379000004111358635e+01,1.814735680818557739e-01,4.081908464431762695e-01
1.380000004114339873e+01,1.735544651746749878e-01,4.673370420932769775e-01
1.381000004117321289e+01,1.745337992906570435e-01,5.283060073852539062e-01
1.382000004120302705e+01,1.826037168502807617e-01,5.058525800704956055e-01
1.383000004123284121e+01,1.685451418161392212e-01,4.686367213726043701e-01
1.384000004126265537e+01,1.717064529657363892e-01,4.926953315734863281e-01
1.385000004129246953e+01,1.695714145898818970e-01,4.753813147544860840e-01
1.386000004132228369e+01,1.728952974081039429e-01,4.387574791908264160e-01
1.387000004135209785e+01,1.752561181783676147e-01,4.837944209575653076e-01
1.388000004138191201e+01,1.670912504196166992e-01,4.551026225090026855e-01
1.389000004141172617e+01,1.699425876140594482e-01,4.169877171516418457e-01
1.390000004144154033e+01,1.741977035999298096e-01,4.752276837825775146e-01
1.391000004147135449e+01,1.856701672077178955e-01,4.277532100677490234e-01
1.392000004150116865e+01,1.845553964376449585e-01,4.061186909675598145e-01
1.393000004153098281e+01,1.817970722913742065e-01,4.447287619113922119e-01
1.394000004156079697e+01,1.675134897232055664e-01,4.335012137889862061e-01
1.395000004159061113e+01,1.766965240240097046e-01,3.691596686840057373e-01
1.396000004162042529e+01,1.821429282426834106e-01,5.086383223533630371e-01
1.397000004165023945e+01,1.773529946804046631e-01,4.449532032012939453e-01
1.398000004168005184e+01,1.814046055078506470e-01,4.085423052310943604e-01
1.399000004170986600e+01,1.768690943717956543e-01,4.843787848949432373e-01
1.400000004173968016e+01,1.705921739339828491e-01,4.949643611907958984e-01
1.401000004176949432e+01,1.703853607177734375e-01,4.456635713577270508e-01
1.402000004179930848e+01,1.841106116771697998e-01,6.075292229652404785e-01
1.403000004182912264e+01,1.673027127981185913e-01,5.038347840309143066e-01
1.404000004185893680e+01,1.797264665365219116e-01,5.389583706855773926e-01
1.405000004188875096e+01,1.744728982448577881e-01,4.557152092456817627e-01
1.406000004191856512e+01,1.795167922973632812e-01,4.929073154926300049e-01
1.407000004194837928e+01,1.701693236827850342e-01,5.635009407997131348e-01
1.408000004197819344e+01,1.805169731378555298e-01,5.294668078422546387e-01
1.409000004200800760e+01,1.717405915260314941e-01,4.926163852214813232e-01
1.410000004203782176e+01,1.648043245077133179e-01,4.657286405563354492e-01
1.411000004206763592e+01,1.786643713712692261e-01,4.698070883750915527e-01
1.412000004209745008e+01,1.761939823627471924e-01,5.228615999221801758e-01
1.413000004212726424e+01,1.763516813516616821e-01,4.397959709167480469e-01
1.414000004215707840e+01,1.815224587917327881e-01,4.590432047843933105e-01
1.415000004218689078e+01,1.747305691242218018e-01,5.639559626579284668e-01
1.416000004221670494e+01,1.748923957347869873e-01,4.923244118690490723e-01
1.417000004224651910e+01,1.779435575008392334e-01,5.194012522697448730e-01
1.418000004227633326e+01,1.724517047405242920e-01,4.911676645278930664e-01
1.419000004230614742e+01,1.679286807775497437e-01,5.055740475654602051e-01
1.420000004233596158e+01,1.879888623952865601e-01,4.358287155628204346e-01
1.421000004236577574e+01,1.794510036706924438e-01,5.019076466560363770e-01
1.422000004239558990e+01,1.827539801597595215e-01,4.944396913051605225e-01
1.423000004242540406e+01,1.726861298084259033e-01,4.601132571697235107e-01
1.424000004245521822e+01,1.742421388626098633e-01,5.308024287223815918e-01
1.425000004248503238e+01,1.713487505912780762e-01,4.561636447906494141e-01
1.426000004251484654e+01,1.692542433738708496e-01,4.736447930335998535e-01
1.427000004254466070e+01,1.741777658462524414e-01,4.584059119224548340e-01
1.428000004257447486e+01,1.736484616994857788e-01,4.501822292804718018e-01
1.429000004260428902e+01,1.691697090864181519e-01,4.716539382934570312e-01
1.430000004263410318e+01,1.698660403490066528e-01,4.249446988105773926e-01
1.431000004266391734e+01,1.834397614002227783e-01,5.602925419807434082e-01
1.432000004269372972e+01,1.823881268501281738e-01,5.649861693382263184e-01
1.433000004272354388e+01,1.696988940238952637e-01,4.682922661304473877e-01
1.434000004275335804e+01,1.716671884059906006e-01,4.524368345737457275e-01
1.435000004278317220e+01,1.700925678014755249e-01,4.229741692543029785e-01
1.436000004281298636e+01,1.645801365375518799e-01,5.415470004081726074e-01
1.437000004284280053e+01,1.694881469011306763e-01,4.622606337070465088e-01
1.438000004287261469e+01,1.815967112779617310e-01,4.371957778930664062e-01
1.439000004290242885e+01,1.704824715852737427e-01,5.511795878410339355e-01
1.440000004293224301e+01,1.853166073560714722e-01,4.856391549110412598e-01
1.441000004296205717e+01,1.663059890270233154e-01,5.101665258407592773e-01
1.442000004299187133e+01,1.775237619876861572e-01,4.909850060939788818e-01
1.443000004302168549e+01,1.801467835903167725e-01,4.882175028324127197e-01
1.444000004305149965e+01,1.829613298177719116e-01,5.598817467689514160e-01
1.445000004308131381e+01,1.709596812725067139e-01,5.108716487884521484e-01
1.446000004311112797e+01,1.747066825628280640e-01,5.009298920631408691e-01
1.447000004314094213e+01,1.693209558725357056e-01,4.852388501167297363e-01
1.448000004317075629e+01,1.705044358968734741e-01,5.010617375373840332e-01
1.449000004320057045e+01,1.677125394344329834e-01,5.306252241134643555e-01
1.450000004323038283e+01,1.754892468452453613e-01,5.446143746376037598e-01
1.451000004326019699e+01,1.759423166513442993e-01,4.992381036281585693e-01
1.452000004329001115e+01,1.693857163190841675e-01,5.475783348083496094e-01
1.453000004331982531e+01,1.705192625522613525e-01,5.246013998985290527e-01
1.454000004334963947e+01,1.706860810518264771e-01,4.305102229118347168e-01
1.455000004337945363e+01,1.749634444713592529e-01,4.981652498245239258e-01
1.456000004340926779e+01,1.766235530376434326e-01,5.518394112586975098e-01
1.457000004343908195e+01,1.739728748798370361e-01,4.854270815849304199e-01
1.458000004346889611e+01,1.669651120901107788e-01,5.097721815109252930e-01
1.459000004349871027e+01,1.705506145954132080e-01,4.886736273765563965e-01
1.460000004352852443e+01,1.721638143062591553e-01,5.499957203865051270e-01
1.461000004355833859e+01,1.671453863382339478e-01,4.932559430599212646e-01
1.462000004358815275e+01,1.789020895957946777e-01,6.437882781028747559e-01
1.463000004361796691e+01,1.791722327470779419e-01,6.306627392768859863e-01
1.464000004364778107e+01,1.716993004083633423e-01,5.388056635856628418e-01
1.465000004367759523e+01,1.753050386905670166e-01,5.797243714332580566e-01
1.466000004370740939e+01,1.752315461635589600e-01,5.403864383697509766e-01
1.467000004373722177e+01,1.703243553638458252e-01,4.827646613121032715e-01
1.468000004376703593e+01,1.877274066209793091e-01,6.077710986137390137e-01
1.469000004379685009e+01,1.733013391494750977e-01,4.941109120845794678e-01
1.470000004382666425e+01,1.755537688732147217e-01,5.479068160057067871e-01
1.471000004385647841e+01,1.822021305561065674e-01,5.243129134178161621e-01
1.472000004388629257e+01,1.732862591743469238e-01,5.318175554275512695e-01
1.473000004391610673e+01,1.688198149204254150e-01,5.018272399902343750e-01
1.474000004394592089e+01,1.733252853155136108e-01,4.615326821804046631e-01
1.475000004397573505e+01,1.641615480184555054e-01,4.646365344524383545e-01
1.476000004400554921e+01,1.713544726371765137e-01,5.036532878875732422e-01
1.477000004403536337e+01,1.799940913915634155e-01,6.401551961898803711e-01
1.478000004406517753e+01,1.754993349313735962e-01,4.987598955631256104e-01
1.479000004409499169e+01,1.791471540927886963e-01,4.497139453887939453e-01
1.480000004412480585e+01,1.737003475427627563e-01,5.598584413528442383e-01
1.481000004415462001e+01,1.760658770799636841e-01,5.372697114944458008e-01
1.482000004418443417e+01,1.742589771747589111e-01,4.982413351535797119e-01
1.483000004421424833e+01,1.913622319698333740e-01,5.030527710914611816e-01
1.484000004424406072e+01,1.767710447311401367e-01,5.740587711334228516e-01
1.485000004427387488e+01,1.734289079904556274e-01,4.906616210937500000e-01
1.486000004430368904e+01,1.663168817758560181e-01,5.399446487426757812e-01
1.487000004433350320e+01,1.810044646263122559e-01,6.249055266380310059e-01
1.488000004436331736e+01,1.730276793241500854e-01,6.085661053657531738e-01
1.489000004439313152e+01,1.722154170274734497e-01,5.224522948265075684e-01
1.490000004442294568e+01,1.755871176719665527e-01,4.477883279323577881e-01
1.491000004445275984e+01,1.808045655488967896e-01,4.967958331108093262e-01
1.492000004448257400e+01,1.675144881010055542e-01,5.648826360702514648e-01
1.493000004451238816e+01,1.683987379074096680e-01,4.536592066287994385e-01
1.494000004454220232e+01,1.665765792131423950e-01,5.836381316184997559e-01
1.495000004457201648e+01,1.751134246587753296e-01,5.230663418769836426e-01
1.496000004460183064e+01,1.720447987318038940e-01,4.974515140056610107e-01
1.497000004463164480e+01,1.703148484230041504e-01,4.324973821640014648e-01
1.498000004466145896e+01,1.722440719604492188e-01,4.613574147224426270e-01
1.499000004469127312e+01,1.723230034112930298e-01,4.540929198265075684e-01
1.500000004472108728e+01,1.838485300540924072e-01,4.853180050849914551e-01
1.501000004475090144e+01,1.661154329776763916e-01,5.048498511314392090e-01
1.502000004478071382e+01,1.722704619169235229e-01,5.966409444808959961e-01
1.503000004481052798e+01,1.655290722846984863e-01,4.570273458957672119e-01
1.504000004484034214e+01,1.714192777872085571e-01,5.287879109382629395e-01
1.505000004487015630e+01,1.775973737239837646e-01,5.669687986373901367e-01
1.506000004489997046e+01,1.724928468465805054e-01,5.686574578285217285e-01
1.507000004492978462e+01,1.773761212825775146e-01,5.626829266548156738e-01
1.508000004495959878e+01,1.707303971052169800e-01,4.905174374580383301e-01
1.509000004498941294e+01,1.748694777488708496e-01,4.378476440906524658e-01
1.510000004501922710e+01,1.664777845144271851e-01,5.074861049652099609e-01
1.511000004504904126e+01,1.759279370307922363e-01,4.565089046955108643e-01
1.512000004507885542e+01,1.688898056745529175e-01,4.999540448188781738e-01
1.513000004510866958e+01,1.705117076635360718e-01,4.837387204170227051e-01
1.514000004513848374e+01,1.748516410589218140e-01,4.419851601123809814e-01
1.515000004516829790e+01,1.751931905746459961e-01,5.390819907188415527e-01
1.516000004519811206e+01,1.774800270795822144e-01,4.317758083343505859e-01
1.517000004522792622e+01,1.738607734441757202e-01,4.454157948493957520e-01
1.518000004525774038e+01,1.798190623521804810e-01,5.103673934936523438e-01
1.519000004528755277e+01,1.651431322097778320e-01,4.349029064178466797e-01
1.520000004531736693e+01,1.768071204423904419e-01,4.612908363342285156e-01
1.521000004534718109e+01,1.754198372364044189e-01,4.300718307495117188e-01
1.522000004537699525e+01,1.811594814062118530e-01,4.460805356502532959e-01
1.523000004540680941e+01,1.728896647691726685e-01,4.798595607280731201e-01
1.524000004543662357e+01,1.742728501558303833e-01,5.186672210693359375e-01
1.525000004546643773e+01,1.656366288661956787e-01,4.371555447578430176e-01
1.526000004549625189e+01,1.789502501487731934e-01,4.778584837913513184e-01
1.527000004552606605e+01,1.692773550748825073e-01,4.733778834342956543e-01
1.528000004555588021e+01,1.827380061149597168e-01,4.357074797153472900e-01
1.529000004558569437e+01,1.788778007030487061e-01,5.171685218811035156e-01
1.530000004561550853e+01,1.657520681619644165e-01,4.227976202964782715e-01
1.531000004564532269e+01,1.787003129720687866e-01,4.335933029651641846e-01
1.532000004567513685e+01,1.751935333013534546e-01,4.864819049835205078e-01
1.533000004570495101e+01,1.769137680530548096e-01,4.615862667560577393e-01
1.534000004573476517e+01,1.776569932699203491e-01,4.563508927822113037e-01
1.535000004576457933e+01,1.743703931570053101e-01,5.560619831085205078e-01
1.536000004579439349e+01,1.695277541875839233e-01,5.003895163536071777e-01
1.537000004582420587e+01,1.727375090122222900e-01,4.584587514400482178e-01
1.538000004585402003e+01,1.762117445468902588e-01,5.369857549667358398e-01
1.539000004588383419e+01,1.810089945793151855e-01,4.903053045272827148e-01
1.540000004591364835e+01,1.817079782485961914e-01,5.360803604125976562e-01
1.541000004594346251e+01,1.707343757152557373e-01,4.849391281604766846e-01
1.542000004597327667e+01,1.731979995965957642e-01,5.211889743804931641e-01
1.543000004600309083e+01,1.658061891794204712e-01,5.193944573402404785e-01
1.544000004603290499e+01,1.644065529108047485e-01,4.257597923278808594e-01
1.545000004606271915e+01,1.628834456205368042e-01,5.042570829391479492e-01
1.546000004609253331e+01,1.732605248689651489e-01,5.416417717933654785e-01
1.547000004612234747e+01,1.796407550573348999e-01,5.420036315917968750e-01
1.548000004615216163e+01,1.659862399101257324e-01,5.089308023452758789e-01
1.549000004618197579e+01,1.682732403278350830e-01,4.654052257537841797e-01
1.550000004621178995e+01,1.780506968498229980e-01,5.189056992530822754e-01
1.551000004624160411e+01,1.763280928134918213e-01,4.686380922794342041e-01
1.552000004627141827e+01,1.756934076547622681e-01,4.952661693096160889e-01
1.553000004630123243e+01,1.710368245840072632e-01,4.495778083801269531e-01
1.554000004633104481e+01,1.759351640939712524e-01,4.567167758941650391e-01
1.555000004636085897e+01,1.696091145277023315e-01,5.016341209411621094e-01
1.556000004639067313e+01,1.659294962882995605e-01,4.819165766239166260e-01
1.557000004642048729e+01,1.701134592294692993e-01,4.741187393665313721e-01
1.558000004645030145e+01,1.666994988918304443e-01,4.272940754890441895e-01
1.559000004648011561e+01,1.719154268503189087e-01,4.710405468940734863e-01
1.560000004650992977e+01,1.732914149761199951e-01,5.283248424530029297e-01
1.561000004653974393e+01,1.674994975328445435e-01,4.760486781597137451e-01
1.562000004656955809e+01,1.724062860012054443e-01,5.500277280807495117e-01
1.563000004659937225e+01,1.607379764318466187e-01,5.291693806648254395e-01
1.564000004662918641e+01,1.762572675943374634e-01,5.189731717109680176e-01
1.565000004665900057e+01,1.724668890237808228e-01,4.463704526424407959e-01
1.566000004668881473e+01,1.700687408447265625e-01,4.823806583881378174e-01
1.567000004671862889e+01,1.660435348749160767e-01,5.229712724685668945e-01
1.568000004674844305e+01,1.721486598253250122e-01,4.357360005378723145e-01
1.569000004677825721e+01,1.798165291547775269e-01,4.533237814903259277e-01
1.570000004680807137e+01,1.666420698165893555e-01,4.843727648258209229e-01
1.571000004683788376e+01,1.641842871904373169e-01,5.199956297874450684e-01
1.572000004686769792e+01,1.745870560407638550e-01,5.032521486282348633e-01
1.573000004689751208e+01,1.714773178100585938e-01,4.270252287387847900e-01
1.574000004692732624e+01,1.754526495933532715e-01,4.719898104667663574e-01
1.575000004695714040e+01,1.717641502618789673e-01,4.989706575870513916e-01
1.576000004698695456e+01,1.720759719610214233e-01,5.830164551734924316e-01
1.577000004701676872e+01,1.714280098676681519e-01,4.440688788890838623e-01
1.578000004704658288e+01,1.690486073493957520e-01,4.982067346572875977e-01
1.579000004707639704e+01,1.731425374746322632e-01,4.685469567775726318e-01
1.580000004710621120e+01,1.723480671644210815e-01,5.554672479629516602e-01
1.581000004713602536e+01,1.819929480552673340e-01,4.532707333564758301e-01
1.582000004716583952e+01,1.749733090400695801e-01,5.500761866569519043e-01
1.583000004719565368e+01,1.687950491905212402e-01,5.312033295631408691e-01
1.584000004722546784e+01,1.659083217382431030e-01,5.601555109024047852e-01
1.585000004725528200e+01,1.739728152751922607e-01,5.191262960433959961e-01
1.586000004728509616e+01,1.754790544509887695e-01,5.404008030891418457e-01
1.587000004731491032e+01,1.713256537914276123e-01,4.678145647048950195e-01
1.588000004734472448e+01,1.827445030212402344e-01,4.579402208328247070e-01
1.589000004737453686e+01,1.682225763797760010e-01,4.546822011470794678e-01
1.590000004740435102e+01,1.776790469884872437e-01,5.410838127136230469e-01
1.591000004743416518e+01,1.684984266757965088e-01,5.124883651733398438e-01
1.592000004746397934e+01,1.676635146141052246e-01,5.108182430267333984e-01
1.593000004749379350e+01,1.802352666854858398e-01,5.579904913902282715e-01
1.594000004752360766e+01,1.817125082015991211e-01,5.006150603294372559e-01
1.595000004755342182e+01,1.669174134731292725e-01,5.385253429412841797e-01
1.596000004758323598e+01,1.751372963190078735e-01,5.479114055633544922e-01
1.597000004761305014e+01,1.853324472904205322e-01,4.621773660182952881e-01
1.598000004764286430e+01,1.705763787031173706e-01,4.260528087615966797e-01
1.599000004767267846e+01,1.808270215988159180e-01,4.934053122997283936e-01
1.600000004770249262e+01,1.862166672945022583e-01,4.188342392444610596e-01
1.601000004773230501e+01,1.738047897815704346e-01,4.216337502002716064e-01
1.602000004776212094e+01,1.805017888545989990e-01,4.968380630016326904e-01
1.603000004779193333e+01,1.770889312028884888e-01,4.599643945693969727e-01
1.604000004782174926e+01,1.851060539484024048e-01,4.269283413887023926e-01
1.605000004785156165e+01,1.782907396554946899e-01,4.619296193122863770e-01
1.606000004788137758e+01,1.821000277996063232e-01,4.892362952232360840e-01
1.607000004791118997e+01,1.721605658531188965e-01,6.015633940696716309e-01
1.608000004794100590e+01,1.726300865411758423e-01,4.978566765785217285e-01
1.609000004797081829e+01,1.739773899316787720e-01,5.448812246322631836e-01
1.610000004800063422e+01,1.773129403591156006e-01,5.366402268409729004e-01
1.611000004803044661e+01,1.753473877906799316e-01,4.577348828315734863e-01
1.612000004806026254e+01,1.707091927528381348e-01,4.614743888378143311e-01
1.613000004809007493e+01,1.828243136405944824e-01,4.643138051033020020e-01
1.614000004811989086e+01,1.727656722068786621e-01,5.442132353782653809e-01
1.615000004814970325e+01,1.781063228845596313e-01,4.746268689632415771e-01
1.616000004817951563e+01,1.746131777763366699e-01,4.765053093433380127e-01
1.617000004820933157e+01,1.742835193872451782e-01,5.179549455642700195e-01
1.618000004823914395e+01,1.762713044881820679e-01,5.500285029411315918e-01
1.619000004826895989e+01,1.821204274892807007e-01,4.202949404716491699e-01
1.620000004829877227e+01,1.821478307247161865e-01,4.800719618797302246e-01
1.621000004832858821e+01,1.713139116764068604e-01,4.853104650974273682e-01
1.622000004835840059e+01,1.763848960399627686e-01,4.936715066432952881e-01
1.623000004838821653e+01,1.675607413053512573e-01,5.091193318367004395e-01
1.624000004841802891e+01,1.791795343160629272e-01,4.651553034782409668e-01
1.625000004844784485e+01,1.771302521228790283e-01,4.752271771430969238e-01
1.626000004847765723e+01,1.710362285375595093e-01,4.659933447837829590e-01
1.627000004850747317e+01,1.689570546150207520e-01,5.214672684669494629e-01
1.628000004853728555e+01,1.773895323276519775e-01,5.485990047454833984e-01
1.629000004856710149e+01,1.811486631631851196e-01,4.134413599967956543e-01
1.630000004859691387e+01,1.826356202363967896e-01,5.130468606948852539e-01
1.631000004862672981e+01,1.703130751848220825e-01,4.852616190910339355e-01
1.632000004865654219e+01,1.738296598196029663e-01,4.489544034004211426e-01
1.633000004868635457e+01,1.737694591283798218e-01,4.549573361873626709e-01
1.634000004871617051e+01,1.674132347106933594e-01,4.676614403724670410e-01
1.635000004874598289e+01,1.713531464338302612e-01,4.691407680511474609e-01
1.636000004877579883e+01,1.755650192499160767e-01,4.763484597206115723e-01
1.637000004880561121e+01,1.704716980457305908e-01,4.746015965938568115e-01
1.638000004883542715e+01,1.826860159635543823e-01,4.622174799442291260e-01
1.639000004886523953e+01,1.868605613708496094e-01,6.279360055923461914e-01
1.640000004889505547e+01,1.777998208999633789e-01,4.868012070655822754e-01
1.641000004892486785e+01,1.629630774259567261e-01,5.389134287834167480e-01
1.642000004895468379e+01,1.741229742765426636e-01,4.623004496097564697e-01
1.643000004898449617e+01,1.730090528726577759e-01,4.777329564094543457e-01
1.644000004901431211e+01,1.779659390449523926e-01,4.713471233844757080e-01
1.645000004904412449e+01,1.830677539110183716e-01,4.475909471511840820e-01
1.646000004907394043e+01,1.696237176656723022e-01,4.719087779521942139e-01
1.647000004910375281e+01,1.736638247966766357e-01,4.384126961231231689e-01
1.648000004913356875e+01,1.789006888866424561e-01,5.516593456268310547e-01
1.649000004916338114e+01,1.675405204296112061e-01,5.487521290779113770e-01
1.650000004919319352e+01,1.748498827219009399e-01,5.084679126739501953e-01
1.651000004922300946e+01,1.750424653291702271e-01,4.833482205867767334e-01
1.652000004925282184e+01,1.731713563203811646e-01,4.698722362518310547e-01
1.653000004928263778e+01,1.684118211269378662e-01,4.374181926250457764e-01
1.654000004931245016e+01,1.674218475818634033e-01,5.045971274375915527e-01
1.655000004934226610e+01,1.652741581201553345e-01,4.829144477844238281e-01
1.656000004937207848e+01,1.689635813236236572e-01,4.612009823322296143e-01
1.657000004940189442e+01,1.786751747131347656e-01,5.323753356933593750e-01
1.658000004943170680e+01,1.736994087696075439e-01,5.193083882331848145e-01
1.659000004946152274e+01,1.751977056264877319e-01,4.432670772075653076e-01
1.660000004949133512e+01,1.802515089511871338e-01,4.473174214363098145e-01
1.661000004952115106e+01,1.754732578992843628e-01,4.224673211574554443e-01
1.662000004955096344e+01,1.779245138168334961e-01,5.261511802673339844e-01
1.663000004958077938e+01,1.744583398103713989e-01,5.132596492767333984e-01
1.664000004961059176e+01,1.732491403818130493e-01,5.179883837699890137e-01
1.665000004964040770e+01,1.642774045467376709e-01,5.248051881790161133e-01
1.666000004967022008e+01,1.691033393144607544e-01,5.078241229057312012e-01
1.667000004970003246e+01,1.706064045429229736e-01,4.764387309551239014e-01
1.668000004972984840e+01,1.732524931430816650e-01,5.331974029541015625e-01
1.669000004975966078e+01,1.783619970083236694e-01,5.094346404075622559e-01
1.670000004978947672e+01,1.782066971063613892e-01,4.997974336147308350e-01
1.671000004981928910e+01,1.846053302288055420e-01,5.432628393173217773e-01
1.672000004984910504e+01,1.719674915075302124e-01,4.876977503299713135e-01
1.673000004987891742e+01,1.908323317766189575e-01,4.758076667785644531e-01
1.674000004990873336e+01,1.741016358137130737e-01,4.618282318115234375e-01
1.675000004993854574e+01,1.684160381555557251e-01,4.969689249992370605e-01
1.676000004996836168e+01,1.616159379482269287e-01,4.617214202880859375e-01
1.677000004999817406e+01,1.704464554786682129e-01,3.814122974872589111e-01
1.678000005002799000e+01,1.649932265281677246e-01,4.604485034942626953e-01
1.679000005005780238e+01,1.709291785955429077e-01,5.370438098907470703e-01
1.680000005008761832e+01,1.719420552253723145e-01,5.113238692283630371e-01
1.681000005011743070e+01,1.727291941642761230e-01,4.482158720493316650e-01
1.682000005014724664e+01,1.774859130382537842e-01,5.270122885704040527e-01
1.683000005017705902e+01,1.814745068550109863e-01,6.116275787353515625e-01
1.684000005020687141e+01,1.689810454845428467e-01,4.718916714191436768e-01
1.685000005023668734e+01,1.737859547138214111e-01,5.845302939414978027e-01
1.686000005026649973e+01,1.713142842054367065e-01,4.962186515331268311e-01
1.687000005029631566e+01,1.724516600370407104e-01,4.648562967777252197e-01
1.688000005032612805e+01,1.692337393760681152e-01,5.040397047996520996e-01
1.689000005035594398e+01,1.741580665111541748e-01,5.004609823226928711e-01
1.690000005038575637e+01,1.646294742822647095e-01,5.170848965644836426e-01
1.691000005041557230e+01,1.796306967735290527e-01,4.733960330486297607e-01
1.692000005044538469e+01,1.745187193155288696e-01,5.576874017715454102e-01
1.693000005047520062e+01,1.745881438255310059e-01,4.756937921047210693e-01
1.694000005050501301e+01,1.740374118089675903e-01,4.978637397289276123e-01
1.695000005053482894e+01,1.755171716213226318e-01,5.685104131698608398e-01
1.696000005056464133e+01,1.734355539083480835e-01,4.523413479328155518e-01
1.697000005059445726e+01,1.763834804296493530e-01,5.024358034133911133e-01
1.698000005062426965e+01,1.748599559068679810e-01,5.456942915916442871e-01
1.699000005065408558e+01,1.796021163463592529e-01,4.686211645603179932e-01
1.700000005068389797e+01,1.708317995071411133e-01,4.736187458038330078e-01
1.701000005071371035e+01,1.664460748434066772e-01,4.677512347698211670e-01
1.702000005074352629e+01,1.792447268962860107e-01,3.806502521038055420e-01
1.703000005077333867e+01,1.797580122947692871e-01,4.790665507316589355e-01
1.704000005080315461e+01,1.739805787801742554e-01,4.237535893917083740e-01
1.705000005083296699e+01,1.755295097827911377e-01,4.271461367607116699e-01
1.706000005086278293e+01,1.822666078805923462e-01,4.941795170307159424e-01
1.707000005089259531e+01,1.786860376596450806e-01,4.622365832328796387e-01
1.708000005092241125e+01,1.757608503103256226e-01,4.382316768169403076e-01
1.709000005095222363e+01,1.725772321224212646e-01,5.263317823410034180e-01
1.710000005098203957e+01,1.784839332103729248e-01,5.050827264785766602e-01
1.711000005101185195e+01,1.701243817806243896e-01,4.950972795486450195e-01
1.712000005104166789e+01,1.890724301338195801e-01,4.506691694259643555e-01
1.713000005107148027e+01,1.807828098535537720e-01,4.626629650592803955e-01
1.714000005110129621e+01,1.644915640354156494e-01,5.042037367820739746e-01
1.715000005113110859e+01,1.723480820655822754e-01,5.108816027641296387e-01
1.716000005116092453e+01,1.768946945667266846e-01,4.924207925796508789e-01
1.717000005119073691e+01,1.729296147823333740e-01,5.278031229972839355e-01
1.718000005122055285e+01,1.734010428190231323e-01,5.134727954864501953e-01
1.719000005125036523e+01,1.714983582496643066e-01,5.110697746276855469e-01
1.720000005128017762e+01,1.851769983768463135e-01,3.898694217205047607e-01
1.721000005130999355e+01,1.832496076822280884e-01,5.073280334472656250e-01
1.722000005133980594e+01,1.714471280574798584e-01,5.050532221794128418e-01
1.723000005136962187e+01,1.850298941135406494e-01,4.339880943298339844e-01
1.724000005139943426e+01,1.764645129442214966e-01,4.457293152809143066e-01
1.725000005142925019e+01,1.827764511108398438e-01,4.173705577850341797e-01
1.726000005145906258e+01,1.756727844476699829e-01,4.119783937931060791e-01
1.727000005148887851e+01,1.746140420436859131e-01,5.274573564529418945e-01
1.728000005151869090e+01,1.713186204433441162e-01,5.436733961105346680e-01
1.729000005154850683e+01,1.717752963304519653e-01,5.994529128074645996e-01
1.730000005157831922e+01,1.685625016689300537e-01,5.247042775154113770e-01
1.731000005160813515e+01,1.605660468339920044e-01,4.840012192726135254e-01
1.732000005163794754e+01,1.816633343696594238e-01,4.258817434310913086e-01
1.733000005166776347e+01,1.740074157714843750e-01,5.083138346672058105e-01
1.734000005169757586e+01,1.622126400470733643e-01,4.129093289375305176e-01
1.735000005172739179e+01,1.756803691387176514e-01,4.904684722423553467e-01
1.736000005175720418e+01,1.706048399209976196e-01,4.673681259155273438e-01
1.737000005178701656e+01,1.742763221263885498e-01,5.237979888916015625e-01
1.738000005181683250e+01,1.709950119256973267e-01,4.998514354228973389e-01
1.739000005184664488e+01,1.654761880636215210e-01,5.038402080535888672e-01
1.740000005187646082e+01,1.678057312965393066e-01,4.792630672454833984e-01
1.741000005190627320e+01,1.704930365085601807e-01,4.600234031677246094e-01
1.742000005193608914e+01,1.626279503107070923e-01,4.910653233528137207e-01
1.743000005196590152e+01,1.699816882610321045e-01,4.761741161346435547e-01
1.744000005199571746e+01,1.702768206596374512e-01,5.164171457290649414e-01
1.745000005202552984e+01,1.813699901103973389e-01,4.821991622447967529e-01
1.746000005205534578e+01,1.739213913679122925e-01,5.030624270439147949e-01
1.747000005208515816e+01,1.888250261545181274e-01,5.490592122077941895e-01
1.748000005211497410e+01,1.722376495599746704e-01,4.476726353168487549e-01
1.749000005214478648e+01,1.740196645259857178e-01,4.477732479572296143e-01
1.750000005217460242e+01,1.688498407602310181e-01,4.980849027633666992e-01
1.751000005220441480e+01,1.700396984815597534e-01,5.001523494720458984e-01
1.752000005223423074e+01,1.595886051654815674e-01,4.549675881862640381e-01
1.753000005226404312e+01,1.666926145553588867e-01,4.635351300239562988e-01
1.754000005229385550e+01,1.633238345384597778e-01,4.710184931755065918e-01
1.755000005232367144e+01,1.732495725154876709e-01,5.202527642250061035e-01
1.756000005235348382e+01,1.668823957443237305e-01,4.434708654880523682e-01
1.757000005238329976e+01,1.764010041952133179e-01,4.390899240970611572e-01
1.758000005241311214e+01,1.697804182767868042e-01,4.482418596744537354e-01
1.759000005244292808e+01,1.785578876733779907e-01,5.460892915725708008e-01
1.760000005247274046e+01,1.673891693353652954e-01,5.011935830116271973e-01
1.761000005250255640e+01,1.706236153841018677e-01,4.972017705440521240e-01
1.762000005253236878e+01,1.710983365774154663e-01,5.371152758598327637e-01
1.763000005256218472e+01,1.660609245300292969e-01,4.308596253395080566e-01
1.764000005259199710e+01,1.727211177349090576e-01,4.319527745246887207e-01
1.765000005262181304e+01,1.753753274679183960e-01,4.801190793514251709e-01
1.766000005265162542e+01,1.799343228340148926e-01,5.071455240249633789e-01
1.767000005268144136e+01,1.760431528091430664e-01,5.537670254707336426e-01
1.768000005271125374e+01,1.699290424585342407e-01,5.135641694068908691e-01
1.769000005274106968e+01,1.852092593908309937e-01,4.359738826751708984e-01
1.770000005277088206e+01,1.724715381860733032e-01,5.079748630523681641e-01
1.771000005280069445e+01,1.698794513940811157e-01,5.199905037879943848e-01
1.772000005283051038e+01,1.755713820457458496e-01,4.138489067554473877e-01
1.773000005286032277e+01,1.715616881847381592e-01,5.365644097328186035e-01
1.774000005289013870e+01,1.739327162504196167e-01,5.170280337333679199e-01
1.775000005291995109e+01,1.705410778522491455e-01,5.316941142082214355e-01
1.776000005294976702e+01,1.750830709934234619e-01,4.957043230533599854e-01
1.777000005297957941e+01,1.667891591787338257e-01,4.726126492023468018e-01
1.778000005300939534e+01,1.730948984622955322e-01,4.842975139617919922e-01
1.779000005303920773e+01,1.666180044412612915e-01,4.413268566131591797e-01
1.780000005306902366e+01,1.755212396383285522e-01,4.627430438995361328e-01
1.781000005309883605e+01,1.796505153179168701e-01,4.802798032760620117e-01
1.782000005312865198e+01,1.686130017042160034e-01,4.950645565986633301e-01
1.783000005315846437e+01,1.764705479145050049e-01,4.596919417381286621e-01
1.784000005318828030e+01,1.640509217977523804e-01,4.362373054027557373e-01
1.785000005321809269e+01,1.790594160556793213e-01,4.341140091419219971e-01
1.786000005324790862e+01,1.622150540351867676e-01,4.655679166316986084e-01
1.787000005327772101e+01,1.709113419055938721e-01,4.193339645862579346e-01
1.788000005330753339e+01,1.786959320306777954e-01,5.287017822265625000e-01
1.789000005333734933e+01,1.749905347824096680e-01,4.532497525215148926e-01
1.790000005336716171e+01,1.734779626131057739e-01,4.928876161575317383e-01
1.791000005339697765e+01,1.745285093784332275e-01,4.752602875232696533e-01
1.792000005342679003e+01,1.670551002025604248e-01,4.795811176300048828e-01
1.793000005345660597e+01,1.748424917459487915e-01,4.807604849338531494e-01
1.794000005348641835e+01,1.905424743890762329e-01,4.660283923149108887e-01
1.795000005351623429e+01,1.704549938440322876e-01,4.633024036884307861e-01
1.796000005354604667e+01,1.774307936429977417e-01,4.596333801746368408e-01
1.797000005357586261e+01,1.749154031276702881e-01,4.196414947509765625e-01
1.798000005360567499e+01,1.781888306140899658e-01,4.828576147556304932e-01
1.799000005363549093e+01,1.753237694501876831e-01,4.724043011665344238e-01
1.800000005366530331e+01,1.739115417003631592e-01,4.990572929382324219e-01
1.801000005369511925e+01,1.783984303474426270e-01,5.391040444374084473e-01
1.802000005372493163e+01,1.770970076322555542e-01,4.563056230545043945e-01
1.803000005375474757e+01,1.759963035583496094e-01,4.567347168922424316e-01
1.804000005378455995e+01,1.680080741643905640e-01,5.681324601173400879e-01
1.805000005381437589e+01,1.647922098636627197e-01,5.042856931686401367e-01
1.806000005384418827e+01,1.657797694206237793e-01,4.302896261215209961e-01
1.807000005387400066e+01,1.818824410438537598e-01,4.772546589374542236e-01
1.808000005390381659e+01,1.809316724538803101e-01,4.746244549751281738e-01
1.809000005393362898e+01,1.739838570356369019e-01,4.929335117340087891e-01
1.810000005396344491e+01,1.775044947862625122e-01,4.920769929885864258e-01
1.811000005399325730e+01,1.676509529352188110e-01,4.762856066226959229e-01
1.812000005402307323e+01,1.683896929025650024e-01,4.188965857028961182e-01
1.813000005405288562e+01,1.702882349491119385e-01,4.656655192375183105e-01
1.814000005408270155e+01,1.886761784553527832e-01,5.127249956130981445e-01
1.815000005411251394e+01,1.780990958213806152e-01,4.849456548690795898e-01
1.816000005414232987e+01,1.747279465198516846e-01,4.402051568031311035e-01
1.817000005417214226e+01,1.725743860006332397e-01,4.822742640972137451e-01
1.818000005420195819e+01,1.761619150638580322e-01,4.723559319972991943e-01
1.819000005423177058e+01,1.620196998119354248e-01,5.227228403091430664e-01
1.820000005426158651e+01,1.772790551185607910e-01,5.223670005798339844e-01
1.821000005429139890e+01,1.717440783977508545e-01,4.773452281951904297e-01
1.822000005432121483e+01,1.722187101840972900e-01,5.403028726577758789e-01
1.823000005435102722e+01,1.686275750398635864e-01,5.740044713020324707e-01
1.824000005438083960e+01,1.642786413431167603e-01,4.026628136634826660e-01
1.825000005441065554e+01,1.691195666790008545e-01,5.095747709274291992e-01
1.826000005444046792e+01,1.702319830656051636e-01,4.656631350517272949e-01
1.827000005447028386e+01,1.762801706790924072e-01,5.499117970466613770e-01
1.828000005450009624e+01,1.811937838792800903e-01,5.210206508636474609e-01
1.829000005452991218e+01,1.858333051204681396e-01,4.557863771915435791e-01
1.830000005455972456e+01,1.809634864330291748e-01,4.380185902118682861e-01
1.831000005458954050e+01,1.736311614513397217e-01,4.514894783496856689e-01
1.832000005461935288e+01,1.698217689990997314e-01,5.007233023643493652e-01
1.833000005464916882e+01,1.777084171772003174e-01,4.499616324901580811e-01
1.834000005467898120e+01,1.690024137496948242e-01,4.581886827945709229e-01
1.835000005470879714e+01,1.691336929798126221e-01,4.533655643463134766e-01
1.836000005473860952e+01,1.717097312211990356e-01,4.587323367595672607e-01
1.837000005476842546e+01,1.706127673387527466e-01,4.319270551204681396e-01
1.838000005479823784e+01,1.672640144824981689e-01,5.065692663192749023e-01
1.839000005482805378e+01,1.772841364145278931e-01,5.304432511329650879e-01
1.840000005485786616e+01,1.831492930650711060e-01,4.580684602260589600e-01
1.841000005488767854e+01,1.681525856256484985e-01,4.864079058170318604e-01
1.842000005491749448e+01,1.783100813627243042e-01,4.469489157199859619e-01
1.843000005494730686e+01,1.752497851848602295e-01,4.621931016445159912e-01
1.844000005497712280e+01,1.783776730298995972e-01,4.832192063331604004e-01
1.845000005500693518e+01,1.732116192579269409e-01,4.852800667285919189e-01
1.846000005503675112e+01,1.726579219102859497e-01,4.574991464614868164e-01
1.847000005506656350e+01,1.752066463232040405e-01,4.480152130126953125e-01
1.848000005509637944e+01,1.804759800434112549e-01,4.769523441791534424e-01
1.849000005512619182e+01,1.762800365686416626e-01,5.246182680130004883e-01
1.850000005515600776e+01,1.691995710134506226e-01,4.687369167804718018e-01
1.851000005518582014e+01,1.736929565668106079e-01,5.830901265144348145e-01
1.852000005521563608e+01,1.761279553174972534e-01,5.412895083427429199e-01
1.853000005524544846e+01,1.750771701335906982e-01,4.881321191787719727e-01
1.854000005527526440e+01,1.752576977014541626e-01,5.423003435134887695e-01
1.855000005530507678e+01,1.853273063898086548e-01,4.940725862979888916e-01
1.856000005533489272e+01,1.779548078775405884e-01,5.032480359077453613e-01
1.857000005536470510e+01,1.786025166511535645e-01,4.901530444622039795e-01
1.858000005539451749e+01,1.723979264497756958e-01,4.418207406997680664e-01
1.859000005542433342e+01,1.846769452095031738e-01,5.037170052528381348e-01
1.860000005545414581e+01,1.673786193132400513e-01,4.870931506156921387e-01
1.861000005548396175e+01,1.741382926702499390e-01,4.750172793865203857e-01
1.862000005551377413e+01,1.739960163831710815e-01,4.757042527198791504e-01
1.863000005554359007e+01,1.748335808515548706e-01,4.462451636791229248e-01
1.864000005557340245e+01,1.792281121015548706e-01,4.973551034927368164e-01
1.865000005560321839e+01,1.820472180843353271e-01,6.100499033927917480e-01
1.866000005563303077e+01,1.644441336393356323e-01,4.834644496440887451e-01
1.867000005566284671e+01,1.766161769628524780e-01,5.537113547325134277e-01
1.868000005569265909e+01,1.748987436294555664e-01,4.665866792201995850e-01
1.869000005572247503e+01,1.674504429101943970e-01,5.427002906799316406e-01
1.870000005575228741e+01,1.713155210018157959e-01,4.735236167907714844e-01
1.871000005578210335e+01,1.735382378101348877e-01,4.662574529647827148e-01
1.872000005581191573e+01,1.816828548908233643e-01,4.386650025844573975e-01
1.873000005584173167e+01,1.755840927362442017e-01,5.568525791168212891e-01
1.874000005587154405e+01,1.649645268917083740e-01,4.451604187488555908e-01
1.875000005590135643e+01,1.853542029857635498e-01,5.333191752433776855e-01
1.876000005593117237e+01,1.767799705266952515e-01,5.165403485298156738e-01
1.877000005596098475e+01,1.818691492080688477e-01,4.653977155685424805e-01
1.878000005599080069e+01,1.817490011453628540e-01,5.678306818008422852e-01
1.879000005602061307e+01,1.785305589437484741e-01,5.452345609664916992e-01
1.880000005605042901e+01,1.863089799880981445e-01,5.124205350875854492e-01
1.881000005608024139e+01,1.728413999080657959e-01,5.305348634719848633e-01
1.882000005611005733e+01,1.762537807226181030e-01,5.087527632713317871e-01
1.883000005613986971e+01,1.749644875526428223e-01,4.216692149639129639e-01
1.884000005616968565e+01,1.822123378515243530e-01,4.837898910045623779e-01
1.885000005619949803e+01,1.646953076124191284e-01,5.473691225051879883e-01
1.886000005622931397e+01,1.785583496093750000e-01,6.094968318939208984e-01
1.887000005625912635e+01,1.753826737403869629e-01,4.801635146141052246e-01
1.888000005628894229e+01,1.736105233430862427e-01,4.626930654048919678e-01
1.889000005631875467e+01,1.631881743669509888e-01,4.553400576114654541e-01
1.890000005634857061e+01,1.894400566816329956e-01,5.749983787536621094e-01
1.891000005637838299e+01,1.836846470832824707e-01,4.732507169246673584e-01
1.892000005640819538e+01,1.821567863225936890e-01,4.560734331607818604e-01
1.893000005643801131e+01,1.706898361444473267e-01,4.713383913040161133e-01
1.894000005646782370e+01,1.818748414516448975e-01,4.759381115436553955e-01
1.895000005649763963e+01,1.702010333538055420e-01,4.748869836330413818e-01
1.896000005652745202e+01,1.747145205736160278e-01,4.892104864120483398e-01
1.897000005655726795e+01,1.865013688802719116e-01,5.168355107307434082e-01
1.898000005658708034e+01,1.687669306993484497e-01,4.996087253093719482e-01
1.899000005661689627e+01,1.694064736366271973e-01,4.892071783542633057e-01
1.900000005664670866e+01,1.635147184133529663e-01,4.769942462444305420e-01
1.901000005667652459e+01,1.792390048503875732e-01,4.487641155719757080e-01
1.902000005670633698e+01,1.714806854724884033e-01,5.196265578269958496e-01
1.903000005673615291e+01,1.787307709455490112e-01,5.254624485969543457e-01
1.904000005676596530e+01,1.745699942111968994e-01,5.433927178382873535e-01
1.905000005679578123e+01,1.623525321483612061e-01,5.075010657310485840e-01
1.906000005682559362e+01,1.678501963615417480e-01,5.276622176170349121e-01
1.907000005685540955e+01,1.795106530189514160e-01,5.461738705635070801e-01
1.908000005688522194e+01,1.645715981721878052e-01,5.413324832916259766e-01
1.909000005691503787e+01,1.701922565698623657e-01,4.828878641128540039e-01
1.910000005694485026e+01,1.705513894557952881e-01,5.347319841384887695e-01
1.911000005697466264e+01,1.643188744783401489e-01,3.925914764404296875e-01
1.912000005700447858e+01,1.747353225946426392e-01,4.496878385543823242e-01
1.913000005703429096e+01,1.802254170179367065e-01,5.984759926795959473e-01
1.914000005706410690e+01,1.735008656978607178e-01,4.892458319664001465e-01
1.915000005709391928e+01,1.759536564350128174e-01,5.286470055580139160e-01
1.916000005712373522e+01,1.706129312515258789e-01,4.640831649303436279e-01
1.917000005715354760e+01,1.705097854137420654e-01,4.896090924739837646e-01
1.918000005718336354e+01,1.741314083337783813e-01,4.900361299514770508e-01
1.919000005721317592e+01,1.665205508470535278e-01,5.120644569396972656e-01
1.920000005724299186e+01,1.739090681076049805e-01,4.666408002376556396e-01
1.921000005727280424e+01,1.723632961511611938e-01,5.211508274078369141e-01
1.922000005730262018e+01,1.756978631019592285e-01,4.283646345138549805e-01
1.923000005733243256e+01,1.712315827608108521e-01,4.681392610073089600e-01
1.924000005736224850e+01,1.709199994802474976e-01,5.005375742912292480e-01
1.925000005739206088e+01,1.664285808801651001e-01,4.823749363422393799e-01
1.926000005742187682e+01,1.741946190595626831e-01,5.611674189567565918e-01
1.927000005745168920e+01,1.814834773540496826e-01,5.271340608596801758e-01
1.928000005748150159e+01,1.780492067337036133e-01,5.024775266647338867e-01
1.929000005751131752e+01,1.778789013624191284e-01,4.807690083980560303e-01
1.930000005754112991e+01,1.809369921684265137e-01,4.267766177654266357e-01
1.931000005757094584e+01,1.777066141366958618e-01,4.246453642845153809e-01
1.932000005760075823e+01,1.741011440753936768e-01,4.828384220600128174e-01
1.933000005763057416e+01,1.761709749698638916e-01,4.347683787345886230e-01
1.934000005766038655e+01,1.687640994787216187e-01,4.483970701694488525e-01
1.935000005769020248e+01,1.716519296169281006e-01,4.522272944450378418e-01
1.936000005772001487e+01,1.698904037475585938e-01,5.337700247764587402e-01
1.937000005774983080e+01,1.730208545923233032e-01,4.953610599040985107e-01
1.938000005777964319e+01,1.793654710054397583e-01,5.111235976219177246e-01
1.939000005780945912e+01,1.713220626115798950e-01,4.971594214439392090e-01
1.940000005783927151e+01,1.667548120021820068e-01,4.778158366680145264e-01
1.941000005786908744e+01,1.769426763057708740e-01,4.557924270629882812e-01
1.942000005789889983e+01,1.624397039413452148e-01,5.068548321723937988e-01
1.943000005792871576e+01,1.772108227014541626e-01,5.097712874412536621e-01
1.944000005795852815e+01,1.782160103321075439e-01,4.772245287895202637e-01
1.945000005798834053e+01,1.782191097736358643e-01,5.823105573654174805e-01
1.946000005801815647e+01,1.784776300191879272e-01,5.615944862365722656e-01
1.947000005804796885e+01,1.733445525169372559e-01,4.345741271972656250e-01
1.948000005807778479e+01,1.760513037443161011e-01,4.850038886070251465e-01
1.949000005810759717e+01,1.762430816888809204e-01,5.185284018516540527e-01
1.950000005813741311e+01,1.813994795083999634e-01,4.216681122779846191e-01
1.951000005816722549e+01,1.727043688297271729e-01,4.699488282203674316e-01
1.952000005819704143e+01,1.835784912109375000e-01,5.139047503471374512e-01
1.953000005822685381e+01,1.687299013137817383e-01,4.319678843021392822e-01
1.954000005825666975e+01,1.753194928169250488e-01,4.671889841556549072e-01
1.955000005828648213e+01,1.711260229349136353e-01,4.494938254356384277e-01
1.956000005831629807e+01,1.704608947038650513e-01,4.722145199775695801e-01
1.957000005834611045e+01,1.789990663528442383e-01,4.646125733852386475e-01
1.958000005837592639e+01,1.673478633165359497e-01,4.478740394115447998e-01
1.959000005840573877e+01,1.743437349796295166e-01,4.267028570175170898e-01
1.960000005843555471e+01,1.722173094749450684e-01,4.519860446453094482e-01
1.961000005846536709e+01,1.676087677478790283e-01,4.527907073497772217e-01
1.962000005849517947e+01,1.702367514371871948e-01,5.039057731628417969e-01
1.963000005852499541e+01,1.762831956148147583e-01,5.411554574966430664e-01
1.964000005855480779e+01,1.804229915142059326e-01,4.916276037693023682e-01
1.965000005858462373e+01,1.725964695215225220e-01,4.873447120189666748e-01
1.966000005861443611e+01,1.799817532300949097e-01,4.372077584266662598e-01
1.967000005864425205e+01,1.728839874267578125e-01,4.910703301429748535e-01
1.968000005867406443e+01,1.652695238590240479e-01,4.016748368740081787e-01
1.969000005870388037e+01,1.673450320959091187e-01,4.957129955291748047e-01
1.970000005873369275e+01,1.838182955980300903e-01,5.034287571907043457e-01
1.971000005876350869e+01,1.787852942943572998e-01,4.527228772640228271e-01
1.972000005879332107e+01,1.651961207389831543e-01,5.279734730720520020e-01
1.973000005882313701e+01,1.663444340229034424e-01,4.246553778648376465e-01
1.974000005885294939e+01,1.775193512439727783e-01,4.868524670600891113e-01
1.975000005888276533e+01,1.678858846426010132e-01,5.224657654762268066e-01
1.976000005891257771e+01,1.640758812427520752e-01,4.880220592021942139e-01
1.977000005894239365e+01,1.649356037378311157e-01,5.214138031005859375e-01
1.978000005897220603e+01,1.694637984037399292e-01,5.292253494262695312e-01
1.979000005900201842e+01,1.785959303379058838e-01,5.366867780685424805e-01
1.980000005903183435e+01,1.751030981540679932e-01,4.798010885715484619e-01
1.981000005906164674e+01,1.837779432535171509e-01,6.067528724670410156e-01
1.982000005909146267e+01,1.756389439105987549e-01,4.497533440589904785e-01
1.983000005912127506e+01,1.732567548751831055e-01,5.245065093040466309e-01
1.984000005915109099e+01,1.818621456623077393e-01,4.627256393432617188e-01
1.985000005918090338e+01,1.688410043716430664e-01,4.376568198204040527e-01
1.986000005921071931e+01,1.720730960369110107e-01,5.088121891021728516e-01
1.987000005924053170e+01,1.651613265275955200e-01,4.668171703815460205e-01
1.988000005927034763e+01,1.806758493185043335e-01,5.178121328353881836e-01
1.989000005930016002e+01,1.892037391662597656e-01,4.810657799243927002e-01
1.990000005932997595e+01,1.712986975908279419e-01,4.770299792289733887e-01
1.991000005935978834e+01,1.674927175045013428e-01,4.797913134098052979e-01
1.992000005938960427e+01,1.727098971605300903e-01,4.443365037441253662e-01
1.993000005941941666e+01,1.657464653253555298e-01,4.575868248939514160e-01
1.994000005944923259e+01,1.712525039911270142e-01,4.474709331989288330e-01
1.995000005947904498e+01,1.755498945713043213e-01,4.734282791614532471e-01
1.996000005950885736e+01,1.729513257741928101e-01,4.304195940494537354e-01
1.997000005953867330e+01,1.857234239578247070e-01,4.933674633502960205e-01
1.998000005956848568e+01,1.808210909366607666e-01,5.131344795227050781e-01
1.999000005959830162e+01,1.788911670446395874e-01,5.202962756156921387e-01
2.000000005962811400e+01,1.726070940494537354e-01,4.911745786666870117e-01
2.001000005965792994e+01,1.804188340902328491e-01,4.894912242889404297e-01
2.002000005968774232e+01,1.800203621387481689e-01,5.175830721855163574e-01
2.003000005971755826e+01,1.727099567651748657e-01,5.881550312042236328e-01
2.004000005974737064e+01,1.732987463474273682e-01,5.093878507614135742e-01
2.005000005977718658e+01,1.785835623741149902e-01,5.236786007881164551e-01
2.006000005980699896e+01,1.710283607244491577e-01,4.261764585971832275e-01
2.007000005983681490e+01,1.760404855012893677e-01,5.079523921012878418e-01
2.008000005986662728e+01,1.750645488500595093e-01,4.817995727062225342e-01
2.009000005989644322e+01,1.804775893688201904e-01,4.872009456157684326e-01
2.010000005992625560e+01,1.772686392068862915e-01,4.894665181636810303e-01
2.011000005995607154e+01,1.700892597436904907e-01,5.191784501075744629e-01
2.012000005998588392e+01,1.714489609003067017e-01,4.213058650493621826e-01
2.013000006001569986e+01,1.675941199064254761e-01,4.854154884815216064e-01
2.014000006004551224e+01,1.785396188497543335e-01,5.587403178215026855e-01
2.015000006007532463e+01,1.693832576274871826e-01,5.203072428703308105e-01
2.016000006010514056e+01,1.692734807729721069e-01,4.151169955730438232e-01
2.017000006013495295e+01,1.712520867586135864e-01,5.440014600753784180e-01
2.018000006016476888e+01,1.710884869098663330e-01,3.914549350738525391e-01
2.019000006019458127e+01,1.742585599422454834e-01,4.809479117393493652e-01
2.020000006022439720e+01,1.654859632253646851e-01,4.660352468490600586e-01
2.021000006025420959e+01,1.724867969751358032e-01,4.915582239627838135e-01
2.022000006028402552e+01,1.722883880138397217e-01,4.247441887855529785e-01
2.023000006031383791e+01,1.715878844261169434e-01,4.318189322948455811e-01
2.024000006034365384e+01,1.698008924722671509e-01,4.523424208164215088e-01
2.025000006037346623e+01,1.687727421522140503e-01,4.443943500518798828e-01
2.026000006040328216e+01,1.814869195222854614e-01,4.900414049625396729e-01
2.027000006043309455e+01,1.767572462558746338e-01,5.061127543449401855e-01
2.028000006046291048e+01,1.831129491329193115e-01,4.692232906818389893e-01
2.029000006049272287e+01,1.692359894514083862e-01,4.926836490631103516e-01
2.030000006052253880e+01,1.753627359867095947e-01,5.403434634208679199e-01
2.031000006055235119e+01,1.743230670690536499e-01,4.951234459877014160e-01
2.032000006058216357e+01,1.774441748857498169e-01,5.021611452102661133e-01
2.033000006061197951e+01,1.790076941251754761e-01,4.460529685020446777e-01
2.034000006064179189e+01,1.867023408412933350e-01,4.565810859203338623e-01
2.035000006067160783e+01,1.745983958244323730e-01,4.519346356391906738e-01
2.036000006070142021e+01,1.770977824926376343e-01,4.977441430091857910e-01
2.037000006073123615e+01,1.774842292070388794e-01,5.071626901626586914e-01
2.038000006076104853e+01,1.788804233074188232e-01,4.292187690734863281e-01
2.039000006079086447e+01,1.756283789873123169e-01,4.985122680664062500e-01
2.040000006082067685e+01,1.703725010156631470e-01,5.366740822792053223e-01
2.041000006085049279e+01,1.694693416357040405e-01,5.279325246810913086e-01
2.042000006088030517e+01,1.747127622365951538e-01,4.851937592029571533e-01
2.043000006091012111e+01,1.728521436452865601e-01,5.008419752120971680e-01
2.044000006093993349e+01,1.742493063211441040e-01,4.949110746383666992e-01
2.045000006096974943e+01,1.849387586116790771e-01,5.118805766105651855e-01
2.046000006099956181e+01,1.704183816909790039e-01,4.165843725204467773e-01
2.047000006102937775e+01,1.690361052751541138e-01,5.132055282592773438e-01
2.048000006105919013e+01,1.725363880395889282e-01,4.378878176212310791e-01
2.049000006108900251e+01,1.717179268598556519e-01,4.280228316783905029e-01
2.050000006111881845e+01,1.689254194498062134e-01,5.622795224189758301e-01
2.051000006114863083e+01,1.742821931838989258e-01,5.694322586059570312e-01
2.052000006117844677e+01,1.731889396905899048e-01,5.314146876335144043e-01
2.053000006120825915e+01,1.838712841272354126e-01,5.219488143920898438e-01
2.054000006123807509e+01,1.702346801757812500e-01,5.700591206550598145e-01
2.055000006126788747e+01,1.647358387708663940e-01,4.441555738449096680e-01
2.056000006129770341e+01,1.824716627597808838e-01,5.356867909431457520e-01
2.057000006132751579e+01,1.722941547632217407e-01,5.287476778030395508e-01
2.058000006135733173e+01,1.795924007892608643e-01,5.042421817779541016e-01
2.059000006138714411e+01,1.683771908283233643e-01,4.936518967151641846e-01
2.060000006141696005e+01,1.751700341701507568e-01,4.798708558082580566e-01
2.061000006144677243e+01,1.760445684194564819e-01,6.066830754280090332e-01
2.062000006147658837e+01,1.727683991193771362e-01,5.807264447212219238e-01
2.063000006150640075e+01,1.691166013479232788e-01,5.079550743103027344e-01
2.064000006153621669e+01,1.732452362775802612e-01,6.357410550117492676e-01
2.065000006156602907e+01,1.664645373821258545e-01,4.334336519241333008e-01
2.066000006159584146e+01,1.709662973880767822e-01,4.530323445796966553e-01
2.067000006162565739e+01,1.743243783712387085e-01,4.454073607921600342e-01
2.068000006165546978e+01,1.772031784057617188e-01,4.422789216041564941e-01
2.069000006168528571e+01,1.738565862178802490e-01,4.215150773525238037e-01
2.070000006171509810e+01,1.716388165950775146e-01,4.503980875015258789e-01
2.071000006174491403e+01,1.705259680747985840e-01,4.897099733352661133e-01
2.072000006177472642e+01,1.676194220781326294e-01,4.572747945785522461e-01
2.073000006180454236e+01,1.685044914484024048e-01,4.342955648899078369e-01
2.074000006183435474e+01,1.743896156549453735e-01,5.307230949401855469e-01
2.075000006186417068e+01,1.775540113449096680e-01,5.045531392097473145e-01
2.076000006189398306e+01,1.706733107566833496e-01,5.198115110397338867e-01
2.077000006192379900e+01,1.733376234769821167e-01,4.289358556270599365e-01
2.078000006195361138e+01,1.731673479080200195e-01,4.340977966785430908e-01
2.079000006198342732e+01,1.698460131883621216e-01,4.924144446849822998e-01
2.080000006201323970e+01,1.613227725028991699e-01,4.692430198192596436e-01
2.081000006204305564e+01,1.825262755155563354e-01,5.192707777023315430e-01
2.082000006207286802e+01,1.636877059936523438e-01,4.190034270286560059e-01
2.083000006210268040e+01,1.684184521436691284e-01,4.398377835750579834e-01
2.084000006213249634e+01,1.623806804418563843e-01,4.882913827896118164e-01
2.085000006216230872e+01,1.668249517679214478e-01,5.994324684143066406e-01
2.086000006219212466e+01,1.766639351844787598e-01,4.831629097461700439e-01
2.087000006222193704e+01,1.753209829330444336e-01,4.452472627162933350e-01
2.088000006225175298e+01,1.806365400552749634e-01,6.068539619445800781e-01
2.089000006228156536e+01,1.846550256013870239e-01,4.649921059608459473e-01
2.090000006231138130e+01,1.715340614318847656e-01,4.509053230285644531e-01
2.091000006234119368e+01,1.708417832851409912e-01,4.523399174213409424e-01
2.092000006237100962e+01,1.785757392644882202e-01,4.870707094669342041e-01
2.093000006240082200e+01,1.768643707036972046e-01,4.864909648895263672e-01
2.094000006243063794e+01,1.740819960832595825e-01,5.689958930015563965e-01
2.095000006246045032e+01,1.704795062541961670e-01,4.676721990108489990e-01
2.096000006249026626e+01,1.721177101135253906e-01,4.857086241245269775e-01
2.097000006252007864e+01,1.682661026716232300e-01,4.637814164161682129e-01
2.098000006254989458e+01,1.738485991954803467e-01,5.448437929153442383e-01
2.099000006257970696e+01,1.690497547388076782e-01,4.948049485683441162e-01
2.100000006260952290e+01,1.701718866825103760e-01,5.446296930313110352e-01
2.101000006263933528e+01,1.747106909751892090e-01,4.929153025150299072e-01
2.102000006266914767e+01,1.661700010299682617e-01,4.255891144275665283e-01
2.103000006269896360e+01,1.708569973707199097e-01,4.763360321521759033e-01
2.104000006272877599e+01,1.737220138311386108e-01,4.487522840499877930e-01
2.105000006275859192e+01,1.646314561367034912e-01,4.101846516132354736e-01
2.106000006278840431e+01,1.759391129016876221e-01,4.555360972881317139e-01
2.107000006281822024e+01,1.743835806846618652e-01,4.850881695747375488e-01
2.108000006284803263e+01,1.705636382102966309e-01,4.513688087463378906e-01
2.109000006287784856e+01,1.702896654605865479e-01,4.763127863407135010e-01
2.110000006290766095e+01,1.731106340885162354e-01,5.067604184150695801e-01
2.111000006293747688e+01,1.712181866168975830e-01,4.808454811573028564e-01
2.112000006296728927e+01,1.678473055362701416e-01,5.079900026321411133e-01
2.113000006299710520e+01,1.665674149990081787e-01,4.995723664760589600e-01
2.114000006302691759e+01,1.798658818006515503e-01,4.475919604301452637e-01
2.115000006305673352e+01,1.747614294290542603e-01,4.658930301666259766e-01
2.116000006308654591e+01,1.712774038314819336e-01,4.706912934780120850e-01
2.117000006311636184e+01,1.789977848529815674e-01,5.064331889152526855e-01
2.118000006314617423e+01,1.679995954036712646e-01,4.532224833965301514e-01
2.119000006317598661e+01,1.794786602258682251e-01,4.160121977329254150e-01
2.120000006320580255e+01,1.671315729618072510e-01,4.980003535747528076e-01
2.121000006323561493e+01,1.700198203325271606e-01,4.872923493385314941e-01
2.122000006326543087e+01,1.769717186689376831e-01,4.735142588615417480e-01
2.123000006329524325e+01,1.794525384902954102e-01,4.278685152530670166e-01
2.124000006332505919e+01,1.818871945142745972e-01,4.177010059356689453e-01
2.125000006335487157e+01,1.816007494926452637e-01,4.461466073989868164e-01
2.126000006338468751e+01,1.793884038925170898e-01,5.548740625381469727e-01
2.127000006341449989e+01,1.656368523836135864e-01,4.779162704944610596e-01
2.128000006344431583e+01,1.836104094982147217e-01,5.340983271598815918e-01
2.129000006347412821e+01,1.802912652492523193e-01,5.606970787048339844e-01
2.130000006350394415e+01,1.765149235725402832e-01,4.493511319160461426e-01
2.131000006353375653e+01,1.762226819992065430e-01,5.832994580268859863e-01
2.132000006356357247e+01,1.666654944419860840e-01,4.833033978939056396e-01
2.133000006359338485e+01,1.728384047746658325e-01,5.092954039573669434e-01
2.134000006362320079e+01,1.644013971090316772e-01,5.340095162391662598e-01
2.135000006365301317e+01,1.715154945850372314e-01,4.369232952594757080e-01
2.136000006368282556e+01,1.790868490934371948e-01,4.946709275245666504e-01
2.137000006371264149e+01,1.695371270179748535e-01,4.481467902660369873e-01
2.138000006374245388e+01,1.885744929313659668e-01,5.483530759811401367e-01
2.139000006377226981e+01,1.793525964021682739e-01,5.219120383262634277e-01
2.140000006380208220e+01,1.745525598526000977e-01,5.109736919403076172e-01
2.141000006383189813e+01,1.715029031038284302e-01,4.344677627086639404e-01
2.142000006386171052e+01,1.869849711656570435e-01,4.771698415279388428e-01
2.143000006389152645e+01,1.811125725507736206e-01,5.088282227516174316e-01
2.144000006392133884e+01,1.667807251214981079e-01,4.580579996109008789e-01
2.145000006395115477e+01,1.865624785423278809e-01,5.021269917488098145e-01
2.146000006398096716e+01,1.715790033340454102e-01,5.239904522895812988e-01
2.147000006401078309e+01,1.748885214328765869e-01,4.555811882019042969e-01
2.148000006404059548e+01,1.729153096675872803e-01,5.486025214195251465e-01
2.149000006407041141e+01,1.760315746068954468e-01,4.397079944610595703e-01
2.150000006410022380e+01,1.788963228464126587e-01,4.501083791255950928e-01
2.151000006413003973e+01,1.706826090812683105e-01,5.033767819404602051e-01
2.152000006415985212e+01,1.790656000375747681e-01,5.114178061485290527e-01
2.153000006418966450e+01,1.679491698741912842e-01,5.191833376884460449e-01
2.154000006421948044e+01,1.741908639669418335e-01,5.027986168861389160e-01
2.155000006424929282e+01,1.687017530202865601e-01,4.614378213882446289e-01
2.156000006427910876e+01,1.742431372404098511e-01,4.310205876827239990e-01
2.157000006430892114e+01,1.736851930618286133e-01,4.992037415504455566e-01
2.158000006433873708e+01,1.813115179538726807e-01,5.210343599319458008e-01
2.159000006436854946e+01,1.718259751796722412e-01,4.686075747013092041e-01
2.160000006439836540e+01,1.735270619392395020e-01,4.757050871849060059e-01
2.161000006442817778e+01,1.750451922416687012e-01,5.097097754478454590e-01
2.162000006445799372e+01,1.684270948171615601e-01,5.308613181114196777e-01
2.163000006448780610e+01,1.743174642324447632e-01,4.810338616371154785e-01
2.164000006451762204e+01,1.795245558023452759e-01,4.943073391914367676e-01
2.165000006454743442e+01,1.746743470430374146e-01,4.966006278991699219e-01
2.166000006457725036e+01,1.579490751028060913e-01,4.189975857734680176e-01
2.167000006460706274e+01,1.691552400588989258e-01,5.152614116668701172e-01
2.168000006463687868e+01,1.761014312505722046e-01,4.879378080368041992e-01
2.169000006466669106e+01,1.663556993007659912e-01,4.566030502319335938e-01
2.170000006469650344e+01,1.735222637653350830e-01,5.400773286819458008e-01
2.171000006472631938e+01,1.986487656831741333e-01,5.739661455154418945e-01
2.172000006475613176e+01,1.716452836990356445e-01,5.228801965713500977e-01
2.173000006478594770e+01,1.739756315946578979e-01,5.354812741279602051e-01
2.174000006481576008e+01,1.678681969642639160e-01,5.345564484596252441e-01
2.175000006484557602e+01,1.768940538167953491e-01,5.231125354766845703e-01
2.176000006487538840e+01,1.742919683456420898e-01,4.755309820175170898e-01
2.177000006490520434e+01,1.708333045244216919e-01,5.123798847198486328e-01
2.178000006493501672e+01,1.678199172019958496e-01,5.522437691688537598e-01
2.179000006496483266e+01,1.746126413345336914e-01,5.156270265579223633e-01
2.180000006499464504e+01,1.723933666944503784e-01,4.937491416931152344e-01
2.181000006502446098e+01,1.836615651845932007e-01,5.122328400611877441e-01
2.182000006505427336e+01,1.657375395298004150e-01,5.388557910919189453e-01
2.183000006508408930e+01,1.745006591081619263e-01,4.846588075160980225e-01
2.184000006511390168e+01,1.705440580844879150e-01,4.994411170482635498e-01
2.185000006514371762e+01,1.768084466457366943e-01,5.131704807281494141e-01
2.186000006517353000e+01,1.715864986181259155e-01,4.816689193248748779e-01
2.187000006520334239e+01,1.912949383258819580e-01,4.637973308563232422e-01
2.188000006523315832e+01,1.730768978595733643e-01,5.037399530410766602e-01
2.189000006526297071e+01,1.722928136587142944e-01,4.657254219055175781e-01
2.190000006529278664e+01,1.877186596393585205e-01,4.954079389572143555e-01
2.191000006532259903e+01,1.701840311288833618e-01,4.635592699050903320e-01
2.192000006535241496e+01,1.706776022911071777e-01,5.014591217041015625e-01
2.193000006538222735e+01,1.748348772525787354e-01,4.800981581211090088e-01
2.194000006541204328e+01,1.663051694631576538e-01,4.963086843490600586e-01
2.195000006544185567e+01,1.719880402088165283e-01,5.665690302848815918e-01
2.196000006547167160e+01,1.740911602973937988e-01,5.146412253379821777e-01
2.197000006550148399e+01,1.740775704383850098e-01,4.929293096065521240e-01
2.198000006553129992e+01,1.809900701045989990e-01,5.233750939369201660e-01
2.199000006556111231e+01,1.844100803136825562e-01,5.013012290000915527e-01
2.200000006559092824e+01,1.865318417549133301e-01,5.012243390083312988e-01
2.201000006562074063e+01,1.734151989221572876e-01,4.750313758850097656e-01
2.202000006565055656e+01,1.715774089097976685e-01,4.910107254981994629e-01
2.203000006568036895e+01,1.792100369930267334e-01,5.267298221588134766e-01
2.204000006571018488e+01,1.699399650096893311e-01,5.445058345794677734e-01
2.205000006573999727e+01,1.799873709678649902e-01,5.390473604202270508e-01
2.206000006576980965e+01,1.824594885110855103e-01,5.163285136222839355e-01
2.207000006579962559e+01,1.746462881565093994e-01,4.560101330280303955e-01
2.208000006582943797e+01,1.765432208776473999e-01,5.637688636779785156e-01
2.209000006585925391e+01,1.719767749309539795e-01,4.743712544441223145e-01
2.210000006588906629e+01,1.774152219295501709e-01,4.816305935382843018e-01
2.211000006591888223e+01,1.827741563320159912e-01,5.092848539352416992e-01
2.212000006594869461e+01,1.764634251594543457e-01,4.341669976711273193e-01
2.213000006597851055e+01,1.871167272329330444e-01,4.770237207412719727e-01
2.214000006600832293e+01,1.871296465396881104e-01,4.534044861793518066e-01
2.215000006603813887e+01,1.709835380315780640e-01,4.412424266338348389e-01
2.216000006606795125e+01,1.693074405193328857e-01,4.923208951950073242e-01
2.217000006609776719e+01,1.802573651075363159e-01,5.250007510185241699e-01
2.218000006612757957e+01,1.745480597019195557e-01,5.707909464836120605e-01
2.219000006615739551e+01,1.768321394920349121e-01,5.213124752044677734e-01
2.220000006618720789e+01,1.802206337451934814e-01,6.283329725265502930e-01
2.221000006621702383e+01,1.734131425619125366e-01,4.477634727954864502e-01
2.222000006624683621e+01,1.753463447093963623e-01,4.809377789497375488e-01
2.223000006627664860e+01,1.693082749843597412e-01,5.125780105590820312e-01
2.224000006630646453e+01,1.732500940561294556e-01,4.968801438808441162e-01
2.225000006633627692e+01,1.698474735021591187e-01,5.275347828865051270e-01
2.226000006636609285e+01,1.747699826955795288e-01,4.509292542934417725e-01
2.227000006639590524e+01,1.649117022752761841e-01,4.641269743442535400e-01
2.228000006642572117e+01,1.806124001741409302e-01,4.182367920875549316e-01
2.229000006645553356e+01,1.784327179193496704e-01,4.680638015270233154e-01
2.230000006648534949e+01,1.761106252670288086e-01,4.275484681129455566e-01
2.231000006651516188e+01,1.827302128076553345e-01,4.118305146694183350e-01
2.232000006654497781e+01,1.862604916095733643e-01,4.223691523075103760e-01
2.233000006657479020e+01,1.876861900091171265e-01,3.972013294696807861e-01
2.234000006660460613e+01,1.817682385444641113e-01,4.075226783752441406e-01
2.235000006663441852e+01,1.845626682043075562e-01,5.575468540191650391e-01
2.236000006666423445e+01,1.693511456251144409e-01,5.297230482101440430e-01
2.237000006669404684e+01,1.771964430809020996e-01,4.177964925765991211e-01
2.238000006672386277e+01,1.733653396368026733e-01,4.601969420909881592e-01
2.239000006675367516e+01,1.679484248161315918e-01,4.609977006912231445e-01
2.240000006678348754e+01,1.813239753246307373e-01,4.634111821651458740e-01
2.241000006681330348e+01,1.809060424566268921e-01,4.044592380523681641e-01
2.242000006684311586e+01,1.708446592092514038e-01,4.112412035465240479e-01
2.243000006687293180e+01,1.756307929754257202e-01,4.891763627529144287e-01
2.244000006690274418e+01,1.726968586444854736e-01,4.554391205310821533e-01
2.245000006693256012e+01,1.754794269800186157e-01,4.784974157810211182e-01
2.246000006696237250e+01,1.745967268943786621e-01,4.752193093299865723e-01
2.247000006699218844e+01,1.805924177169799805e-01,4.852156639099121094e-01
2.248000006702200082e+01,1.798553913831710815e-01,4.818581938743591309e-01
2.249000006705181676e+01,1.633928567171096802e-01,4.544209539890289307e-01
2.250000006708162914e+01,1.824055761098861694e-01,4.724963903427124023e-01
2.251000006711144508e+01,1.778925359249114990e-01,4.121305346488952637e-01
2.252000006714125746e+01,1.721521466970443726e-01,5.058189630508422852e-01
2.253000006717107340e+01,1.721522659063339233e-01,4.240905940532684326e-01
2.254000006720088578e+01,1.756514906883239746e-01,4.983218610286712646e-01
2.255000006723070172e+01,1.742875725030899048e-01,4.472672641277313232e-01
2.256000006726051410e+01,1.761794537305831909e-01,4.974911808967590332e-01
2.257000006729032648e+01,1.683835685253143311e-01,5.829877257347106934e-01
2.258000006732014242e+01,1.693679690361022949e-01,4.422317743301391602e-01
2.259000006734995480e+01,1.700717061758041382e-01,5.517607331275939941e-01
2.260000006737977074e+01,1.782729327678680420e-01,5.449351668357849121e-01
2.261000006740958312e+01,1.712730377912521362e-01,4.847941398620605469e-01
2.262000006743939906e+01,1.680411100387573242e-01,5.553582906723022461e-01
2.263000006746921144e+01,1.742989122867584229e-01,4.521571397781372070e-01
2.264000006749902738e+01,1.764682084321975708e-01,5.028534531593322754e-01
2.265000006752883976e+01,1.635047644376754761e-01,5.209470391273498535e-01
2.266000006755865570e+01,1.659659892320632935e-01,4.909939169883728027e-01
2.267000006758846808e+01,1.661842763423919678e-01,5.066491961479187012e-01
2.268000006761828402e+01,1.834748834371566772e-01,4.863422811031341553e-01
2.269000006764809640e+01,1.789439022541046143e-01,4.976416528224945068e-01
2.270000006767791234e+01,1.724497526884078979e-01,4.204223453998565674e-01
2.271000006770772472e+01,1.655785590410232544e-01,5.088441371917724609e-01
2.272000006773754066e+01,1.766010820865631104e-01,4.702485501766204834e-01
2.273000006776735304e+01,1.747138649225234985e-01,4.633923172950744629e-01
2.274000006779716543e+01,1.831153780221939087e-01,4.982894361019134521e-01
2.275000006782698136e+01,1.725772470235824585e-01,5.243348479270935059e-01
2.276000006785679375e+01,1.738671958446502686e-01,5.039098262786865234e-01
2.277000006788660968e+01,1.727321594953536987e-01,4.343745410442352295e-01
2.278000006791642207e+01,1.865883320569992065e-01,3.972112834453582764e-01
2.279000006794623800e+01,1.710959374904632568e-01,4.256305992603302002e-01
2.280000006797605039e+01,1.767511516809463501e-01,4.721576571464538574e-01
2.281000006800586632e+01,1.797389388084411621e-01,4.116113185882568359e-01
2.282000006803567871e+01,1.760154664516448975e-01,4.662224352359771729e-01
2.283000006806549464e+01,1.797339171171188354e-01,5.629043579101562500e-01
2.284000006809530703e+01,1.697430312633514404e-01,5.214499831199645996e-01
2.285000006812512297e+01,1.652856469154357910e-01,4.208076298236846924e-01
2.286000006815493535e+01,1.764094680547714233e-01,5.511882901191711426e-01
2.287000006818475129e+01,1.875532269477844238e-01,4.246608614921569824e-01
2.288000006821456367e+01,1.768917590379714966e-01,4.400627613067626953e-01
2.289000006824437961e+01,1.827255934476852417e-01,4.278215765953063965e-01
2.290000006827419199e+01,1.729394495487213135e-01,4.104518592357635498e-01
2.291000006830400437e+01,1.732543706893920898e-01,4.703984856605529785e-01
2.292000006833382031e+01,1.847715526819229126e-01,4.525332748889923096e-01
2.293000006836363269e+01,1.923983246088027954e-01,4.964032769203186035e-01
2.294000006839344863e+01,1.713868826627731323e-01,4.935424029827117920e-01
2.295000006842326101e+01,1.707656532526016235e-01,4.469287693500518799e-01
2.296000006845307695e+01,1.765250563621520996e-01,4.413600265979766846e-01
2.297000006848288933e+01,1.694862544536590576e-01,4.361498951911926270e-01
2.298000006851270527e+01,1.734438985586166382e-01,5.242371559143066406e-01
2.299000006854251765e+01,1.741539090871810913e-01,5.313519835472106934e-01
2.300000006857233359e+01,1.740636378526687622e-01,4.886824786663055420e-01
2.301000006860214597e+01,1.717849373817443848e-01,5.018384456634521484e-01
2.302000006863196191e+01,1.740420162677764893e-01,4.775321483612060547e-01
2.303000006866177429e+01,1.695624887943267822e-01,4.262866973876953125e-01
2.304000006869159023e+01,1.827969402074813843e-01,6.508412361145019531e-01
2.305000006872140261e+01,1.825998723506927490e-01,4.847090542316436768e-01
2.306000006875121855e+01,1.613456308841705322e-01,4.468825161457061768e-01
2.307000006878103093e+01,1.670170128345489502e-01,4.882819950580596924e-01
2.308000006881084687e+01,1.748643070459365845e-01,4.600588381290435791e-01
2.309000006884065925e+01,1.706400513648986816e-01,5.289730429649353027e-01
2.310000006887047164e+01,1.604193150997161865e-01,4.554417729377746582e-01
2.311000006890028757e+01,1.767708957195281982e-01,4.628306627273559570e-01
2.312000006893009996e+01,1.711789965629577637e-01,4.912507236003875732e-01
2.313000006895991589e+01,1.761798560619354248e-01,5.200156569480895996e-01
2.314000006898972828e+01,1.791262328624725342e-01,4.690941870212554932e-01
2.315000006901954421e+01,1.664852052927017212e-01,5.102236270904541016e-01
2.316000006904935660e+01,1.745800077915191650e-01,4.716766774654388428e-01
2.317000006907917253e+01,1.806016862392425537e-01,4.895627498626708984e-01
2.318000006910898492e+01,1.770906299352645874e-01,5.334684252738952637e-01
2.319000006913880085e+01,1.673261076211929321e-01,5.368012785911560059e-01
2.320000006916861324e+01,1.826434582471847534e-01,5.536556839942932129e-01
2.321000006919842917e+01,1.732909381389617920e-01,4.896372258663177490e-01
2.322000006922824156e+01,1.747865378856658936e-01,4.963277876377105713e-01
2.323000006925805749e+01,1.630468666553497314e-01,5.182500481605529785e-01
2.324000006928786988e+01,1.745490729808807373e-01,4.108952581882476807e-01
2.325000006931768581e+01,1.747679114341735840e-01,5.700478553771972656e-01
2.326000006934749820e+01,1.781993806362152100e-01,5.519170761108398438e-01
2.327000006937731058e+01,1.787600666284561157e-01,5.616649389266967773e-01
2.328000006940712652e+01,1.780254244804382324e-01,5.954653620719909668e-01
2.329000006943693890e+01,1.797697246074676514e-01,5.213575363159179688e-01
2.330000006946675484e+01,1.759281456470489502e-01,5.345550775527954102e-01
2.331000006949656722e+01,1.699824333190917969e-01,4.869607985019683838e-01
2.332000006952638316e+01,1.643307805061340332e-01,4.381309151649475098e-01
2.333000006955619554e+01,1.855932921171188354e-01,4.124557375907897949e-01
2.334000006958601148e+01,1.725165098905563354e-01,5.157063603401184082e-01
2.335000006961582386e+01,1.739173382520675659e-01,5.150367021560668945e-01
2.336000006964563980e+01,1.689358949661254883e-01,5.109434127807617188e-01
2.337000006967545218e+01,1.800361275672912598e-01,3.918685913085937500e-01
2.338000006970526812e+01,1.729197353124618530e-01,4.723849296569824219e-01
2.339000006973508050e+01,1.740200370550155640e-01,5.087983012199401855e-01
2.340000006976489644e+01,1.674324274063110352e-01,5.365517139434814453e-01
2.341000006979470882e+01,1.779996305704116821e-01,5.292559862136840820e-01
2.342000006982452476e+01,1.733919680118560791e-01,4.365935325622558594e-01
2.343000006985433714e+01,1.782870441675186157e-01,5.290014147758483887e-01
2.344000006988414953e+01,1.755243539810180664e-01,4.138709902763366699e-01
2.345000006991396546e+01,1.706778407096862793e-01,5.178389549255371094e-01
2.346000006994377785e+01,1.742683500051498413e-01,4.827036559581756592e-01
2.347000006997359378e+01,1.641898304224014282e-01,4.495787024497985840e-01
2.348000007000340617e+01,1.723815351724624634e-01,6.358147263526916504e-01
2.349000007003322210e+01,1.803068220615386963e-01,5.132847428321838379e-01
2.350000007006303449e+01,1.725755929946899414e-01,5.496250391006469727e-01
2.351000007009285042e+01,1.780494451522827148e-01,4.381507337093353271e-01
2.352000007012266281e+01,1.710927188396453857e-01,4.783569276332855225e-01
2.353000007015247874e+01,1.649209856986999512e-01,4.989608228206634521e-01
2.354000007018229113e+01,1.693093031644821167e-01,5.823291540145874023e-01
2.355000007021210706e+01,1.746914982795715332e-01,4.699659943580627441e-01
2.356000007024191945e+01,1.708807349205017090e-01,4.797364771366119385e-01
2.357000007027173538e+01,1.678312271833419800e-01,4.768369793891906738e-01
2.358000007030154777e+01,1.817241311073303223e-01,4.214950799942016602e-01
2.359000007033136370e+01,1.773085892200469971e-01,4.339333474636077881e-01
2.360000007036117609e+01,1.776745766401290894e-01,4.418294727802276611e-01
2.361000007039098847e+01,1.806378513574600220e-01,4.772668480873107910e-01
2.362000007042080441e+01,1.674663424491882324e-01,5.265917778015136719e-01
2.363000007045061679e+01,1.747840344905853271e-01,4.834353327751159668e-01
2.364000007048043273e+01,1.774823367595672607e-01,4.480087459087371826e-01
2.365000007051024511e+01,1.848200559616088867e-01,4.441138505935668945e-01
2.366000007054006105e+01,1.765802204608917236e-01,4.684303700923919678e-01
2.367000007056987343e+01,1.689383536577224731e-01,4.598025381565093994e-01
2.368000007059968937e+01,1.766319572925567627e-01,4.524975717067718506e-01
2.369000007062950175e+01,1.770777851343154907e-01,4.976823031902313232e-01
2.370000007065931769e+01,1.740847229957580566e-01,4.815467894077301025e-01
2.371000007068913007e+01,1.659039407968521118e-01,4.581610560417175293e-01
2.372000007071894601e+01,1.744493842124938965e-01,5.633727312088012695e-01
2.373000007074875839e+01,1.765205115079879761e-01,4.817133545875549316e-01
2.374000007077857433e+01,1.752662509679794312e-01,4.561568200588226318e-01
2.375000007080838671e+01,1.732660233974456787e-01,4.656610190868377686e-01
2.376000007083820265e+01,1.805957704782485962e-01,4.869196414947509766e-01
2.377000007086801503e+01,1.743831783533096313e-01,4.896955490112304688e-01
2.378000007089782741e+01,1.727718412876129150e-01,4.608689546585083008e-01
2.379000007092764335e+01,1.792317926883697510e-01,4.886177182197570801e-01
2.380000007095745573e+01,1.796733140945434570e-01,4.706546068191528320e-01
2.381000007098727167e+01,1.736718416213989258e-01,5.326310992240905762e-01
2.382000007101708405e+01,1.758612692356109619e-01,5.290700197219848633e-01
2.383000007104689999e+01,1.707972586154937744e-01,5.062117576599121094e-01
2.384000007107671237e+01,1.770115345716476440e-01,4.379489421844482422e-01
2.385000007110652831e+01,1.677729338407516479e-01,5.149905085563659668e-01
2.386000007113634069e+01,1.701007336378097534e-01,4.970267415046691895e-01
2.387000007116615663e+01,1.814156621694564819e-01,5.274236798286437988e-01
2.388000007119596901e+01,1.843702346086502075e-01,4.651364088058471680e-01
2.389000007122578495e+01,1.735818982124328613e-01,4.868352115154266357e-01
2.390000007125559733e+01,1.679535508155822754e-01,4.846014976501464844e-01
2.391000007128541327e+01,1.835388988256454468e-01,6.565984487533569336e-01
2.392000007131522565e+01,1.818185746669769287e-01,5.619008541107177734e-01
2.393000007134504159e+01,1.777058839797973633e-01,4.339999854564666748e-01
2.394000007137485397e+01,1.705472320318222046e-01,5.174515843391418457e-01
2.395000007140466991e+01,1.810827702283859253e-01,4.586582481861114502e-01
2.396000007143448229e+01,1.783844083547592163e-01,5.516509413719177246e-01
2.397000007146429468e+01,1.831600069999694824e-01,5.004639029502868652e-01
2.398000007149411061e+01,1.732139289379119873e-01,5.198397636413574219e-01
2.399000007152392300e+01,1.806876808404922485e-01,5.026848912239074707e-01
2.400000007155373893e+01,1.738633513450622559e-01,5.379976630210876465e-01
2.401000007158355132e+01,1.805214732885360718e-01,5.235224366188049316e-01
2.402000007161336725e+01,1.755684912204742432e-01,5.198258161544799805e-01
2.403000007164317964e+01,1.650840193033218384e-01,5.673860907554626465e-01
2.404000007167299557e+01,1.728749722242355347e-01,5.476208925247192383e-01
2.405000007170280796e+01,1.777756810188293457e-01,5.102876424789428711e-01
2.406000007173262389e+01,1.686412096023559570e-01,4.912786483764648438e-01
2.407000007176243628e+01,1.775242835283279419e-01,4.672192633152008057e-01
2.408000007179225221e+01,1.659517437219619751e-01,4.949089884757995605e-01
2.409000007182206460e+01,1.778816729784011841e-01,4.749513268470764160e-01
2.410000007185188053e+01,1.795348227024078369e-01,4.515633881092071533e-01
2.411000007188169292e+01,1.803172379732131958e-01,4.880915284156799316e-01
2.412000007191150885e+01,1.746572554111480713e-01,4.210135340690612793e-01
2.413000007194132124e+01,1.752274334430694580e-01,5.408056378364562988e-01
2.414000007197113362e+01,1.732059419155120850e-01,5.341887474060058594e-01
2.415000007200094956e+01,1.699331700801849365e-01,4.739155769348144531e-01
2.416000007203076194e+01,1.752832978963851929e-01,5.103874206542968750e-01
2.417000007206057788e+01,1.701117604970932007e-01,4.134697318077087402e-01
2.418000007209039026e+01,1.656426787376403809e-01,4.633824825286865234e-01
2.419000007212020620e+01,1.747553050518035889e-01,4.829322099685668945e-01
2.420000007215001858e+01,1.735199540853500366e-01,4.631800353527069092e-01
2.421000007217983452e+01,1.731816828250885010e-01,4.738153517246246338e-01
2.422000007220964690e+01,1.674193292856216431e-01,4.704883694648742676e-01
2.423000007223946284e+01,1.822603940963745117e-01,4.748011827468872070e-01
2.424000007226927522e+01,1.694549322128295898e-01,4.126819968223571777e-01
2.425000007229909116e+01,1.801338642835617065e-01,5.432220101356506348e-01
2.426000007232890354e+01,1.680561304092407227e-01,5.180785059928894043e-01
2.427000007235871948e+01,1.746135205030441284e-01,5.306405425071716309e-01
2.428000007238853186e+01,1.692276597023010254e-01,4.799478948116302490e-01
2.429000007241834780e+01,1.771266609430313110e-01,4.522301256656646729e-01
2.430000007244816018e+01,1.772387474775314331e-01,5.358473658561706543e-01
2.431000007247797257e+01,1.745686829090118408e-01,4.649487137794494629e-01
2.432000007250778850e+01,1.776053756475448608e-01,5.065956115722656250e-01
2.433000007253760089e+01,1.684023439884185791e-01,4.412965178489685059e-01
2.434000007256741682e+01,1.730682253837585449e-01,4.542912840843200684e-01
2.435000007259722921e+01,1.814492344856262207e-01,5.150525569915771484e-01
2.436000007262704514e+01,1.776695847511291504e-01,4.778469204902648926e-01
2.437000007265685753e+01,1.656394302845001221e-01,4.968643486499786377e-01
2.438000007268667346e+01,1.784035414457321167e-01,5.091081261634826660e-01
2.439000007271648585e+01,1.640088409185409546e-01,5.070363879203796387e-01
2.440000007274630178e+01,1.599861085414886475e-01,4.924729764461517334e-01
2.441000007277611417e+01,1.722924262285232544e-01,4.866079092025756836e-01
2.442000007280593010e+01,1.708990335464477539e-01,5.059097409248352051e-01
2.443000007283574249e+01,1.692118048667907715e-01,4.884076118469238281e-01
2.444000007286555842e+01,1.746542304754257202e-01,5.694628953933715820e-01
2.445000007289537081e+01,1.739365607500076294e-01,4.341832101345062256e-01
2.446000007292518674e+01,1.748797744512557983e-01,4.931184053421020508e-01
2.447000007295499913e+01,1.810284703969955444e-01,4.607886075973510742e-01
2.448000007298481151e+01,1.678444892168045044e-01,5.118833184242248535e-01
2.449000007301462745e+01,1.664566695690155029e-01,4.888023138046264648e-01
2.450000007304443983e+01,1.644851565361022949e-01,4.966935813426971436e-01
2.451000007307425577e+01,1.788190007209777832e-01,5.059291720390319824e-01
2.452000007310406815e+01,1.781121194362640381e-01,4.856626093387603760e-01
2.453000007313388409e+01,1.829944700002670288e-01,5.507906079292297363e-01
2.454000007316369647e+01,1.859515756368637085e-01,4.868847727775573730e-01
2.455000007319351241e+01,1.722772568464279175e-01,4.182877838611602783e-01
2.456000007322332479e+01,1.774288713932037354e-01,4.784969687461853027e-01
2.457000007325314073e+01,1.825601607561111450e-01,4.753757119178771973e-01
2.458000007328295311e+01,1.701313108205795288e-01,4.446268379688262939e-01
2.459000007331276905e+01,1.733174920082092285e-01,5.052309036254882812e-01
2.460000007334258143e+01,1.693532168865203857e-01,4.329872131347656250e-01
2.461000007337239737e+01,1.747346967458724976e-01,4.439396858215332031e-01
2.462000007340220975e+01,1.833332628011703491e-01,4.977551400661468506e-01
2.463000007343202569e+01,1.705396771430969238e-01,4.861436486244201660e-01
2.464000007346183807e+01,1.668054014444351196e-01,4.946697950363159180e-01
2.465000007349165045e+01,1.890200972557067871e-01,4.893082678318023682e-01
2.466000007352146639e+01,1.776985526084899902e-01,4.430192708969116211e-01
2.467000007355127877e+01,1.737760007381439209e-01,4.366687536239624023e-01
2.468000007358109471e+01,1.800390928983688354e-01,5.840923786163330078e-01
2.469000007361090709e+01,1.760111004114151001e-01,4.830619692802429199e-01
2.470000007364072303e+01,1.827294528484344482e-01,4.475730657577514648e-01
2.471000007367053541e+01,1.685441285371780396e-01,5.516666769981384277e-01
2.472000007370035135e+01,1.803470999002456665e-01,4.847534596920013428e-01
2.473000007373016373e+01,1.778679788112640381e-01,4.564896225929260254e-01
2.474000007375997967e+01,1.725783795118331909e-01,4.348990917205810547e-01
2.475000007378979205e+01,1.761028021574020386e-01,5.047145485877990723e-01
2.476000007381960799e+01,1.692372411489486694e-01,5.257644653320312500e-01
2.477000007384942037e+01,1.764422804117202759e-01,4.906062185764312744e-01
2.478000007387923631e+01,1.760568618774414062e-01,5.146394968032836914e-01
2.479000007390904869e+01,1.745176166296005249e-01,4.821509122848510742e-01
2.480000007393886463e+01,1.754926741123199463e-01,5.054593682289123535e-01
2.481000007396867701e+01,1.696386337280273438e-01,4.479325711727142334e-01
2.482000007399848940e+01,1.754088401794433594e-01,4.860456883907318115e-01
2.483000007402830533e+01,1.707523614168167114e-01,5.023535490036010742e-01
2.484000007405811772e+01,1.694156974554061890e-01,5.098692774772644043e-01
2.485000007408793365e+01,1.762531250715255737e-01,4.888414144515991211e-01
2.486000007411774604e+01,1.716678440570831299e-01,4.440802931785583496e-01
2.487000007414756197e+01,1.732467263936996460e-01,4.886190295219421387e-01
2.488000007417737436e+01,1.765002310276031494e-01,4.685832858085632324e-01
2.489000007420719029e+01,1.623223274946212769e-01,3.933239281177520752e-01
2.490000007423700268e+01,1.689538359642028809e-01,4.766763150691986084e-01
2.491000007426681861e+01,1.784075647592544556e-01,3.928035497665405273e-01
2.492000007429663100e+01,1.737204045057296753e-01,4.878468215465545654e-01
2.493000007432644693e+01,1.782844960689544678e-01,5.021138787269592285e-01
2.494000007435625932e+01,1.676770746707916260e-01,4.898952543735504150e-01
2.495000007438607526e+01,1.696444153785705566e-01,4.906893968582153320e-01
2.496000007441588764e+01,1.657718420028686523e-01,4.059314727783203125e-01
2.497000007444570358e+01,1.808479428291320801e-01,4.515151381492614746e-01
2.498000007447551596e+01,1.674073189496994019e-01,4.549252390861511230e-01
2.499000007450533190e+01,1.868844479322433472e-01,4.919242262840270996e-01
2.500000007453514428e+01,1.826767623424530029e-01,4.741293489933013916e-01
2.501000007456495666e+01,1.690723448991775513e-01,4.607048630714416504e-01
2.502000007459477260e+01,1.746769249439239502e-01,4.357152283191680908e-01
2.503000007462458498e+01,1.759285032749176025e-01,4.608014523983001709e-01
2.504000007465440092e+01,1.692112833261489868e-01,5.499672293663024902e-01
2.505000007468421330e+01,1.777085065841674805e-01,5.029445290565490723e-01
2.506000007471402924e+01,1.736150383949279785e-01,5.534124374389648438e-01
2.507000007474384162e+01,1.738021671772003174e-01,4.986582994461059570e-01
2.508000007477365756e+01,1.809603720903396606e-01,5.814137458801269531e-01
2.509000007480346994e+01,1.693322211503982544e-01,5.076842308044433594e-01
2.510000007483328588e+01,1.760380864143371582e-01,4.933377504348754883e-01
2.511000007486309826e+01,1.646271049976348877e-01,5.247148871421813965e-01
2.512000007489291420e+01,1.759918630123138428e-01,5.006831288337707520e-01
2.513000007492272658e+01,1.716497242450714111e-01,5.033925175666809082e-01
2.514000007495254252e+01,1.754681617021560669e-01,5.048697590827941895e-01
2.515000007498235490e+01,1.773668825626373291e-01,4.799647033214569092e-01
2.516000007501217084e+01,1.738244593143463135e-01,5.409445762634277344e-01
2.517000007504198322e+01,1.688987314701080322e-01,4.866020977497100830e-01
2.518000007507179561e+01,1.644458621740341187e-01,5.459685921669006348e-01
2.519000007510161154e+01,1.653398573398590088e-01,5.140175223350524902e-01
2.520000007513142393e+01,1.750166714191436768e-01,4.546598494052886963e-01
2.521000007516123986e+01,1.706074774265289307e-01,4.983493685722351074e-01
2.522000007519105225e+01,1.633402258157730103e-01,5.716855525970458984e-01
2.523000007522086818e+01,1.702156066894531250e-01,4.793520271778106689e-01
2.524000007525068057e+01,1.827325373888015747e-01,5.087430477142333984e-01
2.525000007528049650e+01,1.706067323684692383e-01,4.327998757362365723e-01
2.526000007531030889e+01,1.798610985279083252e-01,4.901792109012603760e-01
2.527000007534012482e+01,1.729365885257720947e-01,4.366358220577239990e-01
2.528000007536993721e+01,1.727647483348846436e-01,4.435639083385467529e-01
2.529000007539975314e+01,1.693689376115798950e-01,4.401655793190002441e-01
2.530000007542956553e+01,1.833042502403259277e-01,4.363036453723907471e-01
2.531000007545938146e+01,1.902251094579696655e-01,5.057659745216369629e-01
2.532000007548919385e+01,1.721169054508209229e-01,4.240412116050720215e-01
2.533000007551900978e+01,1.845564395189285278e-01,4.563401043415069580e-01
2.534000007554882217e+01,1.803738027811050415e-01,4.128487408161163330e-01
2.535000007557863455e+01,1.752833276987075806e-01,3.844490945339202881e-01
2.536000007560845049e+01,1.692802011966705322e-01,4.412723481655120850e-01
2.537000007563826287e+01,1.769086420536041260e-01,4.330566525459289551e-01
2.538000007566807881e+01,1.674981117248535156e-01,4.384495913982391357e-01
2.539000007569789119e+01,1.823450624942779541e-01,4.919601082801818848e-01
2.540000007572770713e+01,1.787370294332504272e-01,4.934118986129760742e-01
2.541000007575751951e+01,1.705889999866485596e-01,4.314058423042297363e-01
2.542000007578733545e+01,1.734419018030166626e-01,4.193295538425445557e-01
2.543000007581714783e+01,1.757655441761016846e-01,4.852583706378936768e-01
2.544000007584696377e+01,1.679780036211013794e-01,4.518188536167144775e-01
2.545000007587677615e+01,1.803064793348312378e-01,5.049002170562744141e-01
2.546000007590659209e+01,1.836075186729431152e-01,5.032691359519958496e-01
2.547000007593640447e+01,1.831216961145401001e-01,4.580884575843811035e-01
2.548000007596622041e+01,1.724551171064376831e-01,5.054239630699157715e-01
2.549000007599603279e+01,1.737133860588073730e-01,4.573822915554046631e-01
2.550000007602584873e+01,1.691869348287582397e-01,4.412076771259307861e-01
2.551000007605566111e+01,1.770240068435668945e-01,4.925604462623596191e-01
2.552000007608547349e+01,1.699562668800354004e-01,3.958739340305328369e-01
2.553000007611528943e+01,1.793457865715026855e-01,4.692871570587158203e-01
2.554000007614510181e+01,1.679879575967788696e-01,4.322469234466552734e-01
2.555000007617491775e+01,1.680944114923477173e-01,4.047175347805023193e-01
2.556000007620473014e+01,1.689859479665756226e-01,4.252534806728363037e-01
2.557000007623454607e+01,1.788929849863052368e-01,4.680761694908142090e-01
2.558000007626435846e+01,1.744948029518127441e-01,5.348842144012451172e-01
2.559000007629417439e+01,1.802137494087219238e-01,4.490590095520019531e-01
2.560000007632398678e+01,1.764863431453704834e-01,4.386390447616577148e-01
2.561000007635380271e+01,1.835288852453231812e-01,4.715489447116851807e-01
2.562000007638361510e+01,1.730610728263854980e-01,3.840321600437164307e-01
2.563000007641343103e+01,1.709176898002624512e-01,5.019293427467346191e-01
2.564000007644324342e+01,1.712898910045623779e-01,4.791034162044525146e-01
2.565000007647305935e+01,1.713912338018417358e-01,4.780200421810150146e-01
2.566000007650287174e+01,1.718383878469467163e-01,4.354736208915710449e-01
2.567000007653268767e+01,1.783887296915054321e-01,5.613787770271301270e-01
2.568000007656250006e+01,1.697562485933303833e-01,4.258554279804229736e-01
2.569000007659231244e+01,1.806924045085906982e-01,4.647988677024841309e-01
2.570000007662212838e+01,1.767182201147079468e-01,4.453262090682983398e-01
2.571000007665194076e+01,1.801007837057113647e-01,4.815356433391571045e-01
2.572000007668175670e+01,1.739370524883270264e-01,5.330648422241210938e-01
2.573000007671156908e+01,1.776444613933563232e-01,5.157870650291442871e-01
2.574000007674138502e+01,1.715757399797439575e-01,4.531945288181304932e-01
2.575000007677119740e+01,1.795955300331115723e-01,4.710282683372497559e-01
2.576000007680101334e+01,1.798833012580871582e-01,4.886787235736846924e-01
2.577000007683082572e+01,1.670756787061691284e-01,4.431474208831787109e-01
2.578000007686064166e+01,1.811406910419464111e-01,4.710407257080078125e-01
2.579000007689045404e+01,1.660925745964050293e-01,4.803950488567352295e-01
2.580000007692026998e+01,1.670476496219635010e-01,4.602158367633819580e-01
2.581000007695008236e+01,1.702730506658554077e-01,5.077685117721557617e-01
2.582000007697989830e+01,1.692708283662796021e-01,5.159342288970947266e-01
2.583000007700971068e+01,1.722169071435928345e-01,4.677087664604187012e-01
2.584000007703952662e+01,1.706707626581192017e-01,4.992463886737823486e-01
2.585000007706933900e+01,1.813581138849258423e-01,4.748202264308929443e-01
2.586000007709915494e+01,1.848139762878417969e-01,6.414772868156433105e-01
2.587000007712896732e+01,1.710701584815979004e-01,4.900003671646118164e-01
2.588000007715877970e+01,1.746082156896591187e-01,5.472534894943237305e-01
2.589000007718859564e+01,1.688855588436126709e-01,5.240022540092468262e-01
2.590000007721840802e+01,1.755378693342208862e-01,5.111289620399475098e-01
2.591000007724822396e+01,1.755109280347824097e-01,5.213127136230468750e-01
2.592000007727803634e+01,1.851435303688049316e-01,4.695611000061035156e-01
2.593000007730785228e+01,1.794779151678085327e-01,5.126399993896484375e-01
2.594000007733766466e+01,1.716587394475936890e-01,4.866942763328552246e-01
2.595000007736748060e+01,1.701229065656661987e-01,4.780697524547576904e-01
2.596000007739729298e+01,1.724618822336196899e-01,5.067726373672485352e-01
2.597000007742710892e+01,1.672477573156356812e-01,4.346078038215637207e-01
2.598000007745692130e+01,1.672883182764053345e-01,5.459988117218017578e-01
2.599000007748673724e+01,1.636189818382263184e-01,5.081883072853088379e-01
2.600000007751654962e+01,1.688909530639648438e-01,5.069817900657653809e-01
2.601000007754636556e+01,1.756013780832290649e-01,5.568313002586364746e-01
2.602000007757617794e+01,1.639441102743148804e-01,4.847206771373748779e-01
2.603000007760599388e+01,1.626399010419845581e-01,5.047370791435241699e-01
2.604000007763580626e+01,1.726142615079879761e-01,4.451804757118225098e-01
2.605000007766561865e+01,1.666533201932907104e-01,4.797172844409942627e-01
2.606000007769543458e+01,1.776788085699081421e-01,5.404435992240905762e-01
2.607000007772524697e+01,1.733433306217193604e-01,4.669337570667266846e-01
2.608000007775506290e+01,1.743959039449691772e-01,4.835140407085418701e-01
2.609000007778487529e+01,1.699836105108261108e-01,4.718414545059204102e-01
2.610000007781469122e+01,1.868264228105545044e-01,5.521597862243652344e-01
2.611000007784450361e+01,1.737508773803710938e-01,4.266501367092132568e-01
2.612000007787431954e+01,1.700905859470367432e-01,5.223821997642517090e-01
2.613000007790413193e+01,1.824570000171661377e-01,4.660318791866302490e-01
2.614000007793394786e+01,1.733935028314590454e-01,4.669054746627807617e-01
2.615000007796376025e+01,1.731325089931488037e-01,5.284603238105773926e-01
2.616000007799357618e+01,1.814185529947280884e-01,4.539849758148193359e-01
2.617000007802338857e+01,1.775197982788085938e-01,5.166258215904235840e-01
2.618000007805320450e+01,1.717480570077896118e-01,4.213143289089202881e-01
2.619000007808301689e+01,1.730704307556152344e-01,4.866931438446044922e-01
2.620000007811283282e+01,1.777216047048568726e-01,5.337836742401123047e-01
2.621000007814264521e+01,1.875604242086410522e-01,4.621874392032623291e-01
2.622000007817245759e+01,1.734627336263656616e-01,5.599700212478637695e-01
2.623000007820227353e+01,1.725928932428359985e-01,4.369196295738220215e-01
2.624000007823208591e+01,1.737804114818572998e-01,4.619656503200531006e-01
2.625000007826190185e+01,1.747045516967773438e-01,4.778094589710235596e-01
2.626000007829171423e+01,1.719350963830947876e-01,5.034508705139160156e-01
2.627000007832153017e+01,1.735287159681320190e-01,5.698146820068359375e-01
2.628000007835134255e+01,1.661566346883773804e-01,4.319077730178833008e-01
2.629000007838115849e+01,1.673633903264999390e-01,4.416342377662658691e-01
2.630000007841097087e+01,1.775683164596557617e-01,4.612717330455780029e-01
2.631000007844078681e+01,1.869162023067474365e-01,4.833556711673736572e-01
2.632000007847059919e+01,1.787768751382827759e-01,4.687274992465972900e-01
2.633000007850041513e+01,1.693040877580642700e-01,4.714954793453216553e-01
2.634000007853022751e+01,1.808220744132995605e-01,4.771440029144287109e-01
2.635000007856004345e+01,1.755035370588302612e-01,4.796406626701354980e-01
2.636000007858985583e+01,1.750856935977935791e-01,4.684200286865234375e-01
2.637000007861967177e+01,1.765491068363189697e-01,4.058297574520111084e-01
2.638000007864948415e+01,1.813943982124328613e-01,4.082242846488952637e-01
2.639000007867929654e+01,1.671586483716964722e-01,5.592556595802307129e-01
2.640000007870911247e+01,1.671556234359741211e-01,4.135161936283111572e-01
2.641000007873892486e+01,1.815190613269805908e-01,5.576263666152954102e-01
2.642000007876874079e+01,1.685891449451446533e-01,4.182878434658050537e-01
2.643000007879855318e+01,1.709567010402679443e-01,4.162559807300567627e-01
2.644000007882836911e+01,1.710882484912872314e-01,5.016778111457824707e-01
2.645000007885818150e+01,1.842146813869476318e-01,4.735001921653747559e-01
2.646000007888799743e+01,1.684445291757583618e-01,4.807662069797515869e-01
2.647000007891780982e+01,1.740376651287078857e-01,5.203936100006103516e-01
2.648000007894762575e+01,1.688509583473205566e-01,4.733280837535858154e-01
2.649000007897743814e+01,1.836280822753906250e-01,4.560245573520660400e-01
2.650000007900725407e+01,1.747949272394180298e-01,6.338797211647033691e-01
2.651000007903706646e+01,1.695747375488281250e-01,4.628200829029083252e-01
2.652000007906688239e+01,1.691768616437911987e-01,4.976618587970733643e-01
2.653000007909669478e+01,1.693594902753829956e-01,4.875483512878417969e-01
2.654000007912651071e+01,1.713716387748718262e-01,4.587490558624267578e-01
2.655000007915632310e+01,1.782965809106826782e-01,5.061953067779541016e-01
2.656000007918613548e+01,1.755617558956146240e-01,5.087396502494812012e-01
2.657000007921595142e+01,1.713971048593521118e-01,4.531528949737548828e-01
2.658000007924576380e+01,1.797024607658386230e-01,4.404360651969909668e-01
2.659000007927557974e+01,1.849285662174224854e-01,4.823504090309143066e-01
2.660000007930539212e+01,1.734604984521865845e-01,5.870316624641418457e-01
2.661000007933520806e+01,1.807018816471099854e-01,3.978886604309082031e-01
2.662000007936502044e+01,1.836619079113006592e-01,4.577113986015319824e-01
2.663000007939483638e+01,1.803834140300750732e-01,4.665365815162658691e-01
2.664000007942464876e+01,1.647068113088607788e-01,4.630739092826843262e-01
2.665000007945446470e+01,1.789524704217910767e-01,5.646055936813354492e-01
2.666000007948427708e+01,1.738552749156951904e-01,4.263279438018798828e-01
2.667000007951409302e+01,1.731323599815368652e-01,4.565765857696533203e-01
2.668000007954390540e+01,1.736879497766494751e-01,5.255860090255737305e-01
2.669000007957372134e+01,1.755304336547851562e-01,4.393887817859649658e-01
2.670000007960353372e+01,1.844287067651748657e-01,6.427392959594726562e-01
2.671000007963334966e+01,1.687369346618652344e-01,5.491718053817749023e-01
2.672000007966316204e+01,1.746943444013595581e-01,4.802089035511016846e-01
2.673000007969297442e+01,1.879512220621109009e-01,5.625300407409667969e-01
2.674000007972279036e+01,1.669574379920959473e-01,4.641728699207305908e-01
2.675000007975260274e+01,1.824647039175033569e-01,4.647601842880249023e-01
2.676000007978241868e+01,1.690955460071563721e-01,5.343582034111022949e-01
2.677000007981223106e+01,1.692204028367996216e-01,4.126731455326080322e-01
2.678000007984204700e+01,1.693278700113296509e-01,4.733440279960632324e-01
2.679000007987185938e+01,1.650463789701461792e-01,4.838609695434570312e-01
2.680000007990167532e+01,1.768242567777633667e-01,4.929239451885223389e-01
2.681000007993148770e+01,1.701738238334655762e-01,4.758018255233764648e-01
2.682000007996130364e+01,1.679159253835678101e-01,5.027800798416137695e-01
2.683000007999111602e+01,1.770269572734832764e-01,4.891413748264312744e-01
2.684000008002093196e+01,1.736684143543243408e-01,4.752664566040039062e-01
2.685000008005074434e+01,1.613006293773651123e-01,5.610312819480895996e-01
2.686000008008056028e+01,1.742474287748336792e-01,4.644157290458679199e-01
2.687000008011037266e+01,1.777469813823699951e-01,4.931740462779998779e-01
2.688000008014018860e+01,1.603707224130630493e-01,4.898941516876220703e-01
2.689000008017000098e+01,1.809646487236022949e-01,5.383618474006652832e-01
2.690000008019981692e+01,1.795222908258438110e-01,4.639856815338134766e-01
2.691000008022962930e+01,1.655197739601135254e-01,4.554219543933868408e-01
2.692000008025944169e+01,1.821187585592269897e-01,4.783763587474822998e-01
2.693000008028925762e+01,1.612337976694107056e-01,4.514380395412445068e-01
2.694000008031907001e+01,1.727235168218612671e-01,4.867165982723236084e-01
2.695000008034888594e+01,1.756297349929809570e-01,4.973820745944976807e-01
2.696000008037869833e+01,1.739980876445770264e-01,6.309820413589477539e-01
2.697000008040851426e+01,1.790852546691894531e-01,5.042335987091064453e-01
2.698000008043832665e+01,1.696169525384902954e-01,4.565015137195587158e-01
2.699000008046814258e+01,1.732759624719619751e-01,5.571874976158142090e-01
2.700000008049795497e+01,1.711925417184829712e-01,4.644000530242919922e-01
2.701000008052777090e+01,1.737369447946548462e-01,4.649433791637420654e-01
2.702000008055758329e+01,1.733204275369644165e-01,4.394700527191162109e-01
2.703000008058739922e+01,1.818754076957702637e-01,4.452699422836303711e-01
2.704000008061721161e+01,1.687154769897460938e-01,4.660174846649169922e-01
2.705000008064702754e+01,1.655734479427337646e-01,4.371034502983093262e-01
2.706000008067683993e+01,1.748906970024108887e-01,4.982062578201293945e-01
2.707000008070665587e+01,1.746605783700942993e-01,4.257780313491821289e-01
2.708000008073646825e+01,1.711245626211166382e-01,4.771223962306976318e-01
2.709000008076628063e+01,1.672676354646682739e-01,5.277175903320312500e-01
2.710000008079609657e+01,1.699940115213394165e-01,4.189818501472473145e-01
2.711000008082590895e+01,1.755744516849517822e-01,5.427187681198120117e-01
2.712000008085572489e+01,1.684496998786926270e-01,5.108189582824707031e-01
2.713000008088553727e+01,1.762254834175109863e-01,4.903047978878021240e-01
2.714000008091535321e+01,1.709763556718826294e-01,4.861976802349090576e-01
2.715000008094516559e+01,1.690519601106643677e-01,4.985781908035278320e-01
2.716000008097498153e+01,1.743817627429962158e-01,4.633375406265258789e-01
2.717000008100479391e+01,1.700548529624938965e-01,5.089453458786010742e-01
2.718000008103460985e+01,1.654889285564422607e-01,4.969808459281921387e-01
2.719000008106442223e+01,1.858897358179092407e-01,5.105512738227844238e-01
2.720000008109423817e+01,1.599615961313247681e-01,5.565679669380187988e-01
2.721000008112405055e+01,1.654826253652572632e-01,5.391048192977905273e-01
2.722000008115386649e+01,1.733711063861846924e-01,5.848086476325988770e-01
2.723000008118367887e+01,1.709465980529785156e-01,4.520430266857147217e-01
2.724000008121349481e+01,1.771516203880310059e-01,4.943707287311553955e-01
2.725000008124330719e+01,1.750324219465255737e-01,4.948237538337707520e-01
2.726000008127311958e+01,1.701315790414810181e-01,4.417039453983306885e-01
2.727000008130293551e+01,1.816710084676742554e-01,5.222010612487792969e-01
2.728000008133274790e+01,1.792813837528228760e-01,5.511791706085205078e-01
2.729000008136256383e+01,1.729733645915985107e-01,5.497386455535888672e-01
2.730000008139237622e+01,1.722480803728103638e-01,4.992188513278961182e-01
2.731000008142219215e+01,1.778626441955566406e-01,5.122056603431701660e-01
2.732000008145200454e+01,1.722574532032012939e-01,4.332377314567565918e-01
2.733000008148182047e+01,1.669977009296417236e-01,5.625680685043334961e-01
2.734000008151163286e+01,1.780229955911636353e-01,4.539193212985992432e-01
2.735000008154144879e+01,1.776672899723052979e-01,5.655883550643920898e-01
2.736000008157126118e+01,1.753088831901550293e-01,5.669912695884704590e-01
2.737000008160107711e+01,1.675700992345809937e-01,4.304380714893341064e-01
2.738000008163088950e+01,1.728444099426269531e-01,6.028539538383483887e-01
2.739000008166070543e+01,1.780647635459899902e-01,5.424914956092834473e-01
2.740000008169051782e+01,1.653729826211929321e-01,5.038655400276184082e-01
2.741000008172033375e+01,1.583192050457000732e-01,4.825586974620819092e-01
2.742000008175014614e+01,1.626644283533096313e-01,4.694189131259918213e-01
2.743000008177995852e+01,1.747550666332244873e-01,4.887537062168121338e-01
2.744000008180977446e+01,1.617203205823898315e-01,5.206221342086791992e-01
2.745000008183958684e+01,1.706309169530868530e-01,5.336335301399230957e-01
2.746000008186940278e+01,1.718192249536514282e-01,4.565534889698028564e-01
2.747000008189921516e+01,1.760969609022140503e-01,4.781866669654846191e-01
2.748000008192903110e+01,1.704643666744232178e-01,4.901147782802581787e-01
2.749000008195884348e+01,1.707473099231719971e-01,4.470858573913574219e-01
2.750000008198865942e+01,1.731369793415069580e-01,4.660297632217407227e-01
2.751000008201847180e+01,1.809485703706741333e-01,5.526819229125976562e-01
2.752000008204828774e+01,1.798879504203796387e-01,4.862626194953918457e-01
2.753000008207810012e+01,1.783690154552459717e-01,4.886440634727478027e-01
2.754000008210791606e+01,1.736330091953277588e-01,4.339343309402465820e-01
2.755000008213772844e+01,1.751630157232284546e-01,4.379878938198089600e-01
2.756000008216754438e+01,1.651321500539779663e-01,4.684153497219085693e-01
2.757000008219735676e+01,1.645025312900543213e-01,5.249226689338684082e-01
2.758000008222717270e+01,1.657218337059020996e-01,5.007910132408142090e-01
2.759000008225698508e+01,1.790647506713867188e-01,5.560826063156127930e-01
2.760000008228679746e+01,1.821706742048263550e-01,4.773357212543487549e-01
2.761000008231661340e+01,1.763354390859603882e-01,5.160661339759826660e-01
2.762000008234642578e+01,1.677878946065902710e-01,6.124190092086791992e-01
2.763000008237624172e+01,1.797071993350982666e-01,4.760310947895050049e-01
2.764000008240605410e+01,1.710975319147109985e-01,4.797100424766540527e-01
2.765000008243587004e+01,1.792800277471542358e-01,5.147517323493957520e-01
2.766000008246568242e+01,1.715429425239562988e-01,5.133365988731384277e-01
2.767000008249549836e+01,1.741168946027755737e-01,4.745956063270568848e-01
2.768000008252531075e+01,1.763130128383636475e-01,4.923632740974426270e-01
2.769000008255512668e+01,1.718160212039947510e-01,4.502188861370086670e-01
2.770000008258493907e+01,1.809184253215789795e-01,4.963459074497222900e-01
2.771000008261475500e+01,1.726244837045669556e-01,4.436376392841339111e-01
2.772000008264456739e+01,1.727955937385559082e-01,5.004577636718750000e-01
2.773000008267438332e+01,1.818202883005142212e-01,4.863605201244354248e-01
2.774000008270419571e+01,1.763525605201721191e-01,5.312867164611816406e-01
2.775000008273401164e+01,1.700948178768157959e-01,4.610748589038848877e-01
2.776000008276382403e+01,1.732079386711120605e-01,5.328852534294128418e-01
2.777000008279363641e+01,1.706774383783340454e-01,4.570686817169189453e-01
2.778000008282345235e+01,1.834495812654495239e-01,5.431212186813354492e-01
2.779000008285326473e+01,1.677237898111343384e-01,5.377679467201232910e-01
2.780000008288308067e+01,1.732268333435058594e-01,4.723259806632995605e-01
2.781000008291289305e+01,1.790769696235656738e-01,4.371206760406494141e-01
2.782000008294270899e+01,1.861026734113693237e-01,5.559383034706115723e-01
2.783000008297252137e+01,1.758044064044952393e-01,4.857312440872192383e-01
2.784000008300233731e+01,1.729873716831207275e-01,5.120671987533569336e-01
2.785000008303214969e+01,1.676389276981353760e-01,4.971573352813720703e-01
2.786000008306196563e+01,1.817646324634552002e-01,4.961190223693847656e-01
2.787000008309177801e+01,1.774802803993225098e-01,5.188757777214050293e-01
2.788000008312159395e+01,1.727930903434753418e-01,4.799856841564178467e-01
2.789000008315140633e+01,1.716579049825668335e-01,5.563937425613403320e-01
2.790000008318122227e+01,1.818699240684509277e-01,5.094064474105834961e-01
2.791000008321103465e+01,1.772975772619247437e-01,4.886047542095184326e-01
2.792000008324085059e+01,1.754397749900817871e-01,4.707136750221252441e-01
2.793000008327066297e+01,1.671983003616333008e-01,4.587805867195129395e-01
2.794000008330047891e+01,1.743597984313964844e-01,4.838606119155883789e-01
2.795000008333029129e+01,1.717648953199386597e-01,4.268248379230499268e-01
2.796000008336010367e+01,1.697599440813064575e-01,5.167713165283203125e-01
2.797000008338991961e+01,1.776925325393676758e-01,3.867856860160827637e-01
2.798000008341973199e+01,1.782474815845489502e-01,4.714868068695068359e-01
2.799000008344954793e+01,1.737043410539627075e-01,4.786906242370605469e-01
2.800000008347936031e+01,1.803358346223831177e-01,5.959415435791015625e-01
2.801000008350917625e+01,1.797156929969787598e-01,5.364652872085571289e-01
2.802000008353898863e+01,1.739266812801361084e-01,4.698041677474975586e-01
2.803000008356880457e+01,1.764229238033294678e-01,4.770056307315826416e-01
2.804000008359861695e+01,1.642645895481109619e-01,4.734769761562347412e-01
2.805000008362843289e+01,1.827858686447143555e-01,4.309984743595123291e-01
2.806000008365824527e+01,1.740921586751937866e-01,4.459109306335449219e-01
2.807000008368806121e+01,1.718241423368453979e-01,5.414299368858337402e-01
2.808000008371787359e+01,1.821538507938385010e-01,4.779376089572906494e-01
2.809000008374768953e+01,1.769526153802871704e-01,4.846937358379364014e-01
2.810000008377750191e+01,1.867561042308807373e-01,4.510893523693084717e-01
2.811000008380731785e+01,1.704174280166625977e-01,4.649597108364105225e-01
2.812000008383713023e+01,1.845326870679855347e-01,6.374204158782958984e-01
2.813000008386694262e+01,1.735930293798446655e-01,5.850348472595214844e-01
2.814000008389675855e+01,1.696643233299255371e-01,5.024691224098205566e-01
2.815000008392657094e+01,1.753944307565689087e-01,5.439178943634033203e-01
2.816000008395638687e+01,1.751563996076583862e-01,5.893588066101074219e-01
2.817000008398619926e+01,1.754041165113449097e-01,5.658256411552429199e-01
2.818000008401601519e+01,1.803829520940780640e-01,5.025972127914428711e-01
2.819000008404582758e+01,1.712818741798400879e-01,5.027448534965515137e-01
2.820000008407564351e+01,1.707304269075393677e-01,5.254492163658142090e-01
2.821000008410545590e+01,1.696912497282028198e-01,5.688294768333435059e-01
2.822000008413527183e+01,1.699583232402801514e-01,5.113244652748107910e-01
2.823000008416508422e+01,1.736039817333221436e-01,5.391541719436645508e-01
2.824000008419490015e+01,1.627750694751739502e-01,4.274759888648986816e-01
2.825000008422471254e+01,1.741817295551300049e-01,5.952721238136291504e-01
2.826000008425452847e+01,1.705268174409866333e-01,4.483534693717956543e-01
2.827000008428434086e+01,1.695859134197235107e-01,5.715906023979187012e-01
2.828000008431415679e+01,1.700968593358993530e-01,5.104253292083740234e-01
2.829000008434396918e+01,1.720737516880035400e-01,5.819526910781860352e-01
2.830000008437378156e+01,1.779482811689376831e-01,4.774391949176788330e-01
2.831000008440359750e+01,1.723813563585281372e-01,4.660030603408813477e-01
2.832000008443340988e+01,1.685489416122436523e-01,4.430615007877349854e-01
2.833000008446322582e+01,1.764195859432220459e-01,4.302908778190612793e-01
2.834000008449303820e+01,1.830501407384872437e-01,5.707076787948608398e-01
2.835000008452285414e+01,1.696464866399765015e-01,4.893862605094909668e-01
2.836000008455266652e+01,1.724347621202468872e-01,5.736365914344787598e-01
2.837000008458248246e+01,1.683166623115539551e-01,4.938982427120208740e-01
2.838000008461229484e+01,1.697863638401031494e-01,5.668552517890930176e-01
2.839000008464211078e+01,1.788274943828582764e-01,5.202509164810180664e-01
2.840000008467192316e+01,1.874080002307891846e-01,5.579910278320312500e-01
2.841000008470173910e+01,1.728294789791107178e-01,5.936250686645507812e-01
2.842000008473155148e+01,1.790783256292343140e-01,4.713840782642364502e-01
2.843000008476136742e+01,1.664015650749206543e-01,5.159968733787536621e-01
2.844000008479117980e+01,1.720982939004898071e-01,4.969995915889739990e-01
2.845000008482099574e+01,1.670991629362106323e-01,4.266242980957031250e-01
2.846000008485080812e+01,1.680401861667633057e-01,5.085449814796447754e-01
2.847000008488062051e+01,1.703287959098815918e-01,4.147083759307861328e-01
2.848000008491043644e+01,1.684894263744354248e-01,4.987754821777343750e-01
2.849000008494024883e+01,1.598791629076004028e-01,3.823219537734985352e-01
2.850000008497006476e+01,1.705575436353683472e-01,4.592006504535675049e-01
2.851000008499987715e+01,1.677829027175903320e-01,4.864198863506317139e-01
2.852000008502969308e+01,1.751034557819366455e-01,5.015907287597656250e-01
2.853000008505950547e+01,1.695422232151031494e-01,5.772368311882019043e-01
2.854000008508932140e+01,1.701153367757797241e-01,5.638124346733093262e-01
2.855000008511913379e+01,1.694518178701400757e-01,4.179760217666625977e-01
2.856000008514894972e+01,1.730948090553283691e-01,4.635022878646850586e-01
2.857000008517876211e+01,1.712258309125900269e-01,4.544199705123901367e-01
2.858000008520857804e+01,1.782408654689788818e-01,5.126753449440002441e-01
2.859000008523839043e+01,1.793048083782196045e-01,5.496469140052795410e-01
2.860000008526820636e+01,1.702383011579513550e-01,5.053219199180603027e-01
2.861000008529801875e+01,1.815562099218368530e-01,5.182288289070129395e-01
2.862000008532783468e+01,1.769142746925354004e-01,4.689624607563018799e-01
2.863000008535764707e+01,1.790655553340911865e-01,4.728041887283325195e-01
2.864000008538745945e+01,1.766215264797210693e-01,3.962851464748382568e-01
2.865000008541727539e+01,1.692006886005401611e-01,4.320409297943115234e-01
2.866000008544708777e+01,1.703036874532699585e-01,5.475793480873107910e-01
2.867000008547690371e+01,1.768956631422042847e-01,4.860411584377288818e-01
2.868000008550671609e+01,1.810352057218551636e-01,4.730789363384246826e-01
2.869000008553653203e+01,1.735304594039916992e-01,4.894998073577880859e-01
2.870000008556634441e+01,1.732007712125778198e-01,5.020604729652404785e-01
2.871000008559616035e+01,1.560310870409011841e-01,4.406836926937103271e-01
2.872000008562597273e+01,1.685783714056015015e-01,5.401681065559387207e-01
2.873000008565578867e+01,1.636097580194473267e-01,5.533565878868103027e-01
2.874000008568560105e+01,1.714739203453063965e-01,4.415883719921112061e-01
2.875000008571541699e+01,1.705812364816665649e-01,4.962393641471862793e-01
2.876000008574522937e+01,1.744404882192611694e-01,4.581089615821838379e-01
2.877000008577504531e+01,1.728681474924087524e-01,4.330467581748962402e-01
2.878000008580485769e+01,1.692110747098922729e-01,5.232204794883728027e-01
2.879000008583467363e+01,1.772750616073608398e-01,4.440503418445587158e-01
2.880000008586448601e+01,1.768727302551269531e-01,4.710522592067718506e-01
2.881000008589430195e+01,1.642294973134994507e-01,5.083153247833251953e-01
2.882000008592411433e+01,1.678004413843154907e-01,4.645223915576934814e-01
2.883000008595392671e+01,1.693497151136398315e-01,4.192215800285339355e-01
2.884000008598374265e+01,1.757571101188659668e-01,4.838711321353912354e-01
2.885000008601355503e+01,1.763059943914413452e-01,5.442994832992553711e-01
2.886000008604337097e+01,1.844008415937423706e-01,4.780837893486022949e-01
2.887000008607318335e+01,1.681585758924484253e-01,4.745796322822570801e-01
2.888000008610299929e+01,1.673640906810760498e-01,4.582913219928741455e-01
2.889000008613281167e+01,1.789713501930236816e-01,5.212366580963134766e-01
2.890000008616262761e+01,1.706012636423110962e-01,4.791124761104583740e-01
2.891000008619243999e+01,1.709205210208892822e-01,4.570259749889373779e-01
2.892000008622225593e+01,1.757639497518539429e-01,5.335024595260620117e-01
2.893000008625206831e+01,1.750517189502716064e-01,4.242259263992309570e-01
2.894000008628188425e+01,1.761716902256011963e-01,4.415755569934844971e-01
2.895000008631169663e+01,1.781626045703887939e-01,4.679515063762664795e-01
2.896000008634151257e+01,1.760789304971694946e-01,4.847585856914520264e-01
2.897000008637132495e+01,1.624487191438674927e-01,4.432126581668853760e-01
2.898000008640114089e+01,1.796728521585464478e-01,5.197165608406066895e-01
2.899000008643095327e+01,1.776262670755386353e-01,4.949932694435119629e-01
2.900000008646076566e+01,1.827859282493591309e-01,4.970314800739288330e-01
2.901000008649058159e+01,1.869266182184219360e-01,4.924292266368865967e-01
2.902000008652039398e+01,1.757809817790985107e-01,4.724089205265045166e-01
2.903000008655020991e+01,1.802575290203094482e-01,4.648340344429016113e-01
2.904000008658002230e+01,1.765629351139068604e-01,4.701885282993316650e-01
2.905000008660983823e+01,1.786163896322250366e-01,4.987006187438964844e-01
2.906000008663965062e+01,1.791732758283615112e-01,4.966201186180114746e-01
2.907000008666946655e+01,1.723835319280624390e-01,4.435183703899383545e-01
2.908000008669927894e+01,1.749917715787887573e-01,4.182067513465881348e-01
2.909000008672909487e+01,1.729544699192047119e-01,4.312134981155395508e-01
2.910000008675890726e+01,1.791065335273742676e-01,4.579146802425384521e-01
2.911000008678872319e+01,1.658986508846282959e-01,5.012647509574890137e-01
2.912000008681853558e+01,1.786963045597076416e-01,4.981968700885772705e-01
2.913000008684835151e+01,1.696151196956634521e-01,4.818984568119049072e-01
2.914000008687816390e+01,1.753184348344802856e-01,4.584036469459533691e-01
2.915000008690797983e+01,1.722450405359268188e-01,5.447374582290649414e-01
2.916000008693779222e+01,1.720261275768280029e-01,5.050855875015258789e-01
2.917000008696760460e+01,1.780485957860946655e-01,5.233942866325378418e-01
2.918000008699742054e+01,1.848714053630828857e-01,5.165657997131347656e-01
2.919000008702723292e+01,1.719299703836441040e-01,4.795142412185668945e-01
2.920000008705704886e+01,1.738524436950683594e-01,4.807560741901397705e-01
2.921000008708686124e+01,1.749799400568008423e-01,5.579969286918640137e-01
2.922000008711667718e+01,1.742596030235290527e-01,4.740820825099945068e-01
2.923000008714648956e+01,1.709227114915847778e-01,4.974274635314941406e-01
2.924000008717630550e+01,1.836427152156829834e-01,5.182249546051025391e-01
2.925000008720611788e+01,1.799694746732711792e-01,4.397939145565032959e-01
2.926000008723593382e+01,1.623069792985916138e-01,5.309611558914184570e-01
2.927000008726574620e+01,1.761401742696762085e-01,4.902720153331756592e-01
2.928000008729556214e+01,1.738077998161315918e-01,4.662767946720123291e-01
2.929000008732537452e+01,1.881499290466308594e-01,4.333507716655731201e-01
2.930000008735519046e+01,1.705856472253799438e-01,4.838439226150512695e-01
2.931000008738500284e+01,1.676059067249298096e-01,4.333920180797576904e-01
2.932000008741481878e+01,1.730144917964935303e-01,5.165962576866149902e-01
2.933000008744463116e+01,1.801450699567794800e-01,4.571089446544647217e-01
2.934000008747444355e+01,1.858851760625839233e-01,4.974536597728729248e-01
2.935000008750425948e+01,1.739754527807235718e-01,5.217558145523071289e-01
2.936000008753407187e+01,1.715932190418243408e-01,5.435119867324829102e-01
2.937000008756388780e+01,1.786600053310394287e-01,4.688039422035217285e-01
2.938000008759370019e+01,1.692077815532684326e-01,5.468154549598693848e-01
2.939000008762351612e+01,1.676848977804183960e-01,4.957630634307861328e-01
2.940000008765332851e+01,1.711739301681518555e-01,4.665269851684570312e-01
2.941000008768314444e+01,1.718759983777999878e-01,4.792737662792205811e-01
2.942000008771295683e+01,1.732572317123413086e-01,4.837920069694519043e-01
2.943000008774277276e+01,1.703626364469528198e-01,4.665603637695312500e-01
2.944000008777258515e+01,1.734797656536102295e-01,4.889961779117584229e-01
2.945000008780240108e+01,1.690416187047958374e-01,4.601235091686248779e-01
2.946000008783221347e+01,1.634589880704879761e-01,5.146690011024475098e-01
2.947000008786202940e+01,1.786989122629165649e-01,6.037064194679260254e-01
2.948000008789184179e+01,1.697703003883361816e-01,5.512005686759948730e-01
2.949000008792165772e+01,1.760206073522567749e-01,5.113581418991088867e-01
2.950000008795147011e+01,1.756351739168167114e-01,5.267387032508850098e-01
2.951000008798128249e+01,1.650090515613555908e-01,4.698976874351501465e-01
2.952000008801109843e+01,1.623490601778030396e-01,4.682935476303100586e-01
2.953000008804091081e+01,1.733089536428451538e-01,4.920040369033813477e-01
2.954000008807072675e+01,1.692058891057968140e-01,4.096986651420593262e-01
2.955000008810053913e+01,1.678884327411651611e-01,5.187287926673889160e-01
2.956000008813035507e+01,1.700008511543273926e-01,4.658705294132232666e-01
2.957000008816016745e+01,1.748713850975036621e-01,5.070682168006896973e-01
2.958000008818998339e+01,1.761237680912017822e-01,4.604358673095703125e-01
2.959000008821979577e+01,1.753882318735122681e-01,5.384086966514587402e-01
2.960000008824961171e+01,1.752102673053741455e-01,4.984307885169982910e-01
2.961000008827942409e+01,1.688534915447235107e-01,4.382352530956268311e-01
2.962000008830924003e+01,1.819723695516586304e-01,4.773545265197753906e-01
2.963000008833905241e+01,1.840944141149520874e-01,4.656911194324493408e-01
2.964000008836886835e+01,1.682957410812377930e-01,5.020042061805725098e-01
2.965000008839868073e+01,1.817059069871902466e-01,4.989840388298034668e-01
2.966000008842849667e+01,1.741310954093933105e-01,5.029801130294799805e-01
2.967000008845830905e+01,1.731590777635574341e-01,4.619013071060180664e-01
2.968000008848812143e+01,1.664686501026153564e-01,4.198881387710571289e-01
2.969000008851793737e+01,1.782928854227066040e-01,4.946640729904174805e-01
2.970000008854774975e+01,1.811670809984207153e-01,5.222492814064025879e-01
2.971000008857756569e+01,1.835091561079025269e-01,5.118227005004882812e-01
2.972000008860737807e+01,1.747005730867385864e-01,4.908823072910308838e-01
2.973000008863719401e+01,1.786928027868270874e-01,5.237545371055603027e-01
2.974000008866700639e+01,1.662142574787139893e-01,4.776913523674011230e-01
2.975000008869682233e+01,1.695042997598648071e-01,4.267603158950805664e-01
2.976000008872663471e+01,1.663216948509216309e-01,4.493944644927978516e-01
2.977000008875645065e+01,1.818248927593231201e-01,4.377351999282836914e-01
2.978000008878626303e+01,1.729856580495834351e-01,4.482416808605194092e-01
2.979000008881607897e+01,1.673792451620101929e-01,5.245142579078674316e-01
2.980000008884589136e+01,1.709858477115631104e-01,4.940535724163055420e-01
2.981000008887570729e+01,1.735085248947143555e-01,5.235207676887512207e-01
2.982000008890551968e+01,1.785714477300643921e-01,6.935561895370483398e-01
2.983000008893533561e+01,1.740050464868545532e-01,4.849813580513000488e-01
2.984000008896514800e+01,1.647606194019317627e-01,4.547982811927795410e-01
2.985000008899496393e+01,1.606233417987823486e-01,5.557720661163330078e-01
2.986000008902477632e+01,1.800635904073715210e-01,4.977132678031921387e-01
2.987000008905458870e+01,1.795579642057418823e-01,5.105587244033813477e-01
2.988000008908440464e+01,1.783753633499145508e-01,4.793117344379425049e-01
2.989000008911421702e+01,1.787550300359725952e-01,5.470091700553894043e-01
2.990000008914403296e+01,1.708455532789230347e-01,4.783641993999481201e-01
2.991000008917384534e+01,1.808052211999893188e-01,4.485620260238647461e-01
2.992000008920366128e+01,1.680387109518051147e-01,4.639768004417419434e-01
2.993000008923347366e+01,1.720352023839950562e-01,4.506067335605621338e-01
2.994000008926328960e+01,1.740549206733703613e-01,6.115356683731079102e-01
2.995000008929310198e+01,1.722261011600494385e-01,5.626125335693359375e-01
2.996000008932291792e+01,1.737440377473831177e-01,4.880460500717163086e-01
2.997000008935273030e+01,1.729445457458496094e-01,4.436213374137878418e-01
2.998000008938254624e+01,1.743328869342803955e-01,5.516133904457092285e-01
2.999000008941235862e+01,1.824520081281661987e-01,6.175951957702636719e-01
3.000000008944217456e+01,1.620538085699081421e-01,4.648796916007995605e-01
3.001000008947198694e+01,1.731167882680892944e-01,5.036909580230712891e-01
3.002000008950180288e+01,1.577291190624237061e-01,4.125611484050750732e-01
3.003000008953161526e+01,1.661195755004882812e-01,5.452888011932373047e-01
3.004000008956142764e+01,1.678496599197387695e-01,4.933801591396331787e-01
3.005000008959124358e+01,1.758124977350234985e-01,4.830282330513000488e-01
3.006000008962105596e+01,1.803849786520004272e-01,5.105947256088256836e-01
3.007000008965087190e+01,1.652950197458267212e-01,5.338010787963867188e-01
3.008000008968068428e+01,1.769518852233886719e-01,5.109299421310424805e-01
3.009000008971050022e+01,1.880484521389007568e-01,5.108633041381835938e-01
3.010000008974031260e+01,1.644187867641448975e-01,4.414017796516418457e-01
3.011000008977012854e+01,1.754228919744491577e-01,5.321466326713562012e-01
3.012000008979994092e+01,1.790205836296081543e-01,4.901542961597442627e-01
3.013000008982975686e+01,1.675947010517120361e-01,5.178467035293579102e-01
3.014000008985956924e+01,1.839941143989562988e-01,4.726477265357971191e-01
3.015000008988938518e+01,1.763135641813278198e-01,4.602569341659545898e-01
3.016000008991919756e+01,1.698721200227737427e-01,4.999717772006988525e-01
3.017000008994901350e+01,1.799508184194564819e-01,5.827234983444213867e-01
3.018000008997882588e+01,1.686723083257675171e-01,5.362877845764160156e-01
3.019000009000864182e+01,1.688281148672103882e-01,4.475342035293579102e-01
3.020000009003845420e+01,1.698852479457855225e-01,5.536349415779113770e-01
3.021000009006826659e+01,1.643016487360000610e-01,4.503075480461120605e-01
3.022000009009808252e+01,1.733921766281127930e-01,4.813236892223358154e-01
3.023000009012789491e+01,1.711725294589996338e-01,5.395448803901672363e-01
3.024000009015771084e+01,1.764551699161529541e-01,4.615041613578796387e-01
3.025000009018752323e+01,1.553729772567749023e-01,4.755404889583587646e-01
3.026000009021733916e+01,1.692497879266738892e-01,4.975982010364532471e-01
3.027000009024715155e+01,1.681106239557266235e-01,4.835676550865173340e-01
3.028000009027696748e+01,1.659552156925201416e-01,5.176192522048950195e-01
3.029000009030677987e+01,1.701746433973312378e-01,5.131304860115051270e-01
3.030000009033659580e+01,1.661939322948455811e-01,4.475744962692260742e-01
3.031000009036640819e+01,1.767775714397430420e-01,6.006970405578613281e-01
3.032000009039622412e+01,1.761022657155990601e-01,5.355936288833618164e-01
3.033000009042603651e+01,1.659409850835800171e-01,4.583308994770050049e-01
3.034000009045585244e+01,1.849220842123031616e-01,5.032123923301696777e-01
3.035000009048566483e+01,1.614530682563781738e-01,4.781591296195983887e-01
3.036000009051548076e+01,1.731937676668167114e-01,4.546018838882446289e-01
3.037000009054529315e+01,1.712762564420700073e-01,4.801495373249053955e-01
3.038000009057510553e+01,1.710481792688369751e-01,4.268387556076049805e-01
3.039000009060492147e+01,1.742745786905288696e-01,5.562877655029296875e-01
3.040000009063473385e+01,1.696912050247192383e-01,4.556219279766082764e-01
3.041000009066454979e+01,1.684771478176116943e-01,4.740184843540191650e-01
3.042000009069436217e+01,1.619751304388046265e-01,5.176869034767150879e-01
3.043000009072417811e+01,1.766764670610427856e-01,5.638476610183715820e-01
3.044000009075399049e+01,1.700391173362731934e-01,5.210814476013183594e-01
3.045000009078380643e+01,1.770405322313308716e-01,5.578849911689758301e-01
3.046000009081361881e+01,1.717822998762130737e-01,4.851476550102233887e-01
3.047000009084343475e+01,1.758876889944076538e-01,4.720239639282226562e-01
3.048000009087324713e+01,1.721989363431930542e-01,5.081511735916137695e-01
3.049000009090306307e+01,1.724366843700408936e-01,5.975257754325866699e-01
3.050000009093287545e+01,1.656560599803924561e-01,4.628630280494689941e-01
3.051000009096269139e+01,1.730511784553527832e-01,6.117511391639709473e-01
3.052000009099250377e+01,1.738505661487579346e-01,4.914982318878173828e-01
3.053000009102231971e+01,1.746934056282043457e-01,5.312966704368591309e-01
3.054000009105213209e+01,1.810591518878936768e-01,5.350546836853027344e-01
3.055000009108194448e+01,1.602228581905364990e-01,4.736255109310150146e-01
3.056000009111176041e+01,1.811991035938262939e-01,4.310116767883300781e-01
3.057000009114157280e+01,1.730779111385345459e-01,5.127479434013366699e-01
3.058000009117138873e+01,1.730105280876159668e-01,5.314734578132629395e-01
3.059000009120120112e+01,1.725242286920547485e-01,4.841926097869873047e-01
3.060000009123101705e+01,1.716280430555343628e-01,5.322790741920471191e-01
3.061000009126082944e+01,1.697200089693069458e-01,5.006150007247924805e-01
3.062000009129064537e+01,1.768009811639785767e-01,5.338977575302124023e-01
3.063000009132045776e+01,1.713778823614120483e-01,4.996907711029052734e-01
3.064000009135027369e+01,1.601222902536392212e-01,5.060234665870666504e-01
3.065000009138008608e+01,1.748956143856048584e-01,5.741261243820190430e-01
3.066000009140990201e+01,1.664579659700393677e-01,4.152072966098785400e-01
3.067000009143971440e+01,1.658061146736145020e-01,5.468868613243103027e-01
3.068000009146953033e+01,1.786975860595703125e-01,5.160652399063110352e-01
3.069000009149934272e+01,1.725724339485168457e-01,4.672534465789794922e-01
3.070000009152915865e+01,1.727032214403152466e-01,5.215034484863281250e-01
3.071000009155897104e+01,1.697913855314254761e-01,4.515162408351898193e-01
3.072000009158878697e+01,1.735696792602539062e-01,4.492124915122985840e-01
3.073000009161859936e+01,1.799074709415435791e-01,5.634717941284179688e-01
3.074000009164841174e+01,1.791624724864959717e-01,4.826085865497589111e-01
3.075000009167822768e+01,1.646831631660461426e-01,4.850483536720275879e-01
3.076000009170804006e+01,1.747375875711441040e-01,4.848298728466033936e-01
3.077000009173785600e+01,1.805410832166671753e-01,4.845604002475738525e-01
3.078000009176766838e+01,1.751748174428939819e-01,4.927389621734619141e-01
3.079000009179748432e+01,1.677331924438476562e-01,4.640917181968688965e-01
3.080000009182729670e+01,1.730639636516571045e-01,5.358979701995849609e-01
3.081000009185711264e+01,1.765336096286773682e-01,5.339822173118591309e-01
3.082000009188692502e+01,1.705940812826156616e-01,4.622911214828491211e-01
3.083000009191674096e+01,1.735566854476928711e-01,4.003635048866271973e-01
3.084000009194655334e+01,1.809062808752059937e-01,5.999084115028381348e-01
3.085000009197636928e+01,1.625860184431076050e-01,4.363955855369567871e-01
3.086000009200618166e+01,1.711032688617706299e-01,4.597093164920806885e-01
3.087000009203599760e+01,1.725778728723526001e-01,5.229253172874450684e-01
3.088000009206580998e+01,1.856409311294555664e-01,5.147406458854675293e-01
3.089000009209562592e+01,1.677123159170150757e-01,5.002517700195312500e-01
3.090000009212543830e+01,1.720489412546157837e-01,4.596603214740753174e-01
3.091000009215525068e+01,1.726322025060653687e-01,4.211083650588989258e-01
3.092000009218506662e+01,1.647359281778335571e-01,4.613568782806396484e-01
3.093000009221487900e+01,1.685720682144165039e-01,4.584926664829254150e-01
3.094000009224469494e+01,1.877866834402084351e-01,5.205261111259460449e-01
3.095000009227450732e+01,1.638725399971008301e-01,4.940619766712188721e-01
3.096000009230432326e+01,1.730203330516815186e-01,5.235549211502075195e-01
3.097000009233413564e+01,1.719593852758407593e-01,4.531924128532409668e-01
3.098000009236395158e+01,1.678235679864883423e-01,4.135224819183349609e-01
3.099000009239376396e+01,1.714584231376647949e-01,4.534518718719482422e-01
3.100000009242357990e+01,1.705023497343063354e-01,5.005635619163513184e-01
3.101000009245339228e+01,1.716089546680450439e-01,4.148328602313995361e-01
3.102000009248320822e+01,1.826424747705459595e-01,5.391922593116760254e-01
3.103000009251302060e+01,1.656149178743362427e-01,4.402950108051300049e-01
3.104000009254283654e+01,1.723595112562179565e-01,4.509711563587188721e-01
3.105000009257264892e+01,1.651760190725326538e-01,4.623971283435821533e-01
3.106000009260246486e+01,1.673065721988677979e-01,5.134252309799194336e-01
3.107000009263227724e+01,1.702537983655929565e-01,5.330786705017089844e-01
3.108000009266208963e+01,1.683564037084579468e-01,4.357527494430541992e-01
3.109000009269190556e+01,1.716499179601669312e-01,5.201131701469421387e-01
3.110000009272171795e+01,1.760115474462509155e-01,5.425914525985717773e-01
3.111000009275153388e+01,1.801663935184478760e-01,4.649312198162078857e-01
3.112000009278134627e+01,1.695741415023803711e-01,5.256065130233764648e-01
3.113000009281116220e+01,1.649843901395797729e-01,5.193768143653869629e-01
3.114000009284097459e+01,1.688791662454605103e-01,5.165135264396667480e-01
3.115000009287079052e+01,1.762499362230300903e-01,4.196011424064636230e-01
3.116000009290060291e+01,1.753920465707778931e-01,4.818124473094940186e-01
3.117000009293041884e+01,1.886450797319412231e-01,4.852532744407653809e-01
3.118000009296023123e+01,1.790660768747329712e-01,5.161928534507751465e-01
3.119000009299004716e+01,1.752246767282485962e-01,5.151178836822509766e-01
3.120000009301985955e+01,1.654997020959854126e-01,5.481644272804260254e-01
3.121000009304967548e+01,1.800370812416076660e-01,5.369335412979125977e-01
3.122000009307948787e+01,1.776691526174545288e-01,4.545262753963470459e-01
3.123000009310930380e+01,1.674102544784545898e-01,5.038436055183410645e-01
3.124000009313911619e+01,1.919595301151275635e-01,4.642676413059234619e-01
3.125000009316892857e+01,1.771134436130523682e-01,5.895321965217590332e-01
3.126000009319874451e+01,1.680120527744293213e-01,4.646209180355072021e-01
3.127000009322855689e+01,1.654180586338043213e-01,4.465072453022003174e-01
3.128000009325837283e+01,1.667985916137695312e-01,3.938679695129394531e-01
3.129000009328818521e+01,1.687171757221221924e-01,4.460884034633636475e-01
3.130000009331800115e+01,1.743805855512619019e-01,4.877739846706390381e-01
3.131000009334781353e+01,1.672213226556777954e-01,4.494321346282958984e-01
3.132000009337762947e+01,1.724007874727249146e-01,5.417470335960388184e-01
3.133000009340744185e+01,1.696046292781829834e-01,4.188043177127838135e-01
3.134000009343725779e+01,1.744489818811416626e-01,5.173025131225585938e-01
3.135000009346707017e+01,1.901724189519882202e-01,6.536080241203308105e-01
3.136000009349688611e+01,1.719461381435394287e-01,4.780432581901550293e-01
3.137000009352669849e+01,1.781889349222183228e-01,4.499258995056152344e-01
3.138000009355651443e+01,1.819991916418075562e-01,4.303460419178009033e-01
3.139000009358632681e+01,1.830614060163497925e-01,4.722300767898559570e-01
3.140000009361614275e+01,1.741240173578262329e-01,4.300071895122528076e-01
3.141000009364595513e+01,1.768085062503814697e-01,4.051354825496673584e-01
3.142000009367576752e+01,1.656511127948760986e-01,4.020191431045532227e-01
3.143000009370558345e+01,1.672347933053970337e-01,4.889825880527496338e-01
3.144000009373539584e+01,1.750600039958953857e-01,5.193650126457214355e-01
3.145000009376521177e+01,1.689904481172561646e-01,4.808924198150634766e-01
3.146000009379502416e+01,1.678939461708068848e-01,4.652505517005920410e-01
3.147000009382484009e+01,1.787203550338745117e-01,5.368871688842773438e-01
3.148000009385465248e+01,1.795641034841537476e-01,4.782093465328216553e-01
3.149000009388446841e+01,1.758309453725814819e-01,5.452895760536193848e-01
3.150000009391428080e+01,1.689538955688476562e-01,4.190079867839813232e-01
3.151000009394409673e+01,1.804724633693695068e-01,4.070914089679718018e-01
3.152000009397390912e+01,1.665223240852355957e-01,4.380871653556823730e-01
3.153000009400372505e+01,1.788274049758911133e-01,4.341289997100830078e-01
3.154000009403353744e+01,1.767737269401550293e-01,5.325303077697753906e-01
3.155000009406335337e+01,1.768128126859664917e-01,5.475521683692932129e-01
3.156000009409316576e+01,1.825392842292785645e-01,4.669385850429534912e-01
3.157000009412298169e+01,1.667952686548233032e-01,5.019019246101379395e-01
3.158000009415279408e+01,1.762576252222061157e-01,5.208289027214050293e-01
3.159000009418260646e+01,1.746425926685333252e-01,5.008507966995239258e-01
3.160000009421242240e+01,1.695658564567565918e-01,5.149351954460144043e-01
3.161000009424223478e+01,1.764508336782455444e-01,5.310452580451965332e-01
3.162000009427205072e+01,1.695340573787689209e-01,3.850635588169097900e-01
3.163000009430186310e+01,1.794844567775726318e-01,6.197066307067871094e-01
3.164000009433167904e+01,1.694554686546325684e-01,5.037519335746765137e-01
3.165000009436149142e+01,1.642538756132125854e-01,5.140519142150878906e-01
3.166000009439130736e+01,1.773026883602142334e-01,4.885113537311553955e-01
3.167000009442111974e+01,1.765986680984497070e-01,4.404185414314270020e-01
3.168000009445093568e+01,1.799085736274719238e-01,4.588018953800201416e-01
3.169000009448074806e+01,1.735791862010955811e-01,4.777887463569641113e-01
3.170000009451056400e+01,1.736025512218475342e-01,5.433185100555419922e-01
3.171000009454037638e+01,1.662687212228775024e-01,5.187164545059204102e-01
3.172000009457019232e+01,1.767610609531402588e-01,4.847312569618225098e-01
3.173000009460000470e+01,1.792732626199722290e-01,4.541220366954803467e-01
3.174000009462982064e+01,1.753428429365158081e-01,4.498452842235565186e-01
3.175000009465963302e+01,1.718929260969161987e-01,4.206764996051788330e-01
3.176000009468944896e+01,1.741915792226791382e-01,4.586028158664703369e-01
3.177000009471926134e+01,1.853732466697692871e-01,4.363898038864135742e-01
3.178000009474907372e+01,1.702400445938110352e-01,4.677964448928833008e-01
3.179000009477888966e+01,1.698799431324005127e-01,4.308683872222900391e-01
3.180000009480870204e+01,1.753433197736740112e-01,4.864283204078674316e-01
3.181000009483851798e+01,1.724436134099960327e-01,4.669444262981414795e-01
3.182000009486833036e+01,1.777215451002120972e-01,4.628919959068298340e-01
3.183000009489814630e+01,1.736625134944915771e-01,5.251888632774353027e-01
3.184000009492795868e+01,1.803087592124938965e-01,4.291139841079711914e-01
3.185000009495777462e+01,1.659718006849288940e-01,5.390611290931701660e-01
3.186000009498758700e+01,1.676495373249053955e-01,4.359880387783050537e-01
3.187000009501740294e+01,1.676486730575561523e-01,4.838114976882934570e-01
3.188000009504721532e+01,1.748861819505691528e-01,5.204346776008605957e-01
3.189000009507703126e+01,1.747658699750900269e-01,4.868357777595520020e-01
3.190000009510684364e+01,1.791701018810272217e-01,5.727370977401733398e-01
3.191000009513665958e+01,1.784508377313613892e-01,5.590434074401855469e-01
3.192000009516647197e+01,1.687027961015701294e-01,5.163178443908691406e-01
3.193000009519628790e+01,1.798510998487472534e-01,5.167806148529052734e-01
3.194000009522610029e+01,1.697489321231842041e-01,5.038220286369323730e-01
3.195000009525591267e+01,1.760082840919494629e-01,5.492658019065856934e-01
3.196000009528572861e+01,1.744216531515121460e-01,5.304450392723083496e-01
3.197000009531554099e+01,1.695230454206466675e-01,4.387630522251129150e-01
3.198000009534535693e+01,1.840356290340423584e-01,5.157431364059448242e-01
3.199000009537516931e+01,1.780825555324554443e-01,4.215313196182250977e-01
3.200000009540498525e+01,1.763892322778701782e-01,4.838189184665679932e-01
3.201000009543479763e+01,1.728928238153457642e-01,5.851838588714599609e-01
3.202000009546461001e+01,1.716548502445220947e-01,4.458351433277130127e-01
3.203000009549442950e+01,1.733119189739227295e-01,5.225870609283447266e-01
3.204000009552424189e+01,1.802225112915039062e-01,5.036455392837524414e-01
3.205000009555405427e+01,1.700960248708724976e-01,4.177987575531005859e-01
3.206000009558386665e+01,1.684272885322570801e-01,3.998085856437683105e-01
3.207000009561368614e+01,1.808354705572128296e-01,5.797189474105834961e-01
3.208000009564349853e+01,1.831744313240051270e-01,5.226047635078430176e-01
3.209000009567331091e+01,1.753779649734497070e-01,4.457975029945373535e-01
3.210000009570312329e+01,1.699908226728439331e-01,4.643323719501495361e-01
3.211000009573293568e+01,1.780721396207809448e-01,4.570313692092895508e-01
3.212000009576275517e+01,1.789298653602600098e-01,4.287770986557006836e-01
3.213000009579256755e+01,1.799259185791015625e-01,4.406804740428924561e-01
3.214000009582237993e+01,1.822924464941024780e-01,4.834718406200408936e-01
3.215000009585219232e+01,1.667224317789077759e-01,4.411431550979614258e-01
3.216000009588201181e+01,1.716242730617523193e-01,4.888783991336822510e-01
3.217000009591182419e+01,1.771145910024642944e-01,4.949148595333099365e-01
3.218000009594163657e+01,1.730069518089294434e-01,5.347233414649963379e-01
3.219000009597144896e+01,1.745800077915191650e-01,5.318982601165771484e-01
3.220000009600126845e+01,1.751389503479003906e-01,5.567303895950317383e-01
3.221000009603108083e+01,1.723448932170867920e-01,4.723637998104095459e-01
3.222000009606089321e+01,1.746800988912582397e-01,5.445790290832519531e-01
3.223000009609070560e+01,1.662505716085433960e-01,4.732767045497894287e-01
3.224000009612052509e+01,1.667215228080749512e-01,4.725485146045684814e-01
3.225000009615033747e+01,1.729950010776519775e-01,3.971135616302490234e-01
3.226000009618014985e+01,1.751789003610610962e-01,4.363166987895965576e-01
3.227000009620996224e+01,1.785571277141571045e-01,5.174251198768615723e-01
3.228000009623978173e+01,1.771769225597381592e-01,4.760170280933380127e-01
3.229000009626959411e+01,1.707003414630889893e-01,4.878302812576293945e-01
3.230000009629940649e+01,1.757367700338363647e-01,4.772737920284271240e-01
3.231000009632921888e+01,1.754520982503890991e-01,4.091195464134216309e-01
3.232000009635903126e+01,1.711041033267974854e-01,4.875426292419433594e-01
3.233000009638885075e+01,1.758850365877151489e-01,4.457574486732482910e-01
3.234000009641866313e+01,1.751094907522201538e-01,4.700078964233398438e-01
3.235000009644847552e+01,1.730151474475860596e-01,4.996244311332702637e-01
3.236000009647828790e+01,1.901933699846267700e-01,4.141021370887756348e-01
3.237000009650810739e+01,1.720397025346755981e-01,4.265691637992858887e-01
3.238000009653791977e+01,1.746165156364440918e-01,4.795409440994262695e-01
3.239000009656773216e+01,1.825219541788101196e-01,4.544920623302459717e-01
3.240000009659754454e+01,1.779152452945709229e-01,5.090182423591613770e-01
3.241000009662736403e+01,1.767825782299041748e-01,4.511574804782867432e-01
3.242000009665717641e+01,1.735174208879470825e-01,5.060613155364990234e-01
3.243000009668698880e+01,1.847003996372222900e-01,4.762236177921295166e-01
3.244000009671680118e+01,1.732836067676544189e-01,4.082003235816955566e-01
3.245000009674662067e+01,1.833778619766235352e-01,4.196823537349700928e-01
3.246000009677643305e+01,1.823440641164779663e-01,4.878704845905303955e-01
3.247000009680624544e+01,1.851444095373153687e-01,4.084232449531555176e-01
3.248000009683605782e+01,1.752301156520843506e-01,4.530576765537261963e-01
3.249000009686587020e+01,1.773441284894943237e-01,4.642278850078582764e-01
3.250000009689568969e+01,1.719509959220886230e-01,4.388359189033508301e-01
3.251000009692550208e+01,1.876549124717712402e-01,6.296613216400146484e-01
3.252000009695531446e+01,1.759941130876541138e-01,5.500143766403198242e-01
3.253000009698512685e+01,1.696868240833282471e-01,4.576970636844635010e-01
3.254000009701494633e+01,1.778056174516677856e-01,5.333364009857177734e-01
3.255000009704475872e+01,1.656396538019180298e-01,4.087888598442077637e-01
3.256000009707457110e+01,1.832020133733749390e-01,4.615935087203979492e-01
3.257000009710438349e+01,1.809102147817611694e-01,5.699281692504882812e-01
3.258000009713420297e+01,1.812746822834014893e-01,4.626146554946899414e-01
3.259000009716401536e+01,1.785742640495300293e-01,4.555606842041015625e-01
3.260000009719382774e+01,1.784730404615402222e-01,4.732573032379150391e-01
3.261000009722364013e+01,1.785459518432617188e-01,5.632408857345581055e-01
3.262000009725345961e+01,1.641367524862289429e-01,4.364064037799835205e-01
3.263000009728327200e+01,1.618760824203491211e-01,4.527836740016937256e-01
3.264000009731308438e+01,1.694852560758590698e-01,5.383235216140747070e-01
3.265000009734289677e+01,1.740563064813613892e-01,4.916860759258270264e-01
3.266000009737270915e+01,1.711225956678390503e-01,4.693932235240936279e-01
3.267000009740252864e+01,1.763436347246170044e-01,4.745282530784606934e-01
3.268000009743234102e+01,1.682710051536560059e-01,4.244531691074371338e-01
3.269000009746215341e+01,1.644834578037261963e-01,4.616019129753112793e-01
3.270000009749196579e+01,1.707305908203125000e-01,4.615895152091979980e-01
3.271000009752178528e+01,1.665796041488647461e-01,4.835758805274963379e-01
3.272000009755159766e+01,1.815550625324249268e-01,5.570803284645080566e-01
3.273000009758141005e+01,1.754016876220703125e-01,4.552173614501953125e-01
3.274000009761122243e+01,1.677830517292022705e-01,4.677414000034332275e-01
3.275000009764104192e+01,1.818115860223770142e-01,4.501509964466094971e-01
3.276000009767085430e+01,1.700371503829956055e-01,5.388454794883728027e-01
3.277000009770066669e+01,1.799780875444412231e-01,6.250017881393432617e-01
3.278000009773047907e+01,1.726570427417755127e-01,5.613172054290771484e-01
3.279000009776029856e+01,1.739614307880401611e-01,5.932688713073730469e-01
3.280000009779011094e+01,1.724778711795806885e-01,4.544902443885803223e-01
3.281000009781992333e+01,1.706162989139556885e-01,5.069394111633300781e-01
3.282000009784973571e+01,1.667418479919433594e-01,5.508117079734802246e-01
3.283000009787954809e+01,1.714795529842376709e-01,5.250517725944519043e-01
3.284000009790936758e+01,1.794773787260055542e-01,5.788704752922058105e-01
3.285000009793917997e+01,1.691680401563644409e-01,4.818879663944244385e-01
3.286000009796899235e+01,1.801835894584655762e-01,5.941409468650817871e-01
3.287000009799880473e+01,1.718548685312271118e-01,5.149303078651428223e-01
3.288000009802862422e+01,1.746138930320739746e-01,4.954622387886047363e-01
3.289000009805843661e+01,1.751837134361267090e-01,4.114934802055358887e-01
3.290000009808824899e+01,1.789190173149108887e-01,5.144259929656982422e-01
3.291000009811806137e+01,1.702326387166976929e-01,5.057458877563476562e-01
3.292000009814788086e+01,1.685163825750350952e-01,4.845481514930725098e-01
3.293000009817769325e+01,1.722565889358520508e-01,4.859095215797424316e-01
3.294000009820750563e+01,1.845840811729431152e-01,4.625504314899444580e-01
3.295000009823731801e+01,1.777947694063186646e-01,4.473029077053070068e-01
3.296000009826713750e+01,1.757148802280426025e-01,5.053383708000183105e-01
3.297000009829694989e+01,1.655020266771316528e-01,4.242786765098571777e-01
3.298000009832676227e+01,1.758835613727569580e-01,4.896382391452789307e-01
3.299000009835657465e+01,1.801003515720367432e-01,5.435702800750732422e-01
3.300000009838638704e+01,1.740643531084060669e-01,5.147784352302551270e-01
3.301000009841620653e+01,1.734439134597778320e-01,4.275972545146942139e-01
3.302000009844601891e+01,1.760726422071456909e-01,4.974413514137268066e-01
3.303000009847583129e+01,1.768368035554885864e-01,5.508344769477844238e-01
3.304000009850564368e+01,1.688987314701080322e-01,4.895060360431671143e-01
3.305000009853546317e+01,1.693665087223052979e-01,5.213288664817810059e-01
3.306000009856527555e+01,1.647572964429855347e-01,5.100702047348022461e-01
3.307000009859508793e+01,1.734249889850616455e-01,4.517934024333953857e-01
3.308000009862490032e+01,1.651084870100021362e-01,4.521411955356597900e-01
3.309000009865471981e+01,1.788675338029861450e-01,4.804896712303161621e-01
3.310000009868453219e+01,1.848833858966827393e-01,4.524736106395721436e-01
3.311000009871434457e+01,1.711056083440780640e-01,4.541248679161071777e-01
3.312000009874415696e+01,1.666570007801055908e-01,4.469271600246429443e-01
3.313000009877397645e+01,1.717518866062164307e-01,5.269172787666320801e-01
3.314000009880378883e+01,1.605252921581268311e-01,4.914286434650421143e-01
3.315000009883360121e+01,1.760120242834091187e-01,4.398947954177856445e-01
3.316000009886341360e+01,1.709787994623184204e-01,4.781230688095092773e-01
3.317000009889322598e+01,1.691319495439529419e-01,5.731349587440490723e-01
3.318000009892304547e+01,1.672593206167221069e-01,4.897280335426330566e-01
3.319000009895285785e+01,1.757768243551254272e-01,5.611813068389892578e-01
3.320000009898267024e+01,1.757562011480331421e-01,4.630424976348876953e-01
3.321000009901248262e+01,1.641467660665512085e-01,4.394078254699707031e-01
3.322000009904230211e+01,1.708953827619552612e-01,5.099377632141113281e-01
3.323000009907211449e+01,1.668044328689575195e-01,5.132547020912170410e-01
3.324000009910192688e+01,1.756019890308380127e-01,4.601766467094421387e-01
3.325000009913173926e+01,1.738689243793487549e-01,5.662773847579956055e-01
3.326000009916155875e+01,1.756670027971267700e-01,4.391781389713287354e-01
3.327000009919137113e+01,1.748834997415542603e-01,5.017046332359313965e-01
3.328000009922118352e+01,1.624141931533813477e-01,4.911648333072662354e-01
3.329000009925099590e+01,1.696065962314605713e-01,5.104141235351562500e-01
3.330000009928081539e+01,1.780834347009658813e-01,4.071239233016967773e-01
3.331000009931062777e+01,1.727536469697952271e-01,5.089384317398071289e-01
3.332000009934044016e+01,1.737962216138839722e-01,4.891667366027832031e-01
3.333000009937025254e+01,1.735490560531616211e-01,4.603237509727478027e-01
3.334000009940006493e+01,1.753713190555572510e-01,5.208210945129394531e-01
3.335000009942988441e+01,1.765409708023071289e-01,4.689007401466369629e-01
3.336000009945969680e+01,1.712921261787414551e-01,5.705532431602478027e-01
3.337000009948950918e+01,1.937872767448425293e-01,4.818884730339050293e-01
3.338000009951932157e+01,1.719592958688735962e-01,4.503673017024993896e-01
3.339000009954914105e+01,1.652287244796752930e-01,5.298810005187988281e-01
3.340000009957895344e+01,1.780914366245269775e-01,4.770799577236175537e-01
3.341000009960876582e+01,1.700130552053451538e-01,4.299083948135375977e-01
3.342000009963857821e+01,1.689839065074920654e-01,5.550168156623840332e-01
3.343000009966839770e+01,1.782496571540832520e-01,4.336233437061309814e-01
3.344000009969821008e+01,1.642384678125381470e-01,4.734191596508026123e-01
3.345000009972802246e+01,1.692613363265991211e-01,4.576587080955505371e-01
3.346000009975783485e+01,1.809905767440795898e-01,4.178811013698577881e-01
3.347000009978765434e+01,1.710432320833206177e-01,4.641731977462768555e-01
3.348000009981746672e+01,1.689015030860900879e-01,5.088861584663391113e-01
3.349000009984727910e+01,1.680457442998886108e-01,5.029595494270324707e-01
3.350000009987709149e+01,1.671605408191680908e-01,4.765656590461730957e-01
3.351000009990690387e+01,1.735855787992477417e-01,4.433344900608062744e-01
3.352000009993672336e+01,1.728103011846542358e-01,5.091531276702880859e-01
3.353000009996653574e+01,1.687790751457214355e-01,5.418464541435241699e-01
3.354000009999634813e+01,1.717372238636016846e-01,4.395684003829956055e-01
3.355000010002616051e+01,1.656907796859741211e-01,5.652556419372558594e-01
3.356000010005598000e+01,1.774321794509887695e-01,5.052313804626464844e-01
3.357000010008579238e+01,1.721322983503341675e-01,4.995418787002563477e-01
3.358000010011560477e+01,1.736930906772613525e-01,5.442593693733215332e-01
3.359000010014541715e+01,1.658401042222976685e-01,4.528249800205230713e-01
3.360000010017523664e+01,1.703696399927139282e-01,4.430218636989593506e-01
3.361000010020504902e+01,1.739605814218521118e-01,5.102598667144775391e-01
3.362000010023486141e+01,1.715960204601287842e-01,4.114318490028381348e-01
3.363000010026467379e+01,1.719847917556762695e-01,5.146082639694213867e-01
3.364000010029449328e+01,1.759044826030731201e-01,5.448816418647766113e-01
3.365000010032430566e+01,1.740318238735198975e-01,5.705382823944091797e-01
3.366000010035411805e+01,1.700529903173446655e-01,5.167789459228515625e-01
3.367000010038393043e+01,1.792195737361907959e-01,5.502750873565673828e-01
3.368000010041374281e+01,1.674803495407104492e-01,4.436794519424438477e-01
3.369000010044356230e+01,1.728036701679229736e-01,4.475195407867431641e-01
3.370000010047337469e+01,1.810971796512603760e-01,4.945230185985565186e-01
3.371000010050318707e+01,1.780511885881423950e-01,6.231895685195922852e-01
3.372000010053299945e+01,1.775616258382797241e-01,5.302650928497314453e-01
3.373000010056281894e+01,1.737170815467834473e-01,4.500739872455596924e-01
3.374000010059263133e+01,1.646844744682312012e-01,4.610050916671752930e-01
3.375000010062244371e+01,1.703928709030151367e-01,4.761141538619995117e-01
3.376000010065225609e+01,1.638746857643127441e-01,4.490449726581573486e-01
3.377000010068207558e+01,1.727943122386932373e-01,5.186958909034729004e-01
3.378000010071188797e+01,1.727115958929061890e-01,5.378897190093994141e-01
3.379000010074170035e+01,1.734930872917175293e-01,4.729230105876922607e-01
3.380000010077151273e+01,1.802787780761718750e-01,4.723178148269653320e-01
3.381000010080133222e+01,1.711092442274093628e-01,4.935066103935241699e-01
3.382000010083114461e+01,1.698575168848037720e-01,4.656815826892852783e-01
3.383000010086095699e+01,1.709104031324386597e-01,4.931011199951171875e-01
3.384000010089076937e+01,1.739332377910614014e-01,5.990247726440429688e-01
3.385000010092058176e+01,1.785812824964523315e-01,5.018559098243713379e-01
3.386000010095040125e+01,1.820437461137771606e-01,4.927677512168884277e-01
3.387000010098021363e+01,1.818426251411437988e-01,4.532404243946075439e-01
3.388000010101002601e+01,1.697318404912948608e-01,4.562185406684875488e-01
3.389000010103983840e+01,1.679441481828689575e-01,4.916161298751831055e-01
3.390000010106965789e+01,1.786358505487442017e-01,4.381034374237060547e-01
3.391000010109947027e+01,1.920840889215469360e-01,4.137024879455566406e-01
3.392000010112928265e+01,1.679755449295043945e-01,4.855554997920989990e-01
3.393000010115909504e+01,1.722409576177597046e-01,4.143796861171722412e-01
3.394000010118891453e+01,1.749648451805114746e-01,4.659010767936706543e-01
3.395000010121872691e+01,1.816133558750152588e-01,5.027574896812438965e-01
3.396000010124853929e+01,1.715661585330963135e-01,4.716548621654510498e-01
3.397000010127835168e+01,1.695249676704406738e-01,4.283832609653472900e-01
3.398000010130817117e+01,1.745085120201110840e-01,5.690493583679199219e-01
3.399000010133798355e+01,1.702560782432556152e-01,5.096095800399780273e-01
3.400000010136779593e+01,1.680489629507064819e-01,4.107280373573303223e-01
3.401000010139760832e+01,1.756325811147689819e-01,4.597419798374176025e-01
3.402000010142742070e+01,1.725713014602661133e-01,5.027005672454833984e-01
3.403000010145724019e+01,1.824815422296524048e-01,4.559884965419769287e-01
3.404000010148705258e+01,1.759373247623443604e-01,4.412125349044799805e-01
3.405000010151686496e+01,1.816955953836441040e-01,5.086371302604675293e-01
3.406000010154667734e+01,1.808008700609207153e-01,4.309291541576385498e-01
3.407000010157649683e+01,1.703254431486129761e-01,5.206866264343261719e-01
3.408000010160630922e+01,1.733198463916778564e-01,5.348238348960876465e-01
3.409000010163612160e+01,1.717692762613296509e-01,4.233801364898681641e-01
3.410000010166593398e+01,1.679889261722564697e-01,4.249969720840454102e-01
3.411000010169575347e+01,1.800923943519592285e-01,4.299051165580749512e-01
3.412000010172556586e+01,1.722027063369750977e-01,4.547330141067504883e-01
3.413000010175537824e+01,1.785422265529632568e-01,6.377708911895751953e-01
3.414000010178519062e+01,1.717100143432617188e-01,4.383960068225860596e-01
3.415000010181501011e+01,1.757076680660247803e-01,6.729114651679992676e-01
3.416000010184482250e+01,1.771858334541320801e-01,5.181376338005065918e-01
3.417000010187463488e+01,1.763790994882583618e-01,4.520053565502166748e-01
3.418000010190444726e+01,1.754011511802673340e-01,5.819545984268188477e-01
3.419000010193426675e+01,1.723705679178237915e-01,4.866148531436920166e-01
3.420000010196407914e+01,1.672645807266235352e-01,5.002768635749816895e-01
3.421000010199389152e+01,1.764830946922302246e-01,4.899699389934539795e-01
3.422000010202370390e+01,1.708704084157943726e-01,4.934633076190948486e-01
3.423000010205351629e+01,1.809306144714355469e-01,5.389487147331237793e-01
3.424000010208333578e+01,1.721005141735076904e-01,5.554774403572082520e-01
3.425000010211314816e+01,1.713304966688156128e-01,5.349243283271789551e-01
3.426000010214296054e+01,1.709451973438262939e-01,4.632623195648193359e-01
3.427000010217277293e+01,1.735995113849639893e-01,4.884865880012512207e-01
3.428000010220259242e+01,1.723256260156631470e-01,5.591417551040649414e-01
3.429000010223240480e+01,1.641664355993270874e-01,5.387474298477172852e-01
3.430000010226221718e+01,1.719440370798110962e-01,4.056215286254882812e-01
3.431000010229202957e+01,1.688738912343978882e-01,4.445471167564392090e-01
3.432000010232184906e+01,1.668338626623153687e-01,5.374340415000915527e-01
3.433000010235166144e+01,1.640890240669250488e-01,4.585776031017303467e-01
3.434000010238147382e+01,1.734324842691421509e-01,4.664300680160522461e-01
3.435000010241128621e+01,1.849915534257888794e-01,6.696021556854248047e-01
3.436000010244110570e+01,1.735991537570953369e-01,4.637400805950164795e-01
3.437000010247091808e+01,1.770940274000167847e-01,4.383472204208374023e-01
3.438000010250073046e+01,1.794668138027191162e-01,5.285472273826599121e-01
3.439000010253054285e+01,1.777556985616683960e-01,5.053665041923522949e-01
3.440000010256035523e+01,1.771073788404464722e-01,6.164343357086181641e-01
3.441000010259017472e+01,1.727723628282546997e-01,5.073584914207458496e-01
3.442000010261998710e+01,1.762006431818008423e-01,5.147410631179809570e-01
3.443000010264979949e+01,1.775762438774108887e-01,4.726730287075042725e-01
3.444000010267961187e+01,1.760809868574142456e-01,4.755181670188903809e-01
3.445000010270943136e+01,1.760658025741577148e-01,4.339038133621215820e-01
3.446000010273924374e+01,1.790060102939605713e-01,4.181528985500335693e-01
3.447000010276905613e+01,1.714403927326202393e-01,4.414171278476715088e-01
3.448000010279886851e+01,1.738221347332000732e-01,5.415039062500000000e-01
3.449000010282868800e+01,1.709159016609191895e-01,4.469467699527740479e-01
3.450000010285850038e+01,1.708604246377944946e-01,4.509409368038177490e-01
3.451000010288831277e+01,1.835464090108871460e-01,4.415095448493957520e-01
3.452000010291812515e+01,1.734430044889450073e-01,4.380381107330322266e-01
3.453000010294794464e+01,1.808651238679885864e-01,4.808430075645446777e-01
3.454000010297775702e+01,1.621470898389816284e-01,4.860125780105590820e-01
3.455000010300756941e+01,1.742139905691146851e-01,4.009568989276885986e-01
3.456000010303738179e+01,1.721977293491363525e-01,4.914523065090179443e-01
3.457000010306719417e+01,1.689599156379699707e-01,3.780988454818725586e-01
3.458000010309701366e+01,1.690531075000762939e-01,4.563202261924743652e-01
3.459000010312682605e+01,1.734315454959869385e-01,5.085060000419616699e-01
3.460000010315663843e+01,1.613878011703491211e-01,5.012003183364868164e-01
3.461000010318645081e+01,1.744025349617004395e-01,4.875418245792388916e-01
3.462000010321627030e+01,1.710321456193923950e-01,4.974803924560546875e-01
3.463000010324608269e+01,1.656183302402496338e-01,5.051872134208679199e-01
3.464000010327589507e+01,1.664811968803405762e-01,4.713090360164642334e-01
3.465000010330570746e+01,1.740429550409317017e-01,5.712173581123352051e-01
3.466000010333552694e+01,1.756585240364074707e-01,4.747646749019622803e-01
3.467000010336533933e+01,1.595631092786788940e-01,4.336399137973785400e-01
3.468000010339515171e+01,1.767628639936447144e-01,5.255739688873291016e-01
3.469000010342496410e+01,1.673462688922882080e-01,5.553697347640991211e-01
3.470000010345478358e+01,1.653397530317306519e-01,5.112119317054748535e-01
3.471000010348459597e+01,1.689745485782623291e-01,4.424948692321777344e-01
3.472000010351440835e+01,1.701643019914627075e-01,4.972818195819854736e-01
3.473000010354422074e+01,1.691371500492095947e-01,4.970314502716064453e-01
3.474000010357403312e+01,1.763549298048019409e-01,4.944255352020263672e-01
3.475000010360385261e+01,1.886296719312667847e-01,4.352709650993347168e-01
3.476000010363366499e+01,1.672530770301818848e-01,4.121575653553009033e-01
3.477000010366347738e+01,1.826690435409545898e-01,4.611217081546783447e-01
3.478000010369328976e+01,1.705798208713531494e-01,4.483677148818969727e-01
3.479000010372310925e+01,1.736204177141189575e-01,4.998025000095367432e-01
3.480000010375292163e+01,1.770071536302566528e-01,5.190963745117187500e-01
3.481000010378273402e+01,1.663306355476379395e-01,4.673316180706024170e-01
3.482000010381254640e+01,1.744654774665832520e-01,4.630558192729949951e-01
3.483000010384236589e+01,1.586184501647949219e-01,4.440684318542480469e-01
3.484000010387217827e+01,1.744801253080368042e-01,4.632233977317810059e-01
3.485000010390199066e+01,1.709353625774383545e-01,4.557843208312988281e-01
3.486000010393180304e+01,1.802286952733993530e-01,4.974545836448669434e-01
3.487000010396162253e+01,1.752279847860336304e-01,4.439759254455566406e-01
3.488000010399143491e+01,1.693460047245025635e-01,4.796049892902374268e-01
3.489000010402124730e+01,1.725464761257171631e-01,5.502318739891052246e-01
3.490000010405105968e+01,1.724821180105209351e-01,4.959516227245330811e-01
3.491000010408087206e+01,1.811179667711257935e-01,4.829829633235931396e-01
3.492000010411069155e+01,1.694568246603012085e-01,5.286504030227661133e-01
3.493000010414050394e+01,1.713144630193710327e-01,5.266065001487731934e-01
3.494000010417031632e+01,1.763282269239425659e-01,4.997620582580566406e-01
3.495000010420012870e+01,1.680791676044464111e-01,5.757496953010559082e-01
3.496000010422994819e+01,1.721632629632949829e-01,4.662750959396362305e-01
3.497000010425976058e+01,1.770234107971191406e-01,5.006238222122192383e-01
3.498000010428957296e+01,1.706785857677459717e-01,5.703338980674743652e-01
3.499000010431938534e+01,1.741768568754196167e-01,5.553603172302246094e-01
3.500000010434920483e+01,1.695919483900070190e-01,4.964174926280975342e-01
3.501000010437901722e+01,1.692311614751815796e-01,5.534482002258300781e-01
3.502000010440882960e+01,1.813922524452209473e-01,5.137345790863037109e-01
3.503000010443864198e+01,1.731864959001541138e-01,5.168640017509460449e-01
3.504000010446846147e+01,1.745703667402267456e-01,4.479915797710418701e-01
3.505000010449827386e+01,1.829704940319061279e-01,4.571517705917358398e-01
3.506000010452808624e+01,1.750956624746322632e-01,4.793205261230468750e-01
3.507000010455789862e+01,1.727171987295150757e-01,4.377757608890533447e-01
3.508000010458771101e+01,1.794501394033432007e-01,5.604727268218994141e-01
3.509000010461753050e+01,1.740111112594604492e-01,5.800350904464721680e-01
3.510000010464734288e+01,1.712054610252380371e-01,5.462958812713623047e-01
3.511000010467715526e+01,1.682272553443908691e-01,5.284656882286071777e-01
3.512000010470696765e+01,1.725364774465560913e-01,4.661513566970825195e-01
3.513000010473678714e+01,1.756372898817062378e-01,4.891729056835174561e-01
3.514000010476659952e+01,1.856545060873031616e-01,4.513483047485351562e-01
3.515000010479641190e+01,1.765460520982742310e-01,5.195571780204772949e-01
3.516000010482622429e+01,1.793783605098724365e-01,4.674512147903442383e-01
3.517000010485604378e+01,1.736273467540740967e-01,4.847152233123779297e-01
3.518000010488585616e+01,1.716756224632263184e-01,4.577002525329589844e-01
3.519000010491566854e+01,1.667747199535369873e-01,5.182704925537109375e-01
3.520000010494548093e+01,1.680855154991149902e-01,4.412948787212371826e-01
3.521000010497530042e+01,1.824659854173660278e-01,5.342718958854675293e-01
3.522000010500511280e+01,1.782283633947372437e-01,5.615876913070678711e-01
3.523000010503492518e+01,1.768838316202163696e-01,5.133466720581054688e-01
3.524000010506473757e+01,1.781023889780044556e-01,5.024500489234924316e-01
3.525000010509454995e+01,1.813737750053405762e-01,6.001740097999572754e-01
3.526000010512436944e+01,1.688864380121231079e-01,4.651315212249755859e-01
3.527000010515418182e+01,1.735207438468933105e-01,5.304654836654663086e-01
3.528000010518399421e+01,1.756220012903213501e-01,5.233380794525146484e-01
3.529000010521380659e+01,1.882524192333221436e-01,4.797498285770416260e-01
3.530000010524362608e+01,1.744500398635864258e-01,4.394927918910980225e-01
3.531000010527343846e+01,1.874393373727798462e-01,4.841100573539733887e-01
3.532000010530325085e+01,1.782400161027908325e-01,4.816451370716094971e-01
3.533000010533306323e+01,1.754218339920043945e-01,4.529434144496917725e-01
3.534000010536288272e+01,1.739147305488586426e-01,4.754949510097503662e-01
3.535000010539269510e+01,1.814292073249816895e-01,5.164039731025695801e-01
3.536000010542250749e+01,1.774101704359054565e-01,4.663858115673065186e-01
3.537000010545231987e+01,1.695889532566070557e-01,6.317116022109985352e-01
3.538000010548213936e+01,1.757698059082031250e-01,5.208630561828613281e-01
3.539000010551195174e+01,1.841878443956375122e-01,5.113024711608886719e-01
3.540000010554176413e+01,1.753640323877334595e-01,5.026766061782836914e-01
3.541000010557157651e+01,1.761121898889541626e-01,4.770866334438323975e-01
3.542000010560138890e+01,1.651379019021987915e-01,4.814681112766265869e-01
3.543000010563120838e+01,1.646603643894195557e-01,5.423496365547180176e-01
3.544000010566102077e+01,1.650889962911605835e-01,5.267067551612854004e-01
3.545000010569083315e+01,1.780490428209304810e-01,4.876601696014404297e-01
3.546000010572064554e+01,1.645480841398239136e-01,4.612205922603607178e-01
3.547000010575046502e+01,1.673541218042373657e-01,4.434608221054077148e-01
3.548000010578027741e+01,1.676408797502517700e-01,4.053377211093902588e-01
3.549000010581008979e+01,1.761196106672286987e-01,4.099583029747009277e-01
3.550000010583990218e+01,1.651833355426788330e-01,4.570045471191406250e-01
3.551000010586972166e+01,1.752618104219436646e-01,4.336113035678863525e-01
3.552000010589953405e+01,1.701829135417938232e-01,5.307226181030273438e-01
3.553000010592934643e+01,1.733194440603256226e-01,4.655497670173645020e-01
3.554000010595915882e+01,1.738769263029098511e-01,4.626107811927795410e-01
3.555000010598897831e+01,1.732461750507354736e-01,5.526559948921203613e-01
3.556000010601879069e+01,1.670274883508682251e-01,4.180865287780761719e-01
3.557000010604860307e+01,1.679186373949050903e-01,4.671474397182464600e-01
3.558000010607841546e+01,1.653137505054473877e-01,4.049323499202728271e-01
3.559000010610822784e+01,1.703654378652572632e-01,4.541096389293670654e-01
3.560000010613804733e+01,1.700222790241241455e-01,4.914527535438537598e-01
3.561000010616785971e+01,1.588725894689559937e-01,4.608789086341857910e-01
3.562000010619767210e+01,1.716222167015075684e-01,4.543060362339019775e-01
3.563000010622748448e+01,1.684250235557556152e-01,3.979964852333068848e-01
3.564000010625730397e+01,1.780179142951965332e-01,5.223482847213745117e-01
3.565000010628711635e+01,1.764886230230331421e-01,4.518472254276275635e-01
3.566000010631692874e+01,1.677141040563583374e-01,4.318970143795013428e-01
3.567000010634674112e+01,1.746681183576583862e-01,4.199169278144836426e-01
3.568000010637656061e+01,1.691612303256988525e-01,4.451749026775360107e-01
3.569000010640637299e+01,1.708299368619918823e-01,4.789294898509979248e-01
3.570000010643618538e+01,1.669404804706573486e-01,5.059591531753540039e-01
3.571000010646599776e+01,1.718415617942810059e-01,3.988614976406097412e-01
3.572000010649581725e+01,1.819438040256500244e-01,4.337779879570007324e-01
3.573000010652562963e+01,1.786404252052307129e-01,4.262406229972839355e-01
3.574000010655544202e+01,1.789860725402832031e-01,4.830278754234313965e-01
3.575000010658525440e+01,1.643125116825103760e-01,3.980842530727386475e-01
3.576000010661506678e+01,1.738642305135726929e-01,4.738192558288574219e-01
3.577000010664488627e+01,1.787143945693969727e-01,5.083340406417846680e-01
3.578000010667469866e+01,1.771733909845352173e-01,4.247729778289794922e-01
3.579000010670451104e+01,1.770973056554794312e-01,3.929424583911895752e-01
3.580000010673432342e+01,1.772539019584655762e-01,4.312590658664703369e-01
3.581000010676414291e+01,1.752322614192962646e-01,4.757012128829956055e-01
3.582000010679395530e+01,1.694487482309341431e-01,4.301387965679168701e-01
3.583000010682376768e+01,1.778261065483093262e-01,4.585522413253784180e-01
3.584000010685358006e+01,1.692664772272109985e-01,4.331430494785308838e-01
3.585000010688339955e+01,1.691570132970809937e-01,4.775578379631042480e-01
3.586000010691321194e+01,1.779522299766540527e-01,4.704753160476684570e-01
3.587000010694302432e+01,1.724611967802047729e-01,4.599366188049316406e-01
3.588000010697283670e+01,1.721532791852951050e-01,4.822808504104614258e-01
3.589000010700265619e+01,1.755763143301010132e-01,5.067940950393676758e-01
3.590000010703246858e+01,1.741992533206939697e-01,4.096484780311584473e-01
3.591000010706228096e+01,1.718689948320388794e-01,5.247716307640075684e-01
3.592000010709209334e+01,1.764996498823165894e-01,5.142436623573303223e-01
3.593000010712190573e+01,1.682852506637573242e-01,4.604064822196960449e-01
3.594000010715172522e+01,1.715788245201110840e-01,5.624428987503051758e-01
3.595000010718153760e+01,1.684664189815521240e-01,4.087765812873840332e-01
3.596000010721134998e+01,1.718003004789352417e-01,4.368238449096679688e-01
3.597000010724116237e+01,1.780076622962951660e-01,5.159958004951477051e-01
3.598000010727098186e+01,1.702458709478378296e-01,4.532686769962310791e-01
3.599000010730079424e+01,1.718500405550003052e-01,4.416216909885406494e-01
3.600000010733060662e+01,1.749673783779144287e-01,4.419442713260650635e-01
3.601000010736041901e+01,1.851927191019058228e-01,4.244545102119445801e-01
3.602000010739023850e+01,1.725806891918182373e-01,4.592734575271606445e-01
3.603000010742005088e+01,1.750343888998031616e-01,4.353775680065155029e-01
3.604000010744986326e+01,1.704586893320083618e-01,4.685723185539245605e-01
3.605000010747967565e+01,1.792662441730499268e-01,6.542555093765258789e-01
3.606000010750949514e+01,1.696314215660095215e-01,4.537551403045654297e-01
3.607000010753930752e+01,1.843681335449218750e-01,5.578356981277465820e-01
3.608000010756911990e+01,1.788965314626693726e-01,5.494211316108703613e-01
3.609000010759893229e+01,1.779615730047225952e-01,4.477832019329071045e-01
3.610000010762875178e+01,1.686277985572814941e-01,4.264213144779205322e-01
3.611000010765856416e+01,1.690465509891510010e-01,4.574179351329803467e-01
3.612000010768837654e+01,1.697864383459091187e-01,4.841176271438598633e-01
3.613000010771818893e+01,1.811612546443939209e-01,4.860165417194366455e-01
3.614000010774800131e+01,1.730150282382965088e-01,4.634226858615875244e-01
3.615000010777782080e+01,1.726165264844894409e-01,4.541027247905731201e-01
3.616000010780763319e+01,1.720831096172332764e-01,4.608525931835174561e-01
3.617000010783744557e+01,1.649144142866134644e-01,4.339450001716613770e-01
3.618000010786725795e+01,1.748586595058441162e-01,4.765754938125610352e-01
3.619000010789707744e+01,1.572187095880508423e-01,3.876210153102874756e-01
3.620000010792688983e+01,1.673814505338668823e-01,4.428906142711639404e-01
3.621000010795670221e+01,1.765180230140686035e-01,5.165115594863891602e-01
3.622000010798651459e+01,1.752630919218063354e-01,4.483435153961181641e-01
3.623000010801633408e+01,1.661656498908996582e-01,4.647397994995117188e-01
3.624000010804614647e+01,1.690158247947692871e-01,4.137836694717407227e-01
3.625000010807595885e+01,1.649621278047561646e-01,4.744721055030822754e-01
3.626000010810577123e+01,1.708371043205261230e-01,4.613161087036132812e-01
3.627000010813559072e+01,1.781236827373504639e-01,4.756885468959808350e-01
3.628000010816540311e+01,1.734630614519119263e-01,4.514799714088439941e-01
3.629000010819521549e+01,1.744691133499145508e-01,4.632576107978820801e-01
3.630000010822502787e+01,1.684149503707885742e-01,4.191653728485107422e-01
3.631000010825484026e+01,1.776616424322128296e-01,4.617503285408020020e-01
3.632000010828465975e+01,1.719827950000762939e-01,4.840914905071258545e-01
3.633000010831447213e+01,1.864104419946670532e-01,6.361622810363769531e-01
3.634000010834428451e+01,1.774216890335083008e-01,4.223535060882568359e-01
3.635000010837409690e+01,1.800358146429061890e-01,3.976309299468994141e-01
3.636000010840391639e+01,1.776898801326751709e-01,4.316966533660888672e-01
3.637000010843372877e+01,1.687283813953399658e-01,4.152495563030242920e-01
3.638000010846354115e+01,1.633467376232147217e-01,4.150506556034088135e-01
3.639000010849335354e+01,1.704132705926895142e-01,4.304061233997344971e-01
3.640000010852317303e+01,1.834664940834045410e-01,4.880881309509277344e-01
3.641000010855298541e+01,1.774841994047164917e-01,5.114868283271789551e-01
3.642000010858279779e+01,1.683985888957977295e-01,4.370776712894439697e-01
3.643000010861261018e+01,1.711338460445404053e-01,4.675994813442230225e-01
3.644000010864242967e+01,1.763972640037536621e-01,4.457563459873199463e-01
3.645000010867224205e+01,1.770517528057098389e-01,4.406386315822601318e-01
3.646000010870205443e+01,1.696799248456954956e-01,4.476027786731719971e-01
3.647000010873186682e+01,1.690711528062820435e-01,4.602864384651184082e-01
3.648000010876167920e+01,1.712608784437179565e-01,4.651188552379608154e-01
3.649000010879149869e+01,1.811012774705886841e-01,4.549694657325744629e-01
3.650000010882131107e+01,1.715839356184005737e-01,4.554237127304077148e-01
3.651000010885112346e+01,1.729056090116500854e-01,4.876965284347534180e-01
3.652000010888093584e+01,1.784731298685073853e-01,4.690323472023010254e-01
3.653000010891075533e+01,1.688179373741149902e-01,4.364479482173919678e-01
3.654000010894056771e+01,1.745957881212234497e-01,4.508956372737884521e-01
3.655000010897038010e+01,1.788819134235382080e-01,4.129457771778106689e-01
3.656000010900019248e+01,1.884634643793106079e-01,5.186761617660522461e-01
3.657000010903001197e+01,1.855531185865402222e-01,4.774223566055297852e-01
3.658000010905982435e+01,1.732669472694396973e-01,4.749340713024139404e-01
3.659000010908963674e+01,1.729497313499450684e-01,4.147645235061645508e-01
3.660000010911944912e+01,1.658889800310134888e-01,3.855977952480316162e-01
3.661000010914926861e+01,1.741178929805755615e-01,4.006665349006652832e-01
3.662000010917908099e+01,1.759407669305801392e-01,4.147010147571563721e-01
3.663000010920889338e+01,1.658245772123336792e-01,4.631328284740447998e-01
3.664000010923870576e+01,1.683637350797653198e-01,4.916148483753204346e-01
3.665000010926851814e+01,1.784404367208480835e-01,5.259121060371398926e-01
3.666000010929833763e+01,1.674712002277374268e-01,4.812349379062652588e-01
3.667000010932815002e+01,1.661869734525680542e-01,4.249934554100036621e-01
3.668000010935796240e+01,1.737577319145202637e-01,5.097961425781250000e-01
3.669000010938777478e+01,1.702173352241516113e-01,4.236221611499786377e-01
3.670000010941759427e+01,1.656226217746734619e-01,4.664137363433837891e-01
3.671000010944740666e+01,1.774523854255676270e-01,4.581467509269714355e-01
3.672000010947721904e+01,1.756207197904586792e-01,3.865828216075897217e-01
3.673000010950703142e+01,1.694740802049636841e-01,4.216982722282409668e-01
3.674000010953685091e+01,1.701845228672027588e-01,5.100994706153869629e-01
3.675000010956666330e+01,1.763018369674682617e-01,4.556044042110443115e-01
3.676000010959647568e+01,1.698293685913085938e-01,4.556668102741241455e-01
3.677000010962628807e+01,1.811445504426956177e-01,4.287125766277313232e-01
3.678000010965610755e+01,1.685839742422103882e-01,5.019041895866394043e-01
3.679000010968591994e+01,1.749617606401443481e-01,5.510724186897277832e-01
3.680000010971573232e+01,1.715362668037414551e-01,4.648928642272949219e-01
3.681000010974554471e+01,1.707839816808700562e-01,4.759088158607482910e-01
3.682000010977535709e+01,1.720694452524185181e-01,4.757675230503082275e-01
3.683000010980517658e+01,1.761211454868316650e-01,4.263186752796173096e-01
3.684000010983498896e+01,1.731945127248764038e-01,4.920349717140197754e-01
3.685000010986480135e+01,1.717672199010848999e-01,5.244526267051696777e-01
3.686000010989461373e+01,1.807621270418167114e-01,4.927510023117065430e-01
3.687000010992443322e+01,1.712011098861694336e-01,4.669550359249114990e-01
3.688000010995424560e+01,1.715875267982482910e-01,4.552743136882781982e-01
3.689000010998405799e+01,1.782213151454925537e-01,4.710016548633575439e-01
3.690000011001387037e+01,1.689518541097640991e-01,5.082037448883056641e-01
3.691000011004368986e+01,1.705505102872848511e-01,4.454476237297058105e-01
3.692000011007350224e+01,1.750777214765548706e-01,4.919596910476684570e-01
3.693000011010331463e+01,1.872714459896087646e-01,4.886161983013153076e-01
3.694000011013312701e+01,1.745133548974990845e-01,4.737424552440643311e-01
3.695000011016294650e+01,1.725262701511383057e-01,4.974660575389862061e-01
3.696000011019275888e+01,1.663218736648559570e-01,4.790897965431213379e-01
3.697000011022257127e+01,1.884941160678863525e-01,6.269746422767639160e-01
3.698000011025238365e+01,1.694849431514739990e-01,5.370479822158813477e-01
3.699000011028219603e+01,1.713900119066238403e-01,5.027544498443603516e-01
3.700000011031201552e+01,1.747339069843292236e-01,5.406400561332702637e-01
3.701000011034182791e+01,1.637370288372039795e-01,4.525917172431945801e-01
3.702000011037164029e+01,1.709150373935699463e-01,4.685973227024078369e-01
3.703000011040145267e+01,1.699517518281936646e-01,5.340688824653625488e-01
3.704000011043127216e+01,1.787996590137481689e-01,4.800850152969360352e-01
3.705000011046108455e+01,1.679279953241348267e-01,4.685477912425994873e-01
3.706000011049089693e+01,1.695137619972229004e-01,4.769180715084075928e-01
3.707000011052070931e+01,1.786645054817199707e-01,4.375652670860290527e-01
3.708000011055052880e+01,1.806110888719558716e-01,4.492849409580230713e-01
3.709000011058034119e+01,1.795421838760375977e-01,4.735976159572601318e-01
3.710000011061015357e+01,1.738932877779006958e-01,5.444027781486511230e-01
3.711000011063996595e+01,1.728566288948059082e-01,4.908804893493652344e-01
3.712000011066978544e+01,1.792163699865341187e-01,5.114961862564086914e-01
3.713000011069959783e+01,1.760951131582260132e-01,4.976795911788940430e-01
3.714000011072941021e+01,1.728846132755279541e-01,4.589766860008239746e-01
3.715000011075922259e+01,1.820002645254135132e-01,5.212748646736145020e-01
3.716000011078903498e+01,1.820023655891418457e-01,5.094414353370666504e-01
3.717000011081885447e+01,1.744708418846130371e-01,4.771865904331207275e-01
3.718000011084866685e+01,1.756446808576583862e-01,4.833009839057922363e-01
3.719000011087847923e+01,1.706493645906448364e-01,5.546302795410156250e-01
3.720000011090829162e+01,1.661804318428039551e-01,5.164877176284790039e-01
3.721000011093811111e+01,1.703258156776428223e-01,4.765846729278564453e-01
3.722000011096792349e+01,1.713699400424957275e-01,5.428594350814819336e-01
3.723000011099773587e+01,1.769367605447769165e-01,5.170584917068481445e-01
3.724000011102754826e+01,1.685291528701782227e-01,5.227214694023132324e-01
3.725000011105736775e+01,1.721002012491226196e-01,5.514951348304748535e-01
3.726000011108718013e+01,1.719436198472976685e-01,5.568888187408447266e-01
3.727000011111699251e+01,1.761854588985443115e-01,5.865273475646972656e-01
3.728000011114680490e+01,1.745653599500656128e-01,5.862261652946472168e-01
3.729000011117662439e+01,1.785488128662109375e-01,5.268092751502990723e-01
3.730000011120643677e+01,1.738799214363098145e-01,4.776169061660766602e-01
3.731000011123624915e+01,1.654948741197586060e-01,4.419673979282379150e-01
3.732000011126606154e+01,1.705539524555206299e-01,5.181716680526733398e-01
3.733000011129587392e+01,1.700032800436019897e-01,4.726910591125488281e-01
3.734000011132569341e+01,1.700524389743804932e-01,5.073139667510986328e-01
3.735000011135550579e+01,1.644817739725112915e-01,4.740076661109924316e-01
3.736000011138531818e+01,1.626345515251159668e-01,5.033575892448425293e-01
3.737000011141513056e+01,1.788557469844818115e-01,5.759986042976379395e-01
3.738000011144495005e+01,1.834483146667480469e-01,5.116467475891113281e-01
3.739000011147476243e+01,1.717054545879364014e-01,4.480386376380920410e-01
3.740000011150457482e+01,1.864727288484573364e-01,4.979720413684844971e-01
3.741000011153438720e+01,1.775136142969131470e-01,5.364586710929870605e-01
3.742000011156420669e+01,1.684341132640838623e-01,4.946922063827514648e-01
3.743000011159401907e+01,1.717569530010223389e-01,5.456587076187133789e-01
3.744000011162383146e+01,1.672753095626831055e-01,4.969366490840911865e-01
3.745000011165364384e+01,1.725648641586303711e-01,5.662575364112854004e-01
3.746000011168346333e+01,1.713948845863342285e-01,5.394043922424316406e-01
3.747000011171327571e+01,1.724467128515243530e-01,5.210172533988952637e-01
3.748000011174308810e+01,1.664162129163742065e-01,4.799416065216064453e-01
3.749000011177290048e+01,1.702581048011779785e-01,5.299913883209228516e-01
3.750000011180271287e+01,1.722022891044616699e-01,4.885224699974060059e-01
3.751000011183253235e+01,1.763230711221694946e-01,4.889757037162780762e-01
3.752000011186234474e+01,1.698225438594818115e-01,4.928937554359436035e-01
3.753000011189215712e+01,1.695232093334197998e-01,4.315434098243713379e-01
3.754000011192196951e+01,1.844503581523895264e-01,5.232644677162170410e-01
3.755000011195178899e+01,1.783646494150161743e-01,5.311546921730041504e-01
3.756000011198160138e+01,1.757692098617553711e-01,4.231677353382110596e-01
3.757000011201141376e+01,1.722175180912017822e-01,4.749599695205688477e-01
3.758000011204122615e+01,1.688549816608428955e-01,5.275349617004394531e-01
3.759000011207104563e+01,1.748546659946441650e-01,4.031395018100738525e-01
3.760000011210085802e+01,1.748848557472229004e-01,5.171898007392883301e-01
3.761000011213067040e+01,1.807614713907241821e-01,4.123422205448150635e-01
3.762000011216048279e+01,1.780034601688385010e-01,4.518213868141174316e-01
3.763000011219030227e+01,1.803700029850006104e-01,4.636686444282531738e-01
3.764000011222011466e+01,1.779229938983917236e-01,5.243967175483703613e-01
3.765000011224992704e+01,1.788765341043472290e-01,5.131130814552307129e-01
3.766000011227973943e+01,1.702625304460525513e-01,4.859764277935028076e-01
3.767000011230955181e+01,1.723317652940750122e-01,5.742261409759521484e-01
3.768000011233937130e+01,1.695098280906677246e-01,5.068155527114868164e-01
3.769000011236918368e+01,1.745483577251434326e-01,6.086645126342773438e-01
3.770000011239899607e+01,1.814860999584197998e-01,5.055216550827026367e-01
3.771000011242880845e+01,1.887137293815612793e-01,4.832274019718170166e-01
3.772000011245862794e+01,1.813527792692184448e-01,4.939966797828674316e-01
3.773000011248844032e+01,1.762817054986953735e-01,4.792757928371429443e-01
3.774000011251825271e+01,1.685255467891693115e-01,5.240452289581298828e-01
3.775000011254806509e+01,1.794507056474685669e-01,5.334730148315429688e-01
3.776000011257788458e+01,1.712438762187957764e-01,4.719278514385223389e-01
3.777000011260769696e+01,1.789699792861938477e-01,6.059042215347290039e-01
3.778000011263750935e+01,1.716492772102355957e-01,4.580754041671752930e-01
3.779000011266732173e+01,1.743745654821395874e-01,4.997143149375915527e-01
3.780000011269714122e+01,1.728763580322265625e-01,6.075147986412048340e-01
3.781000011272695360e+01,1.775784790515899658e-01,5.554125308990478516e-01
3.782000011275676599e+01,1.643728315830230713e-01,4.923053383827209473e-01
3.783000011278657837e+01,1.743440926074981689e-01,4.716794788837432861e-01
3.784000011281639075e+01,1.708365082740783691e-01,4.602047204971313477e-01
3.785000011284621024e+01,1.766497194766998291e-01,4.689784049987792969e-01
3.786000011287602263e+01,1.681135743856430054e-01,4.675605595111846924e-01
3.787000011290583501e+01,1.778114438056945801e-01,4.916073977947235107e-01
3.788000011293564739e+01,1.741742640733718872e-01,4.182836115360260010e-01
3.789000011296546688e+01,1.763283759355545044e-01,4.354666769504547119e-01
3.790000011299527927e+01,1.771999299526214600e-01,4.969331622123718262e-01
3.791000011302509165e+01,1.801185160875320435e-01,4.381366968154907227e-01
3.792000011305490403e+01,1.777105927467346191e-01,4.235056638717651367e-01
3.793000011308472352e+01,1.760538220405578613e-01,4.806995987892150879e-01
3.794000011311453591e+01,1.750987470149993896e-01,4.604751467704772949e-01
3.795000011314434829e+01,1.759012341499328613e-01,5.294022560119628906e-01
3.796000011317416067e+01,1.693092882633209229e-01,5.000033974647521973e-01
3.797000011320398016e+01,1.802222877740859985e-01,4.299504458904266357e-01
3.798000011323379255e+01,1.736434400081634521e-01,5.246813893318176270e-01
3.799000011326360493e+01,1.743643134832382202e-01,5.390329360961914062e-01
3.800000011329341731e+01,1.821716874837875366e-01,5.289116501808166504e-01
3.801000011332322970e+01,1.760513186454772949e-01,5.345661044120788574e-01
3.802000011335304919e+01,1.726531386375427246e-01,4.696862995624542236e-01
3.803000011338286157e+01,1.768690049648284912e-01,4.836083352565765381e-01
3.804000011341267395e+01,1.797151267528533936e-01,4.790780544281005859e-01
3.805000011344248634e+01,1.823326498270034790e-01,5.820787549018859863e-01
3.806000011347230583e+01,1.772798150777816772e-01,6.407263875007629395e-01
3.807000011350211821e+01,1.731141209602355957e-01,4.808105528354644775e-01
3.808000011353193059e+01,1.806653589010238647e-01,4.282097220420837402e-01
3.809000011356174298e+01,1.715635955333709717e-01,5.253794789314270020e-01
3.810000011359156247e+01,1.823930144309997559e-01,5.879385471343994141e-01
3.811000011362137485e+01,1.752972006797790527e-01,4.913760423660278320e-01
3.812000011365118723e+01,1.704545170068740845e-01,4.152361154556274414e-01
3.813000011368099962e+01,1.731150895357131958e-01,4.618399739265441895e-01
3.814000011371081911e+01,1.777924895286560059e-01,4.732750952243804932e-01
3.815000011374063149e+01,1.760071367025375366e-01,5.114239454269409180e-01
3.816000011377044387e+01,1.672194600105285645e-01,5.163390636444091797e-01
3.817000011380025626e+01,1.710809767246246338e-01,5.135280489921569824e-01
3.818000011383007575e+01,1.721693575382232666e-01,5.370665788650512695e-01
3.819000011385988813e+01,1.692353188991546631e-01,5.548307299613952637e-01
3.820000011388970051e+01,1.824464499950408936e-01,4.975327551364898682e-01
3.821000011391951290e+01,1.723071932792663574e-01,4.653532207012176514e-01
3.822000011394932528e+01,1.831594109535217285e-01,5.961825251579284668e-01
3.823000011397914477e+01,1.775318533182144165e-01,4.705597162246704102e-01
3.824000011400895715e+01,1.745499074459075928e-01,4.353224933147430420e-01
3.825000011403876954e+01,1.732193231582641602e-01,5.970408916473388672e-01
3.826000011406858192e+01,1.819312423467636108e-01,5.484239459037780762e-01
3.827000011409840141e+01,1.750439256429672241e-01,4.966955780982971191e-01
3.828000011412821380e+01,1.655782759189605713e-01,5.876157283782958984e-01
3.829000011415802618e+01,1.747328341007232666e-01,4.905097484588623047e-01
3.830000011418783856e+01,1.737819164991378784e-01,5.542092323303222656e-01
3.831000011421765805e+01,1.664761006832122803e-01,4.674418866634368896e-01
3.832000011424747044e+01,1.803887635469436646e-01,4.809366464614868164e-01
3.833000011427728282e+01,1.688345074653625488e-01,5.522161126136779785e-01
3.834000011430709520e+01,1.682812124490737915e-01,4.883976280689239502e-01
3.835000011433691469e+01,1.855953037738800049e-01,4.536129534244537354e-01
3.836000011436672708e+01,1.792170107364654541e-01,4.489565491676330566e-01
3.837000011439653946e+01,1.701777428388595581e-01,5.357767343521118164e-01
3.838000011442635184e+01,1.656012386083602905e-01,6.031965613365173340e-01
3.839000011445616423e+01,1.664675623178482056e-01,5.742753744125366211e-01
3.840000011448598372e+01,1.760419309139251709e-01,4.587937295436859131e-01
3.841000011451579610e+01,1.706092059612274170e-01,4.781230986118316650e-01
3.842000011454560848e+01,1.623154729604721069e-01,5.243070125579833984e-01
3.843000011457542087e+01,1.741538941860198975e-01,5.242426991462707520e-01
3.844000011460524036e+01,1.833164095878601074e-01,5.414345860481262207e-01
3.845000011463505274e+01,1.846852898597717285e-01,4.938000440597534180e-01
3.846000011466486512e+01,1.840946227312088013e-01,7.389710545539855957e-01
3.847000011469467751e+01,1.794204860925674438e-01,5.101365447044372559e-01
3.848000011472449700e+01,1.710202395915985107e-01,4.573816359043121338e-01
3.849000011475430938e+01,1.690296530723571777e-01,4.179279208183288574e-01
3.850000011478412176e+01,1.721495538949966431e-01,4.204552769660949707e-01
3.851000011481393415e+01,1.708218455314636230e-01,4.761808514595031738e-01
3.852000011484375364e+01,1.793755888938903809e-01,4.467404484748840332e-01
3.853000011487356602e+01,1.689377129077911377e-01,4.798326790332794189e-01
3.854000011490337840e+01,1.696522533893585205e-01,4.566460251808166504e-01
3.855000011493319079e+01,1.687834113836288452e-01,4.753199219703674316e-01
3.856000011496300317e+01,1.706840544939041138e-01,4.895222485065460205e-01
3.857000011499282266e+01,1.726186424493789673e-01,4.636793434619903564e-01
3.858000011502263504e+01,1.786570399999618530e-01,5.887159109115600586e-01
3.859000011505244743e+01,1.687006652355194092e-01,5.319321155548095703e-01
3.860000011508225981e+01,1.653156280517578125e-01,5.668261051177978516e-01
3.861000011511207930e+01,1.726862490177154541e-01,4.732953608036041260e-01
3.862000011514189168e+01,1.798596084117889404e-01,4.453458487987518311e-01
3.863000011517170407e+01,1.718247234821319580e-01,4.571442008018493652e-01
3.864000011520151645e+01,1.800333708524703979e-01,5.296109914779663086e-01
3.865000011523133594e+01,1.720508038997650146e-01,5.507462620735168457e-01
3.866000011526114832e+01,1.690728962421417236e-01,5.239714980125427246e-01
3.867000011529096071e+01,1.669154316186904907e-01,4.413722753524780273e-01
3.868000011532077309e+01,1.828201711177825928e-01,5.602735280990600586e-01
3.869000011535059258e+01,1.764466315507888794e-01,4.120969474315643311e-01
3.870000011538040496e+01,1.754365563392639160e-01,4.154171943664550781e-01
3.871000011541021735e+01,1.773940026760101318e-01,5.007276535034179688e-01
3.872000011544002973e+01,1.820202469825744629e-01,5.678119063377380371e-01
3.873000011546984211e+01,1.740106493234634399e-01,5.882830023765563965e-01
3.874000011549966160e+01,1.720865368843078613e-01,4.640500545501708984e-01
3.875000011552947399e+01,1.691922843456268311e-01,5.348967313766479492e-01
3.876000011555928637e+01,1.696554422378540039e-01,5.266343951225280762e-01
3.877000011558909875e+01,1.790487617254257202e-01,4.599560201168060303e-01
3.878000011561891824e+01,1.675233393907546997e-01,4.417321383953094482e-01
3.879000011564873063e+01,1.811386346817016602e-01,5.341742038726806641e-01
3.880000011567854301e+01,1.735326796770095825e-01,5.442222952842712402e-01
3.881000011570835539e+01,1.793819814920425415e-01,5.566058754920959473e-01
3.882000011573817488e+01,1.715365946292877197e-01,4.527565240859985352e-01
3.883000011576798727e+01,1.784609109163284302e-01,4.673832356929779053e-01
3.884000011579779965e+01,1.646923571825027466e-01,4.674637913703918457e-01
3.885000011582761203e+01,1.702577471733093262e-01,4.522593319416046143e-01
3.886000011585743152e+01,1.654971539974212646e-01,4.747200906276702881e-01
3.887000011588724391e+01,1.779256463050842285e-01,5.408722162246704102e-01
3.888000011591705629e+01,1.723004728555679321e-01,4.796968102455139160e-01
3.889000011594686868e+01,1.705368757247924805e-01,5.406802296638488770e-01
3.890000011597668106e+01,1.688246577978134155e-01,4.956708550453186035e-01
3.891000011600650055e+01,1.713339686393737793e-01,5.460762381553649902e-01
3.892000011603631293e+01,1.820022910833358765e-01,5.259417891502380371e-01
3.893000011606612532e+01,1.743837445974349976e-01,5.803376436233520508e-01
3.894000011609593770e+01,1.768508851528167725e-01,4.872175753116607666e-01
3.895000011612575719e+01,1.711639761924743652e-01,4.688170254230499268e-01
3.896000011615556957e+01,1.666318029165267944e-01,5.127681493759155273e-01
3.897000011618538196e+01,1.682236343622207642e-01,4.457436800003051758e-01
3.898000011621519434e+01,1.858647614717483521e-01,5.776892304420471191e-01
3.899000011624501383e+01,1.716332137584686279e-01,4.783254265785217285e-01
3.900000011627482621e+01,1.713580042123794556e-01,4.721836149692535400e-01
3.901000011630463860e+01,1.728796958923339844e-01,5.342923402786254883e-01
3.902000011633445098e+01,1.746006160974502563e-01,5.532251596450805664e-01
3.903000011636427047e+01,1.706493347883224487e-01,4.789918959140777588e-01
3.904000011639408285e+01,1.733465790748596191e-01,4.895927608013153076e-01
3.905000011642389524e+01,1.883879899978637695e-01,6.158262491226196289e-01
3.906000011645370762e+01,1.694939285516738892e-01,5.093540549278259277e-01
3.907000011648352000e+01,1.724886596202850342e-01,4.200237393379211426e-01
3.908000011651333949e+01,1.756386309862136841e-01,5.019140243530273438e-01
3.909000011654315188e+01,1.703566014766693115e-01,4.223813712596893311e-01
3.910000011657296426e+01,1.703765541315078735e-01,5.311548709869384766e-01
3.911000011660277664e+01,1.653967797756195068e-01,5.168177485466003418e-01
3.912000011663259613e+01,1.723073124885559082e-01,4.832673668861389160e-01
3.913000011666240852e+01,1.735244244337081909e-01,5.730456709861755371e-01
3.914000011669222090e+01,1.683542579412460327e-01,4.835883378982543945e-01
3.915000011672203328e+01,1.641653031110763550e-01,5.386984944343566895e-01
3.916000011675185277e+01,1.796421855688095093e-01,5.996512174606323242e-01
3.917000011678166516e+01,1.718639135360717773e-01,4.914899170398712158e-01
3.918000011681147754e+01,1.790630370378494263e-01,4.506674706935882568e-01
3.919000011684128992e+01,1.808305233716964722e-01,4.630105495452880859e-01
3.920000011687110941e+01,1.802503615617752075e-01,4.176208674907684326e-01
3.921000011690092180e+01,1.796063333749771118e-01,5.126592516899108887e-01
3.922000011693073418e+01,1.683866381645202637e-01,5.209557414054870605e-01
3.923000011696054656e+01,1.801255047321319580e-01,4.331371784210205078e-01
3.924000011699035895e+01,1.805008947849273682e-01,5.765188932418823242e-01
3.925000011702017844e+01,1.710549443960189819e-01,4.739704132080078125e-01
3.926000011704999082e+01,1.740680336952209473e-01,4.758356809616088867e-01
3.927000011707980320e+01,1.705964505672454834e-01,4.325155317783355713e-01
3.928000011710961559e+01,1.713454425334930420e-01,4.649833142757415771e-01
3.929000011713943508e+01,1.784460991621017456e-01,4.914722144603729248e-01
3.930000011716924746e+01,1.737106144428253174e-01,4.239021837711334229e-01
3.931000011719905984e+01,1.756992042064666748e-01,5.240641832351684570e-01
3.932000011722887223e+01,1.829082816839218140e-01,5.701217055320739746e-01
3.933000011725869172e+01,1.760360747575759888e-01,5.697767138481140137e-01
3.934000011728850410e+01,1.707789152860641479e-01,5.127856731414794922e-01
3.935000011731831648e+01,1.724863201379776001e-01,5.183829665184020996e-01
3.936000011734812887e+01,1.701567471027374268e-01,5.202180743217468262e-01
3.937000011737794836e+01,1.812230944633483887e-01,5.191824436187744141e-01
3.938000011740776074e+01,1.824713796377182007e-01,4.998786449432373047e-01
3.939000011743757312e+01,1.778828054666519165e-01,4.702779054641723633e-01
3.940000011746738551e+01,1.721543073654174805e-01,4.516331553459167480e-01
3.941000011749719789e+01,1.705410033464431763e-01,5.134900808334350586e-01
3.942000011752701738e+01,1.706546097993850708e-01,4.959880113601684570e-01
3.943000011755682976e+01,1.791582256555557251e-01,6.388297677040100098e-01
3.944000011758664215e+01,1.770847290754318237e-01,4.614075720310211182e-01
3.945000011761645453e+01,1.797478646039962769e-01,4.434030055999755859e-01
3.946000011764627402e+01,1.761002540588378906e-01,4.917439520359039307e-01
3.947000011767608640e+01,1.759251952171325684e-01,5.370446443557739258e-01
3.948000011770589879e+01,1.779014915227890015e-01,4.567254185676574707e-01
3.949000011773571117e+01,1.837042719125747681e-01,5.219612717628479004e-01
3.950000011776553066e+01,1.771137863397598267e-01,4.589718878269195557e-01
3.951000011779534304e+01,1.788761019706726074e-01,4.506571292877197266e-01
3.952000011782515543e+01,1.760727763175964355e-01,4.752805829048156738e-01
3.953000011785496781e+01,1.757401227951049805e-01,4.983796775341033936e-01
3.954000011788478730e+01,1.721367388963699341e-01,5.493528246879577637e-01
3.955000011791459968e+01,1.810646206140518188e-01,5.162629485130310059e-01
3.956000011794441207e+01,1.757672578096389771e-01,5.037506222724914551e-01
3.957000011797422445e+01,1.725013852119445801e-01,4.751792848110198975e-01
3.958000011800403684e+01,1.755739748477935791e-01,5.154517292976379395e-01
3.959000011803385632e+01,1.692474484443664551e-01,5.362265706062316895e-01
3.960000011806366871e+01,1.834752857685089111e-01,5.996544361114501953e-01
3.961000011809348109e+01,1.740327030420303345e-01,5.317556262016296387e-01
3.962000011812329348e+01,1.731736510992050171e-01,5.725050568580627441e-01
3.963000011815311296e+01,1.790880709886550903e-01,5.152699947357177734e-01
3.964000011818292535e+01,1.749890297651290894e-01,5.079889893531799316e-01
3.965000011821273773e+01,1.674968451261520386e-01,5.199671983718872070e-01
3.966000011824255012e+01,1.744794994592666626e-01,4.776984453201293945e-01
3.967000011827236960e+01,1.740143895149230957e-01,4.950298666954040527e-01
3.968000011830218199e+01,1.772716492414474487e-01,5.028443336486816406e-01
3.969000011833199437e+01,1.688928306102752686e-01,4.973930716514587402e-01
3.970000011836180676e+01,1.732413172721862793e-01,4.758836627006530762e-01
3.971000011839162624e+01,1.682821661233901978e-01,4.856332838535308838e-01
3.972000011842143863e+01,1.645961999893188477e-01,4.943495392799377441e-01
3.973000011845125101e+01,1.775371134281158447e-01,5.373054742813110352e-01
3.974000011848106340e+01,1.818346083164215088e-01,4.611927270889282227e-01
3.975000011851087578e+01,1.822458952665328979e-01,6.075761318206787109e-01
3.976000011854069527e+01,1.716998517513275146e-01,4.375468492507934570e-01
3.977000011857050765e+01,1.689521521329879761e-01,4.069185554981231689e-01
3.978000011860032004e+01,1.676140874624252319e-01,4.625976085662841797e-01
3.979000011863013242e+01,1.750533878803253174e-01,4.431065320968627930e-01
3.980000011865995191e+01,1.806518584489822388e-01,4.050658047199249268e-01
3.981000011868976429e+01,1.747194379568099976e-01,4.926893711090087891e-01
3.982000011871957668e+01,1.736877411603927612e-01,5.281396508216857910e-01
3.983000011874938906e+01,1.826467961072921753e-01,5.638825297355651855e-01
3.984000011877920855e+01,1.795830577611923218e-01,5.360857844352722168e-01
3.985000011880902093e+01,1.730511486530303955e-01,4.313215911388397217e-01
3.986000011883883332e+01,1.734215766191482544e-01,5.594037175178527832e-01
3.987000011886864570e+01,1.785733103752136230e-01,5.861755013465881348e-01
3.988000011889846519e+01,1.764447540044784546e-01,5.370537638664245605e-01
3.989000011892827757e+01,1.754269748926162720e-01,5.338398218154907227e-01
3.990000011895808996e+01,1.683998107910156250e-01,5.549445748329162598e-01
3.991000011898790234e+01,1.738300472497940063e-01,5.577257275581359863e-01
3.992000011901771472e+01,1.655080765485763550e-01,5.418118834495544434e-01
3.993000011904753421e+01,1.759856194257736206e-01,5.046249032020568848e-01
3.994000011907734660e+01,1.726396977901458740e-01,4.815371036529541016e-01
3.995000011910715898e+01,1.650512665510177612e-01,5.071658492088317871e-01
3.996000011913697136e+01,1.747126430273056030e-01,5.179266929626464844e-01
3.997000011916679085e+01,1.638018041849136353e-01,5.373380780220031738e-01
3.998000011919660324e+01,1.781814247369766235e-01,5.222916603088378906e-01
3.999000011922641562e+01,1.724618226289749146e-01,5.056867003440856934e-01
4.000000011925622800e+01,1.761215180158615112e-01,5.870051980018615723e-01
4.001000011928604749e+01,1.809671074151992798e-01,4.240165054798126221e-01
4.002000011931585988e+01,1.732975244522094727e-01,5.501119494438171387e-01
4.003000011934567226e+01,1.715426445007324219e-01,5.556963682174682617e-01
4.004000011937548464e+01,1.657779812812805176e-01,4.810779988765716553e-01
4.005000011940530413e+01,1.778718978166580200e-01,4.883933961391448975e-01
4.006000011943511652e+01,1.781223416328430176e-01,4.968908727169036865e-01
4.007000011946492890e+01,1.680827587842941284e-01,5.334621667861938477e-01
4.008000011949474128e+01,1.731265932321548462e-01,4.485488831996917725e-01
4.009000011952456077e+01,1.646926105022430420e-01,4.598422944545745850e-01
4.010000011955437316e+01,1.728017777204513550e-01,4.946416914463043213e-01
4.011000011958418554e+01,1.851453632116317749e-01,4.997013807296752930e-01
4.012000011961399792e+01,1.725507080554962158e-01,4.901809990406036377e-01
4.013000011964381031e+01,1.695951968431472778e-01,4.926955997943878174e-01
4.014000011967362980e+01,1.754754632711410522e-01,4.802179336547851562e-01
4.015000011970344218e+01,1.774652898311614990e-01,4.933823645114898682e-01
4.016000011973325456e+01,1.709663271903991699e-01,4.849992394447326660e-01
4.017000011976306695e+01,1.792141497135162354e-01,5.625724792480468750e-01
4.018000011979288644e+01,1.829090565443038940e-01,5.664705038070678711e-01
4.019000011982269882e+01,1.737096607685089111e-01,5.572627186775207520e-01
4.020000011985251120e+01,1.778301298618316650e-01,5.432692170143127441e-01
4.021000011988232359e+01,1.773860007524490356e-01,4.168757200241088867e-01
4.022000011991214308e+01,1.703393161296844482e-01,4.459581971168518066e-01
4.023000011994195546e+01,1.627455800771713257e-01,5.007474422454833984e-01
4.024000011997176784e+01,1.801711767911911011e-01,6.302108764648437500e-01
4.025000012000158023e+01,1.742148101329803467e-01,4.950156807899475098e-01
4.026000012003139972e+01,1.776334345340728760e-01,4.797626435756683350e-01
4.027000012006121210e+01,1.715481877326965332e-01,5.588380694389343262e-01
4.028000012009102448e+01,1.697539389133453369e-01,4.258839488029479980e-01
4.029000012012083687e+01,1.737526059150695801e-01,4.392935931682586670e-01
4.030000012015064925e+01,1.748411506414413452e-01,4.993237257003784180e-01
4.031000012018046874e+01,1.830730736255645752e-01,5.796098709106445312e-01
4.032000012021028112e+01,1.785511523485183716e-01,5.273910760879516602e-01
4.033000012024009351e+01,1.649511754512786865e-01,5.286430120468139648e-01
4.034000012026990589e+01,1.759402304887771606e-01,5.196487307548522949e-01
4.035000012029972538e+01,1.778039336204528809e-01,4.519332349300384521e-01
4.036000012032953776e+01,1.719109565019607544e-01,4.489583075046539307e-01
4.037000012035935015e+01,1.795733273029327393e-01,4.542637467384338379e-01
4.038000012038916253e+01,1.742843985557556152e-01,5.084711313247680664e-01
4.039000012041898202e+01,1.727148443460464478e-01,4.371585547924041748e-01
4.040000012044879441e+01,1.816431283950805664e-01,5.238245725631713867e-01
4.041000012047860679e+01,1.805486828088760376e-01,5.171563625335693359e-01
4.042000012050841917e+01,1.697589457035064697e-01,4.645225405693054199e-01
4.043000012053823866e+01,1.768670976161956787e-01,5.069670081138610840e-01
4.044000012056805105e+01,1.727351993322372437e-01,4.841465950012207031e-01
4.045000012059786343e+01,1.707442402839660645e-01,4.232343137264251709e-01
4.046000012062767581e+01,1.784914880990982056e-01,3.893061578273773193e-01
4.047000012065748820e+01,1.802094280719757080e-01,5.050818920135498047e-01
4.048000012068730769e+01,1.771417260169982910e-01,4.808306992053985596e-01
4.049000012071712007e+01,1.666629165410995483e-01,4.685705900192260742e-01
4.050000012074693245e+01,1.682301163673400879e-01,4.876283407211303711e-01
4.051000012077674484e+01,1.819982528686523438e-01,4.227686226367950439e-01
4.052000012080656433e+01,1.829853653907775879e-01,4.687642157077789307e-01
4.053000012083637671e+01,1.740751564502716064e-01,5.197524428367614746e-01
4.054000012086618909e+01,1.716868728399276733e-01,5.096318721771240234e-01
4.055000012089600148e+01,1.631438285112380981e-01,4.171155393123626709e-01
4.056000012092582097e+01,1.774543374776840210e-01,4.067665934562683105e-01
4.057000012095563335e+01,1.745881587266921997e-01,5.203417539596557617e-01
4.058000012098544573e+01,1.716752946376800537e-01,5.127726197242736816e-01
4.059000012101525812e+01,1.695663183927536011e-01,4.946042895317077637e-01
4.060000012104507761e+01,1.839705556631088257e-01,6.503834128379821777e-01
4.061000012107488999e+01,1.692166328430175781e-01,4.344850182533264160e-01
4.062000012110470237e+01,1.639076918363571167e-01,4.594416022300720215e-01
4.063000012113451476e+01,1.641527712345123291e-01,4.692257940769195557e-01
4.064000012116432714e+01,1.736981570720672607e-01,4.869278967380523682e-01
4.065000012119414663e+01,1.733460575342178345e-01,5.272647738456726074e-01
4.066000012122395901e+01,1.722054928541183472e-01,4.911263287067413330e-01
4.067000012125377140e+01,1.718286126852035522e-01,4.398678839206695557e-01
4.068000012128358378e+01,1.634903848171234131e-01,4.153402745723724365e-01
4.069000012131340327e+01,1.719854474067687988e-01,4.594499170780181885e-01
4.070000012134321565e+01,1.725316345691680908e-01,4.860528409481048584e-01
4.071000012137302804e+01,1.783722490072250366e-01,5.933470129966735840e-01
4.072000012140284042e+01,1.738920360803604126e-01,5.091268420219421387e-01
4.073000012143265991e+01,1.794752776622772217e-01,6.140879988670349121e-01
4.074000012146247229e+01,1.763124465942382812e-01,4.302460253238677979e-01
4.075000012149228468e+01,1.785275489091873169e-01,4.545311927795410156e-01
4.076000012152209706e+01,1.717980653047561646e-01,5.558439493179321289e-01
4.077000012155191655e+01,1.713700145483016968e-01,5.296090841293334961e-01
4.078000012158172893e+01,1.727087199687957764e-01,4.357736706733703613e-01
4.079000012161154132e+01,1.752533465623855591e-01,5.059355497360229492e-01
4.080000012164135370e+01,1.825468391180038452e-01,5.772212743759155273e-01
4.081000012167116608e+01,1.740360856056213379e-01,4.679956138134002686e-01
4.082000012170098557e+01,1.607126742601394653e-01,3.993367850780487061e-01
4.083000012173079796e+01,1.786147505044937134e-01,4.545451700687408447e-01
4.084000012176061034e+01,1.754647940397262573e-01,4.900095760822296143e-01
4.085000012179042272e+01,1.658656299114227295e-01,4.701784253120422363e-01
4.086000012182024221e+01,1.824751198291778564e-01,4.837973117828369141e-01
4.087000012185005460e+01,1.754296720027923584e-01,5.190376639366149902e-01
4.088000012187986698e+01,1.730988323688507080e-01,4.650576710700988770e-01
4.089000012190967936e+01,1.786881834268569946e-01,4.597899019718170166e-01
4.090000012193949885e+01,1.679168045520782471e-01,5.119082331657409668e-01
4.091000012196931124e+01,1.730965971946716309e-01,4.412583708763122559e-01
4.092000012199912362e+01,1.710885018110275269e-01,4.501218199729919434e-01
4.093000012202893600e+01,1.654412448406219482e-01,4.400501549243927002e-01
4.094000012205875549e+01,1.706906557083129883e-01,4.453762173652648926e-01
4.095000012208856788e+01,1.779573857784271240e-01,5.155420303344726562e-01
4.096000012211838026e+01,1.717685163021087646e-01,4.674416780471801758e-01
4.097000012214819264e+01,1.716902554035186768e-01,4.700844585895538330e-01
4.098000012217800503e+01,1.730392575263977051e-01,4.098505675792694092e-01
4.099000012220782452e+01,1.736964285373687744e-01,3.970231115818023682e-01
4.100000012223763690e+01,1.842307597398757935e-01,4.633743762969970703e-01
4.101000012226744929e+01,1.834332346916198730e-01,5.330267548561096191e-01
4.102000012229726167e+01,1.790746003389358521e-01,4.671148955821990967e-01
4.103000012232708116e+01,1.726283878087997437e-01,4.856132566928863525e-01
4.104000012235689354e+01,1.697903722524642944e-01,4.746369123458862305e-01
4.105000012238670593e+01,1.747099757194519043e-01,5.823678970336914062e-01
4.106000012241651831e+01,1.840071827173233032e-01,4.878423810005187988e-01
4.107000012244633780e+01,1.731939911842346191e-01,4.730315208435058594e-01
4.108000012247615018e+01,1.720288842916488647e-01,5.352185964584350586e-01
4.109000012250596257e+01,1.747985333204269409e-01,3.900566697120666504e-01
4.110000012253577495e+01,1.702210456132888794e-01,4.246734678745269775e-01
4.111000012256559444e+01,1.819380521774291992e-01,4.311219751834869385e-01
4.112000012259540682e+01,1.797173768281936646e-01,4.718428254127502441e-01
4.113000012262521921e+01,1.780443638563156128e-01,4.726071953773498535e-01
4.114000012265503159e+01,1.737180352210998535e-01,4.218087494373321533e-01
4.115000012268484397e+01,1.740173250436782837e-01,4.728491902351379395e-01
4.116000012271466346e+01,1.703711897134780884e-01,4.093588590621948242e-01
4.117000012274447585e+01,1.726011335849761963e-01,5.002357959747314453e-01
4.118000012277428823e+01,1.799950003623962402e-01,4.334121942520141602e-01
4.119000012280410061e+01,1.790676116943359375e-01,4.384890198707580566e-01
4.120000012283392010e+01,1.744698286056518555e-01,5.310222506523132324e-01
4.121000012286373249e+01,1.697625964879989624e-01,4.727329611778259277e-01
4.122000012289354487e+01,1.803509145975112915e-01,5.244183540344238281e-01
4.123000012292335725e+01,1.719086617231369019e-01,4.842061400413513184e-01
4.124000012295317674e+01,1.729579865932464600e-01,5.734747052192687988e-01
4.125000012298298913e+01,1.730610579252243042e-01,4.996837675571441650e-01
4.126000012301280151e+01,1.837815940380096436e-01,5.854959487915039062e-01
4.127000012304261389e+01,1.646425426006317139e-01,4.793238937854766846e-01
4.128000012307243338e+01,1.760207265615463257e-01,5.257111191749572754e-01
4.129000012310224577e+01,1.779832690954208374e-01,4.382110238075256348e-01
4.130000012313205815e+01,1.720237582921981812e-01,5.211090445518493652e-01
4.131000012316187053e+01,1.656314283609390259e-01,5.150553584098815918e-01
4.132000012319168292e+01,1.722384542226791382e-01,5.077203512191772461e-01
4.133000012322150241e+01,1.794202923774719238e-01,5.000894665718078613e-01
4.134000012325131479e+01,1.693379431962966919e-01,5.239979028701782227e-01
4.135000012328112717e+01,1.704139262437820435e-01,5.576587319374084473e-01
4.136000012331093956e+01,1.758991181850433350e-01,5.024803876876831055e-01
4.137000012334075905e+01,1.737893074750900269e-01,4.719261825084686279e-01
4.138000012337057143e+01,1.696021109819412231e-01,5.287951231002807617e-01
4.139000012340038381e+01,1.702240854501724243e-01,4.554607570171356201e-01
4.140000012343019620e+01,1.768822073936462402e-01,5.002278089523315430e-01
4.141000012346001569e+01,1.688133478164672852e-01,4.822415113449096680e-01
4.142000012348982807e+01,1.683132797479629517e-01,4.668769836425781250e-01
4.143000012351964045e+01,1.703323870897293091e-01,4.830510914325714111e-01
4.144000012354945284e+01,1.710993349552154541e-01,5.099777579307556152e-01
4.145000012357927233e+01,1.684776693582534790e-01,5.066141486167907715e-01
4.146000012360908471e+01,1.786704510450363159e-01,4.680109918117523193e-01
4.147000012363889709e+01,1.634820550680160522e-01,4.637643098831176758e-01
4.148000012366870948e+01,1.698586642742156982e-01,5.173415541648864746e-01
4.149000012369852186e+01,1.703295111656188965e-01,4.439677000045776367e-01
4.150000012372834135e+01,1.843410432338714600e-01,5.167969465255737305e-01
4.151000012375815373e+01,1.678377240896224976e-01,4.452095627784729004e-01
4.152000012378796612e+01,1.776643842458724976e-01,5.158517360687255859e-01
4.153000012381777850e+01,1.759075671434402466e-01,4.898012578487396240e-01
4.154000012384759799e+01,1.674234569072723389e-01,4.829894006252288818e-01
4.155000012387741037e+01,1.716258972883224487e-01,5.126534700393676758e-01
4.156000012390722276e+01,1.721867620944976807e-01,4.492634534835815430e-01
4.157000012393703514e+01,1.763052493333816528e-01,4.732059240341186523e-01
4.158000012396685463e+01,1.687094420194625854e-01,5.159801244735717773e-01
4.159000012399666701e+01,1.778386235237121582e-01,4.859665334224700928e-01
4.160000012402647940e+01,1.769081801176071167e-01,5.335990190505981445e-01
4.161000012405629178e+01,1.810412257909774780e-01,4.976077973842620850e-01
4.162000012408611127e+01,1.681990474462509155e-01,4.694328010082244873e-01
4.163000012411592365e+01,1.684201508760452271e-01,4.562733173370361328e-01
4.164000012414573604e+01,1.671735048294067383e-01,4.678727686405181885e-01
4.165000012417554842e+01,1.723297983407974243e-01,4.391756653785705566e-01
4.166000012420536081e+01,1.769150197505950928e-01,4.899387657642364502e-01
4.167000012423518029e+01,1.677096486091613770e-01,4.897859096527099609e-01
4.168000012426499268e+01,1.711596101522445679e-01,5.079768300056457520e-01
4.169000012429480506e+01,1.764851063489913940e-01,5.366908311843872070e-01
4.170000012432461745e+01,1.762937009334564209e-01,5.314064621925354004e-01
4.171000012435443693e+01,1.759086549282073975e-01,4.751607477664947510e-01
4.172000012438424932e+01,1.756697297096252441e-01,5.221238732337951660e-01
4.173000012441406170e+01,1.683973222970962524e-01,4.506924152374267578e-01
4.174000012444387409e+01,1.776832938194274902e-01,4.876832664012908936e-01
4.175000012447369357e+01,1.765820235013961792e-01,4.816855490207672119e-01
4.176000012450350596e+01,1.793338209390640259e-01,4.959437549114227295e-01
4.177000012453331834e+01,1.730594485998153687e-01,5.464491844177246094e-01
4.178000012456313073e+01,1.685908287763595581e-01,4.397498369216918945e-01
4.179000012459295021e+01,1.664623618125915527e-01,5.207841396331787109e-01
4.180000012462276260e+01,1.779733151197433472e-01,5.309073328971862793e-01
4.181000012465257498e+01,1.672442108392715454e-01,5.330721139907836914e-01
4.182000012468238737e+01,1.777426898479461670e-01,4.581043422222137451e-01
4.183000012471219975e+01,1.660009473562240601e-01,5.380160212516784668e-01
4.184000012474201924e+01,1.751253157854080200e-01,5.350856184959411621e-01
4.185000012477183162e+01,1.680597364902496338e-01,5.104549527168273926e-01
4.186000012480164401e+01,1.731376498937606812e-01,4.563938677310943604e-01
4.187000012483145639e+01,1.791382730007171631e-01,4.786884486675262451e-01
4.188000012486127588e+01,1.689155846834182739e-01,5.056288838386535645e-01
4.189000012489108826e+01,1.750328391790390015e-01,5.047100186347961426e-01
4.190000012492090065e+01,1.780185103416442871e-01,5.499651432037353516e-01
4.191000012495071303e+01,1.778431385755538940e-01,5.636268258094787598e-01
4.192000012498053252e+01,1.870830953121185303e-01,4.983108937740325928e-01
4.193000012501034490e+01,1.666496098041534424e-01,5.027065277099609375e-01
4.194000012504015729e+01,1.740044057369232178e-01,4.559773802757263184e-01
4.195000012506996967e+01,1.703491061925888062e-01,4.939576089382171631e-01
4.196000012509978916e+01,1.666242629289627075e-01,5.037515759468078613e-01
4.197000012512960154e+01,1.670091748237609863e-01,5.173996090888977051e-01
4.198000012515941393e+01,1.717042922973632812e-01,4.824725389480590820e-01
4.199000012518922631e+01,1.660668104887008667e-01,4.554183781147003174e-01
4.200000012521904580e+01,1.774293184280395508e-01,4.871166646480560303e-01
4.201000012524885818e+01,1.820157468318939209e-01,4.954987466335296631e-01
4.202000012527867057e+01,1.739024072885513306e-01,4.566779434680938721e-01
4.203000012530848295e+01,1.777313053607940674e-01,5.063215494155883789e-01
4.204000012533829533e+01,1.692570447921752930e-01,4.562786221504211426e-01
4.205000012536811482e+01,1.683777570724487305e-01,5.116404294967651367e-01
4.206000012539792721e+01,1.728256046772003174e-01,5.874336957931518555e-01
4.207000012542773959e+01,1.690346598625183105e-01,4.809194803237915039e-01
4.208000012545755197e+01,1.758432835340499878e-01,5.093847513198852539e-01
4.209000012548737146e+01,1.742859035730361938e-01,5.045424699783325195e-01
4.210000012551718385e+01,1.697842031717300415e-01,5.040073990821838379e-01
4.211000012554699623e+01,1.655021011829376221e-01,4.201855063438415527e-01
4.212000012557680861e+01,1.816327720880508423e-01,5.609071850776672363e-01
4.213000012560662810e+01,1.647112071514129639e-01,4.876320362091064453e-01
4.214000012563644049e+01,1.784816384315490723e-01,4.424685239791870117e-01
4.215000012566625287e+01,1.758277863264083862e-01,4.728691279888153076e-01
4.216000012569606525e+01,1.734566092491149902e-01,4.750386178493499756e-01
4.217000012572588474e+01,1.695418953895568848e-01,4.972367882728576660e-01
4.218000012575569713e+01,1.787020862102508545e-01,5.145688652992248535e-01
4.219000012578550951e+01,1.727517843246459961e-01,4.705590009689331055e-01
4.220000012581532189e+01,1.753252595663070679e-01,4.238541722297668457e-01
4.221000012584513428e+01,1.691485941410064697e-01,5.450166463851928711e-01
4.222000012587495377e+01,1.721377670764923096e-01,5.533572435379028320e-01
4.223000012590476615e+01,1.680525690317153931e-01,4.303252398967742920e-01
4.224000012593457853e+01,1.707908064126968384e-01,4.730097055435180664e-01
4.225000012596439092e+01,1.686910539865493774e-01,5.096470713615417480e-01
4.226000012599421041e+01,1.760934293270111084e-01,4.689772427082061768e-01
4.227000012602402279e+01,1.775433123111724854e-01,5.309481620788574219e-01
4.228000012605383517e+01,1.709473580121994019e-01,4.940658211708068848e-01
4.229000012608364756e+01,1.639600247144699097e-01,4.520404040813446045e-01
4.230000012611346705e+01,1.677233278751373291e-01,4.622896611690521240e-01
4.231000012614327943e+01,1.794265061616897583e-01,4.583334922790527344e-01
4.232000012617309181e+01,1.695397943258285522e-01,5.089598894119262695e-01
4.233000012620290420e+01,1.737589985132217407e-01,4.893797934055328369e-01
4.234000012623272369e+01,1.707372367382049561e-01,5.386613607406616211e-01
4.235000012626253607e+01,1.705761253833770752e-01,5.215141773223876953e-01
4.236000012629234845e+01,1.648113131523132324e-01,4.736975133419036865e-01
4.237000012632216084e+01,1.718896329402923584e-01,5.240421295166015625e-01
4.238000012635197322e+01,1.752766072750091553e-01,5.529702901840209961e-01
4.239000012638179271e+01,1.734501123428344727e-01,4.784828126430511475e-01
4.240000012641160509e+01,1.777698695659637451e-01,6.429941654205322266e-01
4.241000012644141748e+01,1.668179929256439209e-01,5.015418529510498047e-01
4.242000012647122986e+01,1.643120795488357544e-01,4.718809127807617188e-01
4.243000012650104935e+01,1.682906448841094971e-01,5.008313655853271484e-01
4.244000012653086173e+01,1.758962124586105347e-01,5.169351696968078613e-01
4.245000012656067412e+01,1.794471293687820435e-01,5.401971936225891113e-01
4.246000012659048650e+01,1.717665344476699829e-01,5.029426813125610352e-01
4.247000012662030599e+01,1.634585112333297729e-01,5.368041396141052246e-01
4.248000012665011837e+01,1.737598329782485962e-01,4.876871705055236816e-01
4.249000012667993076e+01,1.782574355602264404e-01,4.954037964344024658e-01
4.250000012670974314e+01,1.715172827243804932e-01,4.729242324829101562e-01
4.251000012673956263e+01,1.666168719530105591e-01,4.890814125537872314e-01
4.252000012676937502e+01,1.698231697082519531e-01,5.257802009582519531e-01
4.253000012679918740e+01,1.801681518554687500e-01,5.385473370552062988e-01
4.254000012682899978e+01,1.754762381315231323e-01,5.442309379577636719e-01
4.255000012685881217e+01,1.725609600543975830e-01,5.218973159790039062e-01
4.256000012688863166e+01,1.757636517286300659e-01,5.114303827285766602e-01
4.257000012691844404e+01,1.729984879493713379e-01,5.059412121772766113e-01
4.258000012694825642e+01,1.733385473489761353e-01,5.551680326461791992e-01
4.259000012697806881e+01,1.765320748090744019e-01,5.729960203170776367e-01
4.260000012700788830e+01,1.798544377088546753e-01,6.028644442558288574e-01
4.261000012703770068e+01,1.762413978576660156e-01,5.604544878005981445e-01
4.262000012706751306e+01,1.605876833200454712e-01,5.145692825317382812e-01
4.263000012709732545e+01,1.698851734399795532e-01,5.065211653709411621e-01
4.264000012712714494e+01,1.755080521106719971e-01,5.498211979866027832e-01
4.265000012715695732e+01,1.766566783189773560e-01,4.895575046539306641e-01
4.266000012718676970e+01,1.729540675878524780e-01,5.157769918441772461e-01
4.267000012721658209e+01,1.774675250053405762e-01,4.724650084972381592e-01
4.268000012724640158e+01,1.719133555889129639e-01,4.621101319789886475e-01
4.269000012727621396e+01,1.769833862781524658e-01,5.345518589019775391e-01
4.270000012730602634e+01,1.728078573942184448e-01,5.225207209587097168e-01
4.271000012733583873e+01,1.699650883674621582e-01,4.748651087284088135e-01
4.272000012736565111e+01,1.758743822574615479e-01,4.536266624927520752e-01
4.273000012739547060e+01,1.746689677238464355e-01,4.771610200405120850e-01
4.274000012742528298e+01,1.729533225297927856e-01,4.329102635383605957e-01
4.275000012745509537e+01,1.801866888999938965e-01,4.529855847358703613e-01
4.276000012748490775e+01,1.775782704353332520e-01,4.676742255687713623e-01
4.277000012751472724e+01,1.834217458963394165e-01,4.342039823532104492e-01
4.278000012754453962e+01,1.746521145105361938e-01,4.814474284648895264e-01
4.279000012757435201e+01,1.735836416482925415e-01,4.942366480827331543e-01
4.280000012760416439e+01,1.724920570850372314e-01,4.973210990428924561e-01
4.281000012763398388e+01,1.848614960908889771e-01,4.815711677074432373e-01
4.282000012766379626e+01,1.671278625726699829e-01,5.722038149833679199e-01
4.283000012769360865e+01,1.714716553688049316e-01,4.696909487247467041e-01
4.284000012772342103e+01,1.787984073162078857e-01,4.986663460731506348e-01
4.285000012775324052e+01,1.734505593776702881e-01,4.539212286472320557e-01
4.286000012778305290e+01,1.736089438199996948e-01,3.663202822208404541e-01
4.287000012781286529e+01,1.713245809078216553e-01,4.515689015388488770e-01
4.288000012784267767e+01,1.784141808748245239e-01,4.590064585208892822e-01
4.289000012787249005e+01,1.710427850484848022e-01,5.101877450942993164e-01
4.290000012790230954e+01,1.883638799190521240e-01,5.654074549674987793e-01
4.291000012793212193e+01,1.797386407852172852e-01,4.532665908336639404e-01
4.292000012796193431e+01,1.828228831291198730e-01,5.802854299545288086e-01
4.293000012799174669e+01,1.725709140300750732e-01,6.008524894714355469e-01
4.294000012802156618e+01,1.738467216491699219e-01,4.711056053638458252e-01
4.295000012805137857e+01,1.727038621902465820e-01,4.240455031394958496e-01
4.296000012808119095e+01,1.923781633377075195e-01,5.730151534080505371e-01
4.297000012811100333e+01,1.821782141923904419e-01,4.583758711814880371e-01
4.298000012814082282e+01,1.803932189941406250e-01,4.874283075332641602e-01
4.299000012817063521e+01,1.832369118928909302e-01,4.767857491970062256e-01
4.300000012820044759e+01,1.831076443195343018e-01,4.050931334495544434e-01
4.301000012823025997e+01,1.852899491786956787e-01,5.301885604858398438e-01
4.302000012826007946e+01,1.853518038988113403e-01,5.511275529861450195e-01
4.303000012828989185e+01,1.682415157556533813e-01,4.119107127189636230e-01
4.304000012831970423e+01,1.710838079452514648e-01,4.796610772609710693e-01
4.305000012834951661e+01,1.691535562276840210e-01,5.361401438713073730e-01
4.306000012837932900e+01,1.697715669870376587e-01,5.201485753059387207e-01
4.307000012840914849e+01,1.729868650436401367e-01,4.968438148498535156e-01
4.308000012843896087e+01,1.758706122636795044e-01,5.090844035148620605e-01
4.309000012846877326e+01,1.747206002473831177e-01,4.874693453311920166e-01
4.310000012849858564e+01,1.743421703577041626e-01,5.039813518524169922e-01
4.311000012852840513e+01,1.682780683040618896e-01,4.490685164928436279e-01
4.312000012855821751e+01,1.715066581964492798e-01,4.984536767005920410e-01
4.313000012858802990e+01,1.680516153573989868e-01,4.083166420459747314e-01
4.314000012861784228e+01,1.765294373035430908e-01,4.640635251998901367e-01
4.315000012864766177e+01,1.864139139652252197e-01,4.764773547649383545e-01
4.316000012867747415e+01,1.716690510511398315e-01,4.557583034038543701e-01
4.317000012870728654e+01,1.762246489524841309e-01,5.991005301475524902e-01
4.318000012873709892e+01,1.745880097150802612e-01,5.424119234085083008e-01
4.319000012876691841e+01,1.710274815559387207e-01,5.596305727958679199e-01
4.320000012879673079e+01,1.726937144994735718e-01,5.256507396697998047e-01
4.321000012882654318e+01,1.679065376520156860e-01,4.893203377723693848e-01
4.322000012885635556e+01,1.789320558309555054e-01,5.351126194000244141e-01
4.323000012888616794e+01,1.825201064348220825e-01,4.464634060859680176e-01
4.324000012891598743e+01,1.717089265584945679e-01,5.063325166702270508e-01
4.325000012894579982e+01,1.778167188167572021e-01,5.888080000877380371e-01
4.326000012897561220e+01,1.796758472919464111e-01,4.670049548149108887e-01
4.327000012900542458e+01,1.759260147809982300e-01,5.315724611282348633e-01
4.328000012903524407e+01,1.748867630958557129e-01,5.182367563247680664e-01
4.329000012906505646e+01,1.767993569374084473e-01,5.527840852737426758e-01
4.330000012909486884e+01,1.730390489101409912e-01,4.968742132186889648e-01
4.331000012912468122e+01,1.804840862751007080e-01,4.565309882164001465e-01
4.332000012915450071e+01,1.693640351295471191e-01,5.334970355033874512e-01
4.333000012918431310e+01,1.771718859672546387e-01,4.586307406425476074e-01
4.334000012921412548e+01,1.678367257118225098e-01,4.722607135772705078e-01
4.335000012924393786e+01,1.671855747699737549e-01,5.102393627166748047e-01
4.336000012927375735e+01,1.764098554849624634e-01,5.540957450866699219e-01
4.337000012930356974e+01,1.871297508478164673e-01,5.332419872283935547e-01
4.338000012933338212e+01,1.689506173133850098e-01,4.332894980907440186e-01
4.339000012936319450e+01,1.820537894964218140e-01,5.976358652114868164e-01
4.340000012939300689e+01,1.701561808586120605e-01,4.925713539123535156e-01
4.341000012942282638e+01,1.802204549312591553e-01,5.363968014717102051e-01
4.342000012945263876e+01,1.736421585083007812e-01,5.147410035133361816e-01
4.343000012948245114e+01,1.760672926902770996e-01,5.291693806648254395e-01
4.344000012951226353e+01,1.724395751953125000e-01,4.395811855792999268e-01
4.345000012954208302e+01,1.678513884544372559e-01,4.519140124320983887e-01
4.346000012957189540e+01,1.776167005300521851e-01,4.311318397521972656e-01
4.347000012960170778e+01,1.745780110359191895e-01,5.398773550987243652e-01
4.348000012963152017e+01,1.708491891622543335e-01,4.412856698036193848e-01
4.349000012966133966e+01,1.704166531562805176e-01,5.750057101249694824e-01
4.350000012969115204e+01,1.751826703548431396e-01,5.362632870674133301e-01
4.351000012972096442e+01,1.754638999700546265e-01,4.814570248126983643e-01
4.352000012975077681e+01,1.716871261596679688e-01,4.458911418914794922e-01
4.353000012978059630e+01,1.773664653301239014e-01,4.632935822010040283e-01
4.354000012981040868e+01,1.849015951156616211e-01,5.185425281524658203e-01
4.355000012984022106e+01,1.755371093750000000e-01,4.984411001205444336e-01
4.356000012987003345e+01,1.751187890768051147e-01,4.363670051097869873e-01
4.357000012989984583e+01,1.712841838598251343e-01,5.146634578704833984e-01
4.358000012992966532e+01,1.729563027620315552e-01,4.920192956924438477e-01
4.359000012995947770e+01,1.748795062303543091e-01,4.853110611438751221e-01
4.360000012998929009e+01,1.728860139846801758e-01,4.186078011989593506e-01
4.361000013001910247e+01,1.756674349308013916e-01,4.485692679882049561e-01
4.362000013004892196e+01,1.693706959486007690e-01,4.194953739643096924e-01
4.363000013007873434e+01,1.795227378606796265e-01,4.717908799648284912e-01
4.364000013010854673e+01,1.764848381280899048e-01,5.586562752723693848e-01
4.365000013013835911e+01,1.756049543619155884e-01,5.007527470588684082e-01
4.366000013016817860e+01,1.712120324373245239e-01,5.330244302749633789e-01
4.367000013019799098e+01,1.797472685575485229e-01,4.854867756366729736e-01
4.368000013022780337e+01,1.784019470214843750e-01,4.686264693737030029e-01
4.369000013025761575e+01,1.730920821428298950e-01,4.901463389396667480e-01
4.370000013028743524e+01,1.715930551290512085e-01,5.063700079917907715e-01
4.371000013031724762e+01,1.662385761737823486e-01,4.951268434524536133e-01
4.372000013034706001e+01,1.817197203636169434e-01,4.891224801540374756e-01
4.373000013037687239e+01,1.736027002334594727e-01,4.614141881465911865e-01
4.374000013040668478e+01,1.706215143203735352e-01,5.589433908462524414e-01
4.375000013043650426e+01,1.709642857313156128e-01,4.979864060878753662e-01
4.376000013046631665e+01,1.726637184619903564e-01,5.213025212287902832e-01
4.377000013049612903e+01,1.740269660949707031e-01,4.745278954505920410e-01
4.378000013052594142e+01,1.739478558301925659e-01,5.486094951629638672e-01
4.379000013055576090e+01,1.827097982168197632e-01,4.552813768386840820e-01
4.380000013058557329e+01,1.722150295972824097e-01,4.151160717010498047e-01
4.381000013061538567e+01,1.804243326187133789e-01,5.320901274681091309e-01
4.382000013064519806e+01,1.632460504770278931e-01,5.142782330513000488e-01
4.383000013067501754e+01,1.720430701971054077e-01,4.385661780834197998e-01
4.384000013070482993e+01,1.677640229463577271e-01,5.193471908569335938e-01
4.385000013073464231e+01,1.746232807636260986e-01,5.104275941848754883e-01
4.386000013076445470e+01,1.591697782278060913e-01,4.895859360694885254e-01
4.387000013079427418e+01,1.725125014781951904e-01,4.656055867671966553e-01
4.388000013082408657e+01,1.738432198762893677e-01,5.777313709259033203e-01
4.389000013085389895e+01,1.734049171209335327e-01,4.467163085937500000e-01
4.390000013088371134e+01,1.697684228420257568e-01,4.677131474018096924e-01
4.391000013091353082e+01,1.602150052785873413e-01,4.681965410709381104e-01
4.392000013094334321e+01,1.807723343372344971e-01,5.379667282104492188e-01
4.393000013097315559e+01,1.729820668697357178e-01,4.690004289150238037e-01
4.394000013100296798e+01,1.686366051435470581e-01,4.974164366722106934e-01
4.395000013103278036e+01,1.756612509489059448e-01,5.641694664955139160e-01
4.396000013106259985e+01,1.727030724287033081e-01,5.095630288124084473e-01
4.397000013109241223e+01,1.811377257108688354e-01,6.082292199134826660e-01
4.398000013112222462e+01,1.721936762332916260e-01,4.759874343872070312e-01
4.399000013115203700e+01,1.720506548881530762e-01,5.223195552825927734e-01
4.400000013118185649e+01,1.784240901470184326e-01,4.669526517391204834e-01
4.401000013121166887e+01,1.689536124467849731e-01,4.635749757289886475e-01
4.402000013124148126e+01,1.656670570373535156e-01,4.941910207271575928e-01
4.403000013127129364e+01,1.713130623102188110e-01,4.789398014545440674e-01
4.404000013130111313e+01,1.755005568265914917e-01,4.085085690021514893e-01
4.405000013133092551e+01,1.693600118160247803e-01,4.744350910186767578e-01
4.406000013136073790e+01,1.827200055122375488e-01,4.857901632785797119e-01
4.407000013139055028e+01,1.717254668474197388e-01,4.847020804882049561e-01
4.408000013142036977e+01,1.697683036327362061e-01,4.575991034507751465e-01
4.409000013145018215e+01,1.756701171398162842e-01,4.846064448356628418e-01
4.410000013147999454e+01,1.705034673213958740e-01,5.602930188179016113e-01
4.411000013150980692e+01,1.737333834171295166e-01,4.875299036502838135e-01
4.412000013153961930e+01,1.713422089815139771e-01,4.965543746948242188e-01
4.413000013156943879e+01,1.716054230928421021e-01,4.515911340713500977e-01
4.414000013159925118e+01,1.740772873163223267e-01,4.562707245349884033e-01
4.415000013162906356e+01,1.715462356805801392e-01,4.929530918598175049e-01
4.416000013165887594e+01,1.752000004053115845e-01,4.728414416313171387e-01
4.417000013168869543e+01,1.720816195011138916e-01,5.695586800575256348e-01
4.418000013171850782e+01,1.758774220943450928e-01,5.188826322555541992e-01
4.419000013174832020e+01,1.708837002515792847e-01,4.836746752262115479e-01
4.420000013177813258e+01,1.747088432312011719e-01,4.309150874614715576e-01
4.421000013180795207e+01,1.814784705638885498e-01,4.408706724643707275e-01
4.422000013183776446e+01,1.832413524389266968e-01,5.566052198410034180e-01
4.423000013186757684e+01,1.757130622863769531e-01,4.994218051433563232e-01
4.424000013189738922e+01,1.638854742050170898e-01,4.927504956722259521e-01
4.425000013192720871e+01,1.838425695896148682e-01,4.248471856117248535e-01
4.426000013195702110e+01,1.739136725664138794e-01,4.178113043308258057e-01
4.427000013198683348e+01,1.872130781412124634e-01,5.001898407936096191e-01
4.428000013201664586e+01,1.642908602952957153e-01,4.918418228626251221e-01
4.429000013204645825e+01,1.704428344964981079e-01,4.520132541656494141e-01
4.430000013207627774e+01,1.811262071132659912e-01,4.364754855632781982e-01
4.431000013210609012e+01,1.839447021484375000e-01,5.187151432037353516e-01
4.432000013213590250e+01,1.757418215274810791e-01,5.275310277938842773e-01
4.433000013216571489e+01,1.803514212369918823e-01,4.512490928173065186e-01
4.434000013219553438e+01,1.925893872976303101e-01,4.689148068428039551e-01
4.435000013222534676e+01,1.841131597757339478e-01,4.116041958332061768e-01
4.436000013225515914e+01,1.790274083614349365e-01,4.065755903720855713e-01
4.437000013228497153e+01,1.773621141910552979e-01,5.430388450622558594e-01
4.438000013231479102e+01,1.790881752967834473e-01,5.397536754608154297e-01
4.439000013234460340e+01,1.769678145647048950e-01,5.224519371986389160e-01
4.440000013237441578e+01,1.770088076591491699e-01,4.720155596733093262e-01
4.441000013240422817e+01,1.684042960405349731e-01,4.640427529811859131e-01
4.442000013243404766e+01,1.682564467191696167e-01,4.756968021392822266e-01
4.443000013246386004e+01,1.806594431400299072e-01,4.456095099449157715e-01
4.444000013249367242e+01,1.751883178949356079e-01,5.323044061660766602e-01
4.445000013252348481e+01,1.672238707542419434e-01,4.800281822681427002e-01
4.446000013255329719e+01,1.761371344327926636e-01,4.294795095920562744e-01
4.447000013258311668e+01,1.799428164958953857e-01,4.848022162914276123e-01
4.448000013261292906e+01,1.811163276433944702e-01,4.613206982612609863e-01
4.449000013264274145e+01,1.795486956834793091e-01,4.651348888874053955e-01
4.450000013267255383e+01,1.780092120170593262e-01,4.283377230167388916e-01
4.451000013270237332e+01,1.642899066209793091e-01,5.045967102050781250e-01
4.452000013273218570e+01,1.717951744794845581e-01,5.786921381950378418e-01
4.453000013276199809e+01,1.815247684717178345e-01,5.235835909843444824e-01
4.454000013279181047e+01,1.775110661983489990e-01,5.651894211769104004e-01
4.455000013282162996e+01,1.693376004695892334e-01,4.690107703208923340e-01
4.456000013285144234e+01,1.676141172647476196e-01,5.359826683998107910e-01
4.457000013288125473e+01,1.706136167049407959e-01,5.220187902450561523e-01
4.458000013291106711e+01,1.831387430429458618e-01,4.729972183704376221e-01
4.459000013294088660e+01,1.803111732006072998e-01,5.774672627449035645e-01
4.460000013297069898e+01,1.657896935939788818e-01,4.713369309902191162e-01
4.461000013300051137e+01,1.716874390840530396e-01,4.713336825370788574e-01
4.462000013303032375e+01,1.712984889745712280e-01,4.601174294948577881e-01
4.463000013306013614e+01,1.686037778854370117e-01,4.859718084335327148e-01
4.464000013308995563e+01,1.749123930931091309e-01,4.803294837474822998e-01
4.465000013311976801e+01,1.726922988891601562e-01,4.696244001388549805e-01
4.466000013314958039e+01,1.747322380542755127e-01,5.157139301300048828e-01
4.467000013317939278e+01,1.805862933397293091e-01,5.286054611206054688e-01
4.468000013320921227e+01,1.693332493305206299e-01,5.068485140800476074e-01
4.469000013323902465e+01,1.644788682460784912e-01,5.149808526039123535e-01
4.470000013326883703e+01,1.751194000244140625e-01,4.263280928134918213e-01
4.471000013329864942e+01,1.682160943746566772e-01,4.730778932571411133e-01
4.472000013332846891e+01,1.783426403999328613e-01,4.971895217895507812e-01
4.473000013335828129e+01,1.710276007652282715e-01,5.269822478294372559e-01
4.474000013338809367e+01,1.723984479904174805e-01,5.424813032150268555e-01
4.475000013341790606e+01,1.775682568550109863e-01,4.930013120174407959e-01
4.476000013344772555e+01,1.679889112710952759e-01,4.167032837867736816e-01
4.477000013347753793e+01,1.695884615182876587e-01,5.180820226669311523e-01
4.478000013350735031e+01,1.677521169185638428e-01,4.288384020328521729e-01
4.479000013353716270e+01,1.670039147138595581e-01,4.287023246288299561e-01
4.480000013356697508e+01,1.710606068372726440e-01,5.255135297775268555e-01
4.481000013359679457e+01,1.717307865619659424e-01,5.563940405845642090e-01
4.482000013362660695e+01,1.771434694528579712e-01,5.280037522315979004e-01
4.483000013365641934e+01,1.749713271856307983e-01,5.217520594596862793e-01
4.484000013368623172e+01,1.737697273492813110e-01,5.194643735885620117e-01
4.485000013371605121e+01,1.730933040380477905e-01,4.878556430339813232e-01
4.486000013374586359e+01,1.707812249660491943e-01,4.808633029460906982e-01
4.487000013377567598e+01,1.748129874467849731e-01,4.776473641395568848e-01
4.488000013380548836e+01,1.735296100378036499e-01,4.530392587184906006e-01
4.489000013383530785e+01,1.807162016630172729e-01,5.766132473945617676e-01
4.490000013386512023e+01,1.692323982715606689e-01,4.811097979545593262e-01
4.491000013389493262e+01,1.753319799900054932e-01,4.855735599994659424e-01
4.492000013392474500e+01,1.711165010929107666e-01,5.118754506111145020e-01
4.493000013395456449e+01,1.656916886568069458e-01,4.579588472843170166e-01
4.494000013398437687e+01,1.705480068922042847e-01,4.999571740627288818e-01
4.495000013401418926e+01,1.696589738130569458e-01,4.314170479774475098e-01
4.496000013404400164e+01,1.748226881027221680e-01,6.001446843147277832e-01
4.497000013407381402e+01,1.716581881046295166e-01,4.831337332725524902e-01
4.498000013410363351e+01,1.809414327144622803e-01,5.397162437438964844e-01
4.499000013413344590e+01,1.752508133649826050e-01,4.130739867687225342e-01
4.500000013416325828e+01,1.748747378587722778e-01,4.892309904098510742e-01
4.501000013419307066e+01,1.652918159961700439e-01,5.264154076576232910e-01
4.502000013422289015e+01,1.704429537057876587e-01,4.730598330497741699e-01
4.503000013425270254e+01,1.628695428371429443e-01,4.430417716503143311e-01
4.504000013428251492e+01,1.731249839067459106e-01,4.712541103363037109e-01
4.505000013431232730e+01,1.668924838304519653e-01,4.696462750434875488e-01
4.506000013434214679e+01,1.652849167585372925e-01,4.468956291675567627e-01
4.507000013437195918e+01,1.709707230329513550e-01,5.239775776863098145e-01
4.508000013440177156e+01,1.655218005180358887e-01,5.322434902191162109e-01
4.509000013443158394e+01,1.714258193969726562e-01,4.431723952293395996e-01
4.510000013446140343e+01,1.718241125345230103e-01,5.246438980102539062e-01
4.511000013449121582e+01,1.779825538396835327e-01,4.777401387691497803e-01
4.512000013452102820e+01,1.750607192516326904e-01,4.932802319526672363e-01
4.513000013455084058e+01,1.684112697839736938e-01,4.920274019241333008e-01
4.514000013458065297e+01,1.740563958883285522e-01,5.068369507789611816e-01
4.515000013461047246e+01,1.659755110740661621e-01,5.265952348709106445e-01
4.516000013464028484e+01,1.712258607149124146e-01,5.264955163002014160e-01
4.517000013467009722e+01,1.696018874645233154e-01,5.124688148498535156e-01
4.518000013469990961e+01,1.760117411613464355e-01,5.063554644584655762e-01
4.519000013472972910e+01,1.804154664278030396e-01,4.542819559574127197e-01
4.520000013475954148e+01,1.692867875099182129e-01,5.378193259239196777e-01
4.521000013478935387e+01,1.695168614387512207e-01,5.698860883712768555e-01
4.522000013481916625e+01,1.765194386243820190e-01,5.915926098823547363e-01
4.523000013484898574e+01,1.763487011194229126e-01,5.713855624198913574e-01
4.524000013487879812e+01,1.725580543279647827e-01,5.774496793746948242e-01
4.525000013490861051e+01,1.733709275722503662e-01,5.391944050788879395e-01
4.526000013493842289e+01,1.769959479570388794e-01,5.123343467712402344e-01
4.527000013496824238e+01,1.840696930885314941e-01,4.637446403503417969e-01
4.528000013499805476e+01,1.675042062997817993e-01,5.871266722679138184e-01
4.529000013502786715e+01,1.716280430555343628e-01,5.545424818992614746e-01
4.530000013505767953e+01,1.725983917713165283e-01,5.666311383247375488e-01
4.531000013508749191e+01,1.716230511665344238e-01,5.188245773315429688e-01
4.532000013511731140e+01,1.807806640863418579e-01,4.387237727642059326e-01
4.533000013514712379e+01,1.671818345785140991e-01,4.882858097553253174e-01
4.534000013517693617e+01,1.773464977741241455e-01,6.526994705200195312e-01
4.535000013520674855e+01,1.659912467002868652e-01,4.735094904899597168e-01
4.536000013523656804e+01,1.750378608703613281e-01,5.304805636405944824e-01
4.537000013526638043e+01,1.723071783781051636e-01,5.010899305343627930e-01
4.538000013529619281e+01,1.737252920866012573e-01,6.228225231170654297e-01
4.539000013532600519e+01,1.721789538860321045e-01,4.581559300422668457e-01
4.540000013535582468e+01,1.730005443096160889e-01,5.535964369773864746e-01
4.541000013538563707e+01,1.773163676261901855e-01,5.608018636703491211e-01
4.542000013541544945e+01,1.734712868928909302e-01,4.691500961780548096e-01
4.543000013544526183e+01,1.667792499065399170e-01,4.741021990776062012e-01
4.544000013547508132e+01,1.645787805318832397e-01,5.201309323310852051e-01
4.545000013550489371e+01,1.652266085147857666e-01,4.551355242729187012e-01
4.546000013553470609e+01,1.725783646106719971e-01,4.927256107330322266e-01
4.547000013556451847e+01,1.720643192529678345e-01,5.389284491539001465e-01
4.548000013559433086e+01,1.711903959512710571e-01,4.387812912464141846e-01
4.549000013562415035e+01,1.771202087402343750e-01,5.234254598617553711e-01
4.550000013565396273e+01,1.792117357254028320e-01,4.493195414543151855e-01
4.551000013568377511e+01,1.772895157337188721e-01,4.815252721309661865e-01
4.552000013571358750e+01,1.756459623575210571e-01,4.836034178733825684e-01
4.553000013574340699e+01,1.699699312448501587e-01,4.876694977283477783e-01
4.554000013577321937e+01,1.719304025173187256e-01,4.724473357200622559e-01
4.555000013580303175e+01,1.677055507898330688e-01,4.928211569786071777e-01
4.556000013583284414e+01,1.694599390029907227e-01,4.433391392230987549e-01
4.557000013586266363e+01,1.728805601596832275e-01,4.704427123069763184e-01
4.558000013589247601e+01,1.722887009382247925e-01,6.455685496330261230e-01
4.559000013592228839e+01,1.720804721117019653e-01,4.699181318283081055e-01
4.560000013595210078e+01,1.788721233606338501e-01,5.204288363456726074e-01
4.561000013598192027e+01,1.747291982173919678e-01,5.167109370231628418e-01
4.562000013601173265e+01,1.801831871271133423e-01,5.626519918441772461e-01
4.563000013604154503e+01,1.800473034381866455e-01,4.501315057277679443e-01
4.564000013607135742e+01,1.774892508983612061e-01,5.277736186981201172e-01
4.565000013610116980e+01,1.646182239055633545e-01,5.421099662780761719e-01
4.566000013613098929e+01,1.809479594230651855e-01,4.926419854164123535e-01
4.567000013616080167e+01,1.733034849166870117e-01,4.478864669799804688e-01
4.568000013619061406e+01,1.665361970663070679e-01,4.997953772544860840e-01
4.569000013622042644e+01,1.797908246517181396e-01,4.463882148265838623e-01
4.570000013625024593e+01,1.657253205776214600e-01,4.912649691104888916e-01
4.571000013628005831e+01,1.761830151081085205e-01,4.044444262981414795e-01
4.572000013630987070e+01,1.760759800672531128e-01,5.371127128601074219e-01
4.573000013633968308e+01,1.707654446363449097e-01,5.145167112350463867e-01
4.574000013636950257e+01,1.741964519023895264e-01,5.757192373275756836e-01
4.575000013639931495e+01,1.692732870578765869e-01,4.372199475765228271e-01
4.576000013642912734e+01,1.755000650882720947e-01,4.859497547149658203e-01
4.577000013645893972e+01,1.765605062246322632e-01,4.500845372676849365e-01
4.578000013648875921e+01,1.719728410243988037e-01,5.395549535751342773e-01
4.579000013651857159e+01,1.721743643283843994e-01,5.605142116546630859e-01
4.580000013654838398e+01,1.724909842014312744e-01,4.578165709972381592e-01
4.581000013657819636e+01,1.718166321516036987e-01,5.034990906715393066e-01
4.582000013660800875e+01,1.760068386793136597e-01,4.874155223369598389e-01
4.583000013663782823e+01,1.774397343397140503e-01,5.754158496856689453e-01
4.584000013666764062e+01,1.827585548162460327e-01,5.608028769493103027e-01
4.585000013669745300e+01,1.761420071125030518e-01,4.870678186416625977e-01
4.586000013672726539e+01,1.716697961091995239e-01,5.128474831581115723e-01
4.587000013675708487e+01,1.685322225093841553e-01,5.169510841369628906e-01
4.588000013678689726e+01,1.742967367172241211e-01,4.852663576602935791e-01
4.589000013681670964e+01,1.780832707881927490e-01,5.342848896980285645e-01
4.590000013684652203e+01,1.742201149463653564e-01,5.380441546440124512e-01
4.591000013687634151e+01,1.765314936637878418e-01,5.078296065330505371e-01
4.592000013690615390e+01,1.721347719430923462e-01,4.583977460861206055e-01
4.593000013693596628e+01,1.810469925403594971e-01,4.876023232936859131e-01
4.594000013696577867e+01,1.694630235433578491e-01,5.317078232765197754e-01
4.595000013699559815e+01,1.764149367809295654e-01,5.133092999458312988e-01
4.596000013702541054e+01,1.699201315641403198e-01,4.856713414192199707e-01
4.597000013705522292e+01,1.766681820154190063e-01,4.852110147476196289e-01
4.598000013708503531e+01,1.809769123792648315e-01,4.909048974514007568e-01
4.599000013711485479e+01,1.797402203083038330e-01,5.278328061103820801e-01
4.600000013714466718e+01,1.829693019390106201e-01,5.166158676147460938e-01
4.601000013717447956e+01,1.779217720031738281e-01,5.158546566963195801e-01
4.602000013720429195e+01,1.769671589136123657e-01,4.825593233108520508e-01
4.603000013723410433e+01,1.705399900674819946e-01,4.964739680290222168e-01
4.604000013726392382e+01,1.683512032032012939e-01,5.123895406723022461e-01
4.605000013729373620e+01,1.745806932449340820e-01,5.812653303146362305e-01
4.606000013732354859e+01,1.762049794197082520e-01,4.566422402858734131e-01
4.607000013735336097e+01,1.655114442110061646e-01,5.225958824157714844e-01
4.608000013738318046e+01,1.745023727416992188e-01,4.495445489883422852e-01
4.609000013741299284e+01,1.713989228010177612e-01,5.720646977424621582e-01
4.610000013744280523e+01,1.765187531709671021e-01,4.546031951904296875e-01
4.611000013747261761e+01,1.706364750862121582e-01,5.581774711608886719e-01
4.612000013750243710e+01,1.780235916376113892e-01,5.616702437400817871e-01
4.613000013753224948e+01,1.772420853376388550e-01,4.852199852466583252e-01
4.614000013756206187e+01,1.656279712915420532e-01,5.516061782836914062e-01
4.615000013759187425e+01,1.803137063980102539e-01,5.088282823562622070e-01
4.616000013762169374e+01,1.809646934270858765e-01,5.428236126899719238e-01
4.617000013765150612e+01,1.768355667591094971e-01,4.541048407554626465e-01
4.618000013768131851e+01,1.752831488847732544e-01,4.552547931671142578e-01
4.619000013771113089e+01,1.752047985792160034e-01,5.085872411727905273e-01
4.620000013774094327e+01,1.730579733848571777e-01,5.818383693695068359e-01
4.621000013777076276e+01,1.666743606328964233e-01,5.423832535743713379e-01
4.622000013780057515e+01,1.690383851528167725e-01,5.713494420051574707e-01
4.623000013783038753e+01,1.785670369863510132e-01,4.453049898147583008e-01
4.624000013786019991e+01,1.671900153160095215e-01,5.400699377059936523e-01
4.625000013789001940e+01,1.737274825572967529e-01,6.053031086921691895e-01
4.626000013791983179e+01,1.703152060508728027e-01,5.474502444267272949e-01
4.627000013794964417e+01,1.683151125907897949e-01,4.279712140560150146e-01
4.628000013797945655e+01,1.796655803918838501e-01,4.647030532360076904e-01
4.629000013800927604e+01,1.820050328969955444e-01,4.617813825607299805e-01
4.630000013803908843e+01,1.675728708505630493e-01,4.987181425094604492e-01
4.631000013806890081e+01,1.723777204751968384e-01,5.117048025131225586e-01
4.632000013809871319e+01,1.713272631168365479e-01,5.323718190193176270e-01
4.633000013812853268e+01,1.665610373020172119e-01,4.909450411796569824e-01
4.634000013815834507e+01,1.690883636474609375e-01,4.435177147388458252e-01
4.635000013818815745e+01,1.710913777351379395e-01,5.696201324462890625e-01
4.636000013821796983e+01,1.648344397544860840e-01,5.496462583541870117e-01
4.637000013824778222e+01,1.715282946825027466e-01,4.998196959495544434e-01
4.638000013827760171e+01,1.729800254106521606e-01,5.266835689544677734e-01
4.639000013830741409e+01,1.733859032392501831e-01,5.748388171195983887e-01
4.640000013833722647e+01,1.694983989000320435e-01,4.105829894542694092e-01
4.641000013836703886e+01,1.687539219856262207e-01,4.203374683856964111e-01
4.642000013839685835e+01,1.715683639049530029e-01,4.807895123958587646e-01
4.643000013842667073e+01,1.832956373691558838e-01,4.876420199871063232e-01
4.644000013845648311e+01,1.875239014625549316e-01,5.029505491256713867e-01
4.645000013848629550e+01,1.778822541236877441e-01,5.287330746650695801e-01
4.646000013851611499e+01,1.715253144502639771e-01,4.880394637584686279e-01
4.647000013854592737e+01,1.734917759895324707e-01,5.360975861549377441e-01
4.648000013857573975e+01,1.711374819278717041e-01,5.492734313011169434e-01
4.649000013860555214e+01,1.635718494653701782e-01,4.798045158386230469e-01
4.650000013863537163e+01,1.761579066514968872e-01,5.215559601783752441e-01
4.651000013866518401e+01,1.807869970798492432e-01,5.515885353088378906e-01
4.652000013869499639e+01,1.703230887651443481e-01,4.718359112739562988e-01
4.653000013872480878e+01,1.735160648822784424e-01,5.097938776016235352e-01
4.654000013875462116e+01,1.748242974281311035e-01,4.286680817604064941e-01
4.655000013878444065e+01,1.785299330949783325e-01,4.955572187900543213e-01
4.656000013881425303e+01,1.666668057441711426e-01,4.708984494209289551e-01
4.657000013884406542e+01,1.783674955368041992e-01,4.791735708713531494e-01
4.658000013887387780e+01,1.677701026201248169e-01,4.970348477363586426e-01
4.659000013890369729e+01,1.757422685623168945e-01,5.065307617187500000e-01
4.660000013893350967e+01,1.724735945463180542e-01,5.437328219413757324e-01
4.661000013896332206e+01,1.812707483768463135e-01,5.519305467605590820e-01
4.662000013899313444e+01,1.769751310348510742e-01,4.832510948181152344e-01
4.663000013902295393e+01,1.753393411636352539e-01,5.489838123321533203e-01
4.664000013905276631e+01,1.739071905612945557e-01,5.733004808425903320e-01
4.665000013908257870e+01,1.732641756534576416e-01,5.014272928237915039e-01
4.666000013911239108e+01,1.791517585515975952e-01,5.358757972717285156e-01
4.667000013914221057e+01,1.716527044773101807e-01,4.746991991996765137e-01
4.668000013917202295e+01,1.760416626930236816e-01,5.738744139671325684e-01
4.669000013920183534e+01,1.883658319711685181e-01,5.919975638389587402e-01
4.670000013923164772e+01,1.759689748287200928e-01,4.694825410842895508e-01
4.671000013926146011e+01,1.782441139221191406e-01,4.443964660167694092e-01
4.672000013929127959e+01,1.622994989156723022e-01,3.771132528781890869e-01
4.673000013932109198e+01,1.859035044908523560e-01,5.595460534095764160e-01
4.674000013935090436e+01,1.768365800380706787e-01,5.733933448791503906e-01
4.675000013938071675e+01,1.708771735429763794e-01,5.164487361907958984e-01
4.676000013941053624e+01,1.822091639041900635e-01,5.948113799095153809e-01
4.677000013944034862e+01,1.799487471580505371e-01,6.064561605453491211e-01
4.678000013947016100e+01,1.748474538326263428e-01,4.941448867321014404e-01
4.679000013949997339e+01,1.786297410726547241e-01,4.811582863330841064e-01
4.680000013952979288e+01,1.805609613656997681e-01,4.999320209026336670e-01
4.681000013955960526e+01,1.743884235620498657e-01,5.369349718093872070e-01
4.682000013958941764e+01,1.721186786890029907e-01,5.242409110069274902e-01
4.683000013961923003e+01,1.834187656641006470e-01,4.607969224452972412e-01
4.684000013964904952e+01,1.785575896501541138e-01,5.023049712181091309e-01
4.685000013967886190e+01,1.789250522851943970e-01,4.703146219253540039e-01
4.686000013970867428e+01,1.696159243583679199e-01,5.040819644927978516e-01
4.687000013973848667e+01,1.796043217182159424e-01,4.651953279972076416e-01
4.688000013976829905e+01,1.807728707790374756e-01,5.804570317268371582e-01
4.689000013979811854e+01,1.685056239366531372e-01,4.883949458599090576e-01
4.690000013982793092e+01,1.740364879369735718e-01,5.573017597198486328e-01
4.691000013985774331e+01,1.815642863512039185e-01,5.425961017608642578e-01
4.692000013988755569e+01,1.788472533226013184e-01,5.715584754943847656e-01
4.693000013991737518e+01,1.710146814584732056e-01,5.480082631111145020e-01
4.694000013994718756e+01,1.749348938465118408e-01,4.826866388320922852e-01
4.695000013997699995e+01,1.610187888145446777e-01,4.762374758720397949e-01
4.696000014000681233e+01,1.830947697162628174e-01,4.812223315238952637e-01
4.697000014003663182e+01,1.727812141180038452e-01,5.152630805969238281e-01
4.698000014006644420e+01,1.716601401567459106e-01,4.502151608467102051e-01
4.699000014009625659e+01,1.714921146631240845e-01,5.503978133201599121e-01
4.700000014012606897e+01,1.701970398426055908e-01,4.809374809265136719e-01
4.701000014015588846e+01,1.735616326332092285e-01,5.328273773193359375e-01
4.702000014018570084e+01,1.707827746868133545e-01,4.792340695858001709e-01
4.703000014021551323e+01,1.703188866376876831e-01,4.994563460350036621e-01
4.704000014024532561e+01,1.728491634130477905e-01,5.401209592819213867e-01
4.705000014027513799e+01,1.664555221796035767e-01,5.042504072189331055e-01
4.706000014030495748e+01,1.811598837375640869e-01,4.767224192619323730e-01
4.707000014033476987e+01,1.754422336816787720e-01,4.686104357242584229e-01
4.708000014036458225e+01,1.777961403131484985e-01,5.010657906532287598e-01
4.709000014039439463e+01,1.773392260074615479e-01,4.915205240249633789e-01
4.710000014042421412e+01,1.776316761970520020e-01,5.134207606315612793e-01
4.711000014045402651e+01,1.780119985342025757e-01,4.997963905334472656e-01
4.712000014048383889e+01,1.706002205610275269e-01,4.907647371292114258e-01
4.713000014051365127e+01,1.742725223302841187e-01,5.224996209144592285e-01
4.714000014054347076e+01,1.744628250598907471e-01,5.046235918998718262e-01
4.715000014057328315e+01,1.722318083047866821e-01,4.897826910018920898e-01
4.716000014060309553e+01,1.727330833673477173e-01,4.744603335857391357e-01
4.717000014063290791e+01,1.805643886327743530e-01,4.682526886463165283e-01
4.718000014066272740e+01,1.737896651029586792e-01,4.850072860717773438e-01
4.719000014069253979e+01,1.838942170143127441e-01,4.746268689632415771e-01
4.720000014072235217e+01,1.703686267137527466e-01,5.335819721221923828e-01
4.721000014075216455e+01,1.776877641677856445e-01,4.787013828754425049e-01
4.722000014078197694e+01,1.725572496652603149e-01,4.878983199596405029e-01
4.723000014081179643e+01,1.666595488786697388e-01,5.459089875221252441e-01
4.724000014084160881e+01,1.764009743928909302e-01,5.183689594268798828e-01
4.725000014087142119e+01,1.771435290575027466e-01,4.786068201065063477e-01
4.726000014090123358e+01,1.792670935392379761e-01,4.643541276454925537e-01
4.727000014093105307e+01,1.759195327758789062e-01,5.046380162239074707e-01
4.728000014096086545e+01,1.751533597707748413e-01,4.019070565700531006e-01
4.729000014099067783e+01,1.718157678842544556e-01,5.712897181510925293e-01
4.730000014102049022e+01,1.689730137586593628e-01,5.175375342369079590e-01
4.731000014105030971e+01,1.665088832378387451e-01,5.217567682266235352e-01
4.732000014108012209e+01,1.822389662265777588e-01,5.538653731346130371e-01
4.733000014110993448e+01,1.739525198936462402e-01,5.551536679267883301e-01
4.734000014113974686e+01,1.804220080375671387e-01,5.104270577430725098e-01
4.735000014116956635e+01,1.803598850965499878e-01,4.836140573024749756e-01
4.736000014119937873e+01,1.725917309522628784e-01,5.199488997459411621e-01
4.737000014122919112e+01,1.781151592731475830e-01,5.320692062377929688e-01
4.738000014125900350e+01,1.713239103555679321e-01,4.488242268562316895e-01
4.739000014128881588e+01,1.741273105144500732e-01,4.718599021434783936e-01
4.740000014131863537e+01,1.776362955570220947e-01,4.377167820930480957e-01
4.741000014134844776e+01,1.802224665880203247e-01,4.938910007476806641e-01
4.742000014137826014e+01,1.732301265001296997e-01,3.987834751605987549e-01
4.743000014140807252e+01,1.716642230749130249e-01,4.316332936286926270e-01
4.744000014143789201e+01,1.777113229036331177e-01,4.916185140609741211e-01
4.745000014146770440e+01,1.708997189998626709e-01,4.979895055294036865e-01
4.746000014149751678e+01,1.735089570283889771e-01,4.503423869609832764e-01
4.747000014152732916e+01,1.759240329265594482e-01,5.062987208366394043e-01
4.748000014155714865e+01,1.740745902061462402e-01,4.554581046104431152e-01
4.749000014158696104e+01,1.646442264318466187e-01,4.344127774238586426e-01
4.750000014161677342e+01,1.738311201333999634e-01,5.072115063667297363e-01
4.751000014164658580e+01,1.723767966032028198e-01,5.060188770294189453e-01
4.752000014167640529e+01,1.672062724828720093e-01,4.871994554996490479e-01
4.753000014170621768e+01,1.661033928394317627e-01,5.167706608772277832e-01
4.754000014173603006e+01,1.705061793327331543e-01,4.248013496398925781e-01
4.755000014176584244e+01,1.765416711568832397e-01,5.903428196907043457e-01
4.756000014179565483e+01,1.682114303112030029e-01,4.056462943553924561e-01
4.757000014182547432e+01,1.745560914278030396e-01,5.565941333770751953e-01
4.758000014185528670e+01,1.777964234352111816e-01,6.267896294593811035e-01
4.759000014188509908e+01,1.734612733125686646e-01,4.832334220409393311e-01
4.760000014191491147e+01,1.734442561864852905e-01,5.504337549209594727e-01
4.761000014194473096e+01,1.657543778419494629e-01,5.142314434051513672e-01
4.762000014197454334e+01,1.734069883823394775e-01,5.159661173820495605e-01
4.763000014200435572e+01,1.761910766363143921e-01,4.919856488704681396e-01
4.764000014203416811e+01,1.727367937564849854e-01,4.385163486003875732e-01
4.765000014206398760e+01,1.769006997346878052e-01,5.526637434959411621e-01
4.766000014209379998e+01,1.683889925479888916e-01,5.558755397796630859e-01
4.767000014212361236e+01,1.715794801712036133e-01,4.607421159744262695e-01
4.768000014215342475e+01,1.788059920072555542e-01,4.560865461826324463e-01
4.769000014218324424e+01,1.763598024845123291e-01,5.475538372993469238e-01
4.770000014221305662e+01,1.788409501314163208e-01,5.528767704963684082e-01
4.771000014224286900e+01,1.740018725395202637e-01,5.648916959762573242e-01
4.772000014227268139e+01,1.835776418447494507e-01,5.004429817199707031e-01
4.773000014230249377e+01,1.704054325819015503e-01,4.336209893226623535e-01
4.774000014233231326e+01,1.688273549079895020e-01,4.879123270511627197e-01
4.775000014236212564e+01,1.783950775861740112e-01,4.613597393035888672e-01
4.776000014239193803e+01,1.858523637056350708e-01,4.702886641025543213e-01
4.777000014242175041e+01,1.753918081521987915e-01,4.877848625183105469e-01
4.778000014245156990e+01,1.768953651189804077e-01,5.242208838462829590e-01
4.779000014248138228e+01,1.747616827487945557e-01,5.124607086181640625e-01
4.780000014251119467e+01,1.787050515413284302e-01,6.103970408439636230e-01
4.781000014254100705e+01,1.761173903942108154e-01,4.941676259040832520e-01
4.782000014257082654e+01,1.696935892105102539e-01,5.422399044036865234e-01
4.783000014260063892e+01,1.714895516633987427e-01,4.768338799476623535e-01
4.784000014263045131e+01,1.731715500354766846e-01,4.598710536956787109e-01
4.785000014266026369e+01,1.764550507068634033e-01,4.761237800121307373e-01
4.786000014269008318e+01,1.754698902368545532e-01,4.681384563446044922e-01
4.787000014271989556e+01,1.646200716495513916e-01,4.626886844635009766e-01
4.788000014274970795e+01,1.763055473566055298e-01,5.072931647300720215e-01
4.789000014277952033e+01,1.775743514299392700e-01,5.514458417892456055e-01
4.790000014280933982e+01,1.673991829156875610e-01,5.145443677902221680e-01
4.791000014283915220e+01,1.680205017328262329e-01,4.492150545120239258e-01
4.792000014286896459e+01,1.741797029972076416e-01,5.566219091415405273e-01
4.793000014289877697e+01,1.746246218681335449e-01,4.409101307392120361e-01
4.794000014292858936e+01,1.727787703275680542e-01,4.403602182865142822e-01
4.795000014295840884e+01,1.695026010274887085e-01,6.285293102264404297e-01
4.796000014298822123e+01,1.717390418052673340e-01,4.809050559997558594e-01
4.797000014301803361e+01,1.753450036048889160e-01,5.264813899993896484e-01
4.798000014304784600e+01,1.714626550674438477e-01,4.910811781883239746e-01
4.799000014307766548e+01,1.677164733409881592e-01,4.899638593196868896e-01
4.800000014310747787e+01,1.739145815372467041e-01,4.867251217365264893e-01
4.801000014313729025e+01,1.743996590375900269e-01,4.834881722927093506e-01
4.802000014316710264e+01,1.741343736648559570e-01,5.228800177574157715e-01
4.803000014319692212e+01,1.824001967906951904e-01,4.994243681430816650e-01
4.804000014322673451e+01,1.690567880868911743e-01,4.452349841594696045e-01
4.805000014325654689e+01,1.736474633216857910e-01,5.183335542678833008e-01
4.806000014328635928e+01,1.794162243604660034e-01,5.188713669776916504e-01
4.807000014331617876e+01,1.692648231983184814e-01,5.076797008514404297e-01
4.808000014334599115e+01,1.772793382406234741e-01,4.863692820072174072e-01
4.809000014337580353e+01,1.759424060583114624e-01,4.494128227233886719e-01
4.810000014340561592e+01,1.762138754129409790e-01,4.742023050785064697e-01
4.811000014343542830e+01,1.719364523887634277e-01,4.451148211956024170e-01
4.812000014346524779e+01,1.720949262380599976e-01,4.671736657619476318e-01
4.813000014349506017e+01,1.788662970066070557e-01,4.675829708576202393e-01
4.814000014352487256e+01,1.817492544651031494e-01,4.572644531726837158e-01
4.815000014355468494e+01,1.774192452430725098e-01,4.907702803611755371e-01
4.816000014358450443e+01,1.735825836658477783e-01,4.786001443862915039e-01
4.817000014361431681e+01,1.861212104558944702e-01,4.710173010826110840e-01
4.818000014364412920e+01,1.766722947359085083e-01,4.593371450901031494e-01
4.819000014367394158e+01,1.722652018070220947e-01,5.425570607185363770e-01
4.820000014370376107e+01,1.804055720567703247e-01,5.669314265251159668e-01
4.821000014373357345e+01,1.896503567695617676e-01,5.562966465950012207e-01
4.822000014376338584e+01,1.767382025718688965e-01,4.558158218860626221e-01
4.823000014379319822e+01,1.785351336002349854e-01,5.239392518997192383e-01
4.824000014382301771e+01,1.782611459493637085e-01,5.479936599731445312e-01
4.825000014385283009e+01,1.708896607160568237e-01,5.412492156028747559e-01
4.826000014388264248e+01,1.645405739545822144e-01,4.488030076026916504e-01
4.827000014391245486e+01,1.712805479764938354e-01,4.813755154609680176e-01
4.828000014394226724e+01,1.716718375682830811e-01,5.287084579467773438e-01
4.829000014397208673e+01,1.656121611595153809e-01,5.063970088958740234e-01
4.830000014400189912e+01,1.738643795251846313e-01,5.622545480728149414e-01
4.831000014403171150e+01,1.770109236240386963e-01,4.181364476680755615e-01
4.832000014406152388e+01,1.739584952592849731e-01,5.442061424255371094e-01
4.833000014409134337e+01,1.694014370441436768e-01,5.000178217887878418e-01
4.834000014412115576e+01,1.778223067522048950e-01,5.726516246795654297e-01
4.835000014415096814e+01,1.808485686779022217e-01,5.151385664939880371e-01
4.836000014418078052e+01,1.635711789131164551e-01,4.561965465545654297e-01
4.837000014421060001e+01,1.762503981590270996e-01,5.022889375686645508e-01
4.838000014424041240e+01,1.698209047317504883e-01,4.686479270458221436e-01
4.839000014427022478e+01,1.709013283252716064e-01,4.302594661712646484e-01
4.840000014430003716e+01,1.778493821620941162e-01,4.567054510116577148e-01
4.841000014432985665e+01,1.770850419998168945e-01,5.008069276809692383e-01
4.842000014435966904e+01,1.808896511793136597e-01,4.759258031845092773e-01
4.843000014438948142e+01,1.809098571538925171e-01,5.246196985244750977e-01
4.844000014441929380e+01,1.676626354455947876e-01,4.765435755252838135e-01
4.845000014444910619e+01,1.726127117872238159e-01,5.178473591804504395e-01
4.846000014447892568e+01,1.729306876659393311e-01,4.799213409423828125e-01
4.847000014450873806e+01,1.765953451395034790e-01,5.404088497161865234e-01
4.848000014453855044e+01,1.786106526851654053e-01,4.848046302795410156e-01
4.849000014456836283e+01,1.717386841773986816e-01,4.750522375106811523e-01
4.850000014459818232e+01,1.807090640068054199e-01,5.172673463821411133e-01
4.851000014462799470e+01,1.691205352544784546e-01,4.782944917678833008e-01
4.852000014465780708e+01,1.686616539955139160e-01,5.067183375358581543e-01
4.853000014468761947e+01,1.781316399574279785e-01,5.388848781585693359e-01
4.854000014471743896e+01,1.724327206611633301e-01,4.843875765800476074e-01
4.855000014474725134e+01,1.718370765447616577e-01,4.790250658988952637e-01
4.856000014477706372e+01,1.778178811073303223e-01,5.230895280838012695e-01
4.857000014480687611e+01,1.758332401514053345e-01,4.953384399414062500e-01
4.858000014483669560e+01,1.829268187284469604e-01,4.902935624122619629e-01
4.859000014486650798e+01,1.914765983819961548e-01,6.311495304107666016e-01
4.860000014489632036e+01,1.738474071025848389e-01,5.265609025955200195e-01
4.861000014492613275e+01,1.759253889322280884e-01,4.847072064876556396e-01
4.862000014495594513e+01,1.765087693929672241e-01,5.032299160957336426e-01
4.863000014498576462e+01,1.806543469429016113e-01,5.401523709297180176e-01
4.864000014501557700e+01,1.712087392807006836e-01,5.181046724319458008e-01
4.865000014504538939e+01,1.798015534877777100e-01,4.305194914340972900e-01
4.866000014507520177e+01,1.788476407527923584e-01,5.535325407981872559e-01
4.867000014510502126e+01,1.697068214416503906e-01,4.065448641777038574e-01
4.868000014513483364e+01,1.745647937059402466e-01,4.830161929130554199e-01
4.869000014516464603e+01,1.732234656810760498e-01,4.493864178657531738e-01
4.870000014519445841e+01,1.747915297746658325e-01,5.273150801658630371e-01
4.871000014522427790e+01,1.666115820407867432e-01,4.390625953674316406e-01
4.872000014525409028e+01,1.752599477767944336e-01,4.820769429206848145e-01
4.873000014528390267e+01,1.634444743394851685e-01,4.271495342254638672e-01
4.874000014531371505e+01,1.742837131023406982e-01,5.571263432502746582e-01
4.875000014534353454e+01,1.746720969676971436e-01,4.636012613773345947e-01
4.876000014537334692e+01,1.790483593940734863e-01,4.859371483325958252e-01
4.877000014540315931e+01,1.730914115905761719e-01,4.702901244163513184e-01
4.878000014543297169e+01,1.736718565225601196e-01,4.477858245372772217e-01
4.879000014546278408e+01,1.664152741432189941e-01,5.105014443397521973e-01
4.880000014549260356e+01,1.738832145929336548e-01,4.331320226192474365e-01
4.881000014552241595e+01,1.749825626611709595e-01,4.725672304630279541e-01
4.882000014555222833e+01,1.730619817972183228e-01,4.504491984844207764e-01
4.883000014558204072e+01,1.766352653503417969e-01,4.720790088176727295e-01
4.884000014561186021e+01,1.820732355117797852e-01,5.438210368156433105e-01
4.885000014564167259e+01,1.854278594255447388e-01,5.693836212158203125e-01
4.886000014567148497e+01,1.733768135309219360e-01,5.679999589920043945e-01
4.887000014570129736e+01,1.804747283458709717e-01,4.862092733383178711e-01
4.888000014573111685e+01,1.779204010963439941e-01,5.067328810691833496e-01
4.889000014576092923e+01,1.697440445423126221e-01,5.243800878524780273e-01
4.890000014579074161e+01,1.661370694637298584e-01,4.563250541687011719e-01
4.891000014582055400e+01,1.750007867813110352e-01,4.241488873958587646e-01
4.892000014585037349e+01,1.772559136152267456e-01,4.782220125198364258e-01
4.893000014588018587e+01,1.898811757564544678e-01,5.219304561614990234e-01
4.894000014590999825e+01,1.686910390853881836e-01,5.240198373794555664e-01
4.895000014593981064e+01,1.712882667779922485e-01,4.654484093189239502e-01
4.896000014596962302e+01,1.735385805368423462e-01,4.765861928462982178e-01
4.897000014599944251e+01,1.872903257608413696e-01,6.828764677047729492e-01
4.898000014602925489e+01,1.722262650728225708e-01,5.169186592102050781e-01
4.899000014605906728e+01,1.685302406549453735e-01,5.326284170150756836e-01
4.900000014608887966e+01,1.779116690158843994e-01,5.668779015541076660e-01
4.901000014611869915e+01,1.719651371240615845e-01,5.971039533615112305e-01
4.902000014614851153e+01,1.743648350238800049e-01,5.830914378166198730e-01
4.903000014617832392e+01,1.812407374382019043e-01,6.300332546234130859e-01
4.904000014620813630e+01,1.708973497152328491e-01,5.183433294296264648e-01
4.905000014623795579e+01,1.793994903564453125e-01,5.301721096038818359e-01
4.906000014626776817e+01,1.757681667804718018e-01,5.376328825950622559e-01
4.907000014629758056e+01,1.710634380578994751e-01,5.704780220985412598e-01
4.908000014632739294e+01,1.767234504222869873e-01,5.275409817695617676e-01
4.909000014635721243e+01,1.786653250455856323e-01,4.890347421169281006e-01
4.910000014638702481e+01,1.817578375339508057e-01,4.874247610569000244e-01
4.911000014641683720e+01,1.795059144496917725e-01,4.236024916172027588e-01
4.912000014644664958e+01,1.790235936641693115e-01,5.297179222106933594e-01
4.913000014647646196e+01,1.780058890581130981e-01,4.718021154403686523e-01
4.914000014650628145e+01,1.930177658796310425e-01,4.862635135650634766e-01
4.915000014653609384e+01,1.821306943893432617e-01,4.382293522357940674e-01
4.916000014656590622e+01,1.785927116870880127e-01,4.696081578731536865e-01
4.917000014659571860e+01,1.654840409755706787e-01,4.838142693042755127e-01
4.918000014662553809e+01,1.769787818193435669e-01,4.754929244518280029e-01
4.919000014665535048e+01,1.768987774848937988e-01,4.768208563327789307e-01
4.920000014668516286e+01,1.749136298894882202e-01,4.102353751659393311e-01
4.921000014671497524e+01,1.847245991230010986e-01,4.613231420516967773e-01
4.922000014674479473e+01,1.596543639898300171e-01,4.926701784133911133e-01
4.923000014677460712e+01,1.754805743694305420e-01,4.271200299263000488e-01
4.924000014680441950e+01,1.723594218492507935e-01,4.605997502803802490e-01
4.925000014683423188e+01,1.797246932983398438e-01,4.700996875762939453e-01
4.926000014686405137e+01,1.751251518726348877e-01,5.562517046928405762e-01
4.927000014689386376e+01,1.709797084331512451e-01,4.924048185348510742e-01
4.928000014692367614e+01,1.815846413373947144e-01,4.745716154575347900e-01
4.929000014695348852e+01,1.741711050271987915e-01,5.027369856834411621e-01
4.930000014698330091e+01,1.730271875858306885e-01,4.951295256614685059e-01
4.931000014701312040e+01,1.774820685386657715e-01,5.770748853683471680e-01
4.932000014704293278e+01,1.788385957479476929e-01,5.423417091369628906e-01
4.933000014707274516e+01,1.814999282360076904e-01,5.422743558883666992e-01
4.934000014710255755e+01,1.728904098272323608e-01,4.728018045425415039e-01
4.935000014713237704e+01,1.755903959274291992e-01,4.948273897171020508e-01
4.936000014716218942e+01,1.740920394659042358e-01,4.939125776290893555e-01
4.937000014719200180e+01,1.686314493417739868e-01,5.286545157432556152e-01
4.938000014722181419e+01,1.834654659032821655e-01,5.194562673568725586e-01
4.939000014725163368e+01,1.803517192602157593e-01,4.759956598281860352e-01
4.940000014728144606e+01,1.714739948511123657e-01,5.172300338745117188e-01
4.941000014731125844e+01,1.762734800577163696e-01,4.751104116439819336e-01
4.942000014734107083e+01,1.693191081285476685e-01,4.943874776363372803e-01
4.943000014737089032e+01,1.753152757883071899e-01,4.770804345607757568e-01
4.944000014740070270e+01,1.734599173069000244e-01,5.137972235679626465e-01
4.945000014743051509e+01,1.722539216279983521e-01,4.944746494293212891e-01
4.946000014746032747e+01,1.707983464002609253e-01,5.735162496566772461e-01
4.947000014749013985e+01,1.765607595443725586e-01,6.344910264015197754e-01
4.948000014751995934e+01,1.701132357120513916e-01,4.808911383152008057e-01
4.949000014754977173e+01,1.746045798063278198e-01,4.788203537464141846e-01
4.950000014757958411e+01,1.785902976989746094e-01,4.723102748394012451e-01
4.951000014760939649e+01,1.686860173940658569e-01,5.025187134742736816e-01
4.952000014763921598e+01,1.705552786588668823e-01,4.637274742126464844e-01
4.953000014766902837e+01,1.750295311212539673e-01,5.569235086441040039e-01
4.954000014769884075e+01,1.766018569469451904e-01,5.617944598197937012e-01
4.955000014772865313e+01,1.671880632638931274e-01,4.807961881160736084e-01
4.956000014775847262e+01,1.718896478414535522e-01,5.501301884651184082e-01
4.957000014778828501e+01,1.760767847299575806e-01,4.931404590606689453e-01
4.958000014781809739e+01,1.734252125024795532e-01,4.825181066989898682e-01
4.959000014784790977e+01,1.750413328409194946e-01,4.703752696514129639e-01
4.960000014787772926e+01,1.736176311969757080e-01,4.497458040714263916e-01
4.961000014790754165e+01,1.735990196466445923e-01,5.062185525894165039e-01
4.962000014793735403e+01,1.747351735830307007e-01,4.462650120258331299e-01
4.963000014796716641e+01,1.789906919002532959e-01,4.541354775428771973e-01
4.964000014799697880e+01,1.689099371433258057e-01,4.976044893264770508e-01
4.965000014802679829e+01,1.657427102327346802e-01,5.192773342132568359e-01
4.966000014805661067e+01,1.671241372823715210e-01,4.299158751964569092e-01
4.967000014808642305e+01,1.830642670392990112e-01,4.771716594696044922e-01
4.968000014811623544e+01,1.692196577787399292e-01,5.094308853149414062e-01
4.969000014814605493e+01,1.726167052984237671e-01,5.167522430419921875e-01
4.970000014817586731e+01,1.751457452774047852e-01,4.597948789596557617e-01
4.971000014820567969e+01,1.780125796794891357e-01,5.247445106506347656e-01
4.972000014823549208e+01,1.784418225288391113e-01,5.372588634490966797e-01
4.973000014826531157e+01,1.857936084270477295e-01,4.841781854629516602e-01
4.974000014829512395e+01,1.670418977737426758e-01,5.376014709472656250e-01
4.975000014832493633e+01,1.828235536813735962e-01,5.108693242073059082e-01
4.976000014835474872e+01,1.725860834121704102e-01,5.338885188102722168e-01
4.977000014838456821e+01,1.706302762031555176e-01,4.697534739971160889e-01
4.978000014841438059e+01,1.768382191658020020e-01,4.461716711521148682e-01
4.979000014844419297e+01,1.717683821916580200e-01,4.359469115734100342e-01
4.980000014847400536e+01,1.776721030473709106e-01,4.242926836013793945e-01
4.981000014850382485e+01,1.866513788700103760e-01,5.160650610923767090e-01
4.982000014853363723e+01,1.785914301872253418e-01,5.345295071601867676e-01
4.983000014856344961e+01,1.740488409996032715e-01,4.998046755790710449e-01
4.984000014859326200e+01,1.732138097286224365e-01,4.630258083343505859e-01
4.985000014862307438e+01,1.730486750602722168e-01,4.249416887760162354e-01
4.986000014865289387e+01,1.807872802019119263e-01,5.322515368461608887e-01
4.987000014868270625e+01,1.764361113309860229e-01,4.821062684059143066e-01
4.988000014871251864e+01,1.707296222448348999e-01,5.004406571388244629e-01
4.989000014874233102e+01,1.769553422927856445e-01,4.375110566616058350e-01
4.990000014877215051e+01,1.717281043529510498e-01,4.951527714729309082e-01
4.991000014880196289e+01,1.689683794975280762e-01,5.624434947967529297e-01
4.992000014883177528e+01,1.840419918298721313e-01,5.397337675094604492e-01
4.993000014886158766e+01,1.786926835775375366e-01,5.527958869934082031e-01
4.994000014889140715e+01,1.774087250232696533e-01,5.176994204521179199e-01
4.995000014892121953e+01,1.804198324680328369e-01,6.114059090614318848e-01
4.996000014895103192e+01,1.793156266212463379e-01,6.133257150650024414e-01
4.997000014898084430e+01,1.752430349588394165e-01,5.116822719573974609e-01
4.998000014901066379e+01,1.856638938188552856e-01,5.502007603645324707e-01
4.999000014904047617e+01,1.843487024307250977e-01,6.002602577209472656e-01
5.000000014907028856e+01,1.768392175436019897e-01,5.085229277610778809e-01
5.001000014910010094e+01,1.807128340005874634e-01,6.204437613487243652e-01
5.002000014912991332e+01,1.680330932140350342e-01,4.674794077873229980e-01
5.003000014915973281e+01,1.744090169668197632e-01,5.178704261779785156e-01
5.004000014918954520e+01,1.840852648019790649e-01,4.721335470676422119e-01
5.005000014921935758e+01,1.795448958873748779e-01,4.827415645122528076e-01
5.006000014924916997e+01,1.787783205509185791e-01,4.931403696537017822e-01
5.007000014927898945e+01,1.882102042436599731e-01,5.527285933494567871e-01
5.008000014930880184e+01,1.746605038642883301e-01,5.193192958831787109e-01
5.009000014933861422e+01,1.774066984653472900e-01,5.134386420249938965e-01
5.010000014936842661e+01,1.781879067420959473e-01,5.185593962669372559e-01
5.011000014939824609e+01,1.674779951572418213e-01,4.985129535198211670e-01
5.012000014942805848e+01,1.765210032463073730e-01,5.202940702438354492e-01
5.013000014945787086e+01,1.730485260486602783e-01,4.593290686607360840e-01
5.014000014948768325e+01,1.789139509201049805e-01,4.894366562366485596e-01
5.015000014951750273e+01,1.802618801593780518e-01,4.482196271419525146e-01
5.016000014954731512e+01,1.721097975969314575e-01,4.987210929393768311e-01
5.017000014957712750e+01,1.811120212078094482e-01,4.978118538856506348e-01
5.018000014960693989e+01,1.752100586891174316e-01,5.358020067214965820e-01
5.019000014963675227e+01,1.729110628366470337e-01,5.206130146980285645e-01
5.020000014966657176e+01,1.817452609539031982e-01,4.480078518390655518e-01
5.021000014969638414e+01,1.780446618795394897e-01,5.314883589744567871e-01
5.022000014972619653e+01,1.766209900379180908e-01,4.411588609218597412e-01
5.023000014975600891e+01,1.686294674873352051e-01,4.264176785945892334e-01
5.024000014978582840e+01,1.660038977861404419e-01,4.870519936084747314e-01
5.025000014981564078e+01,1.711971461772918701e-01,4.775224030017852783e-01
5.026000014984545317e+01,1.836863011121749878e-01,5.162065029144287109e-01
5.027000014987526555e+01,1.742134541273117065e-01,4.700194597244262695e-01
5.028000014990508504e+01,1.806836277246475220e-01,5.586625933647155762e-01
5.029000014993489742e+01,1.780356168746948242e-01,4.423366189002990723e-01
5.030000014996470981e+01,1.792416274547576904e-01,4.724283516407012939e-01
5.031000014999452219e+01,1.790997385978698730e-01,4.531848132610321045e-01
5.032000015002434168e+01,1.772170364856719971e-01,5.455040335655212402e-01
5.033000015005415406e+01,1.793433427810668945e-01,6.036643385887145996e-01
5.034000015008396645e+01,1.891780048608779907e-01,6.093578338623046875e-01
5.035000015011377883e+01,1.782878339290618896e-01,5.161467194557189941e-01
5.036000015014359121e+01,1.788694411516189575e-01,4.677893221378326416e-01
5.037000015017341070e+01,1.781533360481262207e-01,4.516159594058990479e-01
5.038000015020322309e+01,1.828082352876663208e-01,4.781708419322967529e-01
5.039000015023303547e+01,1.873850822448730469e-01,4.771038293838500977e-01
5.040000015026284785e+01,1.824598014354705811e-01,4.269493222236633301e-01
5.041000015029266734e+01,1.750640571117401123e-01,5.032120347023010254e-01
5.042000015032247973e+01,1.863515079021453857e-01,5.025231838226318359e-01
5.043000015035229211e+01,1.861157715320587158e-01,4.630722701549530029e-01
5.044000015038210449e+01,1.793955415487289429e-01,5.695508718490600586e-01
5.045000015041192398e+01,1.884392350912094116e-01,5.445424318313598633e-01
5.046000015044173637e+01,1.750622242689132690e-01,5.152254104614257812e-01
5.047000015047154875e+01,1.826194524765014648e-01,5.828149914741516113e-01
5.048000015050136113e+01,1.813507080078125000e-01,5.909204483032226562e-01
5.049000015053118062e+01,1.861981302499771118e-01,5.529405474662780762e-01
5.050000015056099301e+01,1.771720647811889648e-01,5.108528137207031250e-01
5.051000015059080539e+01,1.779820322990417480e-01,5.096296072006225586e-01
5.052000015062061777e+01,1.807982325553894043e-01,5.073074102401733398e-01
5.053000015065043016e+01,1.773244142532348633e-01,4.670953452587127686e-01
5.054000015068024965e+01,1.800897270441055298e-01,4.946388900279998779e-01
5.055000015071006203e+01,1.839933991432189941e-01,5.396835207939147949e-01
5.056000015073987441e+01,1.840404272079467773e-01,5.395474433898925781e-01
5.057000015076968680e+01,1.670198589563369751e-01,4.940784573554992676e-01
5.058000015079950629e+01,1.719130128622055054e-01,5.186806917190551758e-01
5.059000015082931867e+01,1.735291033983230591e-01,4.864601492881774902e-01
5.060000015085913105e+01,1.789447963237762451e-01,5.901964902877807617e-01
5.061000015088894344e+01,1.822611689567565918e-01,5.340595245361328125e-01
5.062000015091876293e+01,1.774238944053649902e-01,5.624093413352966309e-01
5.063000015094857531e+01,1.823288649320602417e-01,4.170972108840942383e-01
5.064000015097838769e+01,1.701315343379974365e-01,4.596922695636749268e-01
5.065000015100820008e+01,1.668079942464828491e-01,4.613350033760070801e-01
5.066000015103801957e+01,1.764845550060272217e-01,5.737884044647216797e-01
5.067000015106783195e+01,1.685836017131805420e-01,4.629838466644287109e-01
5.068000015109764433e+01,1.728819012641906738e-01,5.313239097595214844e-01
5.069000015112745672e+01,1.673649102449417114e-01,4.935732781887054443e-01
5.070000015115726910e+01,1.768377274274826050e-01,5.403114557266235352e-01
5.071000015118708859e+01,1.761862188577651978e-01,5.669854283332824707e-01
5.072000015121690097e+01,1.683558523654937744e-01,5.754505395889282227e-01
5.073000015124671336e+01,1.695074737071990967e-01,5.016693472862243652e-01
5.074000015127652574e+01,1.724402457475662231e-01,5.274771451950073242e-01
5.075000015130634523e+01,1.754762977361679077e-01,4.614791870117187500e-01
5.076000015133615761e+01,1.772580146789550781e-01,4.673227965831756592e-01
5.077000015136597000e+01,1.763878464698791504e-01,4.662103652954101562e-01
5.078000015139578238e+01,1.807463020086288452e-01,5.473844408988952637e-01
5.079000015142560187e+01,1.827898323535919189e-01,5.471510887145996094e-01
5.080000015145541425e+01,1.753701567649841309e-01,5.423941612243652344e-01
5.081000015148522664e+01,1.727599948644638062e-01,4.665092229843139648e-01
5.082000015151503902e+01,1.776122748851776123e-01,4.880724847316741943e-01
5.083000015154485851e+01,1.750527769327163696e-01,4.363853037357330322e-01
5.084000015157467089e+01,1.758503615856170654e-01,5.032384991645812988e-01
5.085000015160448328e+01,1.762802898883819580e-01,4.823286831378936768e-01
5.086000015163429566e+01,1.716775596141815186e-01,5.233508944511413574e-01
5.087000015166410805e+01,1.713243722915649414e-01,5.415242910385131836e-01
5.088000015169392753e+01,1.741283088922500610e-01,4.275059401988983154e-01
5.089000015172373992e+01,1.765363514423370361e-01,4.804834425449371338e-01
5.090000015175355230e+01,1.738641858100891113e-01,5.081124901771545410e-01
5.091000015178336469e+01,1.768220216035842896e-01,5.380682349205017090e-01
5.092000015181318417e+01,1.728580743074417114e-01,4.758037328720092773e-01
5.093000015184299656e+01,1.778401732444763184e-01,4.624399840831756592e-01
5.094000015187280894e+01,1.734760850667953491e-01,4.184120297431945801e-01
5.095000015190262133e+01,1.730927824974060059e-01,4.556141495704650879e-01
5.096000015193244082e+01,1.714803576469421387e-01,4.974555969238281250e-01
5.097000015196225320e+01,1.686028093099594116e-01,5.132482051849365234e-01
5.098000015199206558e+01,1.727940887212753296e-01,5.715690255165100098e-01
5.099000015202187797e+01,1.706209182739257812e-01,5.248792767524719238e-01
5.100000015205169746e+01,1.656319200992584229e-01,4.576141238212585449e-01
5.101000015208150984e+01,1.640883386135101318e-01,4.752571582794189453e-01
5.102000015211132222e+01,1.686732470989227295e-01,4.392839968204498291e-01
5.103000015214113461e+01,1.750194728374481201e-01,5.087043046951293945e-01
5.104000015217094699e+01,1.765482276678085327e-01,5.175954103469848633e-01
5.105000015220076648e+01,1.693088561296463013e-01,4.461189806461334229e-01
5.106000015223057886e+01,1.721939593553543091e-01,4.723677039146423340e-01
5.107000015226039125e+01,1.695537716150283813e-01,4.734667539596557617e-01
5.108000015229020363e+01,1.706673353910446167e-01,4.585340917110443115e-01
5.109000015232002312e+01,1.807034760713577271e-01,4.803680479526519775e-01
5.110000015234983550e+01,1.894195377826690674e-01,5.138705372810363770e-01
5.111000015237964789e+01,1.755273640155792236e-01,4.774112105369567871e-01
5.112000015240946027e+01,1.732218712568283081e-01,5.300876498222351074e-01
5.113000015243927976e+01,1.774139851331710815e-01,4.786001443862915039e-01
5.114000015246909214e+01,1.748914122581481934e-01,5.241240262985229492e-01
5.115000015249890453e+01,1.763916164636611938e-01,5.885996818542480469e-01
5.116000015252871691e+01,1.854126751422882080e-01,5.143917798995971680e-01
5.117000015255853640e+01,1.758108586072921753e-01,4.592516720294952393e-01
5.118000015258834878e+01,1.688501983880996704e-01,5.182826519012451172e-01
5.119000015261816117e+01,1.744248270988464355e-01,5.946388244628906250e-01
5.120000015264797355e+01,1.775664836168289185e-01,4.498732686042785645e-01
5.121000015267778593e+01,1.780144721269607544e-01,5.515421032905578613e-01
5.122000015270760542e+01,1.719114184379577637e-01,5.833647847175598145e-01
5.123000015273741781e+01,1.790807098150253296e-01,4.958863854408264160e-01
5.124000015276723019e+01,1.728874891996383667e-01,5.437296628952026367e-01
5.125000015279704257e+01,1.715927422046661377e-01,4.926475286483764648e-01
5.126000015282686206e+01,1.726791262626647949e-01,4.303456842899322510e-01
5.127000015285667445e+01,1.733966469764709473e-01,4.271868765354156494e-01
5.128000015288648683e+01,1.747636348009109497e-01,5.186195969581604004e-01
5.129000015291629921e+01,1.774269044399261475e-01,5.047343969345092773e-01
5.130000015294611870e+01,1.797661781311035156e-01,5.203131437301635742e-01
5.131000015297593109e+01,1.711187511682510376e-01,4.714972972869873047e-01
5.132000015300574347e+01,1.779846698045730591e-01,4.870902001857757568e-01
5.133000015303555585e+01,1.684373468160629272e-01,4.587357044219970703e-01
5.134000015306537534e+01,1.767276525497436523e-01,5.148173570632934570e-01
5.135000015309518773e+01,1.792093664407730103e-01,5.027164220809936523e-01
5.136000015312500011e+01,1.709882020950317383e-01,5.117086768150329590e-01
5.137000015315481249e+01,1.725028455257415771e-01,5.201559066772460938e-01
5.138000015318462488e+01,1.793547719717025757e-01,5.067770481109619141e-01
5.139000015321444437e+01,1.802923232316970825e-01,4.664953947067260742e-01
5.140000015324425675e+01,1.754838079214096069e-01,5.087063908576965332e-01
5.141000015327406913e+01,1.782740652561187744e-01,5.106909275054931641e-01
5.142000015330388152e+01,1.698143333196640015e-01,4.947721064090728760e-01
5.143000015333370101e+01,1.699239462614059448e-01,4.864534139633178711e-01
5.144000015336351339e+01,1.777519136667251587e-01,5.233014822006225586e-01
5.145000015339332577e+01,1.723134219646453857e-01,5.105556249618530273e-01
5.146000015342313816e+01,1.739535331726074219e-01,4.885491728782653809e-01
5.147000015345295765e+01,1.712788343429565430e-01,5.568926930427551270e-01
5.148000015348277003e+01,1.777182817459106445e-01,4.710728228092193604e-01
5.149000015351258241e+01,1.777382493019104004e-01,4.918398559093475342e-01
5.150000015354239480e+01,1.759925186634063721e-01,5.181807279586791992e-01
5.151000015357221429e+01,1.752775460481643677e-01,5.042768120765686035e-01
5.152000015360202667e+01,1.824519485235214233e-01,4.599587619304656982e-01
5.153000015363183905e+01,1.808096915483474731e-01,5.051262378692626953e-01
5.154000015366165144e+01,1.777549982070922852e-01,5.062780976295471191e-01
5.155000015369146382e+01,1.711883991956710815e-01,4.926259815692901611e-01
5.156000015372128331e+01,1.783939301967620850e-01,4.813243150711059570e-01
5.157000015375109570e+01,1.714122593402862549e-01,4.535398781299591064e-01
5.158000015378090808e+01,1.757882833480834961e-01,4.999487400054931641e-01
5.159000015381072046e+01,1.828972101211547852e-01,4.340039193630218506e-01
5.160000015384053995e+01,1.763136982917785645e-01,4.444728791713714600e-01
5.161000015387035234e+01,1.743992716073989868e-01,5.752035975456237793e-01
5.162000015390016472e+01,1.825426816940307617e-01,4.738895297050476074e-01
5.163000015392997710e+01,1.795282959938049316e-01,4.241323173046112061e-01
5.164000015395979659e+01,1.847323477268218994e-01,4.838087856769561768e-01
5.165000015398960898e+01,1.808691471815109253e-01,4.632307291030883789e-01
5.166000015401942136e+01,1.778105497360229492e-01,4.586753547191619873e-01
5.167000015404923374e+01,1.810566931962966919e-01,5.025962591171264648e-01
5.168000015407905323e+01,1.817330271005630493e-01,6.105360984802246094e-01
5.169000015410886562e+01,1.827693283557891846e-01,4.490137696266174316e-01
5.170000015413867800e+01,1.652828305959701538e-01,5.298572182655334473e-01
5.171000015416849038e+01,1.707340478897094727e-01,4.823801815509796143e-01
5.172000015419830987e+01,1.797962188720703125e-01,5.011699199676513672e-01
5.173000015422812226e+01,1.657268851995468140e-01,5.357294678688049316e-01
5.174000015425793464e+01,1.727755218744277954e-01,4.500104486942291260e-01
5.175000015428774702e+01,1.679306626319885254e-01,5.291998982429504395e-01
5.176000015431755941e+01,1.781541258096694946e-01,5.153944492340087891e-01
5.177000015434737890e+01,1.807373613119125366e-01,5.316950678825378418e-01
5.178000015437719128e+01,1.649346500635147095e-01,5.257571339607238770e-01
5.179000015440700366e+01,1.699672043323516846e-01,4.840920269489288330e-01
5.180000015443681605e+01,1.774128228425979614e-01,5.923542976379394531e-01
5.181000015446663554e+01,1.778167188167572021e-01,5.123243331909179688e-01
5.182000015449644792e+01,1.712269484996795654e-01,5.927738547325134277e-01
5.183000015452626030e+01,1.694590300321578979e-01,5.463850498199462891e-01
5.184000015455607269e+01,1.774571686983108521e-01,5.193761587142944336e-01
5.185000015458589218e+01,1.786282211542129517e-01,6.811246871948242188e-01
5.186000015461570456e+01,1.777968555688858032e-01,5.184043049812316895e-01
5.187000015464551694e+01,1.794066131114959717e-01,6.226115226745605469e-01
5.188000015467532933e+01,1.714960038661956787e-01,6.002237796783447266e-01
5.189000015470514882e+01,1.767597347497940063e-01,5.713542103767395020e-01
5.190000015473496120e+01,1.660414338111877441e-01,4.594694077968597412e-01
5.191000015476477358e+01,1.748697161674499512e-01,5.103597640991210938e-01
5.192000015479458597e+01,1.738001704216003418e-01,5.015603899955749512e-01
5.193000015482439835e+01,1.787479370832443237e-01,4.980990290641784668e-01
5.194000015485421784e+01,1.714957654476165771e-01,5.403686165809631348e-01
5.195000015488403022e+01,1.650645583868026733e-01,5.578413009643554688e-01
5.196000015491384261e+01,1.732667088508605957e-01,5.623234510421752930e-01
5.197000015494365499e+01,1.698892712593078613e-01,4.426068067550659180e-01
5.198000015497347448e+01,1.680939048528671265e-01,4.980735778808593750e-01
5.199000015500328686e+01,1.713201552629470825e-01,4.719148576259613037e-01
5.200000015503309925e+01,1.644871830940246582e-01,4.724295735359191895e-01
5.201000015506291163e+01,1.733696013689041138e-01,5.150977373123168945e-01
5.202000015509273112e+01,1.694974303245544434e-01,5.178085565567016602e-01
5.203000015512254350e+01,1.726964265108108521e-01,4.965812861919403076e-01
5.204000015515235589e+01,1.614352762699127197e-01,5.051593184471130371e-01
5.205000015518216827e+01,1.724006533622741699e-01,5.030192732810974121e-01
5.206000015521198776e+01,1.782501786947250366e-01,4.755722582340240479e-01
5.207000015524180014e+01,1.737401038408279419e-01,4.828597307205200195e-01
5.208000015527161253e+01,1.739480346441268921e-01,5.021530985832214355e-01
5.209000015530142491e+01,1.728442609310150146e-01,5.265021920204162598e-01
5.210000015533123729e+01,1.713707000017166138e-01,4.687097668647766113e-01
5.211000015536105678e+01,1.700320243835449219e-01,5.155206918716430664e-01
5.212000015539086917e+01,1.798752844333648682e-01,5.119927525520324707e-01
5.213000015542068155e+01,1.775588691234588623e-01,5.605340600013732910e-01
5.214000015545049393e+01,1.788890659809112549e-01,4.857172071933746338e-01
5.215000015548031342e+01,1.768283993005752563e-01,4.378936588764190674e-01
5.216000015551012581e+01,1.653011292219161987e-01,5.260412693023681641e-01
5.217000015553993819e+01,1.733773797750473022e-01,6.147192716598510742e-01
5.218000015556975058e+01,1.748653054237365723e-01,4.997771680355072021e-01
5.219000015559957006e+01,1.833310425281524658e-01,5.981678366661071777e-01
5.220000015562938245e+01,1.815963685512542725e-01,4.570888280868530273e-01
5.221000015565919483e+01,1.769025623798370361e-01,4.781614542007446289e-01
5.222000015568900722e+01,1.729831099510192871e-01,4.787313342094421387e-01
5.223000015571882670e+01,1.696002930402755737e-01,5.012742280960083008e-01
5.224000015574863909e+01,1.790963858366012573e-01,6.329585909843444824e-01
5.225000015577845147e+01,1.698154956102371216e-01,6.081297993659973145e-01
5.226000015580826386e+01,1.781809777021408081e-01,4.685846567153930664e-01
5.227000015583807624e+01,1.739351600408554077e-01,4.435142278671264648e-01
5.228000015586789573e+01,1.789861619472503662e-01,5.614596605300903320e-01
5.229000015589770811e+01,1.764232069253921509e-01,5.250725150108337402e-01
5.230000015592752050e+01,1.780013144016265869e-01,4.864584207534790039e-01
5.231000015595733288e+01,1.701391637325286865e-01,4.293241202831268311e-01
5.232000015598715237e+01,1.758858263492584229e-01,5.174021720886230469e-01
5.233000015601696475e+01,1.780911833047866821e-01,5.460543036460876465e-01
5.234000015604677714e+01,1.652964502573013306e-01,5.079814791679382324e-01
5.235000015607658952e+01,1.871242523193359375e-01,6.196945905685424805e-01
5.236000015610640901e+01,1.763080209493637085e-01,4.697429835796356201e-01
5.237000015613622139e+01,1.797691285610198975e-01,4.709299802780151367e-01
5.238000015616603378e+01,1.808227151632308960e-01,4.575519263744354248e-01
5.239000015619584616e+01,1.843948662281036377e-01,6.094610691070556641e-01
5.240000015622566565e+01,1.665424406528472900e-01,5.230095982551574707e-01
5.241000015625547803e+01,1.804605424404144287e-01,4.413185119628906250e-01
5.242000015628529042e+01,1.813343763351440430e-01,4.664878547191619873e-01
5.243000015631510280e+01,1.734159439802169800e-01,5.187664628028869629e-01
5.244000015634491518e+01,1.783210188150405884e-01,4.270749092102050781e-01
5.245000015637473467e+01,1.806671321392059326e-01,5.247135162353515625e-01
5.246000015640454706e+01,1.704255342483520508e-01,4.875987768173217773e-01
5.247000015643435944e+01,1.847311556339263916e-01,5.138587355613708496e-01
5.248000015646417182e+01,1.703677624464035034e-01,5.395646095275878906e-01
5.249000015649399131e+01,1.748349815607070923e-01,5.326237678527832031e-01
5.250000015652380370e+01,1.693795472383499146e-01,4.864244461059570312e-01
5.251000015655361608e+01,1.663541644811630249e-01,5.197590589523315430e-01
5.252000015658342846e+01,1.752029508352279663e-01,4.368368387222290039e-01
5.253000015661324795e+01,1.789350211620330811e-01,5.038207769393920898e-01
5.254000015664306034e+01,1.753146797418594360e-01,4.076979160308837891e-01
5.255000015667287272e+01,1.796426773071289062e-01,4.646466374397277832e-01
5.256000015670268510e+01,1.781053394079208374e-01,4.272191822528839111e-01
5.257000015673250459e+01,1.770056337118148804e-01,4.779660105705261230e-01
5.258000015676231698e+01,1.765867769718170166e-01,5.509262084960937500e-01
5.259000015679212936e+01,1.757328361272811890e-01,4.765492677688598633e-01
5.260000015682194174e+01,1.664766073226928711e-01,4.910264313220977783e-01
5.261000015685175413e+01,1.795108616352081299e-01,4.597396850585937500e-01
5.262000015688157362e+01,1.808469444513320923e-01,4.655412137508392334e-01
5.263000015691138600e+01,1.880473792552947998e-01,4.809797406196594238e-01
5.264000015694119838e+01,1.812328249216079712e-01,5.085626244544982910e-01
5.265000015697101077e+01,1.661591231822967529e-01,5.046295523643493652e-01
5.266000015700083026e+01,1.813295632600784302e-01,4.850513637065887451e-01
5.267000015703064264e+01,1.752538532018661499e-01,4.649250805377960205e-01
5.268000015706045502e+01,1.694428175687789917e-01,4.960554540157318115e-01
5.269000015709026741e+01,1.825133413076400757e-01,4.926036298274993896e-01
5.270000015712008690e+01,1.731688231229782104e-01,4.640454053878784180e-01
5.271000015714989928e+01,1.735293418169021606e-01,4.705110788345336914e-01
5.272000015717971166e+01,1.798734962940216064e-01,5.198324918746948242e-01
5.273000015720952405e+01,1.762231588363647461e-01,5.062115192413330078e-01
5.274000015723934354e+01,1.779028326272964478e-01,4.884069859981536865e-01
5.275000015726915592e+01,1.755931079387664795e-01,4.904947578907012939e-01
5.276000015729896830e+01,1.694886237382888794e-01,5.110561847686767578e-01
5.277000015732878069e+01,1.744241118431091309e-01,5.077924132347106934e-01
5.278000015735859307e+01,1.856146156787872314e-01,4.801740944385528564e-01
5.279000015738841256e+01,1.795972436666488647e-01,4.381824433803558350e-01
5.280000015741822494e+01,1.748183071613311768e-01,5.107485055923461914e-01
5.281000015744803733e+01,1.747354418039321899e-01,4.489441812038421631e-01
5.282000015747784971e+01,1.768313348293304443e-01,4.507077336311340332e-01
5.283000015750766920e+01,1.694202572107315063e-01,4.405237734317779541e-01
5.284000015753748158e+01,1.808260530233383179e-01,5.306583642959594727e-01
5.285000015756729397e+01,1.806257218122482300e-01,4.430206716060638428e-01
5.286000015759710635e+01,1.751398593187332153e-01,4.829137027263641357e-01
5.287000015762692584e+01,1.788666099309921265e-01,5.582788586616516113e-01
5.288000015765673822e+01,1.715984195470809937e-01,4.469775855541229248e-01
5.289000015768655061e+01,1.746191382408142090e-01,5.157522559165954590e-01
5.290000015771636299e+01,1.823525875806808472e-01,5.390821695327758789e-01
5.291000015774618248e+01,1.786359399557113647e-01,4.882440865039825439e-01
5.292000015777599486e+01,1.699606031179428101e-01,4.860578477382659912e-01
5.293000015780580725e+01,1.782143414020538330e-01,5.539448261260986328e-01
5.294000015783561963e+01,1.722760200500488281e-01,5.394521355628967285e-01
5.295000015786543202e+01,1.785823106765747070e-01,4.680022001266479492e-01
5.296000015789525150e+01,1.729535907506942749e-01,4.849069118499755859e-01
5.297000015792506389e+01,1.792967617511749268e-01,5.016071200370788574e-01
5.298000015795487627e+01,1.746691614389419556e-01,4.802291691303253174e-01
5.299000015798468866e+01,1.782633364200592041e-01,4.448855817317962646e-01
5.300000015801450814e+01,1.757232844829559326e-01,5.058633685111999512e-01
5.301000015804432053e+01,1.745406091213226318e-01,5.575505495071411133e-01
5.302000015807413291e+01,1.751050949096679688e-01,5.350550413131713867e-01
5.303000015810394530e+01,1.744622141122817993e-01,5.038583278656005859e-01
5.304000015813376478e+01,1.721545308828353882e-01,4.594886302947998047e-01
5.305000015816357717e+01,1.670580953359603882e-01,5.232529044151306152e-01
5.306000015819338955e+01,1.754315048456192017e-01,4.266999065876007080e-01
5.307000015822320194e+01,1.741132587194442749e-01,4.940127730369567871e-01
5.308000015825302143e+01,1.781192719936370850e-01,4.049887657165527344e-01
5.309000015828283381e+01,1.784741133451461792e-01,4.908587932586669922e-01
5.310000015831264619e+01,1.756965667009353638e-01,5.009850263595581055e-01
5.311000015834245858e+01,1.785543113946914673e-01,6.264771223068237305e-01
5.312000015837227096e+01,1.775763183832168579e-01,4.886209964752197266e-01
5.313000015840209045e+01,1.774655878543853760e-01,4.359991550445556641e-01
5.314000015843190283e+01,1.640539020299911499e-01,4.615881145000457764e-01
5.315000015846171522e+01,1.782465428113937378e-01,4.421495199203491211e-01
5.316000015849152760e+01,1.761828809976577759e-01,4.440620541572570801e-01
5.317000015852134709e+01,1.739609539508819580e-01,5.064822435379028320e-01
5.318000015855115947e+01,1.723704487085342407e-01,5.982639193534851074e-01
5.319000015858097186e+01,1.775858551263809204e-01,5.101208686828613281e-01
5.320000015861078424e+01,1.803071349859237671e-01,4.478106200695037842e-01
5.321000015864060373e+01,1.765452027320861816e-01,4.469367563724517822e-01
5.322000015867041611e+01,1.733739227056503296e-01,4.837456345558166504e-01
5.323000015870022850e+01,1.803980022668838501e-01,4.260707497596740723e-01
5.324000015873004088e+01,1.821701824665069580e-01,4.542510807514190674e-01
5.325000015875986037e+01,1.795401722192764282e-01,4.065878689289093018e-01
5.326000015878967275e+01,1.753682047128677368e-01,4.893212914466857910e-01
5.327000015881948514e+01,1.731806397438049316e-01,4.983403384685516357e-01
5.328000015884929752e+01,1.739459335803985596e-01,5.301659703254699707e-01
5.329000015887910990e+01,1.781652569770812988e-01,6.160647273063659668e-01
5.330000015890892939e+01,1.779177784919738770e-01,5.254163742065429688e-01
5.331000015893874178e+01,1.773001700639724731e-01,5.073222517967224121e-01
5.332000015896855416e+01,1.806171089410781860e-01,5.937668681144714355e-01
5.333000015899836654e+01,1.695597022771835327e-01,4.906719028949737549e-01
5.334000015902818603e+01,1.799139976501464844e-01,4.751603603363037109e-01
5.335000015905799842e+01,1.640457510948181152e-01,4.308862388134002686e-01
5.336000015908781080e+01,1.727130264043807983e-01,5.591205358505249023e-01
5.337000015911762318e+01,1.749408096075057983e-01,5.747538208961486816e-01
5.338000015914744267e+01,1.683023720979690552e-01,4.935473203659057617e-01
5.339000015917725506e+01,1.786587536334991455e-01,4.636595547199249268e-01
5.340000015920706744e+01,1.703999340534210205e-01,4.282631874084472656e-01
5.341000015923687982e+01,1.845322698354721069e-01,5.079547762870788574e-01
5.342000015926669931e+01,1.777949184179306030e-01,5.332317948341369629e-01
5.343000015929651170e+01,1.688971668481826782e-01,5.573058128356933594e-01
5.344000015932632408e+01,1.677821427583694458e-01,4.978711605072021484e-01
5.345000015935613646e+01,1.781003028154373169e-01,4.854977726936340332e-01
5.346000015938594885e+01,1.841608732938766479e-01,6.044776439666748047e-01
5.347000015941576834e+01,1.686834245920181274e-01,4.781574606895446777e-01
5.348000015944558072e+01,1.737526506185531616e-01,5.172653794288635254e-01
5.349000015947539310e+01,1.803137212991714478e-01,4.449978768825531006e-01
5.350000015950520549e+01,1.793251931667327881e-01,4.534492790699005127e-01
5.351000015953502498e+01,1.713808178901672363e-01,5.108068585395812988e-01
5.352000015956483736e+01,1.781706959009170532e-01,5.894851684570312500e-01
5.353000015959464974e+01,1.822276115417480469e-01,5.959444642066955566e-01
5.354000015962446213e+01,1.793751865625381470e-01,4.563237726688385010e-01
5.355000015965428162e+01,1.774236261844635010e-01,5.469137430191040039e-01
5.356000015968409400e+01,1.778648495674133301e-01,6.340780854225158691e-01
5.357000015971390638e+01,1.838225126266479492e-01,4.324776530265808105e-01
5.358000015974371877e+01,1.787033081054687500e-01,5.177382826805114746e-01
5.359000015977353826e+01,1.767643839120864868e-01,4.305987954139709473e-01
5.360000015980335064e+01,1.796756237745285034e-01,5.217764377593994141e-01
5.361000015983316302e+01,1.712395548820495605e-01,5.334812402725219727e-01
5.362000015986297541e+01,1.705009341239929199e-01,5.494173765182495117e-01
5.363000015989278779e+01,1.667317450046539307e-01,5.321502685546875000e-01
5.364000015992260728e+01,1.773350387811660767e-01,4.916725158691406250e-01
5.365000015995241966e+01,1.773794144392013550e-01,5.078442096710205078e-01
5.366000015998223205e+01,1.753095388412475586e-01,4.750584661960601807e-01
5.367000016001204443e+01,1.683678627014160156e-01,4.599883258342742920e-01
5.368000016004186392e+01,1.619448363780975342e-01,4.692533910274505615e-01
5.369000016007167631e+01,1.744046807289123535e-01,5.615326762199401855e-01
5.370000016010148869e+01,1.684343963861465454e-01,4.817999303340911865e-01
5.371000016013130107e+01,1.699659526348114014e-01,4.099725484848022461e-01
5.372000016016112056e+01,1.755660027265548706e-01,5.267524123191833496e-01
5.373000016019093295e+01,1.784625202417373657e-01,4.626006186008453369e-01
5.374000016022074533e+01,1.748025119304656982e-01,4.540520012378692627e-01
5.375000016025055771e+01,1.807668358087539673e-01,4.708028435707092285e-01
5.376000016028037720e+01,1.774877309799194336e-01,5.391439199447631836e-01
5.377000016031018959e+01,1.828548759222030640e-01,4.466812014579772949e-01
5.378000016034000197e+01,1.703211367130279541e-01,4.583540260791778564e-01
5.379000016036981435e+01,1.786989569664001465e-01,5.251848697662353516e-01
5.380000016039963384e+01,1.723841428756713867e-01,4.832682609558105469e-01
5.381000016042944623e+01,1.697523742914199829e-01,5.196550488471984863e-01
5.382000016045925861e+01,1.747198402881622314e-01,5.235155820846557617e-01
5.383000016048907099e+01,1.682344526052474976e-01,4.951333105564117432e-01
5.384000016051888338e+01,1.847031861543655396e-01,4.823392629623413086e-01
5.385000016054870287e+01,1.809118241071701050e-01,4.722233414649963379e-01
5.386000016057851525e+01,1.779304593801498413e-01,4.674755632877349854e-01
5.387000016060832763e+01,1.801156401634216309e-01,4.357786774635314941e-01
5.388000016063814002e+01,1.720335036516189575e-01,4.506126642227172852e-01
5.389000016066795951e+01,1.745181381702423096e-01,4.950627088546752930e-01
5.390000016069777189e+01,1.779133975505828857e-01,4.066454470157623291e-01
5.391000016072758427e+01,1.779875159263610840e-01,4.430318176746368408e-01
5.392000016075739666e+01,1.706635504961013794e-01,4.535951614379882812e-01
5.393000016078721615e+01,1.736480146646499634e-01,5.188786983489990234e-01
5.394000016081702853e+01,1.796469092369079590e-01,5.016421675682067871e-01
5.395000016084684091e+01,1.791891604661941528e-01,4.754552841186523438e-01
5.396000016087665330e+01,1.780778020620346069e-01,4.705246984958648682e-01
5.397000016090647279e+01,1.696706116199493408e-01,5.188190937042236328e-01
5.398000016093628517e+01,1.693017631769180298e-01,4.930609166622161865e-01
5.399000016096609755e+01,1.812749505043029785e-01,5.145105719566345215e-01
5.400000016099590994e+01,1.742353439331054688e-01,5.075309872627258301e-01
5.401000016102572232e+01,1.765359342098236084e-01,4.684871435165405273e-01
5.402000016105554181e+01,1.753482818603515625e-01,5.773114562034606934e-01
5.403000016108535419e+01,1.750541627407073975e-01,4.570562243461608887e-01
5.404000016111516658e+01,1.730173081159591675e-01,4.662487506866455078e-01
5.405000016114497896e+01,1.792971938848495483e-01,4.638118147850036621e-01
5.406000016117479845e+01,1.843409389257431030e-01,4.875251352787017822e-01
5.407000016120461083e+01,1.647813767194747925e-01,4.628259539604187012e-01
5.408000016123442322e+01,1.723069846630096436e-01,5.686937570571899414e-01
5.409000016126423560e+01,1.760759204626083374e-01,4.815467894077301025e-01
5.410000016129405509e+01,1.645508110523223877e-01,5.230119228363037109e-01
5.411000016132386747e+01,1.838225722312927246e-01,5.045017600059509277e-01
5.412000016135367986e+01,1.737978756427764893e-01,4.008713364601135254e-01
5.413000016138349224e+01,1.700683534145355225e-01,4.917085766792297363e-01
5.414000016141331173e+01,1.664007604122161865e-01,4.147223532199859619e-01
5.415000016144312411e+01,1.749596446752548218e-01,4.801734089851379395e-01
5.416000016147293650e+01,1.862947791814804077e-01,5.581693649291992188e-01
5.417000016150274888e+01,1.738235354423522949e-01,4.928145706653594971e-01
5.418000016153256126e+01,1.776864826679229736e-01,5.929612517356872559e-01
5.419000016156238075e+01,1.762450337409973145e-01,4.909146130084991455e-01
5.420000016159219314e+01,1.731155216693878174e-01,5.582132935523986816e-01
5.421000016162200552e+01,1.717845052480697632e-01,5.144259333610534668e-01
5.422000016165181790e+01,1.688899844884872437e-01,4.157448410987854004e-01
5.423000016168163739e+01,1.682010591030120850e-01,5.161960124969482422e-01
5.424000016171144978e+01,1.655937433242797852e-01,5.030193924903869629e-01
5.425000016174126216e+01,1.742158085107803345e-01,4.753771126270294189e-01
5.426000016177107454e+01,1.715977042913436890e-01,5.062328577041625977e-01
5.427000016180089403e+01,1.758440136909484863e-01,5.465342402458190918e-01
5.428000016183070642e+01,1.717507988214492798e-01,4.801027476787567139e-01
5.429000016186051880e+01,1.780576854944229126e-01,5.988981723785400391e-01
5.430000016189033119e+01,1.744656711816787720e-01,5.718157291412353516e-01
5.431000016192015067e+01,1.784043759107589722e-01,5.196225643157958984e-01
5.432000016194996306e+01,1.678388267755508423e-01,4.859665334224700928e-01
5.433000016197977544e+01,1.744736731052398682e-01,5.128762722015380859e-01
5.434000016200958783e+01,1.796021759510040283e-01,5.434323549270629883e-01
5.435000016203940021e+01,1.670885533094406128e-01,5.187302827835083008e-01
5.436000016206921970e+01,1.740716397762298584e-01,5.435060262680053711e-01
5.437000016209903208e+01,1.773537248373031616e-01,4.757032692432403564e-01
5.438000016212884447e+01,1.830088943243026733e-01,4.397482573986053467e-01
5.439000016215865685e+01,1.709146648645401001e-01,4.699846506118774414e-01
5.440000016218847634e+01,1.676894724369049072e-01,4.575784802436828613e-01
5.441000016221828872e+01,1.787931025028228760e-01,5.133092403411865234e-01
5.442000016224810111e+01,1.741012930870056152e-01,4.145814180374145508e-01
5.443000016227791349e+01,1.788098216056823730e-01,5.627008676528930664e-01
5.444000016230773298e+01,1.760509610176086426e-01,5.264610052108764648e-01
5.445000016233754536e+01,1.769441068172454834e-01,5.099081397056579590e-01
5.446000016236735775e+01,1.776013076305389404e-01,4.734145998954772949e-01
5.447000016239717013e+01,1.723750829696655273e-01,5.074707269668579102e-01
5.448000016242698962e+01,1.813055127859115601e-01,5.056468248367309570e-01
5.449000016245680200e+01,1.774632334709167480e-01,5.150775313377380371e-01
5.450000016248661439e+01,1.849287450313568115e-01,5.231624245643615723e-01
5.451000016251642677e+01,1.735278517007827759e-01,4.261620640754699707e-01
5.452000016254623915e+01,1.824336200952529907e-01,4.653267860412597656e-01
5.453000016257605864e+01,1.826518923044204712e-01,5.271396040916442871e-01
5.454000016260587103e+01,1.791344285011291504e-01,4.523151218891143799e-01
5.455000016263568341e+01,1.804797947406768799e-01,5.854874253273010254e-01
5.456000016266549579e+01,1.742748767137527466e-01,4.665500819683074951e-01
5.457000016269531528e+01,1.760767996311187744e-01,4.740472733974456787e-01
5.458000016272512767e+01,1.852917224168777466e-01,4.202597737312316895e-01
5.459000016275494005e+01,1.819970905780792236e-01,4.984389543533325195e-01
5.460000016278475243e+01,1.742297857999801636e-01,4.441374838352203369e-01
5.461000016281457192e+01,1.797097325325012207e-01,4.687660932540893555e-01
5.462000016284438431e+01,1.816280782222747803e-01,4.280985891819000244e-01
5.463000016287419669e+01,1.747761964797973633e-01,4.077013432979583740e-01
5.464000016290400907e+01,1.762663722038269043e-01,5.445741415023803711e-01
5.465000016293382856e+01,1.770403236150741577e-01,4.521130323410034180e-01
5.466000016296364095e+01,1.797317117452621460e-01,4.092001914978027344e-01
5.467000016299345333e+01,1.719844639301300049e-01,4.184904694557189941e-01
5.468000016302326571e+01,1.691639572381973267e-01,4.283203482627868652e-01
5.469000016305307810e+01,1.780020743608474731e-01,4.340551197528839111e-01
5.470000016308289759e+01,1.743774563074111938e-01,5.349411368370056152e-01
5.471000016311270997e+01,1.812812685966491699e-01,5.417009592056274414e-01
5.472000016314252235e+01,1.823676675558090210e-01,4.542957544326782227e-01
5.473000016317233474e+01,1.831624954938888550e-01,4.998670816421508789e-01
5.474000016320215423e+01,1.801771968603134155e-01,4.855202436447143555e-01
5.475000016323196661e+01,1.819005906581878662e-01,5.919921398162841797e-01
5.476000016326177899e+01,1.785180270671844482e-01,4.511669278144836426e-01
5.477000016329159138e+01,1.809474229812622070e-01,5.273888111114501953e-01
5.478000016332141087e+01,1.766185164451599121e-01,4.911141395568847656e-01
5.479000016335122325e+01,1.747377961874008179e-01,4.027250111103057861e-01
5.480000016338103563e+01,1.726185083389282227e-01,4.366988539695739746e-01
5.481000016341084802e+01,1.792678236961364746e-01,4.573425650596618652e-01
5.482000016344066751e+01,1.697339117527008057e-01,4.350772202014923096e-01
5.483000016347047989e+01,1.818025559186935425e-01,4.115116894245147705e-01
5.484000016350029227e+01,1.667412668466567993e-01,3.825661838054656982e-01
5.485000016353010466e+01,1.767975687980651855e-01,4.271429777145385742e-01
5.486000016355991704e+01,1.810800880193710327e-01,4.616240262985229492e-01
5.487000016358973653e+01,1.706501543521881104e-01,3.963764905929565430e-01
5.488000016361954891e+01,1.792824417352676392e-01,4.516929686069488525e-01
5.489000016364936130e+01,1.800006031990051270e-01,4.964198470115661621e-01
5.490000016367917368e+01,1.781303137540817261e-01,4.598962962627410889e-01
5.491000016370899317e+01,1.795952618122100830e-01,4.500493705272674561e-01
5.492000016373880555e+01,1.884196549654006958e-01,4.506037235260009766e-01
5.493000016376861794e+01,1.816076189279556274e-01,5.218186378479003906e-01
5.494000016379843032e+01,1.706041097640991211e-01,4.988162219524383545e-01
5.495000016382824981e+01,1.822003275156021118e-01,5.017913579940795898e-01
5.496000016385806219e+01,1.786957830190658569e-01,4.414907395839691162e-01
5.497000016388787458e+01,1.770648658275604248e-01,4.598673582077026367e-01
5.498000016391768696e+01,1.818152368068695068e-01,4.270761013031005859e-01
5.499000016394750645e+01,1.739028692245483398e-01,4.238979518413543701e-01
5.500000016397731883e+01,1.747130751609802246e-01,4.472518861293792725e-01
5.501000016400713122e+01,1.805591881275177002e-01,4.086054265499114990e-01
5.502000016403694360e+01,1.782678365707397461e-01,4.814709126949310303e-01
5.503000016406675599e+01,1.774475276470184326e-01,4.708688855171203613e-01
5.504000016409657547e+01,1.887710392475128174e-01,4.581861793994903564e-01
5.505000016412638786e+01,1.814520955085754395e-01,4.398452639579772949e-01
5.506000016415620024e+01,1.767737418413162231e-01,4.589510560035705566e-01
5.507000016418601263e+01,1.730302572250366211e-01,4.521422684192657471e-01
5.508000016421583211e+01,1.828684955835342407e-01,4.752666354179382324e-01
5.509000016424564450e+01,1.782060563564300537e-01,4.425332248210906982e-01
5.510000016427545688e+01,1.869653761386871338e-01,4.389459788799285889e-01
5.511000016430526927e+01,1.775918304920196533e-01,4.045729637145996094e-01
5.512000016433508875e+01,1.698125153779983521e-01,4.082488715648651123e-01
5.513000016436490114e+01,1.813055276870727539e-01,4.651314318180084229e-01
5.514000016439471352e+01,1.774518042802810669e-01,4.497657716274261475e-01
5.515000016442452591e+01,1.731478720903396606e-01,4.596571624279022217e-01
5.516000016445434539e+01,1.745814979076385498e-01,4.424438774585723877e-01
5.517000016448415778e+01,1.757529526948928833e-01,4.677407145500183105e-01
5.518000016451397016e+01,1.796285659074783325e-01,4.761521518230438232e-01
5.519000016454378255e+01,1.723706871271133423e-01,4.356954991817474365e-01
5.520000016457359493e+01,1.794736832380294800e-01,4.345446228981018066e-01
5.521000016460341442e+01,1.784313023090362549e-01,4.684007763862609863e-01
5.522000016463322680e+01,1.694761663675308228e-01,4.489414989948272705e-01
5.523000016466303919e+01,1.794930994510650635e-01,4.691979885101318359e-01
5.524000016469285157e+01,1.785004884004592896e-01,4.433675408363342285e-01
5.525000016472267106e+01,1.742355376482009888e-01,4.854580163955688477e-01
5.526000016475248344e+01,1.794780492782592773e-01,5.348978638648986816e-01
5.527000016478229583e+01,1.732452660799026489e-01,5.361400246620178223e-01
5.528000016481210821e+01,1.761958301067352295e-01,4.568726420402526855e-01
5.529000016484192770e+01,1.702497154474258423e-01,5.091682076454162598e-01
5.530000016487174008e+01,1.789848059415817261e-01,5.243237018585205078e-01
5.531000016490155247e+01,1.797920912504196167e-01,4.491665363311767578e-01
5.532000016493136485e+01,1.785129159688949585e-01,6.067591905593872070e-01
5.533000016496118434e+01,1.841088682413101196e-01,4.578928053379058838e-01
5.534000016499099672e+01,1.787667274475097656e-01,5.122103095054626465e-01
5.535000016502080911e+01,1.717191189527511597e-01,5.631594061851501465e-01
5.536000016505062149e+01,1.693468689918518066e-01,4.411266744136810303e-01
5.537000016508043387e+01,1.715109497308731079e-01,4.316990971565246582e-01
5.538000016511025336e+01,1.800395995378494263e-01,3.995206654071807861e-01
5.539000016514006575e+01,1.715178638696670532e-01,4.698289632797241211e-01
5.540000016516987813e+01,1.727464795112609863e-01,4.685607254505157471e-01
5.541000016519969051e+01,1.762869805097579956e-01,4.307909011840820312e-01
5.542000016522951000e+01,1.705073416233062744e-01,4.464265108108520508e-01
5.543000016525932239e+01,1.753425896167755127e-01,4.754215180873870850e-01
5.544000016528913477e+01,1.715150326490402222e-01,4.724219739437103271e-01
5.545000016531894715e+01,1.767557114362716675e-01,4.560413360595703125e-01
5.546000016534876664e+01,1.735864281654357910e-01,4.889080822467803955e-01
5.547000016537857903e+01,1.773328781127929688e-01,4.105253219604492188e-01
5.548000016540839141e+01,1.781218349933624268e-01,4.473911225795745850e-01
5.549000016543820379e+01,1.799520999193191528e-01,4.610293805599212646e-01
5.550000016546802328e+01,1.715992987155914307e-01,3.842569291591644287e-01
5.551000016549783567e+01,1.765485256910324097e-01,4.644856750965118408e-01
5.552000016552764805e+01,1.753285974264144897e-01,4.632029235363006592e-01
5.553000016555746043e+01,1.757304370403289795e-01,4.583372175693511963e-01
5.554000016558727282e+01,1.796584725379943848e-01,5.325393676757812500e-01
5.555000016561709231e+01,1.733060479164123535e-01,4.730070233345031738e-01
5.556000016564690469e+01,1.745632141828536987e-01,4.776338934898376465e-01
5.557000016567671707e+01,1.722392588853836060e-01,4.684201478958129883e-01
5.558000016570652946e+01,1.847544014453887939e-01,4.219249188899993896e-01
5.559000016573634895e+01,1.821514368057250977e-01,4.352966547012329102e-01
5.560000016576616133e+01,1.727305799722671509e-01,4.918949902057647705e-01
5.561000016579597371e+01,1.697580367326736450e-01,5.563871264457702637e-01
5.562000016582578610e+01,1.705866754055023193e-01,4.822103381156921387e-01
5.563000016585560559e+01,1.656795144081115723e-01,4.616837799549102783e-01
5.564000016588541797e+01,1.667178422212600708e-01,5.477510094642639160e-01
5.565000016591523035e+01,1.733181178569793701e-01,5.183852314949035645e-01
5.566000016594504274e+01,1.768117994070053101e-01,4.594543874263763428e-01
5.567000016597486223e+01,1.705020815134048462e-01,5.098071098327636719e-01
5.568000016600467461e+01,1.670190095901489258e-01,4.674274623394012451e-01
5.569000016603448699e+01,1.825901716947555542e-01,5.377292037010192871e-01
5.570000016606429938e+01,1.802355945110321045e-01,4.953407943248748779e-01
5.571000016609411887e+01,1.659500449895858765e-01,5.845745205879211426e-01
5.572000016612393125e+01,1.654090285301208496e-01,4.368315339088439941e-01
5.573000016615374363e+01,1.669026464223861694e-01,5.063077211380004883e-01
5.574000016618355602e+01,1.732999533414840698e-01,4.953317642211914062e-01
5.575000016621336840e+01,1.736688911914825439e-01,5.444028973579406738e-01
5.576000016624318789e+01,1.673724055290222168e-01,5.341590642929077148e-01
5.577000016627300027e+01,1.733026802539825439e-01,5.444990992546081543e-01
5.578000016630281266e+01,1.673528850078582764e-01,4.557347893714904785e-01
5.579000016633262504e+01,1.737612038850784302e-01,4.461273252964019775e-01
5.580000016636244453e+01,1.690555959939956665e-01,4.409740567207336426e-01
5.581000016639225692e+01,1.691821813583374023e-01,4.940548539161682129e-01
5.582000016642206930e+01,1.651176810264587402e-01,4.465056061744689941e-01
5.583000016645188168e+01,1.581424772739410400e-01,4.689726829528808594e-01
5.584000016648170117e+01,1.804811209440231323e-01,4.100732207298278809e-01
5.585000016651151356e+01,1.766356527805328369e-01,4.536787271499633789e-01
5.586000016654132594e+01,1.716004908084869385e-01,4.414103627204895020e-01
5.587000016657113832e+01,1.795364320278167725e-01,4.367412924766540527e-01
5.588000016660095781e+01,1.807502508163452148e-01,4.366525411605834961e-01
5.589000016663077020e+01,1.765048205852508545e-01,4.439023137092590332e-01
5.590000016666058258e+01,1.789311021566390991e-01,4.822484254837036133e-01
5.591000016669039496e+01,1.710307300090789795e-01,4.951558411121368408e-01
5.592000016672020735e+01,1.714157462120056152e-01,5.045587420463562012e-01
5.593000016675002684e+01,1.716524958610534668e-01,4.178251624107360840e-01
5.594000016677983922e+01,1.840013861656188965e-01,4.458818137645721436e-01
5.595000016680965160e+01,1.754293590784072876e-01,4.512636661529541016e-01
5.596000016683946399e+01,1.756801158189773560e-01,4.778548777103424072e-01
5.597000016686928348e+01,1.767708957195281982e-01,3.732093572616577148e-01
5.598000016689909586e+01,1.780784875154495239e-01,4.435731172561645508e-01
5.599000016692890824e+01,1.763272434473037720e-01,4.988718628883361816e-01
5.600000016695872063e+01,1.701658368110656738e-01,4.509485065937042236e-01
5.601000016698854012e+01,1.747733354568481445e-01,5.007639527320861816e-01
5.602000016701835250e+01,1.789842993021011353e-01,4.258366525173187256e-01
5.603000016704816488e+01,1.788838207721710205e-01,4.449265599250793457e-01
5.604000016707797727e+01,1.775144487619400024e-01,5.479491949081420898e-01
5.605000016710779676e+01,1.722717434167861938e-01,4.963207244873046875e-01
5.606000016713760914e+01,1.746888756752014160e-01,4.693056643009185791e-01
5.607000016716742152e+01,1.840585619211196899e-01,4.707595705986022949e-01
5.608000016719723391e+01,1.754553169012069702e-01,5.067934989929199219e-01
5.609000016722704629e+01,1.803695708513259888e-01,5.642317533493041992e-01
5.610000016725686578e+01,1.748882979154586792e-01,5.766136646270751953e-01
5.611000016728667816e+01,1.797400861978530884e-01,5.672073364257812500e-01
5.612000016731649055e+01,1.750927865505218506e-01,4.893831014633178711e-01
5.613000016734630293e+01,1.730764955282211304e-01,5.574870109558105469e-01
5.614000016737612242e+01,1.860546767711639404e-01,5.254710316658020020e-01
5.615000016740593480e+01,1.776468157768249512e-01,4.700289666652679443e-01
5.616000016743574719e+01,1.716007143259048462e-01,4.969909489154815674e-01
5.617000016746555957e+01,1.711047142744064331e-01,5.245141983032226562e-01
5.618000016749537906e+01,1.729604601860046387e-01,5.160717964172363281e-01
5.619000016752519144e+01,1.746104061603546143e-01,5.675504803657531738e-01
5.620000016755500383e+01,1.651852726936340332e-01,5.116936564445495605e-01
5.621000016758481621e+01,1.708680391311645508e-01,5.452979803085327148e-01
5.622000016761463570e+01,1.776975244283676147e-01,5.986810922622680664e-01
5.623000016764444808e+01,1.711919605731964111e-01,5.312638282775878906e-01
5.624000016767426047e+01,1.796241998672485352e-01,4.378523826599121094e-01
5.625000016770407285e+01,1.712714880704879761e-01,4.524177014827728271e-01
5.626000016773388523e+01,1.734047234058380127e-01,4.640437662601470947e-01
5.627000016776370472e+01,1.752472370862960815e-01,4.643222689628601074e-01
5.628000016779351711e+01,1.827480494976043701e-01,4.395038187503814697e-01
5.629000016782332949e+01,1.752421110868453979e-01,5.114836096763610840e-01
5.630000016785314187e+01,1.753437221050262451e-01,4.298325479030609131e-01
5.631000016788296136e+01,1.731906831264495850e-01,4.821373224258422852e-01
5.632000016791277375e+01,1.752282679080963135e-01,4.699087738990783691e-01
5.633000016794258613e+01,1.676317155361175537e-01,4.722533524036407471e-01
5.634000016797239851e+01,1.774611324071884155e-01,4.533616602420806885e-01
5.635000016800221800e+01,1.894792467355728149e-01,4.820149838924407959e-01
5.636000016803203039e+01,1.789151877164840698e-01,4.325656294822692871e-01
5.637000016806184277e+01,1.714898347854614258e-01,5.235385298728942871e-01
5.638000016809165515e+01,1.779759675264358521e-01,4.898637235164642334e-01
5.639000016812147464e+01,1.732555031776428223e-01,5.815526247024536133e-01
5.640000016815128703e+01,1.809665858745574951e-01,4.995321929454803467e-01
5.641000016818109941e+01,1.795745790004730225e-01,4.382365643978118896e-01
5.642000016821091180e+01,1.726525127887725830e-01,4.200794994831085205e-01
5.643000016824072418e+01,1.781042665243148804e-01,4.782525599002838135e-01
5.644000016827054367e+01,1.659630089998245239e-01,4.451395869255065918e-01
5.645000016830035605e+01,1.741883158683776855e-01,3.919971287250518799e-01
5.646000016833016844e+01,1.854130774736404419e-01,4.877719283103942871e-01
5.647000016835998082e+01,1.747360378503799438e-01,4.259590208530426025e-01
5.648000016838980031e+01,1.870128214359283447e-01,4.731094539165496826e-01
5.649000016841961269e+01,1.730992347002029419e-01,4.967593550682067871e-01
5.650000016844942508e+01,1.803317964076995850e-01,5.255964398384094238e-01
5.651000016847923746e+01,1.771518588066101074e-01,4.152353107929229736e-01
5.652000016850905695e+01,1.735911220312118530e-01,4.374390840530395508e-01
5.653000016853886933e+01,1.707649827003479004e-01,4.807131290435791016e-01
5.654000016856868172e+01,1.715572923421859741e-01,5.235053300857543945e-01
5.655000016859849410e+01,1.737579256296157837e-01,4.169059395790100098e-01
5.656000016862831359e+01,1.685415208339691162e-01,4.691296219825744629e-01
5.657000016865812597e+01,1.812784373760223389e-01,4.774448275566101074e-01
5.658000016868793836e+01,1.749910712242126465e-01,4.894579052925109863e-01
5.659000016871775074e+01,1.789280176162719727e-01,4.458360373973846436e-01
5.660000016874756312e+01,1.737313568592071533e-01,5.179398655891418457e-01
5.661000016877738261e+01,1.735363900661468506e-01,4.724701642990112305e-01
5.662000016880719500e+01,1.777004152536392212e-01,4.931509196758270264e-01
5.663000016883700738e+01,1.813406795263290405e-01,3.876137435436248779e-01
5.664000016886681976e+01,1.720468401908874512e-01,4.781379401683807373e-01
5.665000016889663925e+01,1.836169660091400146e-01,4.915441870689392090e-01
5.666000016892645164e+01,1.715632826089859009e-01,5.119946002960205078e-01
5.667000016895626402e+01,1.668411195278167725e-01,5.057405829429626465e-01
5.668000016898607640e+01,1.752900183200836182e-01,4.609313309192657471e-01
5.669000016901589589e+01,1.708433479070663452e-01,4.256908893585205078e-01
5.670000016904570828e+01,1.775441467761993408e-01,4.914409220218658447e-01
5.671000016907552066e+01,1.696755737066268921e-01,4.230416417121887207e-01
5.672000016910533304e+01,1.713840365409851074e-01,3.751864433288574219e-01
5.673000016913515253e+01,1.689959466457366943e-01,4.034253656864166260e-01
5.674000016916496492e+01,1.713220179080963135e-01,4.002698361873626709e-01
5.675000016919477730e+01,1.697062402963638306e-01,4.295122921466827393e-01
5.676000016922458968e+01,1.708979904651641846e-01,4.849685430526733398e-01
5.677000016925440207e+01,1.703494787216186523e-01,4.863323867321014404e-01
5.678000016928422156e+01,1.782525628805160522e-01,4.324795305728912354e-01
5.679000016931403394e+01,1.764914095401763916e-01,4.236614704132080078e-01
5.680000016934384632e+01,1.708894222974777222e-01,4.472291171550750732e-01
5.681000016937365871e+01,1.758162528276443481e-01,4.274659156799316406e-01
5.682000016940347820e+01,1.780803501605987549e-01,4.268750846385955811e-01
5.683000016943329058e+01,1.754013448953628540e-01,3.837455213069915771e-01
5.684000016946310296e+01,1.875453144311904907e-01,5.287956595420837402e-01
5.685000016949291535e+01,1.734116673469543457e-01,5.370173454284667969e-01
5.686000016952273484e+01,1.703099906444549561e-01,4.429397881031036377e-01
5.687000016955254722e+01,1.703988015651702881e-01,4.824986755847930908e-01
5.688000016958235960e+01,1.726871430873870850e-01,4.741481244564056396e-01
5.689000016961217199e+01,1.836957037448883057e-01,4.716826379299163818e-01
5.690000016964199148e+01,1.697530746459960938e-01,4.892273545265197754e-01
5.691000016967180386e+01,1.772329360246658325e-01,5.741724371910095215e-01
5.692000016970161624e+01,1.706845313310623169e-01,4.595168232917785645e-01
5.693000016973142863e+01,1.697210818529129028e-01,4.965545535087585449e-01
5.694000016976124101e+01,1.623553633689880371e-01,4.979640841484069824e-01
5.695000016979106050e+01,1.786556541919708252e-01,4.901491999626159668e-01
5.696000016982087288e+01,1.665154844522476196e-01,5.216738581657409668e-01
5.697000016985068527e+01,1.710117012262344360e-01,4.534262716770172119e-01
5.698000016988049765e+01,1.710390895605087280e-01,4.717502295970916748e-01
5.699000016991031714e+01,1.774499118328094482e-01,4.678436517715454102e-01
5.700000016994012952e+01,1.755194962024688721e-01,5.031207799911499023e-01
5.701000016996994191e+01,1.835157573223114014e-01,5.743312835693359375e-01
5.702000016999975429e+01,1.685686260461807251e-01,5.163254737854003906e-01
5.703000017002957378e+01,1.834911108016967773e-01,4.543219208717346191e-01
5.704000017005938616e+01,1.685566604137420654e-01,5.091872215270996094e-01
5.705000017008919855e+01,1.808965653181076050e-01,4.743800759315490723e-01
5.706000017011901093e+01,1.849758177995681763e-01,5.677192211151123047e-01
5.707000017014883042e+01,1.825340241193771362e-01,5.822733044624328613e-01
5.708000017017864280e+01,1.820745021104812622e-01,4.760900437831878662e-01
5.709000017020845519e+01,1.893632262945175171e-01,6.165576577186584473e-01
5.710000017023826757e+01,1.782181411981582642e-01,4.624975621700286865e-01
5.711000017026807996e+01,1.843086332082748413e-01,5.379350185394287109e-01
5.712000017029789944e+01,1.863757520914077759e-01,5.365471243858337402e-01
5.713000017032771183e+01,1.791634112596511841e-01,5.712453722953796387e-01
5.714000017035752421e+01,1.791179925203323364e-01,5.269885659217834473e-01
5.715000017038733660e+01,1.849424540996551514e-01,5.880215167999267578e-01
5.716000017041715608e+01,1.743410229682922363e-01,5.151919126510620117e-01
5.717000017044696847e+01,1.720336079597473145e-01,5.205622911453247070e-01
5.718000017047678085e+01,1.701487153768539429e-01,4.214027822017669678e-01
5.719000017050659324e+01,1.727734655141830444e-01,5.370776653289794922e-01
5.720000017053641272e+01,1.852468550205230713e-01,6.686231493949890137e-01
5.721000017056622511e+01,1.784194707870483398e-01,5.213672518730163574e-01
5.722000017059603749e+01,1.698292791843414307e-01,4.737087190151214600e-01
5.723000017062584988e+01,1.763011515140533447e-01,5.449473857879638672e-01
5.724000017065566936e+01,1.786170005798339844e-01,5.405595898628234863e-01
5.725000017068548175e+01,1.773193925619125366e-01,6.617061495780944824e-01
5.726000017071529413e+01,1.818085610866546631e-01,5.455220937728881836e-01
5.727000017074510652e+01,1.726955920457839966e-01,4.796038269996643066e-01
5.728000017077491890e+01,1.770330071449279785e-01,5.570412278175354004e-01
5.729000017080473839e+01,1.798497289419174194e-01,4.865829944610595703e-01
5.730000017083455077e+01,1.712167561054229736e-01,4.599972665309906006e-01
5.731000017086436316e+01,1.706962138414382935e-01,5.117506384849548340e-01
5.732000017089417554e+01,1.654169112443923950e-01,4.937287271022796631e-01
5.733000017092399503e+01,1.657417565584182739e-01,4.877965450286865234e-01
5.734000017095380741e+01,1.714700609445571899e-01,4.514493644237518311e-01
5.735000017098361980e+01,1.786954104900360107e-01,4.647052884101867676e-01
5.736000017101343218e+01,1.859222054481506348e-01,4.555708765983581543e-01
5.737000017104325167e+01,1.744755357503890991e-01,4.249653220176696777e-01
5.738000017107306405e+01,1.825167685747146606e-01,4.405207633972167969e-01
5.739000017110287644e+01,1.790793389081954956e-01,4.392494559288024902e-01
5.740000017113268882e+01,1.735991239547729492e-01,5.181639790534973145e-01
5.741000017116250831e+01,1.776176393032073975e-01,4.231336116790771484e-01
5.742000017119232069e+01,1.859957724809646606e-01,5.119849443435668945e-01
5.743000017122213308e+01,1.758986711502075195e-01,4.503967761993408203e-01
5.744000017125194546e+01,1.828816533088684082e-01,4.864722490310668945e-01
5.745000017128175784e+01,1.814604401588439941e-01,4.696857333183288574e-01
5.746000017131157733e+01,1.739338785409927368e-01,4.746178090572357178e-01
5.747000017134138972e+01,1.770220994949340820e-01,4.562696516513824463e-01
5.748000017137120210e+01,1.738321185111999512e-01,4.456183612346649170e-01
5.749000017140101448e+01,1.806882023811340332e-01,5.383620262145996094e-01
5.750000017143083397e+01,1.820784807205200195e-01,4.603744447231292725e-01
5.751000017146064636e+01,1.722051650285720825e-01,4.036774337291717529e-01
5.752000017149045874e+01,1.723403036594390869e-01,4.418003857135772705e-01
5.753000017152027112e+01,1.803035736083984375e-01,4.877499639987945557e-01
5.754000017155009061e+01,1.728835552930831909e-01,5.541600584983825684e-01
5.755000017157990300e+01,1.832601875066757202e-01,5.063930153846740723e-01
5.756000017160971538e+01,1.753216385841369629e-01,5.133537054061889648e-01
5.757000017163952776e+01,1.752395182847976685e-01,4.709591567516326904e-01
5.758000017166934725e+01,1.679714918136596680e-01,5.353265404701232910e-01
5.759000017169915964e+01,1.826238781213760376e-01,4.801045060157775879e-01
5.760000017172897202e+01,1.784703433513641357e-01,5.101667046546936035e-01
5.761000017175878440e+01,1.790041923522949219e-01,4.677702188491821289e-01
5.762000017178860389e+01,1.768451184034347534e-01,4.677137136459350586e-01
5.763000017181841628e+01,1.840670704841613770e-01,4.964080750942230225e-01
5.764000017184822866e+01,1.792835593223571777e-01,4.890886545181274414e-01
5.765000017187804104e+01,1.798510402441024780e-01,4.723782837390899658e-01
5.766000017190785343e+01,1.748634427785873413e-01,5.189184546470642090e-01
5.767000017193767292e+01,1.757258474826812744e-01,5.004618167877197266e-01
5.768000017196748530e+01,1.779346168041229248e-01,5.344867706298828125e-01
5.769000017199729768e+01,1.674093604087829590e-01,5.457520484924316406e-01
5.770000017202711007e+01,1.811254620552062988e-01,4.952888190746307373e-01
5.771000017205692956e+01,1.829690486192703247e-01,5.375968217849731445e-01
5.772000017208674194e+01,1.722572296857833862e-01,4.359788894653320312e-01
5.773000017211655432e+01,1.722379922866821289e-01,4.703861176967620850e-01
5.774000017214636671e+01,1.805841028690338135e-01,4.575854837894439697e-01
5.775000017217618620e+01,1.801603883504867554e-01,4.973906576633453369e-01
5.776000017220599858e+01,1.731703579425811768e-01,4.632259309291839600e-01
5.777000017223581096e+01,1.815247982740402222e-01,4.797208607196807861e-01
5.778000017226562335e+01,1.838314980268478394e-01,5.128188729286193848e-01
5.779000017229544284e+01,1.768597662448883057e-01,4.385639727115631104e-01
5.780000017232525522e+01,1.757772713899612427e-01,4.834448397159576416e-01
5.781000017235506760e+01,1.762248128652572632e-01,5.102896690368652344e-01
5.782000017238487999e+01,1.729454547166824341e-01,5.156331658363342285e-01
5.783000017241469237e+01,1.760601997375488281e-01,4.655952453613281250e-01
5.784000017244451186e+01,1.856207549571990967e-01,5.508363842964172363e-01
5.785000017247432424e+01,1.794951707124710083e-01,4.146325886249542236e-01
5.786000017250413663e+01,1.713002771139144897e-01,4.526936113834381104e-01
5.787000017253394901e+01,1.752220541238784790e-01,5.381553769111633301e-01
5.788000017256376850e+01,1.722777485847473145e-01,4.619621932506561279e-01
5.789000017259358088e+01,1.701355427503585815e-01,4.958392977714538574e-01
5.790000017262339327e+01,1.743820607662200928e-01,5.052174925804138184e-01
5.791000017265320565e+01,1.820912361145019531e-01,6.851178407669067383e-01
5.792000017268302514e+01,1.738241016864776611e-01,5.324786901473999023e-01
5.793000017271283753e+01,1.730930954217910767e-01,4.795080721378326416e-01
5.794000017274264991e+01,1.793641000986099243e-01,5.583580732345581055e-01
5.795000017277246229e+01,1.785156130790710449e-01,4.792149662971496582e-01
5.796000017280228178e+01,1.703399419784545898e-01,4.203113317489624023e-01
5.797000017283209417e+01,1.803947687149047852e-01,4.745665192604064941e-01
5.798000017286190655e+01,1.763482391834259033e-01,4.741380214691162109e-01
5.799000017289171893e+01,1.732072979211807251e-01,5.007852911949157715e-01
5.800000017292153132e+01,1.750329732894897461e-01,4.904372096061706543e-01
5.801000017295135081e+01,1.749547123908996582e-01,4.802329242229461670e-01
5.802000017298116319e+01,1.821186840534210205e-01,5.071727633476257324e-01
5.803000017301097557e+01,1.667066812515258789e-01,5.516937375068664551e-01
5.804000017304078796e+01,1.741445511579513550e-01,5.489865541458129883e-01
5.805000017307060745e+01,1.741507649421691895e-01,5.174725651741027832e-01
5.806000017310041983e+01,1.718667447566986084e-01,4.220960438251495361e-01
5.807000017313023221e+01,1.760228872299194336e-01,4.572833180427551270e-01
5.808000017316004460e+01,1.720068156719207764e-01,4.856622815132141113e-01
5.809000017318986409e+01,1.771989464759826660e-01,5.033670067787170410e-01
5.810000017321967647e+01,1.723045408725738525e-01,5.453610420227050781e-01
5.811000017324948885e+01,1.786184012889862061e-01,5.251463651657104492e-01
5.812000017327930124e+01,1.855328530073165894e-01,5.245169401168823242e-01
5.813000017330912073e+01,1.699635684490203857e-01,4.872811734676361084e-01
5.814000017333893311e+01,1.727791130542755127e-01,5.455794930458068848e-01
5.815000017336874549e+01,1.728508174419403076e-01,4.902518093585968018e-01
5.816000017339855788e+01,1.643885672092437744e-01,5.248401761054992676e-01
5.817000017342837026e+01,1.749955564737319946e-01,4.158932268619537354e-01
5.818000017345818975e+01,1.700826883316040039e-01,5.109190344810485840e-01
5.819000017348800213e+01,1.754319220781326294e-01,5.357844829559326172e-01
5.820000017351781452e+01,1.706393361091613770e-01,4.564665853977203369e-01
5.821000017354762690e+01,1.705715954303741455e-01,4.551295638084411621e-01
5.822000017357744639e+01,1.703630685806274414e-01,4.655260741710662842e-01
5.823000017360725877e+01,1.750635057687759399e-01,5.568096637725830078e-01
5.824000017363707116e+01,1.797947287559509277e-01,4.674667418003082275e-01
5.825000017366688354e+01,1.790578812360763550e-01,5.356191992759704590e-01
5.826000017369670303e+01,1.721563935279846191e-01,5.288505554199218750e-01
5.827000017372651541e+01,1.687941402196884155e-01,4.649194478988647461e-01
5.828000017375632780e+01,1.715885847806930542e-01,4.797842800617218018e-01
5.829000017378614018e+01,1.701258122920989990e-01,4.908403158187866211e-01
5.830000017381595967e+01,1.776700317859649658e-01,4.851163327693939209e-01
5.831000017384577205e+01,1.730985641479492188e-01,5.994811058044433594e-01
5.832000017387558444e+01,1.790798306465148926e-01,5.951770544052124023e-01
5.833000017390539682e+01,1.700947433710098267e-01,4.904342293739318848e-01
5.834000017393520920e+01,1.753161251544952393e-01,6.315401196479797363e-01
5.835000017396502869e+01,1.706792563199996948e-01,5.258475542068481445e-01
5.836000017399484108e+01,1.839879900217056274e-01,5.162115097045898438e-01
5.837000017402465346e+01,1.766670048236846924e-01,5.757783055305480957e-01
5.838000017405446584e+01,1.700326204299926758e-01,4.904420673847198486e-01
5.839000017408428533e+01,1.778174936771392822e-01,5.804091691970825195e-01
5.840000017411409772e+01,1.756977885961532593e-01,5.247961878776550293e-01
5.841000017414391010e+01,1.790884137153625488e-01,4.363916516304016113e-01
5.842000017417372248e+01,1.759574711322784424e-01,4.340116083621978760e-01
5.843000017420354197e+01,1.824609637260437012e-01,4.991170763969421387e-01
5.844000017423335436e+01,1.857455372810363770e-01,6.349661946296691895e-01
5.845000017426316674e+01,1.696604043245315552e-01,4.465779364109039307e-01
5.846000017429297912e+01,1.786569207906723022e-01,5.595061182975769043e-01
5.847000017432279861e+01,1.811622977256774902e-01,5.882741808891296387e-01
5.848000017435261100e+01,1.757982075214385986e-01,5.132296085357666016e-01
5.849000017438242338e+01,1.764250099658966064e-01,5.497528314590454102e-01
5.850000017441223576e+01,1.675862371921539307e-01,4.919129014015197754e-01
5.851000017444204815e+01,1.843032389879226685e-01,5.105208158493041992e-01
5.852000017447186764e+01,1.778454184532165527e-01,5.077412724494934082e-01
5.853000017450168002e+01,1.697467863559722900e-01,4.615997076034545898e-01
5.854000017453149241e+01,1.743908971548080444e-01,4.371675252914428711e-01
5.855000017456130479e+01,1.643770337104797363e-01,4.306192994117736816e-01
5.856000017459112428e+01,1.804472357034683228e-01,5.138851404190063477e-01
5.857000017462093666e+01,1.789854317903518677e-01,5.403817892074584961e-01
5.858000017465074905e+01,1.767779588699340820e-01,4.753486514091491699e-01
5.859000017468056143e+01,1.747068762779235840e-01,4.656849205493927002e-01
5.860000017471038092e+01,1.662630736827850342e-01,5.206180214881896973e-01
5.861000017474019330e+01,1.677890717983245850e-01,5.280863642692565918e-01
5.862000017477000569e+01,1.641332358121871948e-01,5.784273147583007812e-01
5.863000017479981807e+01,1.703198999166488647e-01,4.653751850128173828e-01
5.864000017482963756e+01,1.737303286790847778e-01,5.175786018371582031e-01
5.865000017485944994e+01,1.771027296781539917e-01,5.727435946464538574e-01
5.866000017488926233e+01,1.847610920667648315e-01,4.775111377239227295e-01
5.867000017491907471e+01,1.759893447160720825e-01,5.866559147834777832e-01
5.868000017494888709e+01,1.717014461755752563e-01,4.730361402034759521e-01
5.869000017497870658e+01,1.825946569442749023e-01,6.117311716079711914e-01
5.870000017500851897e+01,1.715526580810546875e-01,5.022933483123779297e-01
5.871000017503833135e+01,1.692920774221420288e-01,5.577362775802612305e-01
5.872000017506814373e+01,1.787942200899124146e-01,5.518831014633178711e-01
5.873000017509796322e+01,1.638889163732528687e-01,5.035240650177001953e-01
5.874000017512777561e+01,1.686187982559204102e-01,5.481114983558654785e-01
5.875000017515758799e+01,1.768223643302917480e-01,6.052937507629394531e-01
5.876000017518740037e+01,1.762360483407974243e-01,4.902707636356353760e-01
5.877000017521721986e+01,1.667901575565338135e-01,4.778073132038116455e-01
5.878000017524703225e+01,1.740256249904632568e-01,4.838391840457916260e-01
5.879000017527684463e+01,1.748438030481338501e-01,5.801171064376831055e-01
5.880000017530665701e+01,1.826840788125991821e-01,5.057500004768371582e-01
5.881000017533647650e+01,1.764421910047531128e-01,4.329246878623962402e-01
5.882000017536628889e+01,1.768901944160461426e-01,4.609277248382568359e-01
5.883000017539610127e+01,1.653880625963211060e-01,5.138874053955078125e-01
5.884000017542591365e+01,1.714623272418975830e-01,4.386806488037109375e-01
5.885000017545572604e+01,1.698661893606185913e-01,4.204333722591400146e-01
5.886000017548554553e+01,1.780163496732711792e-01,4.480452537536621094e-01
5.887000017551535791e+01,1.711220741271972656e-01,4.443355202674865723e-01
5.888000017554517029e+01,1.756568551063537598e-01,5.207657217979431152e-01
5.889000017557498268e+01,1.733641177415847778e-01,5.666229128837585449e-01
5.890000017560480217e+01,1.672125011682510376e-01,5.373931527137756348e-01
5.891000017563461455e+01,1.724384874105453491e-01,4.571876525878906250e-01
5.892000017566442693e+01,1.827079802751541138e-01,5.427347421646118164e-01
5.893000017569423932e+01,1.727442890405654907e-01,4.873304963111877441e-01
5.894000017572405881e+01,1.791722476482391357e-01,4.753404259681701660e-01
5.895000017575387119e+01,1.724265068769454956e-01,4.942286014556884766e-01
5.896000017578368357e+01,1.775684654712677002e-01,4.862146377563476562e-01
5.897000017581349596e+01,1.743653565645217896e-01,4.883218705654144287e-01
5.898000017584331545e+01,1.860612481832504272e-01,4.459616243839263916e-01
5.899000017587312783e+01,1.789830178022384644e-01,5.195807814598083496e-01
5.900000017590294021e+01,1.791570633649826050e-01,4.697199463844299316e-01
5.901000017593275260e+01,1.772281080484390259e-01,4.827296435832977295e-01
5.902000017596256498e+01,1.771679818630218506e-01,4.567461013793945312e-01
5.903000017599238447e+01,1.734374761581420898e-01,4.973073303699493408e-01
5.904000017602219685e+01,1.799675077199935913e-01,5.831639766693115234e-01
5.905000017605200924e+01,1.741220206022262573e-01,4.880368113517761230e-01
5.906000017608182162e+01,1.703277230262756348e-01,4.625853896141052246e-01
5.907000017611164111e+01,1.661385148763656616e-01,4.510494768619537354e-01
5.908000017614145349e+01,1.697447448968887329e-01,3.991025984287261963e-01
5.909000017617126588e+01,1.671181768178939819e-01,5.010221004486083984e-01
5.910000017620107826e+01,1.781973838806152344e-01,4.856971800327301025e-01
5.911000017623089775e+01,1.725710779428482056e-01,4.743745028972625732e-01
5.912000017626071013e+01,1.713029146194458008e-01,5.210314989089965820e-01
5.913000017629052252e+01,1.783366352319717407e-01,5.476790070533752441e-01
5.914000017632033490e+01,1.713875830173492432e-01,4.710487127304077148e-01
5.915000017635015439e+01,1.734468787908554077e-01,4.621478021144866943e-01
5.916000017637996677e+01,1.789601594209671021e-01,4.713144302368164062e-01
5.917000017640977916e+01,1.763321012258529663e-01,3.999999165534973145e-01
5.918000017643959154e+01,1.774937808513641357e-01,4.653416275978088379e-01
5.919000017646940393e+01,1.655588448047637939e-01,5.042769312858581543e-01
5.920000017649922341e+01,1.725136041641235352e-01,5.101634860038757324e-01
5.921000017652903580e+01,1.712266355752944946e-01,4.433042109012603760e-01
5.922000017655884818e+01,1.739698648452758789e-01,4.998047351837158203e-01
5.923000017658866057e+01,1.713061034679412842e-01,4.392232596874237061e-01
5.924000017661848005e+01,1.657916605472564697e-01,4.829443097114562988e-01
5.925000017664829244e+01,1.795398890972137451e-01,4.499682784080505371e-01
5.926000017667810482e+01,1.791497170925140381e-01,5.202938318252563477e-01
5.927000017670791721e+01,1.858628541231155396e-01,4.942093789577484131e-01
5.928000017673773669e+01,1.738731414079666138e-01,4.518671035766601562e-01
5.929000017676754908e+01,1.778501570224761963e-01,5.114285945892333984e-01
5.930000017679736146e+01,1.811517328023910522e-01,4.639035165309906006e-01
5.931000017682717385e+01,1.709121763706207275e-01,5.004510283470153809e-01
5.932000017685699333e+01,1.669664382934570312e-01,4.419651329517364502e-01
5.933000017688680572e+01,1.749079078435897827e-01,4.978174567222595215e-01
5.934000017691661810e+01,1.640560030937194824e-01,5.230006575584411621e-01
5.935000017694643049e+01,1.840200573205947876e-01,4.511806964874267578e-01
5.936000017697624287e+01,1.738963723182678223e-01,4.034917950630187988e-01
5.937000017700606236e+01,1.691217720508575439e-01,4.372857809066772461e-01
5.938000017703587474e+01,1.726714968681335449e-01,3.973576128482818604e-01
5.939000017706568713e+01,1.783528327941894531e-01,4.675542414188385010e-01
5.940000017709549951e+01,1.766892820596694946e-01,4.749957621097564697e-01
5.941000017712531900e+01,1.835075318813323975e-01,4.764982461929321289e-01
5.942000017715513138e+01,1.663891971111297607e-01,4.563774764537811279e-01
5.943000017718494377e+01,1.813149154186248779e-01,5.037343502044677734e-01
5.944000017721475615e+01,1.699282377958297729e-01,5.340741276741027832e-01
5.945000017724457564e+01,1.858531981706619263e-01,4.305089712142944336e-01
5.946000017727438802e+01,1.826932877302169800e-01,5.031184554100036621e-01
5.947000017730420041e+01,1.799170672893524170e-01,5.012868642807006836e-01
5.948000017733401279e+01,1.736143678426742554e-01,5.276260972023010254e-01
5.949000017736383228e+01,1.863564550876617432e-01,4.310676157474517822e-01
5.950000017739364466e+01,1.819095760583877563e-01,4.676640331745147705e-01
5.951000017742345705e+01,1.707408726215362549e-01,5.852882862091064453e-01
5.952000017745326943e+01,1.724230796098709106e-01,5.203465819358825684e-01
5.953000017748308892e+01,1.793645173311233521e-01,4.234316647052764893e-01
5.954000017751290130e+01,1.757986694574356079e-01,4.769788384437561035e-01
5.955000017754271369e+01,1.739467382431030273e-01,4.666123986244201660e-01
5.956000017757252607e+01,1.745058894157409668e-01,4.325082302093505859e-01
5.957000017760233845e+01,1.782115697860717773e-01,4.833813309669494629e-01
5.958000017763215794e+01,1.759483367204666138e-01,5.131502747535705566e-01
5.959000017766197033e+01,1.797465085983276367e-01,4.252717792987823486e-01
5.960000017769178271e+01,1.707931607961654663e-01,4.573833346366882324e-01
5.961000017772159509e+01,1.788894534111022949e-01,4.920791685581207275e-01
5.962000017775141458e+01,1.688635051250457764e-01,4.346931576728820801e-01
5.963000017778122697e+01,1.819107085466384888e-01,4.085138738155364990e-01
5.964000017781103935e+01,1.797919720411300659e-01,5.451205372810363770e-01
5.965000017784085173e+01,1.779091507196426392e-01,4.722180664539337158e-01
5.966000017787067122e+01,1.791315227746963501e-01,4.975765049457550049e-01
5.967000017790048361e+01,1.777511537075042725e-01,4.969061911106109619e-01
5.968000017793029599e+01,1.744632869958877563e-01,4.556641280651092529e-01
5.969000017796010837e+01,1.776202321052551270e-01,4.389668405055999756e-01
5.970000017798992786e+01,1.699601560831069946e-01,4.960862994194030762e-01
5.971000017801974025e+01,1.717993468046188354e-01,4.688297808170318604e-01
5.972000017804955263e+01,1.722281426191329956e-01,4.385212957859039307e-01
5.973000017807936501e+01,1.733727008104324341e-01,5.425839424133300781e-01
5.974000017810917740e+01,1.655960381031036377e-01,4.749344289302825928e-01
5.975000017813899689e+01,1.718169152736663818e-01,5.491961240768432617e-01
5.976000017816880927e+01,1.769764125347137451e-01,4.587817192077636719e-01
5.977000017819862165e+01,1.731856018304824829e-01,3.954496085643768311e-01
5.978000017822843404e+01,1.740882545709609985e-01,5.006468892097473145e-01
5.979000017825825353e+01,1.690495908260345459e-01,4.856631755828857422e-01
5.980000017828806591e+01,1.807346791028976440e-01,5.601565837860107422e-01
5.981000017831787829e+01,1.758018136024475098e-01,5.218477249145507812e-01
5.982000017834769068e+01,1.839130669832229614e-01,5.487300753593444824e-01
5.983000017837751017e+01,1.792196929454803467e-01,6.649121642112731934e-01
5.984000017840732255e+01,1.723580360412597656e-01,4.804808795452117920e-01
5.985000017843713493e+01,1.788071990013122559e-01,4.472153186798095703e-01
5.986000017846694732e+01,1.659811586141586304e-01,5.074771642684936523e-01
5.987000017849676681e+01,1.806142479181289673e-01,4.856060743331909180e-01
5.988000017852657919e+01,1.826667189598083496e-01,5.059789419174194336e-01
5.989000017855639157e+01,1.843498945236206055e-01,6.637989878654479980e-01
5.990000017858620396e+01,1.767189353704452515e-01,5.368961691856384277e-01
5.991000017861601634e+01,1.726611852645874023e-01,5.541159510612487793e-01
5.992000017864583583e+01,1.669801026582717896e-01,5.343404412269592285e-01
5.993000017867564821e+01,1.823961287736892700e-01,5.095638632774353027e-01
5.994000017870546060e+01,1.803871095180511475e-01,5.445958375930786133e-01
5.995000017873527298e+01,1.747335046529769897e-01,5.294052958488464355e-01
5.996000017876509247e+01,1.670681834220886230e-01,4.387571811676025391e-01
5.997000017879490485e+01,1.635482460260391235e-01,4.565003514289855957e-01
5.998000017882471724e+01,1.701034605503082275e-01,5.430228710174560547e-01
5.999000017885452962e+01,1.738198548555374146e-01,6.055656075477600098e-01
6.000000017888434911e+01,1.803413480520248413e-01,5.661414861679077148e-01
6.001000017891416149e+01,1.731683164834976196e-01,5.814065337181091309e-01
6.002000017894397388e+01,1.643506437540054321e-01,5.522401332855224609e-01
6.003000017897378626e+01,1.715427339076995850e-01,5.460404157638549805e-01
6.004000017900360575e+01,1.734188497066497803e-01,6.293467283248901367e-01
6.005000017903341814e+01,1.796664148569107056e-01,4.453379511833190918e-01
6.006000017906323052e+01,1.808316856622695923e-01,4.978827238082885742e-01
6.007000017909304290e+01,1.820351928472518921e-01,6.238738894462585449e-01
6.008000017912285529e+01,1.740222871303558350e-01,5.470033288002014160e-01
6.009000017915267478e+01,1.757536232471466064e-01,4.651833772659301758e-01
6.010000017918248716e+01,1.766459345817565918e-01,5.451760292053222656e-01
6.011000017921229954e+01,1.724005192518234253e-01,4.967482388019561768e-01
6.012000017924211193e+01,1.818755716085433960e-01,5.223925113677978516e-01
6.013000017927193142e+01,1.683481335639953613e-01,5.593184828758239746e-01
6.014000017930174380e+01,1.826104521751403809e-01,5.211329460144042969e-01
6.015000017933155618e+01,1.761744767427444458e-01,5.420189499855041504e-01
6.016000017936136857e+01,1.782858073711395264e-01,5.089109539985656738e-01
6.017000017939118806e+01,1.783184856176376343e-01,4.276790022850036621e-01
6.018000017942100044e+01,1.784697771072387695e-01,5.391403436660766602e-01
6.019000017945081282e+01,1.720471233129501343e-01,4.922361373901367188e-01
6.020000017948062521e+01,1.790987551212310791e-01,5.025655627250671387e-01
6.021000017951044470e+01,1.722960174083709717e-01,4.991116821765899658e-01
6.022000017954025708e+01,1.780377775430679321e-01,4.266978800296783447e-01
6.023000017957006946e+01,1.820656955242156982e-01,5.283075571060180664e-01
6.024000017959988185e+01,1.807388067245483398e-01,5.997174978256225586e-01
6.025000017962969423e+01,1.779088526964187622e-01,4.257947504520416260e-01
6.026000017965951372e+01,1.778330951929092407e-01,4.633358418941497803e-01
6.027000017968932610e+01,1.764924973249435425e-01,4.895292222499847412e-01
6.028000017971913849e+01,1.821190267801284790e-01,5.332165360450744629e-01
6.029000017974895087e+01,1.779735982418060303e-01,5.121725797653198242e-01
6.030000017977877036e+01,1.736018210649490356e-01,4.862752258777618408e-01
6.031000017980858274e+01,1.845599561929702759e-01,4.772154688835144043e-01
6.032000017983839513e+01,1.658993959426879883e-01,4.420484900474548340e-01
6.033000017986820751e+01,1.824187040328979492e-01,4.609846770763397217e-01
6.034000017989802700e+01,1.660445928573608398e-01,4.009909033775329590e-01
6.035000017992783938e+01,1.716502606868743896e-01,4.701926112174987793e-01
6.036000017995765177e+01,1.799043715000152588e-01,4.284707903861999512e-01
6.037000017998746415e+01,1.720179170370101929e-01,4.159124493598937988e-01
6.038000018001728364e+01,1.735952049493789673e-01,5.158214569091796875e-01
6.039000018004709602e+01,1.865065246820449829e-01,4.752150177955627441e-01
6.040000018007690841e+01,1.759266406297683716e-01,4.683634638786315918e-01
6.041000018010672079e+01,1.823861002922058105e-01,4.984242916107177734e-01
6.042000018013653317e+01,1.759866774082183838e-01,4.603427946567535400e-01
6.043000018016635266e+01,1.794969737529754639e-01,5.038241744041442871e-01
6.044000018019616505e+01,1.834270805120468140e-01,4.322959780693054199e-01
6.045000018022597743e+01,1.770579367876052856e-01,4.454661905765533447e-01
6.046000018025578981e+01,1.668819934129714966e-01,4.604829549789428711e-01
6.047000018028560930e+01,1.695546954870223999e-01,4.194249510765075684e-01
6.048000018031542169e+01,1.750515103340148926e-01,4.939565658569335938e-01
6.049000018034523407e+01,1.778429150581359863e-01,5.130164027214050293e-01
6.050000018037504645e+01,1.661473512649536133e-01,5.127326250076293945e-01
6.051000018040486594e+01,1.871708780527114868e-01,4.540662169456481934e-01
6.052000018043467833e+01,1.747013032436370850e-01,6.267340183258056641e-01
6.053000018046449071e+01,1.737925559282302856e-01,4.595924019813537598e-01
6.054000018049430309e+01,1.815871894359588623e-01,5.540894269943237305e-01
6.055000018052412258e+01,1.803051829338073730e-01,5.278226137161254883e-01
6.056000018055393497e+01,1.753138154745101929e-01,4.852636456489562988e-01
6.057000018058374735e+01,1.741645634174346924e-01,4.904681742191314697e-01
6.058000018061355973e+01,1.719383597373962402e-01,5.361722707748413086e-01
6.059000018064337212e+01,1.779589802026748657e-01,4.944373071193695068e-01
6.060000018067319161e+01,1.752960532903671265e-01,4.423133432865142822e-01
6.061000018070300399e+01,1.757890731096267700e-01,4.942589700222015381e-01
6.062000018073281637e+01,1.831104606389999390e-01,4.479092657566070557e-01
6.063000018076262876e+01,1.711019277572631836e-01,4.861811101436614990e-01
6.064000018079244825e+01,1.724786609411239624e-01,5.612559318542480469e-01
6.065000018082226063e+01,1.727707087993621826e-01,5.126736164093017578e-01
6.066000018085207302e+01,1.700229793787002563e-01,4.522121250629425049e-01
6.067000018088188540e+01,1.653603017330169678e-01,4.316512346267700195e-01
6.068000018091170489e+01,1.745464950799942017e-01,4.368614256381988525e-01
6.069000018094151727e+01,1.812300235033035278e-01,5.787869691848754883e-01
6.070000018097132966e+01,1.827373951673507690e-01,5.118297338485717773e-01
6.071000018100114204e+01,1.794597059488296509e-01,4.240123927593231201e-01
6.072000018103096153e+01,1.812404990196228027e-01,4.836212098598480225e-01
6.073000018106077391e+01,1.661326438188552856e-01,4.976866245269775391e-01
6.074000018109058630e+01,1.755412071943283081e-01,4.792537987232208252e-01
6.075000018112039868e+01,1.680323779582977295e-01,4.427109956741333008e-01
6.076000018115021106e+01,1.861059814691543579e-01,4.769912362098693848e-01
6.077000018118003055e+01,1.710466891527175903e-01,4.616701006889343262e-01
6.078000018120984294e+01,1.825462281703948975e-01,5.100625157356262207e-01
6.079000018123965532e+01,1.767229139804840088e-01,5.427865982055664062e-01
6.080000018126946770e+01,1.770260632038116455e-01,5.462928414344787598e-01
6.081000018129928719e+01,1.731798201799392700e-01,4.640638530254364014e-01
6.082000018132909958e+01,1.765902340412139893e-01,4.286672174930572510e-01
6.083000018135891196e+01,1.743605434894561768e-01,5.473812222480773926e-01
6.084000018138872434e+01,1.720164567232131958e-01,4.479984939098358154e-01
6.085000018141854383e+01,1.820353567600250244e-01,5.101642012596130371e-01
6.086000018144835622e+01,1.710401028394699097e-01,4.311947226524353027e-01
6.087000018147816860e+01,1.704988032579421997e-01,4.977172613143920898e-01
6.088000018150798098e+01,1.862785220146179199e-01,4.607381522655487061e-01
6.089000018153780047e+01,1.820031702518463135e-01,4.621723592281341553e-01
6.090000018156761286e+01,1.727613806724548340e-01,4.739995300769805908e-01
6.091000018159742524e+01,1.756143122911453247e-01,5.471004843711853027e-01
6.092000018162723762e+01,1.702510714530944824e-01,5.099173188209533691e-01
6.093000018165705001e+01,1.661389023065567017e-01,5.947614312171936035e-01
6.094000018168686950e+01,1.703988313674926758e-01,5.197070837020874023e-01
6.095000018171668188e+01,1.753249466419219971e-01,5.227266550064086914e-01
6.096000018174649426e+01,1.763920933008193970e-01,5.306762456893920898e-01
6.097000018177630665e+01,1.692318618297576904e-01,4.657824933528900146e-01
6.098000018180612614e+01,1.700823903083801270e-01,4.262341260910034180e-01
6.099000018183593852e+01,1.735035032033920288e-01,4.498935043811798096e-01
6.100000018186575090e+01,1.654205769300460815e-01,5.522680282592773438e-01
6.101000018189556329e+01,1.784812062978744507e-01,4.943120181560516357e-01
6.102000018192538278e+01,1.751719713211059570e-01,4.963469207286834717e-01
6.103000018195519516e+01,1.607286632061004639e-01,4.483309984207153320e-01
6.104000018198500754e+01,1.805722415447235107e-01,4.361210167407989502e-01
6.105000018201481993e+01,1.718967556953430176e-01,4.066092669963836670e-01
6.106000018204463942e+01,1.757091134786605835e-01,4.488018155097961426e-01
6.107000018207445180e+01,1.734483093023300171e-01,5.274806022644042969e-01
6.108000018210426418e+01,1.698549240827560425e-01,3.981146812438964844e-01
6.109000018213407657e+01,1.752796471118927002e-01,4.787325263023376465e-01
6.110000018216388895e+01,1.818792223930358887e-01,5.584983229637145996e-01
6.111000018219370844e+01,1.750387102365493774e-01,5.648581981658935547e-01
6.112000018222352082e+01,1.699721515178680420e-01,4.808727502822875977e-01
6.113000018225333321e+01,1.788856238126754761e-01,5.970570445060729980e-01
6.114000018228314559e+01,1.726268380880355835e-01,4.643370807170867920e-01
6.115000018231296508e+01,1.702767312526702881e-01,5.524713397026062012e-01
6.116000018234277746e+01,1.747274696826934814e-01,5.472651720046997070e-01
6.117000018237258985e+01,1.688120812177658081e-01,4.864890277385711670e-01
6.118000018240240223e+01,1.798737645149230957e-01,4.367482364177703857e-01
6.119000018243222172e+01,1.824664175510406494e-01,5.106850862503051758e-01
6.120000018246203410e+01,1.738651096820831299e-01,4.991472959518432617e-01
6.121000018249184649e+01,1.726963967084884644e-01,4.244401752948760986e-01
6.122000018252165887e+01,1.741307973861694336e-01,4.535454511642456055e-01
6.123000018255147836e+01,1.683867722749710083e-01,4.937435388565063477e-01
6.124000018258129074e+01,1.710943579673767090e-01,4.907474517822265625e-01
6.125000018261110313e+01,1.714024394750595093e-01,4.458456337451934814e-01
6.126000018264091551e+01,1.751014292240142822e-01,5.109295248985290527e-01
6.127000018267072790e+01,1.699486672878265381e-01,5.096269845962524414e-01
6.128000018270054738e+01,1.671953350305557251e-01,4.462590217590332031e-01
6.129000018273035977e+01,1.780805587768554688e-01,4.608189761638641357e-01
6.130000018276017215e+01,1.689939349889755249e-01,4.760308861732482910e-01
6.131000018278998454e+01,1.739272028207778931e-01,4.557844996452331543e-01
6.132000018281980402e+01,1.718658059835433960e-01,4.936173260211944580e-01
6.133000018284961641e+01,1.734337210655212402e-01,5.084655284881591797e-01
6.134000018287942879e+01,1.866823434829711914e-01,6.416405439376831055e-01
6.135000018290924118e+01,1.737786978483200073e-01,5.005443692207336426e-01
6.136000018293906066e+01,1.862991601228713989e-01,4.283328354358673096e-01
6.137000018296887305e+01,1.761417984962463379e-01,4.902727007865905762e-01
6.138000018299868543e+01,1.797237247228622437e-01,4.334935545921325684e-01
6.139000018302849782e+01,1.812319457530975342e-01,5.021699666976928711e-01
6.140000018305831730e+01,1.669268757104873657e-01,4.553369879722595215e-01
6.141000018308812969e+01,1.692084223031997681e-01,4.222144186496734619e-01
6.142000018311794207e+01,1.734512001276016235e-01,5.144498944282531738e-01
6.143000018314775446e+01,1.782208532094955444e-01,5.210709571838378906e-01
6.144000018317757394e+01,1.674940437078475952e-01,4.720050394535064697e-01
6.145000018320738633e+01,1.744438707828521729e-01,4.809634387493133545e-01
6.146000018323719871e+01,1.780561953783035278e-01,5.156308412551879883e-01
6.147000018326701110e+01,1.822962462902069092e-01,4.921501874923706055e-01
6.148000018329682348e+01,1.759693771600723267e-01,4.370575845241546631e-01
6.149000018332664297e+01,1.733000129461288452e-01,4.738945364952087402e-01
6.150000018335645535e+01,1.731253862380981445e-01,4.676833748817443848e-01
6.151000018338626774e+01,1.707683205604553223e-01,5.668018460273742676e-01
6.152000018341608012e+01,1.757739782333374023e-01,5.580041408538818359e-01
6.153000018344589961e+01,1.707552671432495117e-01,5.200097560882568359e-01
6.154000018347571199e+01,1.700673252344131470e-01,4.716298282146453857e-01
6.155000018350552438e+01,1.696434617042541504e-01,5.549324154853820801e-01
6.156000018353533676e+01,1.690541207790374756e-01,6.019294261932373047e-01
6.157000018356515625e+01,1.784840077161788940e-01,6.359362006187438965e-01
6.158000018359496863e+01,1.743216812610626221e-01,5.329709053039550781e-01
6.159000018362478102e+01,1.760359704494476318e-01,5.540591478347778320e-01
6.160000018365459340e+01,1.784068644046783447e-01,5.034455060958862305e-01
6.161000018368441289e+01,1.795250177383422852e-01,5.214343667030334473e-01
6.162000018371422527e+01,1.774704754352569580e-01,4.624511003494262695e-01
6.163000018374403766e+01,1.691544204950332642e-01,4.796482324600219727e-01
6.164000018377385004e+01,1.798017621040344238e-01,4.956171512603759766e-01
6.165000018380366242e+01,1.760665327310562134e-01,4.754529893398284912e-01
6.166000018383348191e+01,1.796325147151947021e-01,5.109816789627075195e-01
6.167000018386329430e+01,1.778090447187423706e-01,5.067812204360961914e-01
6.168000018389310668e+01,1.713049858808517456e-01,4.963603913784027100e-01
6.169000018392291906e+01,1.782795786857604980e-01,5.445818901062011719e-01
6.170000018395273855e+01,1.743471473455429077e-01,5.327428579330444336e-01
6.171000018398255094e+01,1.741302758455276489e-01,5.006953477859497070e-01
6.172000018401236332e+01,1.857900768518447876e-01,4.636533260345458984e-01
6.173000018404217570e+01,1.730570495128631592e-01,5.430149435997009277e-01
6.174000018407199519e+01,1.797535270452499390e-01,4.721436202526092529e-01
6.175000018410180758e+01,1.721930056810379028e-01,4.720466434955596924e-01
6.176000018413161996e+01,1.722105741500854492e-01,5.854607820510864258e-01
6.177000018416143234e+01,1.728141605854034424e-01,5.089784860610961914e-01
6.178000018419125183e+01,1.694756597280502319e-01,4.582427442073822021e-01
6.179000018422106422e+01,1.779353469610214233e-01,4.980072379112243652e-01
6.180000018425087660e+01,1.791586428880691528e-01,5.026971101760864258e-01
6.181000018428068898e+01,1.723611950874328613e-01,4.921377599239349365e-01
6.182000018431050137e+01,1.775325387716293335e-01,4.552088081836700439e-01
6.183000018434032086e+01,1.747962683439254761e-01,4.375697672367095947e-01
6.184000018437013324e+01,1.791447550058364868e-01,4.343779087066650391e-01
6.185000018439994562e+01,1.811201423406600952e-01,4.776242971420288086e-01
6.186000018442975801e+01,1.799847036600112915e-01,4.423053562641143799e-01
6.187000018445957750e+01,1.868371814489364624e-01,4.803860485553741455e-01
6.188000018448938988e+01,1.779455542564392090e-01,4.843368232250213623e-01
6.189000018451920226e+01,1.834752410650253296e-01,4.369812011718750000e-01
6.190000018454901465e+01,1.774413734674453735e-01,4.687272608280181885e-01
6.191000018457883414e+01,1.752284020185470581e-01,4.641728401184082031e-01
6.192000018460864652e+01,1.854592859745025635e-01,4.849365949630737305e-01
6.193000018463845890e+01,1.753745377063751221e-01,4.768909215927124023e-01
6.194000018466827129e+01,1.696586161851882935e-01,4.772008657455444336e-01
6.195000018469809078e+01,1.781387776136398315e-01,4.849149584770202637e-01
6.196000018472790316e+01,1.773646473884582520e-01,4.341942071914672852e-01
6.197000018475771554e+01,1.776348948478698730e-01,4.712486863136291504e-01
6.198000018478752793e+01,1.782047450542449951e-01,5.444933176040649414e-01
6.199000018481734031e+01,1.830604225397109985e-01,4.855539500713348389e-01
6.200000018484715980e+01,1.739650815725326538e-01,4.819296598434448242e-01
6.201000018487697218e+01,1.795599013566970825e-01,5.158116817474365234e-01
6.202000018490678457e+01,1.798272430896759033e-01,4.541242718696594238e-01
6.203000018493659695e+01,1.704326122999191284e-01,4.332716763019561768e-01
6.204000018496641644e+01,1.757691204547882080e-01,4.459492564201354980e-01
6.205000018499622882e+01,1.731209456920623779e-01,5.609710216522216797e-01
6.206000018502604121e+01,1.706837564706802368e-01,4.748608171939849854e-01
6.207000018505585359e+01,1.746228784322738647e-01,5.400540828704833984e-01
6.208000018508567308e+01,1.800183355808258057e-01,4.886131286621093750e-01
6.209000018511548546e+01,1.793540269136428833e-01,4.904444217681884766e-01
6.210000018514529785e+01,1.735179573297500610e-01,4.728412330150604248e-01
6.211000018517511023e+01,1.837418973445892334e-01,5.082064867019653320e-01
6.212000018520492972e+01,1.888289004564285278e-01,4.996941387653350830e-01
6.213000018523474210e+01,1.757820397615432739e-01,5.261152982711791992e-01
6.214000018526455449e+01,1.653346717357635498e-01,4.558653235435485840e-01
6.215000018529436687e+01,1.717125028371810913e-01,5.160146951675415039e-01
6.216000018532417926e+01,1.807982027530670166e-01,4.382861852645874023e-01
6.217000018535399875e+01,1.888622045516967773e-01,4.934307634830474854e-01
6.218000018538381113e+01,1.764091998338699341e-01,4.196581244468688965e-01
6.219000018541362351e+01,1.840599626302719116e-01,4.478615224361419678e-01
6.220000018544343590e+01,1.779882609844207764e-01,4.265120327472686768e-01
6.221000018547325539e+01,1.761935502290725708e-01,4.217775166034698486e-01
6.222000018550306777e+01,1.732685416936874390e-01,4.603506028652191162e-01
6.223000018553288015e+01,1.727179139852523804e-01,4.209971725940704346e-01
6.224000018556269254e+01,1.765714734792709351e-01,4.488472044467926025e-01
6.225000018559251203e+01,1.773180812597274780e-01,4.544395208358764648e-01
6.226000018562232441e+01,1.814240813255310059e-01,5.398195385932922363e-01
6.227000018565213679e+01,1.758046746253967285e-01,4.470140039920806885e-01
6.228000018568194918e+01,1.757728308439254761e-01,4.800290167331695557e-01
6.229000018571176867e+01,1.838597804307937622e-01,5.134822130203247070e-01
6.230000018574158105e+01,1.815944761037826538e-01,4.744542837142944336e-01
6.231000018577139343e+01,1.694299131631851196e-01,5.155549645423889160e-01
6.232000018580120582e+01,1.718880385160446167e-01,5.212224125862121582e-01
6.233000018583101820e+01,1.718152761459350586e-01,6.171472072601318359e-01
6.234000018586083769e+01,1.762953847646713257e-01,5.207961797714233398e-01
6.235000018589065007e+01,1.764006167650222778e-01,5.323669910430908203e-01
6.236000018592046246e+01,1.693337857723236084e-01,4.760391712188720703e-01
6.237000018595027484e+01,1.723816692829132080e-01,5.067082047462463379e-01
6.238000018598009433e+01,1.677757650613784790e-01,4.879118204116821289e-01
6.239000018600990671e+01,1.669761538505554199e-01,5.105363130569458008e-01
6.240000018603971910e+01,1.711306422948837280e-01,5.257450342178344727e-01
6.241000018606953148e+01,1.765682995319366455e-01,5.536372065544128418e-01
6.242000018609935097e+01,1.666770428419113159e-01,4.749096930027008057e-01
6.243000018612916335e+01,1.756830811500549316e-01,4.297701120376586914e-01
6.244000018615897574e+01,1.741100400686264038e-01,5.382514595985412598e-01
6.245000018618878812e+01,1.744823157787322998e-01,5.467489361763000488e-01
6.246000018621860761e+01,1.710320711135864258e-01,5.232655405998229980e-01
6.247000018624841999e+01,1.780020147562026978e-01,5.044330954551696777e-01
6.248000018627823238e+01,1.790447682142257690e-01,4.318059086799621582e-01
6.249000018630804476e+01,1.842902302742004395e-01,5.366846919059753418e-01
6.250000018633785714e+01,1.757061928510665894e-01,5.625079870223999023e-01
6.251000018636767663e+01,1.804132759571075439e-01,5.401401519775390625e-01
6.252000018639748902e+01,1.772883385419845581e-01,5.371060967445373535e-01
6.253000018642730140e+01,1.712544560432434082e-01,4.718528091907501221e-01
6.254000018645711378e+01,1.759957224130630493e-01,4.954248368740081787e-01
6.255000018648693327e+01,1.905951797962188721e-01,5.314730405807495117e-01
6.256000018651674566e+01,1.765799820423126221e-01,5.718808770179748535e-01
6.257000018654655804e+01,1.794272810220718384e-01,4.695699214935302734e-01
6.258000018657637042e+01,1.782017797231674194e-01,5.666934847831726074e-01
6.259000018660618991e+01,1.743715107440948486e-01,4.965679943561553955e-01
6.260000018663600230e+01,1.858533918857574463e-01,5.596037507057189941e-01
6.261000018666581468e+01,1.803218722343444824e-01,5.187016129493713379e-01
6.262000018669562706e+01,1.691851019859313965e-01,5.249701738357543945e-01
6.263000018672544655e+01,1.739361733198165894e-01,4.836062192916870117e-01
6.264000018675525894e+01,1.873505860567092896e-01,4.827039837837219238e-01
6.265000018678507132e+01,1.855422854423522949e-01,4.884070456027984619e-01
6.266000018681488370e+01,1.706319749355316162e-01,4.979420900344848633e-01
6.267000018684469609e+01,1.834131777286529541e-01,4.311960041522979736e-01
6.268000018687451558e+01,1.768191009759902954e-01,4.965696930885314941e-01
6.269000018690432796e+01,1.718249171972274780e-01,4.741078019142150879e-01
6.270000018693414034e+01,1.737137436866760254e-01,4.586170315742492676e-01
6.271000018696395273e+01,1.643394231796264648e-01,5.370835661888122559e-01
6.272000018699377222e+01,1.804782450199127197e-01,6.042839288711547852e-01
6.273000018702358460e+01,1.735284924507141113e-01,5.453217029571533203e-01
6.274000018705339698e+01,1.777097582817077637e-01,5.601480603218078613e-01
6.275000018708320937e+01,1.754271239042282104e-01,4.691531658172607422e-01
6.276000018711302886e+01,1.830806136131286621e-01,5.145233869552612305e-01
6.277000018714284124e+01,1.725270003080368042e-01,5.766914486885070801e-01
6.278000018717265363e+01,1.763920933008193970e-01,5.456774830818176270e-01
6.279000018720246601e+01,1.711682230234146118e-01,5.684037208557128906e-01
6.280000018723228550e+01,1.784139573574066162e-01,4.951845705509185791e-01
6.281000018726209788e+01,1.724596172571182251e-01,5.537513494491577148e-01
6.282000018729191027e+01,1.831981986761093140e-01,5.333901643753051758e-01
6.283000018732172265e+01,1.754090636968612671e-01,4.912357032299041748e-01
6.284000018735153503e+01,1.771186292171478271e-01,5.397293567657470703e-01
6.285000018738135452e+01,1.730037033557891846e-01,5.285238027572631836e-01
6.286000018741116691e+01,1.793377250432968140e-01,4.855308532714843750e-01
6.287000018744097929e+01,1.856596320867538452e-01,4.746687710285186768e-01
6.288000018747079167e+01,1.658284217119216919e-01,5.235734581947326660e-01
6.289000018750061116e+01,1.835207492113113403e-01,4.700107872486114502e-01
6.290000018753042355e+01,1.774953305721282959e-01,4.596563279628753662e-01
6.291000018756023593e+01,1.712650954723358154e-01,5.212207436561584473e-01
6.292000018759004831e+01,1.710188984870910645e-01,5.290480256080627441e-01
6.293000018761986780e+01,1.892780363559722900e-01,5.546103119850158691e-01
6.294000018764968019e+01,1.698007434606552124e-01,5.448424220085144043e-01
6.295000018767949257e+01,1.773072630167007446e-01,5.089254379272460938e-01
6.296000018770930495e+01,1.738817393779754639e-01,5.104123950004577637e-01
6.297000018773912444e+01,1.719152033329010010e-01,5.116133093833923340e-01
6.298000018776893683e+01,1.709618419408798218e-01,4.341842830181121826e-01
6.299000018779874921e+01,1.754809767007827759e-01,4.736074805259704590e-01
6.300000018782856159e+01,1.861463189125061035e-01,5.255966186523437500e-01
6.301000018785837398e+01,1.820741295814514160e-01,5.119622349739074707e-01
6.302000018788819347e+01,1.809278726577758789e-01,5.041317939758300781e-01
6.303000018791800585e+01,1.764869093894958496e-01,5.972331762313842773e-01
6.304000018794781823e+01,1.696815043687820435e-01,5.230544805526733398e-01
6.305000018797763062e+01,1.690283417701721191e-01,5.002867579460144043e-01
6.306000018800745011e+01,1.808974444866180420e-01,4.991143941879272461e-01
6.307000018803726249e+01,1.767376810312271118e-01,5.205110311508178711e-01
6.308000018806707487e+01,1.674343645572662354e-01,5.223522186279296875e-01
6.309000018809688726e+01,1.767972707748413086e-01,5.097922682762145996e-01
6.310000018812670675e+01,1.772043108940124512e-01,4.491592645645141602e-01
6.311000018815651913e+01,1.800750643014907837e-01,5.993080139160156250e-01
6.312000018818633151e+01,1.686455309391021729e-01,4.678006470203399658e-01
6.313000018821614390e+01,1.790812164545059204e-01,4.537432193756103516e-01
6.314000018824596339e+01,1.721037775278091431e-01,4.519815444946289062e-01
6.315000018827577577e+01,1.739980131387710571e-01,4.305595159530639648e-01
6.316000018830558815e+01,1.764060258865356445e-01,5.030633807182312012e-01
6.317000018833540054e+01,1.737202703952789307e-01,5.543035864830017090e-01
6.318000018836521292e+01,1.713731437921524048e-01,4.463770687580108643e-01
6.319000018839503241e+01,1.765227913856506348e-01,5.368380546569824219e-01
6.320000018842484479e+01,1.751777231693267822e-01,5.318298935890197754e-01
6.321000018845465718e+01,1.711215674877166748e-01,4.599657654762268066e-01
6.322000018848446956e+01,1.717316806316375732e-01,4.963000714778900146e-01
6.323000018851428905e+01,1.735431104898452759e-01,5.022915005683898926e-01
6.324000018854410143e+01,1.734062135219573975e-01,4.495001137256622314e-01
6.325000018857391382e+01,1.714548766613006592e-01,4.254588782787322998e-01
6.326000018860372620e+01,1.799029111862182617e-01,4.676470458507537842e-01
6.327000018863354569e+01,1.715025305747985840e-01,4.389182627201080322e-01
6.328000018866335807e+01,1.706936955451965332e-01,5.097600817680358887e-01
6.329000018869317046e+01,1.715034842491149902e-01,4.676217138767242432e-01
6.330000018872298284e+01,1.841731220483779907e-01,4.633850157260894775e-01
6.331000018875280233e+01,1.709942817687988281e-01,4.902711212635040283e-01
6.332000018878261471e+01,1.741128563880920410e-01,5.414866805076599121e-01
6.333000018881242710e+01,1.759018599987030029e-01,5.142667889595031738e-01
6.334000018884223948e+01,1.629040092229843140e-01,4.800843000411987305e-01
6.335000018887205187e+01,1.783100366592407227e-01,4.234779477119445801e-01
6.336000018890187135e+01,1.677813082933425903e-01,4.790593385696411133e-01
6.337000018893168374e+01,1.662944406270980835e-01,5.407298207283020020e-01
6.338000018896149612e+01,1.720304638147354126e-01,5.796279311180114746e-01
6.339000018899130851e+01,1.738473325967788696e-01,4.909276366233825684e-01
6.340000018902112799e+01,1.785262525081634521e-01,4.906060099601745605e-01
6.341000018905094038e+01,1.826172322034835815e-01,4.943273067474365234e-01
6.342000018908075276e+01,1.809655725955963135e-01,4.933511912822723389e-01
6.343000018911056515e+01,1.735795587301254272e-01,4.191434979438781738e-01
6.344000018914038463e+01,1.786362081766128540e-01,5.626343488693237305e-01
6.345000018917019702e+01,1.722055524587631226e-01,5.561533570289611816e-01
6.346000018920000940e+01,1.803598552942276001e-01,4.957386255264282227e-01
6.347000018922982179e+01,1.724510639905929565e-01,4.738309681415557861e-01
6.348000018925964127e+01,1.696345210075378418e-01,5.270979404449462891e-01
6.349000018928945366e+01,1.788079142570495605e-01,5.199491381645202637e-01
6.350000018931926604e+01,1.807555854320526123e-01,5.235447287559509277e-01
6.351000018934907843e+01,1.755203306674957275e-01,4.897995591163635254e-01
6.352000018937889791e+01,1.784207373857498169e-01,6.096288561820983887e-01
6.353000018940871030e+01,1.871269941329956055e-01,5.558683276176452637e-01
6.354000018943852268e+01,1.817352920770645142e-01,5.030289292335510254e-01
6.355000018946833507e+01,1.811327934265136719e-01,6.135000586509704590e-01
6.356000018949814745e+01,1.776657551527023315e-01,4.842745959758758545e-01
6.357000018952796694e+01,1.752618253231048584e-01,4.706444442272186279e-01
6.358000018955777932e+01,1.787445843219757080e-01,5.081841945648193359e-01
6.359000018958759171e+01,1.783946156501770020e-01,4.993788301944732666e-01
6.360000018961740409e+01,1.784490644931793213e-01,4.476111829280853271e-01
6.361000018964722358e+01,1.746426969766616821e-01,4.859829545021057129e-01
6.362000018967703596e+01,1.763478815555572510e-01,4.712787866592407227e-01
6.363000018970684835e+01,1.928121000528335571e-01,4.628458619117736816e-01
6.364000018973666073e+01,1.834170371294021606e-01,5.003414154052734375e-01
6.365000018976648022e+01,1.743542850017547607e-01,4.708514511585235596e-01
6.366000018979629260e+01,1.763913929462432861e-01,4.551335871219635010e-01
6.367000018982610499e+01,1.781127154827117920e-01,4.804403781890869141e-01
6.368000018985591737e+01,1.765836477279663086e-01,5.075750350952148438e-01
6.369000018988573686e+01,1.816133409738540649e-01,4.536222219467163086e-01
6.370000018991554924e+01,1.786110550165176392e-01,5.529544949531555176e-01
6.371000018994536163e+01,1.780907213687896729e-01,6.336947083473205566e-01
6.372000018997517401e+01,1.815543174743652344e-01,5.619034767150878906e-01
6.373000019000498639e+01,1.744288802146911621e-01,4.366920590400695801e-01
6.374000019003480588e+01,1.733182817697525024e-01,5.133925676345825195e-01
6.375000019006461827e+01,1.757975518703460693e-01,5.338404774665832520e-01
6.376000019009443065e+01,1.736517548561096191e-01,5.068724155426025391e-01
6.377000019012424303e+01,1.693054884672164917e-01,4.844297468662261963e-01
6.378000019015406252e+01,1.816658377647399902e-01,5.129119157791137695e-01
6.379000019018387491e+01,1.767497360706329346e-01,4.456590712070465088e-01
6.380000019021368729e+01,1.763659417629241943e-01,4.490402638912200928e-01
6.381000019024349967e+01,1.725825071334838867e-01,4.581942856311798096e-01
6.382000019027331916e+01,1.762743294239044189e-01,5.312077403068542480e-01
6.383000019030313155e+01,1.691503077745437622e-01,4.676922261714935303e-01
6.384000019033294393e+01,1.826318055391311646e-01,4.689805805683135986e-01
6.385000019036275631e+01,1.801747381687164307e-01,4.505198597908020020e-01
6.386000019039257580e+01,1.722230464220046997e-01,4.898312985897064209e-01
6.387000019042238819e+01,1.794761121273040771e-01,4.555816352367401123e-01
6.388000019045220057e+01,1.765059977769851685e-01,4.377053678035736084e-01
6.389000019048201295e+01,1.803487390279769897e-01,5.520080924034118652e-01
6.390000019051182534e+01,1.727932691574096680e-01,4.729731678962707520e-01
6.391000019054164483e+01,1.787735521793365479e-01,4.284090399742126465e-01
6.392000019057145721e+01,1.728170067071914673e-01,5.358179807662963867e-01
6.393000019060126959e+01,1.748572438955307007e-01,5.440039634704589844e-01
6.394000019063108198e+01,1.734239757061004639e-01,5.078154802322387695e-01
6.395000019066090147e+01,1.747741401195526123e-01,4.920060932636260986e-01
6.396000019069071385e+01,1.713236570358276367e-01,4.731144309043884277e-01
6.397000019072052623e+01,1.772471815347671509e-01,4.949010312557220459e-01
6.398000019075033862e+01,1.804242432117462158e-01,5.252947211265563965e-01
6.399000019078015811e+01,1.876499950885772705e-01,5.277532339096069336e-01
6.400000019080997049e+01,1.894739866256713867e-01,5.826222896575927734e-01
6.401000019083978998e+01,1.745134443044662476e-01,4.709105789661407471e-01
6.402000019086959526e+01,1.797280162572860718e-01,4.381440877914428711e-01
6.403000019089941475e+01,1.841477751731872559e-01,5.243827700614929199e-01
6.404000019092922003e+01,1.806294023990631104e-01,5.546188354492187500e-01
6.405000019095903951e+01,1.731350272893905640e-01,4.314193129539489746e-01
6.406000019098885900e+01,1.773881465196609497e-01,4.991417229175567627e-01
6.407000019101866428e+01,1.807086318731307983e-01,5.375984311103820801e-01
6.408000019104848377e+01,1.724048703908920288e-01,5.071412324905395508e-01
6.409000019107828905e+01,1.742963641881942749e-01,5.052376985549926758e-01
6.410000019110810854e+01,1.760937869548797607e-01,4.181421101093292236e-01
6.411000019113792803e+01,1.813710480928421021e-01,4.099491536617279053e-01
6.412000019116773331e+01,1.765610575675964355e-01,4.705617725849151611e-01
6.413000019119755279e+01,1.710752397775650024e-01,4.825030565261840820e-01
6.414000019122737228e+01,1.842997521162033081e-01,5.806910395622253418e-01
6.415000019125717756e+01,1.709064543247222900e-01,5.210300683975219727e-01
6.416000019128699705e+01,1.751834452152252197e-01,4.573408067226409912e-01
6.417000019131680233e+01,1.788030713796615601e-01,5.664930939674377441e-01
6.418000019134662182e+01,1.846952587366104126e-01,5.754032731056213379e-01
6.419000019137644131e+01,1.878804862499237061e-01,4.614838659763336182e-01
6.420000019140624659e+01,1.707407236099243164e-01,4.613435566425323486e-01
6.421000019143606607e+01,1.806450337171554565e-01,5.350385904312133789e-01
6.422000019146587135e+01,1.783970296382904053e-01,4.654288589954376221e-01
6.423000019149569084e+01,1.768038868904113770e-01,4.672800898551940918e-01
6.424000019152551033e+01,1.769684404134750366e-01,4.362691640853881836e-01
6.425000019155531561e+01,1.734854578971862793e-01,5.112153291702270508e-01
6.426000019158513510e+01,1.724495589733123779e-01,4.881232082843780518e-01
6.427000019161495459e+01,1.777791827917098999e-01,5.244836211204528809e-01
6.428000019164475987e+01,1.783479601144790649e-01,5.404242873191833496e-01
6.429000019167457936e+01,1.661067605018615723e-01,4.391840398311614990e-01
6.430000019170438463e+01,1.800538897514343262e-01,5.403137803077697754e-01
6.431000019173420412e+01,1.755043417215347290e-01,4.638193249702453613e-01
6.432000019176402361e+01,1.739672720432281494e-01,4.867849349975585938e-01
6.433000019179382889e+01,1.737034767866134644e-01,4.798272252082824707e-01
6.434000019182364838e+01,1.832760423421859741e-01,6.099791526794433594e-01
6.435000019185346787e+01,1.725723147392272949e-01,5.043959617614746094e-01
6.436000019188327315e+01,1.657284796237945557e-01,4.423374831676483154e-01
6.437000019191309264e+01,1.691578924655914307e-01,4.567411839962005615e-01
6.438000019194289791e+01,1.717548817396163940e-01,4.388647079467773438e-01
6.439000019197271740e+01,1.794328689575195312e-01,4.325349330902099609e-01
6.440000019200253689e+01,1.837542355060577393e-01,4.254672229290008545e-01
6.441000019203234217e+01,1.732358038425445557e-01,5.152885317802429199e-01
6.442000019206216166e+01,1.839189380407333374e-01,4.908715486526489258e-01
6.443000019209196694e+01,1.775453686714172363e-01,4.968380630016326904e-01
6.444000019212178643e+01,1.771485656499862671e-01,5.025717020034790039e-01
6.445000019215160592e+01,1.802265495061874390e-01,4.681667387485504150e-01
6.446000019218141119e+01,1.677404642105102539e-01,5.283621549606323242e-01
6.447000019221123068e+01,1.709201633930206299e-01,4.648960828781127930e-01
6.448000019224105017e+01,1.770415604114532471e-01,4.821903109550476074e-01
6.449000019227085545e+01,1.697313487529754639e-01,4.424093961715698242e-01
6.450000019230067494e+01,1.713492572307586670e-01,4.392897188663482666e-01
6.451000019233048022e+01,1.749694645404815674e-01,4.863841831684112549e-01
6.452000019236029971e+01,1.788787990808486938e-01,5.197930335998535156e-01
6.453000019239011920e+01,1.738324463367462158e-01,5.488115549087524414e-01
6.454000019241992447e+01,1.804520785808563232e-01,4.912835657596588135e-01
6.455000019244974396e+01,1.748389899730682373e-01,5.100768208503723145e-01
6.456000019247956345e+01,1.730888336896896362e-01,5.196304321289062500e-01
6.457000019250936873e+01,1.756425052881240845e-01,5.415548682212829590e-01
6.458000019253918822e+01,1.734689772129058838e-01,4.646329879760742188e-01
6.459000019256899350e+01,1.724181026220321655e-01,5.158590078353881836e-01
6.460000019259881299e+01,1.745075732469558716e-01,5.776365399360656738e-01
6.461000019262863248e+01,1.722290366888046265e-01,5.114426612854003906e-01
6.462000019265843775e+01,1.688462346792221069e-01,4.908361434936523438e-01
6.463000019268825724e+01,1.807028651237487793e-01,5.357134342193603516e-01
6.464000019271806252e+01,1.722594648599624634e-01,5.472703576087951660e-01
6.465000019274788201e+01,1.746455579996109009e-01,5.327912569046020508e-01
6.466000019277770150e+01,1.747660487890243530e-01,5.021972656250000000e-01
6.467000019280750678e+01,1.758387833833694458e-01,5.820480585098266602e-01
6.468000019283732627e+01,1.841511577367782593e-01,5.731894969940185547e-01
6.469000019286714576e+01,1.792810410261154175e-01,4.740235507488250732e-01
6.470000019289695103e+01,1.726953387260437012e-01,5.650763511657714844e-01
6.471000019292677052e+01,1.754735708236694336e-01,4.620589613914489746e-01
6.472000019295657580e+01,1.822090297937393188e-01,5.023777484893798828e-01
6.473000019298639529e+01,1.759071499109268188e-01,5.529202818870544434e-01
6.474000019301621478e+01,1.689279675483703613e-01,4.097633957862854004e-01
6.475000019304602006e+01,1.694566607475280762e-01,5.482777357101440430e-01
6.476000019307583955e+01,1.759281605482101440e-01,5.164024829864501953e-01
6.477000019310564483e+01,1.664238125085830688e-01,5.481750369071960449e-01
6.478000019313546431e+01,1.738572269678115845e-01,5.528851151466369629e-01
6.479000019316528380e+01,1.785026192665100098e-01,5.017923712730407715e-01
6.480000019319508908e+01,1.779359728097915649e-01,5.528854131698608398e-01
6.481000019322490857e+01,1.814560443162918091e-01,5.796718597412109375e-01
6.482000019325472806e+01,1.727727502584457397e-01,5.152013301849365234e-01
6.483000019328453334e+01,1.722408533096313477e-01,4.874729216098785400e-01
6.484000019331435283e+01,1.738258004188537598e-01,5.459420680999755859e-01
6.485000019334415811e+01,1.625438034534454346e-01,5.098190307617187500e-01
6.486000019337397760e+01,1.827075928449630737e-01,5.010583400726318359e-01
6.487000019340379708e+01,1.743935495615005493e-01,5.644085407257080078e-01
6.488000019343360236e+01,1.815978288650512695e-01,6.363219022750854492e-01
6.489000019346342185e+01,1.654261350631713867e-01,5.307957530021667480e-01
6.490000019349324134e+01,1.686054915189743042e-01,4.841699898242950439e-01
6.491000019352304662e+01,1.801149249076843262e-01,4.528579115867614746e-01
6.492000019355286611e+01,1.839291155338287354e-01,6.196114420890808105e-01
6.493000019358267139e+01,1.765753477811813354e-01,5.795540809631347656e-01
6.494000019361249088e+01,1.733442395925521851e-01,4.590392410755157471e-01
6.495000019364231036e+01,1.735458970069885254e-01,4.559203088283538818e-01
6.496000019367211564e+01,1.746339499950408936e-01,4.146513044834136963e-01
6.497000019370193513e+01,1.791574060916900635e-01,5.041421651840209961e-01
6.498000019373174041e+01,1.798149347305297852e-01,5.176215171813964844e-01
6.499000019376155990e+01,1.835278570652008057e-01,4.636280238628387451e-01
6.500000019379137939e+01,1.757937818765640259e-01,6.063654422760009766e-01
6.501000019382118467e+01,1.675303876399993896e-01,5.098479390144348145e-01
6.502000019385100416e+01,1.760246008634567261e-01,5.451121926307678223e-01
6.503000019388082364e+01,1.787747740745544434e-01,4.715274870395660400e-01
6.504000019391062892e+01,1.720738410949707031e-01,5.487309694290161133e-01
6.505000019394044841e+01,1.724988222122192383e-01,5.352261662483215332e-01
6.506000019397025369e+01,1.661316901445388794e-01,5.217909216880798340e-01
6.507000019400007318e+01,1.821792572736740112e-01,5.549243688583374023e-01
6.508000019402989267e+01,1.730871349573135376e-01,5.895451307296752930e-01
6.509000019405969795e+01,1.769398450851440430e-01,5.913046598434448242e-01
6.510000019408951744e+01,1.730196326971054077e-01,4.832096993923187256e-01
6.511000019411932271e+01,1.741023957729339600e-01,4.709916114807128906e-01
6.512000019414914220e+01,1.773314327001571655e-01,5.805865526199340820e-01
6.513000019417896169e+01,1.739215850830078125e-01,5.511195659637451172e-01
6.514000019420876697e+01,1.731348633766174316e-01,5.412425994873046875e-01
6.515000019423858646e+01,1.692527681589126587e-01,5.554603934288024902e-01
6.516000019426840595e+01,1.743105947971343994e-01,5.833259224891662598e-01
6.517000019429821123e+01,1.709791868925094604e-01,4.834545552730560303e-01
6.518000019432803072e+01,1.799461245536804199e-01,5.800844430923461914e-01
6.519000019435783599e+01,1.748710721731185913e-01,6.111975312232971191e-01
6.520000019438765548e+01,1.776799112558364868e-01,5.311967134475708008e-01
6.521000019441747497e+01,1.705415099859237671e-01,5.451599955558776855e-01
6.522000019444728025e+01,1.721023917198181152e-01,4.888722300529479980e-01
6.523000019447709974e+01,1.729490309953689575e-01,5.142063498497009277e-01
6.524000019450691923e+01,1.727704852819442749e-01,4.834487736225128174e-01
6.525000019453672451e+01,1.668703705072402954e-01,5.189013481140136719e-01
6.526000019456654400e+01,1.752839684486389160e-01,4.584611654281616211e-01
6.527000019459634927e+01,1.779613494873046875e-01,4.713172614574432373e-01
6.528000019462616876e+01,1.767334938049316406e-01,5.105049014091491699e-01
6.529000019465598825e+01,1.734855026006698608e-01,4.840474128723144531e-01
6.530000019468579353e+01,1.741177886724472046e-01,4.577013552188873291e-01
6.531000019471561302e+01,1.669099777936935425e-01,5.244278907775878906e-01
6.532000019474541830e+01,1.771351099014282227e-01,4.776355624198913574e-01
6.533000019477523779e+01,1.725671887397766113e-01,5.176680088043212891e-01
6.534000019480505728e+01,1.713195294141769409e-01,4.601384401321411133e-01
6.535000019483486255e+01,1.698395162820816040e-01,4.757320582866668701e-01
6.536000019486468204e+01,1.723620295524597168e-01,4.480740725994110107e-01
6.537000019489450153e+01,1.792516559362411499e-01,4.709607958793640137e-01
6.538000019492430681e+01,1.722852140665054321e-01,5.349265933036804199e-01
6.539000019495412630e+01,1.668543368577957153e-01,4.705656468868255615e-01
6.540000019498393158e+01,1.738879233598709106e-01,5.421451926231384277e-01
6.541000019501375107e+01,1.759306341409683228e-01,4.784684479236602783e-01
6.542000019504357056e+01,1.783192604780197144e-01,4.729588329792022705e-01
6.543000019507337583e+01,1.697581857442855835e-01,4.873582720756530762e-01
6.544000019510319532e+01,1.730248332023620605e-01,4.482286572456359863e-01
6.545000019513300060e+01,1.724490225315093994e-01,4.981553554534912109e-01
6.546000019516282009e+01,1.862050294876098633e-01,4.980186820030212402e-01
6.547000019519263958e+01,1.795458346605300903e-01,5.560823082923889160e-01
6.548000019522244486e+01,1.778625249862670898e-01,4.836724400520324707e-01
6.549000019525226435e+01,1.747653037309646606e-01,4.403490722179412842e-01
6.550000019528208384e+01,1.776718795299530029e-01,5.017827749252319336e-01
6.551000019531188912e+01,1.697019189596176147e-01,4.587319791316986084e-01
6.552000019534170860e+01,1.765825450420379639e-01,4.784845411777496338e-01
6.553000019537151388e+01,1.915713399648666382e-01,4.618106782436370850e-01
6.554000019540133337e+01,1.873267889022827148e-01,4.673486351966857910e-01
6.555000019543115286e+01,1.782689690589904785e-01,5.566141009330749512e-01
6.556000019546095814e+01,1.785400062799453735e-01,5.179299116134643555e-01
6.557000019549077763e+01,1.756651252508163452e-01,4.936716258525848389e-01
6.558000019552059712e+01,1.821278184652328491e-01,5.210293531417846680e-01
6.559000019555040240e+01,1.718036979436874390e-01,4.802207946777343750e-01
6.560000019558022188e+01,1.741463840007781982e-01,4.579224288463592529e-01
6.561000019561002716e+01,1.744578033685684204e-01,4.975713193416595459e-01
6.562000019563984665e+01,1.805696189403533936e-01,5.033276081085205078e-01
6.563000019566966614e+01,1.780089884996414185e-01,4.818144142627716064e-01
6.564000019569947142e+01,1.869710087776184082e-01,5.562856197357177734e-01
6.565000019572929091e+01,1.815657168626785278e-01,5.197456479072570801e-01
6.566000019575909619e+01,1.818706840276718140e-01,4.975397586822509766e-01
6.567000019578891568e+01,1.654321998357772827e-01,4.752184748649597168e-01
6.568000019581873516e+01,1.773767769336700439e-01,4.755995571613311768e-01
6.569000019584854044e+01,1.804566681385040283e-01,4.814709126949310303e-01
6.570000019587835993e+01,1.777568310499191284e-01,4.500966370105743408e-01
6.571000019590817942e+01,1.785709112882614136e-01,5.243042707443237305e-01
6.572000019593798470e+01,1.733082085847854614e-01,4.278379976749420166e-01
6.573000019596780419e+01,1.711733490228652954e-01,5.070886611938476562e-01
6.574000019599760947e+01,1.725735515356063843e-01,4.981031417846679688e-01
6.575000019602742896e+01,1.807804554700851440e-01,4.730807542800903320e-01
6.576000019605724844e+01,1.701631546020507812e-01,4.836794137954711914e-01
6.577000019608705372e+01,1.758332550525665283e-01,4.753131270408630371e-01
6.578000019611687321e+01,1.739908903837203979e-01,5.302817821502685547e-01
6.579000019614667849e+01,1.795894354581832886e-01,6.019078493118286133e-01
6.580000019617649798e+01,1.827764213085174561e-01,5.204789042472839355e-01
6.581000019620631747e+01,1.764278709888458252e-01,5.065291523933410645e-01
6.582000019623612275e+01,1.762809902429580688e-01,4.773021042346954346e-01
6.583000019626594224e+01,1.752374470233917236e-01,5.117704868316650391e-01
6.584000019629576173e+01,1.744738519191741943e-01,4.778558909893035889e-01
6.585000019632556700e+01,1.759671270847320557e-01,4.950567483901977539e-01
6.586000019635538649e+01,1.706938147544860840e-01,4.948791563510894775e-01
6.587000019638519177e+01,1.769329458475112915e-01,5.980007052421569824e-01
6.588000019641501126e+01,1.793206185102462769e-01,4.394680857658386230e-01
6.589000019644483075e+01,1.703913509845733643e-01,4.424374699592590332e-01
6.590000019647463603e+01,1.682714968919754028e-01,4.581100642681121826e-01
6.591000019650445552e+01,1.785618513822555542e-01,5.197747945785522461e-01
6.592000019653427501e+01,1.770002543926239014e-01,5.119572877883911133e-01
6.593000019656408028e+01,1.709862202405929565e-01,5.396783351898193359e-01
6.594000019659389977e+01,1.764990985393524170e-01,4.878660738468170166e-01
6.595000019662370505e+01,1.764237433671951294e-01,5.082905888557434082e-01
6.596000019665352454e+01,1.851587444543838501e-01,5.785691142082214355e-01
6.597000019668334403e+01,1.818966567516326904e-01,5.121364593505859375e-01
6.598000019671314931e+01,1.743598580360412598e-01,4.788113534450531006e-01
6.599000019674296880e+01,1.735402196645736694e-01,4.809941947460174561e-01
6.600000019677277407e+01,1.631645262241363525e-01,4.468753933906555176e-01
6.601000019680259356e+01,1.779486685991287231e-01,5.361718535423278809e-01
6.602000019683241305e+01,1.632075160741806030e-01,6.136196255683898926e-01
6.603000019686221833e+01,1.773898452520370483e-01,5.204430222511291504e-01
6.604000019689203782e+01,1.747886687517166138e-01,5.439713001251220703e-01
6.605000019692185731e+01,1.626967191696166992e-01,4.604439735412597656e-01
6.606000019695166259e+01,1.736479848623275757e-01,5.207532048225402832e-01
6.607000019698148208e+01,1.772915869951248169e-01,5.625207424163818359e-01
6.608000019701128736e+01,1.742090880870819092e-01,5.291220545768737793e-01
6.609000019704110684e+01,1.763883829116821289e-01,5.498158335685729980e-01
6.610000019707092633e+01,1.791862994432449341e-01,4.320830106735229492e-01
6.611000019710073161e+01,1.775113642215728760e-01,4.910221099853515625e-01
6.612000019713055110e+01,1.809810996055603027e-01,5.052626729011535645e-01
6.613000019716035638e+01,1.709572523832321167e-01,4.648368358612060547e-01
6.614000019719017587e+01,1.812228262424468994e-01,5.162441730499267578e-01
6.615000019721999536e+01,1.808781176805496216e-01,5.065090656280517578e-01
6.616000019724980064e+01,1.685023903846740723e-01,4.489653110504150391e-01
6.617000019727962012e+01,1.732772141695022583e-01,4.786048531532287598e-01
6.618000019730943961e+01,1.844713538885116577e-01,5.737134814262390137e-01
6.619000019733924489e+01,1.695472300052642822e-01,4.733802378177642822e-01
6.620000019736906438e+01,1.744423359632492065e-01,4.645179808139801025e-01
6.621000019739886966e+01,1.787158548831939697e-01,5.111154317855834961e-01
6.622000019742868915e+01,1.680521517992019653e-01,4.060086011886596680e-01
6.623000019745850864e+01,1.801618486642837524e-01,4.359889924526214600e-01
6.624000019748831392e+01,1.699414551258087158e-01,4.556008279323577881e-01
6.625000019751813340e+01,1.799731850624084473e-01,5.258805155754089355e-01
6.626000019754795289e+01,1.726552844047546387e-01,4.784393012523651123e-01
6.627000019757775817e+01,1.706206947565078735e-01,4.238308072090148926e-01
6.628000019760757766e+01,1.776317656040191650e-01,4.902187883853912354e-01
6.629000019763738294e+01,1.746619641780853271e-01,4.859184324741363525e-01
6.630000019766720243e+01,1.830413788557052612e-01,4.480370581150054932e-01
6.631000019769702192e+01,1.722924262285232544e-01,4.535303413867950439e-01
6.632000019772682720e+01,1.701630502939224243e-01,5.185990929603576660e-01
6.633000019775664668e+01,1.739011257886886597e-01,5.514711141586303711e-01
6.634000019778645196e+01,1.844993680715560913e-01,5.513498187065124512e-01
6.635000019781627145e+01,1.822448074817657471e-01,5.677588582038879395e-01
6.636000019784609094e+01,1.847935616970062256e-01,5.232084989547729492e-01
6.637000019787589622e+01,1.714131236076354980e-01,5.134927630424499512e-01
6.638000019790571571e+01,1.836614459753036499e-01,4.932906925678253174e-01
6.639000019793553520e+01,1.821142584085464478e-01,5.273296833038330078e-01
6.640000019796534048e+01,1.856832504272460938e-01,5.523357391357421875e-01
6.641000019799515997e+01,1.735183000564575195e-01,4.842070341110229492e-01
6.642000019802496524e+01,1.693910062313079834e-01,5.933034420013427734e-01
6.643000019805478473e+01,1.776755005121231079e-01,5.425741076469421387e-01
6.644000019808460422e+01,1.787665784358978271e-01,4.619550108909606934e-01
6.645000019811440950e+01,1.732220500707626343e-01,5.971947312355041504e-01
6.646000019814422899e+01,1.663872301578521729e-01,5.218548774719238281e-01
6.647000019817404848e+01,1.768641769886016846e-01,4.742801785469055176e-01
6.648000019820385376e+01,1.763103455305099487e-01,4.704852104187011719e-01
6.649000019823367325e+01,1.720633655786514282e-01,4.339542090892791748e-01
6.650000019826347852e+01,1.815079152584075928e-01,4.956409335136413574e-01
6.651000019829329801e+01,1.761214286088943481e-01,4.957273602485656738e-01
6.652000019832311750e+01,1.728430837392807007e-01,5.395491719245910645e-01
6.653000019835292278e+01,1.872607171535491943e-01,4.150435030460357666e-01
6.654000019838274227e+01,1.799078285694122314e-01,4.744924902915954590e-01
6.655000019841254755e+01,1.723788827657699585e-01,4.585812091827392578e-01
6.656000019844236704e+01,1.798594295978546143e-01,4.643691182136535645e-01
6.657000019847218653e+01,1.738354265689849854e-01,4.520489275455474854e-01
6.658000019850199180e+01,1.685517281293869019e-01,5.049032568931579590e-01
6.659000019853181129e+01,1.780071556568145752e-01,4.602844715118408203e-01
6.660000019856163078e+01,1.809694021940231323e-01,5.357903242111206055e-01
6.661000019859143606e+01,1.758936792612075806e-01,4.699756205081939697e-01
6.662000019862125555e+01,1.773335486650466919e-01,5.159960389137268066e-01
6.663000019865106083e+01,1.686899065971374512e-01,4.933233857154846191e-01
6.664000019868088032e+01,1.715171188116073608e-01,4.927313029766082764e-01
6.665000019871069981e+01,1.753751933574676514e-01,5.289375185966491699e-01
6.666000019874050508e+01,1.697876900434494019e-01,5.523154735565185547e-01
6.667000019877032457e+01,1.810238063335418701e-01,4.729439914226531982e-01
6.668000019880012985e+01,1.700413525104522705e-01,4.666289687156677246e-01
6.669000019882994934e+01,1.745795011520385742e-01,4.571209549903869629e-01
6.670000019885976883e+01,1.740530282258987427e-01,4.903688430786132812e-01
6.671000019888957411e+01,1.741637140512466431e-01,4.744109809398651123e-01
6.672000019891939360e+01,1.665332168340682983e-01,5.009958148002624512e-01
6.673000019894921309e+01,1.728056669235229492e-01,5.420278310775756836e-01
6.674000019897901836e+01,1.766470223665237427e-01,4.681381285190582275e-01
6.675000019900883785e+01,1.737278550863265991e-01,4.528775215148925781e-01
6.676000019903864313e+01,1.721884608268737793e-01,4.907976686954498291e-01
6.677000019906846262e+01,1.741411238908767700e-01,4.830961525440216064e-01
6.678000019909828211e+01,1.669964939355850220e-01,4.926720559597015381e-01
6.679000019912808739e+01,1.778182536363601685e-01,4.908865094184875488e-01
6.680000019915790688e+01,1.743626445531845093e-01,5.071123242378234863e-01
6.681000019918772637e+01,1.633255332708358765e-01,4.436296224594116211e-01
6.682000019921753164e+01,1.799000054597854614e-01,4.946218132972717285e-01
6.683000019924735113e+01,1.700605750083923340e-01,4.216924309730529785e-01
6.684000019927715641e+01,1.690068393945693970e-01,5.458614230155944824e-01
6.685000019930697590e+01,1.831308752298355103e-01,5.201756954193115234e-01
6.686000019933679539e+01,1.870091706514358521e-01,5.715795159339904785e-01
6.687000019936660067e+01,1.662623733282089233e-01,4.953106939792633057e-01
6.688000019939642016e+01,1.797529757022857666e-01,4.616649150848388672e-01
6.689000019942622544e+01,1.717631220817565918e-01,5.091269016265869141e-01
6.690000019945604492e+01,1.745988726615905762e-01,5.511822700500488281e-01
6.691000019948586441e+01,1.763309091329574585e-01,5.277132391929626465e-01
6.692000019951566969e+01,1.769674718379974365e-01,5.597350001335144043e-01
6.693000019954548918e+01,1.764470189809799194e-01,5.007510185241699219e-01
6.694000019957530867e+01,1.728051155805587769e-01,5.347997546195983887e-01
6.695000019960511395e+01,1.691092848777770996e-01,5.168411731719970703e-01
6.696000019963493344e+01,1.721410453319549561e-01,4.947025775909423828e-01
6.697000019966473872e+01,1.759322285652160645e-01,5.627612471580505371e-01
6.698000019969455821e+01,1.770103126764297485e-01,4.737694561481475830e-01
6.699000019972437769e+01,1.821752488613128662e-01,4.517843127250671387e-01
6.700000019975418297e+01,1.699174791574478149e-01,5.446593761444091797e-01
6.701000019978400246e+01,1.722844541072845459e-01,4.490256607532501221e-01
6.702000019981380774e+01,1.634843498468399048e-01,5.176383852958679199e-01
6.703000019984362723e+01,1.747374236583709717e-01,4.678328633308410645e-01
6.704000019987344672e+01,1.747134476900100708e-01,4.651390314102172852e-01
6.705000019990325200e+01,1.708530783653259277e-01,5.569491982460021973e-01
6.706000019993307149e+01,1.830239295959472656e-01,5.107938051223754883e-01
6.707000019996289097e+01,1.660286337137222290e-01,4.619488120079040527e-01
6.708000019999269625e+01,1.876537948846817017e-01,4.333065748214721680e-01
6.709000020002251574e+01,1.762211471796035767e-01,5.145342350006103516e-01
6.710000020005232102e+01,1.647732406854629517e-01,4.382585585117340088e-01
6.711000020008214051e+01,1.751207411289215088e-01,4.504936635494232178e-01
6.712000020011196000e+01,1.723509877920150757e-01,5.723361968994140625e-01
6.713000020014176528e+01,1.795525401830673218e-01,4.783558249473571777e-01
6.714000020017158477e+01,1.689363867044448853e-01,4.942579269409179688e-01
6.715000020020140425e+01,1.790070384740829468e-01,4.451801776885986328e-01
6.716000020023120953e+01,1.775667518377304077e-01,5.237873792648315430e-01
6.717000020026102902e+01,1.775527000427246094e-01,4.358965754508972168e-01
6.718000020029083430e+01,1.785520017147064209e-01,4.788861572742462158e-01
6.719000020032065379e+01,1.786059439182281494e-01,4.905818104743957520e-01
6.720000020035047328e+01,1.733956485986709595e-01,4.573922455310821533e-01
6.721000020038027856e+01,1.765321344137191772e-01,5.082018375396728516e-01
6.722000020041009805e+01,1.757452338933944702e-01,4.981079995632171631e-01
6.723000020043990332e+01,1.704828590154647827e-01,4.737884700298309326e-01
6.724000020046972281e+01,1.782679706811904907e-01,5.698182582855224609e-01
6.725000020049954230e+01,1.756635606288909912e-01,5.982398986816406250e-01
6.726000020052934758e+01,1.700531989336013794e-01,4.642397165298461914e-01
6.727000020055916707e+01,1.756671965122222900e-01,5.033399462699890137e-01
6.728000020058898656e+01,1.761130839586257935e-01,5.361530184745788574e-01
6.729000020061879184e+01,1.755557060241699219e-01,4.974167943000793457e-01
6.730000020064861133e+01,1.833309233188629150e-01,5.603123903274536133e-01
6.731000020067841660e+01,1.669359207153320312e-01,4.392132461071014404e-01
6.732000020070823609e+01,1.707786619663238525e-01,4.737975001335144043e-01
6.733000020073805558e+01,1.822960823774337769e-01,4.698644578456878662e-01
6.734000020076786086e+01,1.836145520210266113e-01,4.919792711734771729e-01
6.735000020079768035e+01,1.710047721862792969e-01,5.336384177207946777e-01
6.736000020082748563e+01,1.612243801355361938e-01,4.771052896976470947e-01
6.737000020085730512e+01,1.793128848075866699e-01,5.585343837738037109e-01
6.738000020088712461e+01,1.742229759693145752e-01,5.393218398094177246e-01
6.739000020091692988e+01,1.683444529771804810e-01,5.412781834602355957e-01
6.740000020094674937e+01,1.776727437973022461e-01,5.644130706787109375e-01
6.741000020097656886e+01,1.690570116043090820e-01,4.862359464168548584e-01
6.742000020100637414e+01,1.831965297460556030e-01,4.963838160037994385e-01
6.743000020103619363e+01,1.715755909681320190e-01,4.778078198432922363e-01
6.744000020106599891e+01,1.749768257141113281e-01,4.874651432037353516e-01
6.745000020109581840e+01,1.778286546468734741e-01,5.068106651306152344e-01
6.746000020112563789e+01,1.762852072715759277e-01,5.629829764366149902e-01
6.747000020115544316e+01,1.690212935209274292e-01,5.378918051719665527e-01
6.748000020118526265e+01,1.698928475379943848e-01,5.043424963951110840e-01
6.749000020121508214e+01,1.712179034948348999e-01,5.216746926307678223e-01
6.750000020124488742e+01,1.773125678300857544e-01,5.233203172683715820e-01
6.751000020127470691e+01,1.712182611227035522e-01,5.302072763442993164e-01
6.752000020130451219e+01,1.785565018653869629e-01,5.259634256362915039e-01
6.753000020133433168e+01,1.750650703907012939e-01,5.593034625053405762e-01
6.754000020136415117e+01,1.722456365823745728e-01,5.275133848190307617e-01
6.755000020139395644e+01,1.757106482982635498e-01,5.340266823768615723e-01
6.756000020142377593e+01,1.722472608089447021e-01,5.022544264793395996e-01
6.757000020145358121e+01,1.707618832588195801e-01,5.087804794311523438e-01
6.758000020148340070e+01,1.741566807031631470e-01,5.506020188331604004e-01
6.759000020151322019e+01,1.736021339893341064e-01,4.841299057006835938e-01
6.760000020154302547e+01,1.631603837013244629e-01,4.534300267696380615e-01
6.761000020157284496e+01,1.721148937940597534e-01,4.990332722663879395e-01
6.762000020160266445e+01,1.742667108774185181e-01,5.411583185195922852e-01
6.763000020163246973e+01,1.768864393234252930e-01,5.066456198692321777e-01
6.764000020166228921e+01,1.675004363059997559e-01,4.797814190387725830e-01
6.765000020169209449e+01,1.720563471317291260e-01,5.089746117591857910e-01
6.766000020172191398e+01,1.756703108549118042e-01,5.135133862495422363e-01
6.767000020175173347e+01,1.780100911855697632e-01,4.866422712802886963e-01
6.768000020178153875e+01,1.718596220016479492e-01,5.504974722862243652e-01
6.769000020181135824e+01,1.713870763778686523e-01,5.032276511192321777e-01
6.770000020184116352e+01,1.751835048198699951e-01,5.048632621765136719e-01
6.771000020187098301e+01,1.708985716104507446e-01,4.833612143993377686e-01
6.772000020190080249e+01,1.744106560945510864e-01,4.997544586658477783e-01
6.773000020193060777e+01,1.754424124956130981e-01,5.385597348213195801e-01
6.774000020196042726e+01,1.858898550271987915e-01,4.872097671031951904e-01
6.775000020199024675e+01,1.755274832248687744e-01,4.391663372516632080e-01
6.776000020202005203e+01,1.758330762386322021e-01,5.104257464408874512e-01
6.777000020204987152e+01,1.748599410057067871e-01,5.054444670677185059e-01
6.778000020207967680e+01,1.861298531293869019e-01,5.072271823883056641e-01
6.779000020210949629e+01,1.728541404008865356e-01,4.365938603878021240e-01
6.780000020213931577e+01,1.752741038799285889e-01,4.635024964809417725e-01
6.781000020216912105e+01,1.790291965007781982e-01,5.622629523277282715e-01
6.782000020219894054e+01,1.801123321056365967e-01,6.123650670051574707e-01
6.783000020222876003e+01,1.802572011947631836e-01,4.717880487442016602e-01
6.784000020225856531e+01,1.821037381887435913e-01,7.007635235786437988e-01
6.785000020228838480e+01,1.765083819627761841e-01,5.038541555404663086e-01
6.786000020231819008e+01,1.768804937601089478e-01,4.742200970649719238e-01
6.787000020234800957e+01,1.893865764141082764e-01,5.204610228538513184e-01
6.788000020237782905e+01,1.775386780500411987e-01,6.200418472290039062e-01
6.789000020240763433e+01,1.769737601280212402e-01,4.672337174415588379e-01
6.790000020243745382e+01,1.839402765035629272e-01,5.727031826972961426e-01
6.791000020246725910e+01,1.796777695417404175e-01,4.987047016620635986e-01
6.792000020249707859e+01,1.740318834781646729e-01,5.545726418495178223e-01
6.793000020252689808e+01,1.673204451799392700e-01,4.319151341915130615e-01
6.794000020255670336e+01,1.782291978597640991e-01,4.999082982540130615e-01
6.795000020258652285e+01,1.816918551921844482e-01,5.588479042053222656e-01
6.796000020261634234e+01,1.774139702320098877e-01,5.327343940734863281e-01
6.797000020264614761e+01,1.797924041748046875e-01,4.978760182857513428e-01
6.798000020267596710e+01,1.787520647048950195e-01,5.287296175956726074e-01
6.799000020270577238e+01,1.757925152778625488e-01,5.063849091529846191e-01
6.800000020273559187e+01,1.754631102085113525e-01,6.055753231048583984e-01
6.801000020276541136e+01,1.848179250955581665e-01,5.037444233894348145e-01
6.802000020279521664e+01,1.824811547994613647e-01,4.980285763740539551e-01
6.803000020282503613e+01,1.842729896306991577e-01,4.753004610538482666e-01
6.804000020285484140e+01,1.812302470207214355e-01,4.502645730972290039e-01
6.805000020288466089e+01,1.821982413530349731e-01,3.925794363021850586e-01
6.806000020291448038e+01,1.752552688121795654e-01,4.604369699954986572e-01
6.807000020294428566e+01,1.822459250688552856e-01,5.129868388175964355e-01
6.808000020297410515e+01,1.828556656837463379e-01,4.749401211738586426e-01
6.809000020300392464e+01,1.673606932163238525e-01,4.215592741966247559e-01
6.810000020303372992e+01,1.743270754814147949e-01,4.689010679721832275e-01
6.811000020306354941e+01,1.777953207492828369e-01,5.847767591476440430e-01
6.812000020309335468e+01,1.764394342899322510e-01,4.844793379306793213e-01
6.813000020312317417e+01,1.698483079671859741e-01,4.604847729206085205e-01
6.814000020315299366e+01,1.811404079198837280e-01,4.623880386352539062e-01
6.815000020318279894e+01,1.774834990501403809e-01,4.560704529285430908e-01
6.816000020321261843e+01,1.763030439615249634e-01,4.433639347553253174e-01
6.817000020324243792e+01,1.683805733919143677e-01,4.889483451843261719e-01
6.818000020327224320e+01,1.680874228477478027e-01,4.745591878890991211e-01
6.819000020330206269e+01,1.698230654001235962e-01,4.401018023490905762e-01
6.820000020333186797e+01,1.740996092557907104e-01,4.842145740985870361e-01
6.821000020336168745e+01,1.777814924716949463e-01,4.643394351005554199e-01
6.822000020339150694e+01,1.747092008590698242e-01,4.992896616458892822e-01
6.823000020342131222e+01,1.795044988393783569e-01,4.603199958801269531e-01
6.824000020345113171e+01,1.767401248216629028e-01,4.979310631752014160e-01
6.825000020348093699e+01,1.720265895128250122e-01,5.083817839622497559e-01
6.826000020351075648e+01,1.780993193387985229e-01,5.711558461189270020e-01
6.827000020354057597e+01,1.788720190525054932e-01,4.893990457057952881e-01
6.828000020357038125e+01,1.805808395147323608e-01,5.321696996688842773e-01
6.829000020360020073e+01,1.730375736951828003e-01,4.638566076755523682e-01
6.830000020363002022e+01,1.778454780578613281e-01,4.776394963264465332e-01
6.831000020365982550e+01,1.741675287485122681e-01,4.796571731567382812e-01
6.832000020368964499e+01,1.778166145086288452e-01,4.840086698532104492e-01
6.833000020371945027e+01,1.762377917766571045e-01,4.756989479064941406e-01
6.834000020374926976e+01,1.740697324275970459e-01,4.857427477836608887e-01
6.835000020377908925e+01,1.772418022155761719e-01,4.989075660705566406e-01
6.836000020380889453e+01,1.793651282787322998e-01,4.301883280277252197e-01
6.837000020383871401e+01,1.747919023036956787e-01,5.057198405265808105e-01
6.838000020386853350e+01,1.793705821037292480e-01,5.849673151969909668e-01
6.839000020389833878e+01,1.749529689550399780e-01,4.052017629146575928e-01
6.840000020392815827e+01,1.665703505277633667e-01,5.200419425964355469e-01
6.841000020395796355e+01,1.784060895442962646e-01,5.388728976249694824e-01
6.842000020398778304e+01,1.732697039842605591e-01,5.206848978996276855e-01
6.843000020401760253e+01,1.708696186542510986e-01,5.654774308204650879e-01
6.844000020404740781e+01,1.751988679170608521e-01,5.195748805999755859e-01
6.845000020407722729e+01,1.714772880077362061e-01,5.722054839134216309e-01
6.846000020410703257e+01,1.704488992691040039e-01,5.161329507827758789e-01
6.847000020413685206e+01,1.787666082382202148e-01,5.767803788185119629e-01
6.848000020416667155e+01,1.697668880224227905e-01,5.210465788841247559e-01
6.849000020419647683e+01,1.655470877885818481e-01,5.026342868804931641e-01
6.850000020422629632e+01,1.743746697902679443e-01,5.377610921859741211e-01
6.851000020425611581e+01,1.743504554033279419e-01,4.819599390029907227e-01
6.852000020428592109e+01,1.756543964147567749e-01,5.359502434730529785e-01
6.853000020431574058e+01,1.771149635314941406e-01,5.126171708106994629e-01
6.854000020434554585e+01,1.682044565677642822e-01,5.738536119461059570e-01
6.855000020437536534e+01,1.744831949472427368e-01,5.697837471961975098e-01
6.856000020440518483e+01,1.777361631393432617e-01,5.114081501960754395e-01
6.857000020443499011e+01,1.707043945789337158e-01,4.840652048587799072e-01
6.858000020446480960e+01,1.812900304794311523e-01,4.783961176872253418e-01
6.859000020449461488e+01,1.763329952955245972e-01,5.211880207061767578e-01
6.860000020452443437e+01,1.825190633535385132e-01,6.435940861701965332e-01
6.861000020455425386e+01,1.866774111986160278e-01,5.787289142608642578e-01
6.862000020458405913e+01,1.800647675991058350e-01,5.988128781318664551e-01
6.863000020461387862e+01,1.781549900770187378e-01,5.857850909233093262e-01
6.864000020464369811e+01,1.702016144990921021e-01,5.023508071899414062e-01
6.865000020467350339e+01,1.761812865734100342e-01,5.383101105690002441e-01
6.866000020470332288e+01,1.594832539558410645e-01,4.893917143344879150e-01
6.867000020473312816e+01,1.699650734663009644e-01,5.095449090003967285e-01
6.868000020476294765e+01,1.770007908344268799e-01,5.489869117736816406e-01
6.869000020479276714e+01,1.756894439458847046e-01,5.770099759101867676e-01
6.870000020482257241e+01,1.712094992399215698e-01,5.485799312591552734e-01
6.871000020485239190e+01,1.834918558597564697e-01,6.230870485305786133e-01
6.872000020488221139e+01,1.788034290075302124e-01,5.921360254287719727e-01
6.873000020491201667e+01,1.789672225713729858e-01,4.865919351577758789e-01
6.874000020494183616e+01,1.838906109333038330e-01,5.082549452781677246e-01
6.875000020497164144e+01,1.731764376163482666e-01,5.287742614746093750e-01
6.876000020500146093e+01,1.764540523290634155e-01,4.416794478893280029e-01
6.877000020503128042e+01,1.776248663663864136e-01,4.109527170658111572e-01
6.878000020506108569e+01,1.757381856441497803e-01,4.787394702434539795e-01
6.879000020509090518e+01,1.715517193078994751e-01,5.155768394470214844e-01
6.880000020512071046e+01,1.736904829740524292e-01,4.628616571426391602e-01
6.881000020515052995e+01,1.811898797750473022e-01,5.377876758575439453e-01
6.882000020518034944e+01,1.849951446056365967e-01,4.878784418106079102e-01
6.883000020521015472e+01,1.790641546249389648e-01,5.597267150878906250e-01
6.884000020523997421e+01,1.786517947912216187e-01,5.286951661109924316e-01
6.885000020526979370e+01,1.746645569801330566e-01,5.451498031616210938e-01
6.886000020529959897e+01,1.787445098161697388e-01,5.176722407341003418e-01
6.887000020532941846e+01,1.759071499109268188e-01,4.928279817104339600e-01
6.888000020535922374e+01,1.712792664766311646e-01,4.234503209590911865e-01
6.889000020538904323e+01,1.755922883749008179e-01,5.132339596748352051e-01
6.890000020541886272e+01,1.767234504222869873e-01,5.236814022064208984e-01
6.891000020544866800e+01,1.724761277437210083e-01,5.739901661872863770e-01
6.892000020547848749e+01,1.816732734441757202e-01,4.904616475105285645e-01
6.893000020550829277e+01,1.744809150695800781e-01,5.149606466293334961e-01
6.894000020553811225e+01,1.773757785558700562e-01,5.187667608261108398e-01
6.895000020556793174e+01,1.813606172800064087e-01,4.786832928657531738e-01
6.896000020559773702e+01,1.800853163003921509e-01,5.092560648918151855e-01
6.897000020562755651e+01,1.688796877861022949e-01,4.780442118644714355e-01
6.898000020565737600e+01,1.761110126972198486e-01,5.878611207008361816e-01
6.899000020568718128e+01,1.789375543594360352e-01,5.131727457046508789e-01
6.900000020571700077e+01,1.719752252101898193e-01,4.977397620677947998e-01
6.901000020574680605e+01,1.749808043241500854e-01,5.145056843757629395e-01
6.902000020577662553e+01,1.859284341335296631e-01,4.903850257396697998e-01
6.903000020580644502e+01,1.756915748119354248e-01,5.079677104949951172e-01
6.904000020583625030e+01,1.697538346052169800e-01,5.558683872222900391e-01
6.905000020586606979e+01,1.725548207759857178e-01,4.411413669586181641e-01
6.906000020589588928e+01,1.762008517980575562e-01,5.256255865097045898e-01
6.907000020592569456e+01,1.779136508703231812e-01,5.107114315032958984e-01
6.908000020595551405e+01,1.762839257717132568e-01,4.287908375263214111e-01
6.909000020598531933e+01,1.806724667549133301e-01,4.866489768028259277e-01
6.910000020601513882e+01,1.703470945358276367e-01,4.411436021327972412e-01
6.911000020604495830e+01,1.696118265390396118e-01,4.992541968822479248e-01
6.912000020607476358e+01,1.699582785367965698e-01,4.379009306430816650e-01
6.913000020610458307e+01,1.778907924890518188e-01,4.455518722534179688e-01
6.914000020613438835e+01,1.748911142349243164e-01,5.022219419479370117e-01
6.915000020616420784e+01,1.709247529506683350e-01,4.584765136241912842e-01
6.916000020619402733e+01,1.746210604906082153e-01,4.850965142250061035e-01
6.917000020622383261e+01,1.697487384080886841e-01,4.999857246875762939e-01
6.918000020625365210e+01,1.790286451578140259e-01,4.895489513874053955e-01
6.919000020628347158e+01,1.815926432609558105e-01,4.384127259254455566e-01
6.920000020631327686e+01,1.785368919372558594e-01,4.467758834362030029e-01
6.921000020634309635e+01,1.718233972787857056e-01,5.367577672004699707e-01
6.922000020637290163e+01,1.680274903774261475e-01,5.336799621582031250e-01
6.923000020640272112e+01,1.815225780010223389e-01,4.835402667522430420e-01
6.924000020643254061e+01,1.811277419328689575e-01,5.184576511383056641e-01
6.925000020646234589e+01,1.711437255144119263e-01,4.478577673435211182e-01
6.926000020649216538e+01,1.816565692424774170e-01,4.970402717590332031e-01
6.927000020652197065e+01,1.753684133291244507e-01,4.575493037700653076e-01
6.928000020655179014e+01,1.822905391454696655e-01,4.473643600940704346e-01
6.929000020658160963e+01,1.743810325860977173e-01,4.791217744350433350e-01
6.930000020661141491e+01,1.724699139595031738e-01,4.384821057319641113e-01
6.931000020664123440e+01,1.730596572160720825e-01,5.012918710708618164e-01
6.932000020667105389e+01,1.712428331375122070e-01,4.594310224056243896e-01
6.933000020670085917e+01,1.789942383766174316e-01,4.099370539188385010e-01
6.934000020673067866e+01,1.783115714788436890e-01,4.785474836826324463e-01
6.935000020676048393e+01,1.714035272598266602e-01,5.554653406143188477e-01
6.936000020679030342e+01,1.667537242174148560e-01,4.577849209308624268e-01
6.937000020682012291e+01,1.769348978996276855e-01,4.548612833023071289e-01
6.938000020684992819e+01,1.744423061609268188e-01,4.691711962223052979e-01
6.939000020687974768e+01,1.772269010543823242e-01,4.674322903156280518e-01
6.940000020690956717e+01,1.786320805549621582e-01,4.531388282775878906e-01
6.941000020693937245e+01,1.742708384990692139e-01,5.168193578720092773e-01
6.942000020696919194e+01,1.741523593664169312e-01,4.467524886131286621e-01
6.943000020699899721e+01,1.748785972595214844e-01,5.652255415916442871e-01
6.944000020702881670e+01,1.804508119821548462e-01,5.530816316604614258e-01
6.945000020705863619e+01,1.804513335227966309e-01,5.519405007362365723e-01
6.946000020708844147e+01,1.708056181669235229e-01,4.863474667072296143e-01
6.947000020711826096e+01,1.809507310390472412e-01,5.274012684822082520e-01
6.948000020714806624e+01,1.761039644479751587e-01,6.188151836395263672e-01
6.949000020717788573e+01,1.766087114810943604e-01,5.128058195114135742e-01
6.950000020720770522e+01,1.713189035654067993e-01,5.172505378723144531e-01
6.951000020723751049e+01,1.720596998929977417e-01,4.419459402561187744e-01
6.952000020726732998e+01,1.901278197765350342e-01,6.369937658309936523e-01
6.953000020729714947e+01,1.743704378604888916e-01,5.117518901824951172e-01
6.954000020732695475e+01,1.670749485492706299e-01,5.876972079277038574e-01
6.955000020735677424e+01,1.733701378107070923e-01,5.277296900749206543e-01
6.956000020738657952e+01,1.826297640800476074e-01,5.494696497917175293e-01
6.957000020741639901e+01,1.642380952835083008e-01,5.276330113410949707e-01
6.958000020744621850e+01,1.761905103921890259e-01,5.282056927680969238e-01
6.959000020747602377e+01,1.749897599220275879e-01,6.011924147605895996e-01
6.960000020750584326e+01,1.785381287336349487e-01,5.645883083343505859e-01
6.961000020753564854e+01,1.706919223070144653e-01,5.640013217926025391e-01
6.962000020756546803e+01,1.785524636507034302e-01,5.502892732620239258e-01
6.963000020759528752e+01,1.793003231287002563e-01,4.862155020236968994e-01
6.964000020762509280e+01,1.638056039810180664e-01,5.295395851135253906e-01
6.965000020765491229e+01,1.741531044244766235e-01,5.192514061927795410e-01
6.966000020768473178e+01,1.664653271436691284e-01,5.416841506958007812e-01
6.967000020771453705e+01,1.791340410709381104e-01,5.421839356422424316e-01
6.968000020774435654e+01,1.718181371688842773e-01,6.328427791595458984e-01
6.969000020777416182e+01,1.779027581214904785e-01,5.425037145614624023e-01
6.970000020780398131e+01,1.799445748329162598e-01,6.251018643379211426e-01
6.971000020783380080e+01,1.803777813911437988e-01,5.224688649177551270e-01
6.972000020786360608e+01,1.798651069402694702e-01,5.413588285446166992e-01
6.973000020789342557e+01,1.757612526416778564e-01,4.845694005489349365e-01
6.974000020792324506e+01,1.787164956331253052e-01,5.112085938453674316e-01
6.975000020795305034e+01,1.781232953071594238e-01,5.216376185417175293e-01
6.976000020798286982e+01,1.763376295566558838e-01,4.491194784641265869e-01
6.977000020801267510e+01,1.748990565538406372e-01,5.176804065704345703e-01
6.978000020804249459e+01,1.747871041297912598e-01,4.452627003192901611e-01
6.979000020807231408e+01,1.799292564392089844e-01,4.360138773918151855e-01
6.980000020810211936e+01,1.772051155567169189e-01,4.075137674808502197e-01
6.981000020813193885e+01,1.670086681842803955e-01,4.470337927341461182e-01
6.982000020816174413e+01,1.803679913282394409e-01,5.115815997123718262e-01
6.983000020819156362e+01,1.716580986976623535e-01,4.819935560226440430e-01
6.984000020822138310e+01,1.676194369792938232e-01,4.655401706695556641e-01
6.985000020825118838e+01,1.759376972913742065e-01,4.343010187149047852e-01
6.986000020828100787e+01,1.689568012952804565e-01,4.567976891994476318e-01
6.987000020831082736e+01,1.706615835428237915e-01,4.070019125938415527e-01
6.988000020834063264e+01,1.740859597921371460e-01,5.558872818946838379e-01
6.989000020837045213e+01,1.715075671672821045e-01,5.140705704689025879e-01
6.990000020840025741e+01,1.722951829433441162e-01,4.508976638317108154e-01
6.991000020843007690e+01,1.665495038032531738e-01,4.906535446643829346e-01
6.992000020845989638e+01,1.808161586523056030e-01,4.346893429756164551e-01
6.993000020848970166e+01,1.785732805728912354e-01,4.580317139625549316e-01
6.994000020851952115e+01,1.665790230035781860e-01,4.844503998756408691e-01
6.995000020854932643e+01,1.735751330852508545e-01,5.209761261940002441e-01
6.996000020857914592e+01,1.669850051403045654e-01,4.546532332897186279e-01
6.997000020860896541e+01,1.783798784017562866e-01,4.937577247619628906e-01
6.998000020863877069e+01,1.761568188667297363e-01,4.907917678356170654e-01
6.999000020866859018e+01,1.818196922540664673e-01,4.809073209762573242e-01
7.000000020869840966e+01,1.661174893379211426e-01,5.171504616737365723e-01
7.001000020872821494e+01,1.693037003278732300e-01,5.014713406562805176e-01
7.002000020875803443e+01,1.711287200450897217e-01,5.549677610397338867e-01
7.003000020878783971e+01,1.803477108478546143e-01,5.733118057250976562e-01
7.004000020881765920e+01,1.751871407032012939e-01,5.431545972824096680e-01
7.005000020884747869e+01,1.845676153898239136e-01,4.716239869594573975e-01
7.006000020887728397e+01,1.771710216999053955e-01,5.593495368957519531e-01
7.007000020890710346e+01,1.760237067937850952e-01,5.061597228050231934e-01
7.008000020893692295e+01,1.733462959527969360e-01,5.177139639854431152e-01
7.009000020896672822e+01,1.751270890235900879e-01,5.707169175148010254e-01
7.010000020899654771e+01,1.791857033967971802e-01,5.938180088996887207e-01
7.011000020902635299e+01,1.881617307662963867e-01,4.619995355606079102e-01
7.012000020905617248e+01,1.775703281164169312e-01,4.978001415729522705e-01
7.013000020908599197e+01,1.760583370923995972e-01,4.969279766082763672e-01
7.014000020911579725e+01,1.699460893869400024e-01,4.553484320640563965e-01
7.015000020914561674e+01,1.800778210163116455e-01,4.868218898773193359e-01
7.016000020917542201e+01,1.769425272941589355e-01,5.514259338378906250e-01
7.017000020920524150e+01,1.806786507368087769e-01,5.143158435821533203e-01
7.018000020923506099e+01,1.720694601535797119e-01,5.371944904327392578e-01
7.019000020926486627e+01,1.746767163276672363e-01,4.456432461738586426e-01
7.020000020929468576e+01,1.820353418588638306e-01,4.559409022331237793e-01
7.021000020932450525e+01,1.772430390119552612e-01,4.988193809986114502e-01
7.022000020935431053e+01,1.696308404207229614e-01,5.000912547111511230e-01
7.023000020938413002e+01,1.880963593721389771e-01,4.347776472568511963e-01
7.024000020941393529e+01,1.680892407894134521e-01,4.607988893985748291e-01
7.025000020944375478e+01,1.765231937170028687e-01,5.354125499725341797e-01
7.026000020947357427e+01,1.737047284841537476e-01,4.019423127174377441e-01
7.027000020950337955e+01,1.722881644964218140e-01,4.714476466178894043e-01
7.028000020953319904e+01,1.787123531103134155e-01,4.640184938907623291e-01
7.029000020956301853e+01,1.710903942584991455e-01,6.020960211753845215e-01
7.030000020959282381e+01,1.764819771051406860e-01,5.174250602722167969e-01
7.031000020962264330e+01,1.688446104526519775e-01,4.874716997146606445e-01
7.032000020965244858e+01,1.784075647592544556e-01,5.499759316444396973e-01
7.033000020968226806e+01,1.778014749288558960e-01,5.265529751777648926e-01
7.034000020971208755e+01,1.749271452426910400e-01,4.599169194698333740e-01
7.035000020974189283e+01,1.789525747299194336e-01,4.641064405441284180e-01
7.036000020977171232e+01,1.664417833089828491e-01,4.828530848026275635e-01
7.037000020980151760e+01,1.709689497947692871e-01,4.537879824638366699e-01
7.038000020983133709e+01,1.821091920137405396e-01,4.677835106849670410e-01
7.039000020986115658e+01,1.762297451496124268e-01,4.887580573558807373e-01
7.040000020989096186e+01,1.724587827920913696e-01,4.433005750179290771e-01
7.041000020992078134e+01,1.781237423419952393e-01,4.480258226394653320e-01
7.042000020995060083e+01,1.765052974224090576e-01,4.564854800701141357e-01
7.043000020998040611e+01,1.823636740446090698e-01,4.596957862377166748e-01
7.044000021001022560e+01,1.780173182487487793e-01,4.581061899662017822e-01
7.045000021004003088e+01,1.853198856115341187e-01,4.839753508567810059e-01
7.046000021006985037e+01,1.799088865518569946e-01,4.614553153514862061e-01
7.047000021009966986e+01,1.777625381946563721e-01,5.191594958305358887e-01
7.048000021012947514e+01,1.774251759052276611e-01,5.379846096038818359e-01
7.049000021015929462e+01,1.713566631078720093e-01,4.609521627426147461e-01
7.050000021018909990e+01,1.820459663867950439e-01,5.169184207916259766e-01
7.051000021021891939e+01,1.745632290840148926e-01,5.039621591567993164e-01
7.052000021024873888e+01,1.700663268566131592e-01,4.331461787223815918e-01
7.053000021027854416e+01,1.749494820833206177e-01,5.251197814941406250e-01
7.054000021030836365e+01,1.771010309457778931e-01,4.747684001922607422e-01
7.055000021033818314e+01,1.748026460409164429e-01,5.071460008621215820e-01
7.056000021036798842e+01,1.829127818346023560e-01,5.461767911911010742e-01
7.057000021039780790e+01,1.767920553684234619e-01,5.504802465438842773e-01
7.058000021042761318e+01,1.751287877559661865e-01,5.844073891639709473e-01
7.059000021045743267e+01,1.777983605861663818e-01,5.905255079269409180e-01
7.060000021048725216e+01,1.778747886419296265e-01,4.752190709114074707e-01
7.061000021051705744e+01,1.739708930253982544e-01,4.722126126289367676e-01
7.062000021054687693e+01,1.767661422491073608e-01,4.851486384868621826e-01
7.063000021057669642e+01,1.774856746196746826e-01,4.243652820587158203e-01
7.064000021060650170e+01,1.736312061548233032e-01,5.807261466979980469e-01
7.065000021063632119e+01,1.853338629007339478e-01,5.121634006500244141e-01
7.066000021066612646e+01,1.750984787940979004e-01,4.468182623386383057e-01
7.067000021069594595e+01,1.755718588829040527e-01,5.615377426147460938e-01
7.068000021072576544e+01,1.776936352252960205e-01,4.821876287460327148e-01
7.069000021075557072e+01,1.718486696481704712e-01,4.528883695602416992e-01
7.070000021078539021e+01,1.707826852798461914e-01,4.606492519378662109e-01
7.071000021081519549e+01,1.723269075155258179e-01,5.434203743934631348e-01
7.072000021084501498e+01,1.749112904071807861e-01,5.732252001762390137e-01
7.073000021087483447e+01,1.802751272916793823e-01,5.202288627624511719e-01
7.074000021090463974e+01,1.713430285453796387e-01,5.070618987083435059e-01
7.075000021093445923e+01,1.735024452209472656e-01,4.880288243293762207e-01
7.076000021096427872e+01,1.774726808071136475e-01,5.460330843925476074e-01
7.077000021099408400e+01,1.718569397926330566e-01,4.632238447666168213e-01
7.078000021102390349e+01,1.696896404027938843e-01,5.174140930175781250e-01
7.079000021105370877e+01,1.688941270112991333e-01,4.600579142570495605e-01
7.080000021108352826e+01,1.810442060232162476e-01,4.989120662212371826e-01
7.081000021111334775e+01,1.814602166414260864e-01,4.459987878799438477e-01
7.082000021114315302e+01,1.757616996765136719e-01,5.589837431907653809e-01
7.083000021117297251e+01,1.744255423545837402e-01,4.662885367870330811e-01
7.084000021120277779e+01,1.765598356723785400e-01,4.766408801078796387e-01
7.085000021123259728e+01,1.685558706521987915e-01,4.763096570968627930e-01
7.086000021126241677e+01,1.649309098720550537e-01,5.391901135444641113e-01
7.087000021129222205e+01,1.780775189399719238e-01,5.495546460151672363e-01
7.088000021132204154e+01,1.738599687814712524e-01,4.947987496852874756e-01
7.089000021135186103e+01,1.822733730077743530e-01,4.617246985435485840e-01
7.090000021138166630e+01,1.711687743663787842e-01,5.491262674331665039e-01
7.091000021141148579e+01,1.653728783130645752e-01,4.665000438690185547e-01
7.092000021144129107e+01,1.707711517810821533e-01,4.362825155258178711e-01
7.093000021147111056e+01,1.777210384607315063e-01,5.624822378158569336e-01
7.094000021150093005e+01,1.732732951641082764e-01,4.742644131183624268e-01
7.095000021153073533e+01,1.714196503162384033e-01,4.597563743591308594e-01
7.096000021156055482e+01,1.786155849695205688e-01,3.927299678325653076e-01
7.097000021159037431e+01,1.773821711540222168e-01,5.062666535377502441e-01
7.098000021162017958e+01,1.881873458623886108e-01,4.594302475452423096e-01
7.099000021164999907e+01,1.817641854286193848e-01,4.969253540039062500e-01
7.100000021167980435e+01,1.729777008295059204e-01,4.487140178680419922e-01
7.101000021170962384e+01,1.738891303539276123e-01,4.153921306133270264e-01
7.102000021173944333e+01,1.739736497402191162e-01,4.683042168617248535e-01
7.103000021176924861e+01,1.811530143022537231e-01,4.783546626567840576e-01
7.104000021179906810e+01,1.796422153711318970e-01,5.909030437469482422e-01
7.105000021182887338e+01,1.780506372451782227e-01,5.247632265090942383e-01
7.106000021185869286e+01,1.836488097906112671e-01,5.586074590682983398e-01
7.107000021188851235e+01,1.820097118616104126e-01,5.177376270294189453e-01
7.108000021191831763e+01,1.710521131753921509e-01,5.400894880294799805e-01
7.109000021194813712e+01,1.795071661472320557e-01,5.278178453445434570e-01
7.110000021197795661e+01,1.724220365285873413e-01,5.142654776573181152e-01
7.111000021200776189e+01,1.731537729501724243e-01,4.948176145553588867e-01
7.112000021203758138e+01,1.746767312288284302e-01,4.846707880496978760e-01
7.113000021206738666e+01,1.771358847618103027e-01,5.679348111152648926e-01
7.114000021209720614e+01,1.794843226671218872e-01,5.172645449638366699e-01
7.115000021212702563e+01,1.782336086034774780e-01,5.513920783996582031e-01
7.116000021215683091e+01,1.778669953346252441e-01,5.345686674118041992e-01
7.117000021218665040e+01,1.738677620887756348e-01,5.074684619903564453e-01
7.118000021221645568e+01,1.760910153388977051e-01,4.608823359012603760e-01
7.119000021224627517e+01,1.793799847364425659e-01,6.584157347679138184e-01
7.120000021227609466e+01,1.811551898717880249e-01,4.655208885669708252e-01
7.121000021230589994e+01,1.718985289335250854e-01,5.514488220214843750e-01
7.122000021233571943e+01,1.829247176647186279e-01,6.494053602218627930e-01
7.123000021236553891e+01,1.753800213336944580e-01,5.659694075584411621e-01
7.124000021239534419e+01,1.763432174921035767e-01,5.936522483825683594e-01
7.125000021242516368e+01,1.741120219230651855e-01,6.049754619598388672e-01
7.126000021245496896e+01,1.702348440885543823e-01,5.202997326850891113e-01
7.127000021248478845e+01,1.774922013282775879e-01,5.350724458694458008e-01
7.128000021251460794e+01,1.702432781457901001e-01,4.712365269660949707e-01
7.129000021254441322e+01,1.624974906444549561e-01,5.441145896911621094e-01
7.130000021257423271e+01,1.763458698987960815e-01,5.324272513389587402e-01
7.131000021260405219e+01,1.722401976585388184e-01,4.456084668636322021e-01
7.132000021263385747e+01,1.741725951433181763e-01,4.334464669227600098e-01
7.133000021266367696e+01,1.747638881206512451e-01,4.862700700759887695e-01
7.134000021269348224e+01,1.758397817611694336e-01,4.989750981330871582e-01
7.135000021272330173e+01,1.670063734054565430e-01,5.075768828392028809e-01
7.136000021275312122e+01,1.610849797725677490e-01,4.825025200843811035e-01
7.137000021278292650e+01,1.690874546766281128e-01,4.897918999195098877e-01
7.138000021281274599e+01,1.766120195388793945e-01,4.959972798824310303e-01
7.139000021284255126e+01,1.730269193649291992e-01,4.717527925968170166e-01
7.140000021287237075e+01,1.744794696569442749e-01,4.889891743659973145e-01
7.141000021290219024e+01,1.828271746635437012e-01,4.960309267044067383e-01
7.142000021293199552e+01,1.683012694120407104e-01,5.119169354438781738e-01
7.143000021296181501e+01,1.720170676708221436e-01,5.041830539703369141e-01
7.144000021299163450e+01,1.699114441871643066e-01,4.395286738872528076e-01
7.145000021302143978e+01,1.810436248779296875e-01,4.399042725563049316e-01
7.146000021305125927e+01,1.747031509876251221e-01,4.698429107666015625e-01
7.147000021308106454e+01,1.661335676908493042e-01,4.823010861873626709e-01
7.148000021311088403e+01,1.774875521659851074e-01,5.792716741561889648e-01
7.149000021314070352e+01,1.753104925155639648e-01,5.867927670478820801e-01
7.150000021317050880e+01,1.836664229631423950e-01,4.447093904018402100e-01
7.151000021320032829e+01,1.786558330059051514e-01,4.844321608543395996e-01
7.152000021323013357e+01,1.794475913047790527e-01,4.506261646747589111e-01
7.153000021325995306e+01,1.761947870254516602e-01,4.540973007678985596e-01
7.154000021328977255e+01,1.743937432765960693e-01,4.256413877010345459e-01
7.155000021331957782e+01,1.807272881269454956e-01,5.467703938484191895e-01
7.156000021334939731e+01,1.815529316663742065e-01,4.475560784339904785e-01
7.157000021337921680e+01,1.716100722551345825e-01,4.940089881420135498e-01
7.158000021340902208e+01,1.844528615474700928e-01,4.829641282558441162e-01
7.159000021343884157e+01,1.709208041429519653e-01,4.391539692878723145e-01
7.160000021346864685e+01,1.708050668239593506e-01,5.238911509513854980e-01
7.161000021349846634e+01,1.760225445032119751e-01,4.733802676200866699e-01
7.162000021352828583e+01,1.720599085092544556e-01,4.603348970413208008e-01
7.163000021355809110e+01,1.795683503150939941e-01,5.057312250137329102e-01
7.164000021358791059e+01,1.761752367019653320e-01,5.219082236289978027e-01
7.165000021361773008e+01,1.734964251518249512e-01,4.459742903709411621e-01
7.166000021364753536e+01,1.729233711957931519e-01,5.495225191116333008e-01
7.167000021367735485e+01,1.705851852893829346e-01,4.470455348491668701e-01
7.168000021370716013e+01,1.733538955450057983e-01,5.754632949829101562e-01
7.169000021373697962e+01,1.698421835899353027e-01,4.974794685840606689e-01
7.170000021376679911e+01,1.750102639198303223e-01,4.935770630836486816e-01
7.171000021379660438e+01,1.715138554573059082e-01,5.370780825614929199e-01
7.172000021382642387e+01,1.821283847093582153e-01,4.051761627197265625e-01
7.173000021385622915e+01,1.737334877252578735e-01,4.144597053527832031e-01
7.174000021388604864e+01,1.772807985544204712e-01,5.551190972328186035e-01
7.175000021391586813e+01,1.724412590265274048e-01,4.950277209281921387e-01
7.176000021394567341e+01,1.672116219997406006e-01,5.321116447448730469e-01
7.177000021397549290e+01,1.730679124593734741e-01,5.930489897727966309e-01
7.178000021400531239e+01,1.696082204580307007e-01,4.479453861713409424e-01
7.179000021403511766e+01,1.804366558790206909e-01,4.467960894107818604e-01
7.180000021406493715e+01,1.813840717077255249e-01,5.912164449691772461e-01
7.181000021409474243e+01,1.682651191949844360e-01,5.356417298316955566e-01
7.182000021412456192e+01,1.789596378803253174e-01,5.155835747718811035e-01
7.183000021415438141e+01,1.819418668746948242e-01,5.092292428016662598e-01
7.184000021418418669e+01,1.775050014257431030e-01,4.605223238468170166e-01
7.185000021421400618e+01,1.793268471956253052e-01,4.433498084545135498e-01
7.186000021424381146e+01,1.684423834085464478e-01,4.889574050903320312e-01
7.187000021427363095e+01,1.708049774169921875e-01,5.692897439002990723e-01
7.188000021430345043e+01,1.730270534753799438e-01,4.388000071048736572e-01
7.189000021433325571e+01,1.723075956106185913e-01,5.067135095596313477e-01
7.190000021436307520e+01,1.691510230302810669e-01,4.773742258548736572e-01
7.191000021439289469e+01,1.751269400119781494e-01,4.888416528701782227e-01
7.192000021442269997e+01,1.687581986188888550e-01,4.381508827209472656e-01
7.193000021445251946e+01,1.751073747873306274e-01,5.265654921531677246e-01
7.194000021448232474e+01,1.721259057521820068e-01,4.855198860168457031e-01
7.195000021451214423e+01,1.603029817342758179e-01,4.681143164634704590e-01
7.196000021454196371e+01,1.717494428157806396e-01,4.617847800254821777e-01
7.197000021457176899e+01,1.722343415021896362e-01,5.013603568077087402e-01
7.198000021460158848e+01,1.768762618303298950e-01,5.330913066864013672e-01
7.199000021463140797e+01,1.754940301179885864e-01,4.357280731201171875e-01
7.200000021466121325e+01,1.892677992582321167e-01,6.304800510406494141e-01
7.201000021469103274e+01,1.731793284416198730e-01,5.529280304908752441e-01
7.202000021472083802e+01,1.639169156551361084e-01,5.232874751091003418e-01
7.203000021475065751e+01,1.612723022699356079e-01,5.289144515991210938e-01
7.204000021478047699e+01,1.702822297811508179e-01,5.440986156463623047e-01
7.205000021481028227e+01,1.670984923839569092e-01,4.780793488025665283e-01
7.206000021484010176e+01,1.798324882984161377e-01,5.402610301971435547e-01
7.207000021486990704e+01,1.763536781072616577e-01,4.737485349178314209e-01
7.208000021489972653e+01,1.698445677757263184e-01,5.580928921699523926e-01
7.209000021492954602e+01,1.799304187297821045e-01,5.358411073684692383e-01
7.210000021495935130e+01,1.629634201526641846e-01,5.018323063850402832e-01
7.211000021498917079e+01,1.690658628940582275e-01,4.968599081039428711e-01
7.212000021501899027e+01,1.746841073036193848e-01,4.022890627384185791e-01
7.213000021504879555e+01,1.661851555109024048e-01,4.911536872386932373e-01
7.214000021507861504e+01,1.667063981294631958e-01,4.746647477149963379e-01
7.215000021510842032e+01,1.681783497333526611e-01,4.086300134658813477e-01
7.216000021513823981e+01,1.858844310045242310e-01,4.595150053501129150e-01
7.217000021516805930e+01,1.729328483343124390e-01,4.322053790092468262e-01
7.218000021519786458e+01,1.790789961814880371e-01,5.158185362815856934e-01
7.219000021522768407e+01,1.770429015159606934e-01,4.470558464527130127e-01
7.220000021525750356e+01,1.831983327865600586e-01,4.368512928485870361e-01
7.221000021528730883e+01,1.834742426872253418e-01,3.911678493022918701e-01
7.222000021531712832e+01,1.759324669837951660e-01,5.393362045288085938e-01
7.223000021534693360e+01,1.749168783426284790e-01,5.476699471473693848e-01
7.224000021537675309e+01,1.780703812837600708e-01,4.782229065895080566e-01
7.225000021540657258e+01,1.788544356822967529e-01,5.419208407402038574e-01
7.226000021543637786e+01,1.701877564191818237e-01,4.694662392139434814e-01
7.227000021546619735e+01,1.767395585775375366e-01,5.224677920341491699e-01
7.228000021549600262e+01,1.773840039968490601e-01,4.380016922950744629e-01
7.229000021552582211e+01,1.746431887149810791e-01,4.753858447074890137e-01
7.230000021555564160e+01,1.812647879123687744e-01,6.116156578063964844e-01
7.231000021558544688e+01,1.821643412113189697e-01,5.686154365539550781e-01
7.232000021561526637e+01,1.713746488094329834e-01,5.416678786277770996e-01
7.233000021564508586e+01,1.767886728048324585e-01,4.677602648735046387e-01
7.234000021567489114e+01,1.845307797193527222e-01,4.753914773464202881e-01
7.235000021570471063e+01,1.755903512239456177e-01,4.687006175518035889e-01
7.236000021573451590e+01,1.785328090190887451e-01,5.239202380180358887e-01
7.237000021576433539e+01,1.746910363435745239e-01,5.510926842689514160e-01
7.238000021579415488e+01,1.733140349388122559e-01,5.318723320960998535e-01
7.239000021582396016e+01,1.731214970350265503e-01,5.481169819831848145e-01
7.240000021585377965e+01,1.665945500135421753e-01,4.402462840080261230e-01
7.241000021588358493e+01,1.749693900346755981e-01,4.706979095935821533e-01
7.242000021591340442e+01,1.812523305416107178e-01,4.583915472030639648e-01
7.243000021594322391e+01,1.681008338928222656e-01,4.832849502563476562e-01
7.244000021597302919e+01,1.733590811491012573e-01,4.656095206737518311e-01
7.245000021600284867e+01,1.635137200355529785e-01,5.235855579376220703e-01
7.246000021603266816e+01,1.809978932142257690e-01,5.770210027694702148e-01
7.247000021606247344e+01,1.707210689783096313e-01,5.633081793785095215e-01
7.248000021609229293e+01,1.747820973396301270e-01,5.116325616836547852e-01
7.249000021612209821e+01,1.651531457901000977e-01,5.686197876930236816e-01
7.250000021615191770e+01,1.784423887729644775e-01,4.991648495197296143e-01
7.251000021618173719e+01,1.701377481222152710e-01,5.183287262916564941e-01
7.252000021621154247e+01,1.747705191373825073e-01,4.761830866336822510e-01
7.253000021624136195e+01,1.748824268579483032e-01,5.082027316093444824e-01
7.254000021627118144e+01,1.666124612092971802e-01,5.019220709800720215e-01
7.255000021630098672e+01,1.812227517366409302e-01,4.730415940284729004e-01
7.256000021633080621e+01,1.768359541893005371e-01,5.351486802101135254e-01
7.257000021636061149e+01,1.658027023077011108e-01,5.438606739044189453e-01
7.258000021639043098e+01,1.727190166711807251e-01,5.446585416793823242e-01
7.259000021642025047e+01,1.799611598253250122e-01,5.104873776435852051e-01
7.260000021645005575e+01,1.821053773164749146e-01,5.704559683799743652e-01
7.261000021647987523e+01,1.820131242275238037e-01,5.500769019126892090e-01
7.262000021650968051e+01,1.835265606641769409e-01,5.822047591209411621e-01
7.263000021653950000e+01,1.797286868095397949e-01,4.968883097171783447e-01
7.264000021656931949e+01,1.719219833612442017e-01,4.236645400524139404e-01
7.265000021659912477e+01,1.800864040851593018e-01,4.558690190315246582e-01
7.266000021662894426e+01,1.731002628803253174e-01,4.399182796478271484e-01
7.267000021665876375e+01,1.625080257654190063e-01,4.745258390903472900e-01
7.268000021668856903e+01,1.723361611366271973e-01,4.405391812324523926e-01
7.269000021671838851e+01,1.661961525678634644e-01,4.391953051090240479e-01
7.270000021674819379e+01,1.795123666524887085e-01,5.204938650131225586e-01
7.271000021677801328e+01,1.774122565984725952e-01,4.877480566501617432e-01
7.272000021680783277e+01,1.724063307046890259e-01,4.993900656700134277e-01
7.273000021683763805e+01,1.726868897676467896e-01,4.934841692447662354e-01
7.274000021686745754e+01,1.676362603902816772e-01,4.713264405727386475e-01
7.275000021689726282e+01,1.690988093614578247e-01,5.084465146064758301e-01
7.276000021692708231e+01,1.605611145496368408e-01,4.964906871318817139e-01
7.277000021695690180e+01,1.690822541713714600e-01,5.437189340591430664e-01
7.278000021698670707e+01,1.703571081161499023e-01,4.439876973628997803e-01
7.279000021701652656e+01,1.674418300390243530e-01,4.752057492733001709e-01
7.280000021704634605e+01,1.750283092260360718e-01,4.560705721378326416e-01
7.281000021707615133e+01,1.764909774065017700e-01,4.516107439994812012e-01
7.282000021710597082e+01,1.741659045219421387e-01,4.946353137493133545e-01
7.283000021713577610e+01,1.742644459009170532e-01,4.929442703723907471e-01
7.284000021716559559e+01,1.784596294164657593e-01,4.408589005470275879e-01
7.285000021719541508e+01,1.859327405691146851e-01,4.759634435176849365e-01
7.286000021722522035e+01,1.773389577865600586e-01,4.904502034187316895e-01
7.287000021725503984e+01,1.728965342044830322e-01,4.947054088115692139e-01
7.288000021728485933e+01,1.761502027511596680e-01,4.103935360908508301e-01
7.289000021731466461e+01,1.748428642749786377e-01,4.366109669208526611e-01
7.290000021734448410e+01,1.721322238445281982e-01,4.442222714424133301e-01
7.291000021737428938e+01,1.784742027521133423e-01,4.464085400104522705e-01
7.292000021740410887e+01,1.853609532117843628e-01,4.706874787807464600e-01
7.293000021743392836e+01,1.713509261608123779e-01,4.704947471618652344e-01
7.294000021746373363e+01,1.843103319406509399e-01,5.592934489250183105e-01
7.295000021749355312e+01,1.743291020393371582e-01,4.467535316944122314e-01
7.296000021752335840e+01,1.782882958650588989e-01,4.650419056415557861e-01
7.297000021755317789e+01,1.702569574117660522e-01,4.525367617607116699e-01
7.298000021758299738e+01,1.933527886867523193e-01,5.450715422630310059e-01
7.299000021761280266e+01,1.862568855285644531e-01,4.766971170902252197e-01
7.300000021764262215e+01,1.914556771516799927e-01,4.537299275398254395e-01
7.301000021767244164e+01,1.877178102731704712e-01,4.855128228664398193e-01
7.302000021770224691e+01,1.835101842880249023e-01,5.293467044830322266e-01
7.303000021773206640e+01,1.764882057905197144e-01,4.914339184761047363e-01
7.304000021776187168e+01,1.750321090221405029e-01,4.271949827671051025e-01
7.305000021779169117e+01,1.827529370784759521e-01,4.828726351261138916e-01
7.306000021782151066e+01,1.795053631067276001e-01,5.057056546211242676e-01
7.307000021785131594e+01,1.793343573808670044e-01,4.530790448188781738e-01
7.308000021788113543e+01,1.741084158420562744e-01,4.706378579139709473e-01
7.309000021791094071e+01,1.807659715414047241e-01,4.097540676593780518e-01
7.310000021794076019e+01,1.801869571208953857e-01,4.916240274906158447e-01
7.311000021797057968e+01,1.645497977733612061e-01,4.650641083717346191e-01
7.312000021800038496e+01,1.757219880819320679e-01,4.884641766548156738e-01
7.313000021803020445e+01,1.737884879112243652e-01,4.797695279121398926e-01
7.314000021806002394e+01,1.759822517633438110e-01,5.606322288513183594e-01
7.315000021808982922e+01,1.731452643871307373e-01,4.796821177005767822e-01
7.316000021811964871e+01,1.775732040405273438e-01,5.385130643844604492e-01
7.317000021814945399e+01,1.722391247749328613e-01,4.332936406135559082e-01
7.318000021817927347e+01,1.726141124963760376e-01,5.353916883468627930e-01
7.319000021820909296e+01,1.833789199590682983e-01,4.882039129734039307e-01
7.320000021823889824e+01,1.833195984363555908e-01,4.873034060001373291e-01
7.321000021826871773e+01,1.636061221361160278e-01,5.570945143699645996e-01
7.322000021829853722e+01,1.707420498132705688e-01,5.644983649253845215e-01
7.323000021832834250e+01,1.732993572950363159e-01,4.919419288635253906e-01
7.324000021835816199e+01,1.691897064447402954e-01,5.100431442260742188e-01
7.325000021838796727e+01,1.751973181962966919e-01,4.985509216785430908e-01
7.326000021841778675e+01,1.690082401037216187e-01,5.292583703994750977e-01
7.327000021844760624e+01,1.722172200679779053e-01,5.058350563049316406e-01
7.328000021847741152e+01,1.750323325395584106e-01,5.385036468505859375e-01
7.329000021850723101e+01,1.723197698593139648e-01,5.229049921035766602e-01
7.330000021853703629e+01,1.703639626502990723e-01,5.559170246124267578e-01
7.331000021856685578e+01,1.765393763780593872e-01,5.611566305160522461e-01
7.332000021859667527e+01,1.728935241699218750e-01,4.945414364337921143e-01
7.333000021862648055e+01,1.747208088636398315e-01,5.339697003364562988e-01
7.334000021865630004e+01,1.758665740489959717e-01,5.147715806961059570e-01
7.335000021868611952e+01,1.795517206192016602e-01,6.100983619689941406e-01
7.336000021871592480e+01,1.742390543222427368e-01,4.961397051811218262e-01
7.337000021874574429e+01,1.746270954608917236e-01,5.272628664970397949e-01
7.338000021877554957e+01,1.712528616189956665e-01,5.216858983039855957e-01
7.339000021880536906e+01,1.792699843645095825e-01,4.921852946281433105e-01
7.340000021883518855e+01,1.690588593482971191e-01,4.750932455062866211e-01
7.341000021886499383e+01,1.799870431423187256e-01,4.627410769462585449e-01
7.342000021889481332e+01,1.731494963169097900e-01,4.941048324108123779e-01
7.343000021892461859e+01,1.750251352787017822e-01,4.534346759319305420e-01
7.344000021895443808e+01,1.704994887113571167e-01,5.138737559318542480e-01
7.345000021898425757e+01,1.777592748403549194e-01,4.606210589408874512e-01
7.346000021901406285e+01,1.731160134077072144e-01,5.517452955245971680e-01
7.347000021904388234e+01,1.773607581853866577e-01,5.789273977279663086e-01
7.348000021907370183e+01,1.696599125862121582e-01,5.299596786499023438e-01
7.349000021910350711e+01,1.719281524419784546e-01,6.043998599052429199e-01
7.350000021913332660e+01,1.641621589660644531e-01,5.313421487808227539e-01
7.351000021916313187e+01,1.775309145450592041e-01,5.133554339408874512e-01
7.352000021919295136e+01,1.700785607099533081e-01,4.326875209808349609e-01
7.353000021922277085e+01,1.700766682624816895e-01,4.893895089626312256e-01
7.354000021925257613e+01,1.827606111764907837e-01,4.701855182647705078e-01
7.355000021928239562e+01,1.787698566913604736e-01,4.363493919372558594e-01
7.356000021931221511e+01,1.903494447469711304e-01,5.290106534957885742e-01
7.357000021934202039e+01,1.856100857257843018e-01,4.916005134582519531e-01
7.358000021937183988e+01,1.784721761941909790e-01,4.923678338527679443e-01
7.359000021940164515e+01,1.744116842746734619e-01,4.921958446502685547e-01
7.360000021943146464e+01,1.813295632600784302e-01,4.882212877273559570e-01
7.361000021946128413e+01,1.747757196426391602e-01,4.486489295959472656e-01
7.362000021949108941e+01,1.762492954730987549e-01,4.592235386371612549e-01
7.363000021952090890e+01,1.685761511325836182e-01,4.710388481616973877e-01
7.364000021955071418e+01,1.756996959447860718e-01,4.987217187881469727e-01
7.365000021958053367e+01,1.825815290212631226e-01,5.312151908874511719e-01
7.366000021961035316e+01,1.742274314165115356e-01,5.475840568542480469e-01
7.367000021964015843e+01,1.716795116662979126e-01,5.078553557395935059e-01
7.368000021966997792e+01,1.704876273870468140e-01,4.981446266174316406e-01
7.369000021969979741e+01,1.831939518451690674e-01,5.150240659713745117e-01
7.370000021972960269e+01,1.783175915479660034e-01,4.270013868808746338e-01
7.371000021975942218e+01,1.776195913553237915e-01,4.661773145198822021e-01
7.372000021978922746e+01,1.782491058111190796e-01,5.551188588142395020e-01
7.373000021981904695e+01,1.793317645788192749e-01,5.596169829368591309e-01
7.374000021984886644e+01,1.868751347064971924e-01,4.987833499908447266e-01
7.375000021987867171e+01,1.855977922677993774e-01,4.984107017517089844e-01
7.376000021990849120e+01,1.767738014459609985e-01,5.554601550102233887e-01
7.377000021993829648e+01,1.727605313062667847e-01,5.783657431602478027e-01
7.378000021996811597e+01,1.713398545980453491e-01,5.741297602653503418e-01
7.379000021999793546e+01,1.734106987714767456e-01,4.783245325088500977e-01
7.380000022002774074e+01,1.741065531969070435e-01,5.699070096015930176e-01
7.381000022005756023e+01,1.759925782680511475e-01,5.070849657058715820e-01
7.382000022008737972e+01,1.708780825138092041e-01,4.958561956882476807e-01
7.383000022011718499e+01,1.772368550300598145e-01,4.638662934303283691e-01
7.384000022014700448e+01,1.668350398540496826e-01,4.347278177738189697e-01
7.385000022017680976e+01,1.821749359369277954e-01,4.324716925621032715e-01
7.386000022020662925e+01,1.821700036525726318e-01,4.447501897811889648e-01
7.387000022023644874e+01,1.725938469171524048e-01,4.563964307308197021e-01
7.388000022026625402e+01,1.825026869773864746e-01,5.797958374023437500e-01
7.389000022029607351e+01,1.729225069284439087e-01,4.260606467723846436e-01
7.390000022032589300e+01,1.743148565292358398e-01,4.052649736404418945e-01
7.391000022035569827e+01,1.831877678632736206e-01,4.304691255092620850e-01
7.392000022038551776e+01,1.742573231458663940e-01,3.913681209087371826e-01
7.393000022041532304e+01,1.751151978969573975e-01,4.285176694393157959e-01
7.394000022044514253e+01,1.743105500936508179e-01,4.346341192722320557e-01
7.395000022047496202e+01,1.856806874275207520e-01,4.368054568767547607e-01
7.396000022050476730e+01,1.841391623020172119e-01,4.280432462692260742e-01
7.397000022053458679e+01,1.740218251943588257e-01,4.258873462677001953e-01
7.398000022056439207e+01,1.822199970483779907e-01,4.860839247703552246e-01
7.399000022059421156e+01,1.781909018754959106e-01,4.381664991378784180e-01
7.400000022062403104e+01,1.746665537357330322e-01,5.113833546638488770e-01
7.401000022065383632e+01,1.859838366508483887e-01,4.945651888847351074e-01
7.402000022068365581e+01,1.824911981821060181e-01,4.173150062561035156e-01
7.403000022071347530e+01,1.763210892677307129e-01,4.410963952541351318e-01
7.404000022074328058e+01,1.828409582376480103e-01,4.749183356761932373e-01
7.405000022077310007e+01,1.768486052751541138e-01,4.207315444946289062e-01
7.406000022080290535e+01,1.802120506763458252e-01,4.337365329265594482e-01
7.407000022083272484e+01,1.839260458946228027e-01,3.903120756149291992e-01
7.408000022086254432e+01,1.797537356615066528e-01,4.312775135040283203e-01
7.409000022089234960e+01,1.805337220430374146e-01,4.989593625068664551e-01
7.410000022092216909e+01,1.779177933931350708e-01,4.379155337810516357e-01
7.411000022095197437e+01,1.817971616983413696e-01,4.813421964645385742e-01
7.412000022098179386e+01,1.758846789598464966e-01,4.779653549194335938e-01
7.413000022101161335e+01,1.809308975934982300e-01,5.008720755577087402e-01
7.414000022104141863e+01,1.818345040082931519e-01,4.431572854518890381e-01
7.415000022107123812e+01,1.769621670246124268e-01,4.236023426055908203e-01
7.416000022110105760e+01,1.795659214258193970e-01,4.045534729957580566e-01
7.417000022113086288e+01,1.724586784839630127e-01,4.252537488937377930e-01
7.418000022116068237e+01,1.676567494869232178e-01,3.895044922828674316e-01
7.419000022119048765e+01,1.784700006246566772e-01,5.480864048004150391e-01
7.420000022122030714e+01,1.825796514749526978e-01,5.295595526695251465e-01
7.421000022125012663e+01,1.787035614252090454e-01,4.457202553749084473e-01
7.422000022127993191e+01,1.816357374191284180e-01,4.230160713195800781e-01
7.423000022130975140e+01,1.882779300212860107e-01,5.048099756240844727e-01
7.424000022133957088e+01,1.785118728876113892e-01,4.069803059101104736e-01
7.425000022136937616e+01,1.746652573347091675e-01,3.991721272468566895e-01
7.426000022139919565e+01,1.781752407550811768e-01,4.327810704708099365e-01
7.427000022142900093e+01,1.799155920743942261e-01,4.496911764144897461e-01
7.428000022145882042e+01,1.895358711481094360e-01,4.527976512908935547e-01
7.429000022148863991e+01,1.900790631771087646e-01,4.226132631301879883e-01
7.430000022151844519e+01,1.828783899545669556e-01,4.239515066146850586e-01
7.431000022154826468e+01,1.804463118314743042e-01,4.852812588214874268e-01
7.432000022157806995e+01,1.852587163448333740e-01,4.107307791709899902e-01
7.433000022160788944e+01,1.739732027053833008e-01,4.191025197505950928e-01
7.434000022163770893e+01,1.780960261821746826e-01,4.417183697223663330e-01
7.435000022166751421e+01,1.812418699264526367e-01,4.401086866855621338e-01
7.436000022169733370e+01,1.819558739662170410e-01,4.384801089763641357e-01
7.437000022172715319e+01,1.775256097316741943e-01,4.429371058940887451e-01
7.438000022175695847e+01,1.761163622140884399e-01,4.177956581115722656e-01
7.439000022178677796e+01,1.855718940496444702e-01,4.407452940940856934e-01
7.440000022181658323e+01,1.689570695161819458e-01,4.632827639579772949e-01
7.441000022184640272e+01,1.770715415477752686e-01,5.249220728874206543e-01
7.442000022187622221e+01,1.723468452692031860e-01,4.101959764957427979e-01
7.443000022190602749e+01,1.848899573087692261e-01,4.693950712680816650e-01
7.444000022193584698e+01,1.791787147521972656e-01,4.816129505634307861e-01
7.445000022196566647e+01,1.775298565626144409e-01,4.313636124134063721e-01
7.446000022199547175e+01,1.734676063060760498e-01,4.364937245845794678e-01
7.447000022202529124e+01,1.740510314702987671e-01,4.149477779865264893e-01
7.448000022205509651e+01,1.803186833858489990e-01,3.999237418174743652e-01
7.449000022208491600e+01,1.827615052461624146e-01,4.471735656261444092e-01
7.450000022211473549e+01,1.831347495317459106e-01,4.945270717144012451e-01
7.451000022214454077e+01,1.834254413843154907e-01,5.113800168037414551e-01
7.452000022217436026e+01,1.799969524145126343e-01,5.378993749618530273e-01
7.453000022220416554e+01,1.849088668823242188e-01,4.578964412212371826e-01
7.454000022223398503e+01,1.742824912071228027e-01,4.728756844997406006e-01
7.455000022226380452e+01,1.812070161104202271e-01,4.167765378952026367e-01
7.456000022229360980e+01,1.830421686172485352e-01,4.260523617267608643e-01
7.457000022232342928e+01,1.841288059949874878e-01,4.807755351066589355e-01
7.458000022235324877e+01,1.762899011373519897e-01,4.177473187446594238e-01
7.459000022238305405e+01,1.766505837440490723e-01,4.290831387042999268e-01
7.460000022241287354e+01,1.748144030570983887e-01,4.365332722663879395e-01
7.461000022244267882e+01,1.841531395912170410e-01,4.259457886219024658e-01
7.462000022247249831e+01,1.748703867197036743e-01,4.444509744644165039e-01
7.463000022250231780e+01,1.771718561649322510e-01,4.496866464614868164e-01
7.464000022253212308e+01,1.744104921817779541e-01,4.837687611579895020e-01
7.465000022256194256e+01,1.763903647661209106e-01,4.498923122882843018e-01
7.466000022259174784e+01,1.730455756187438965e-01,4.406873881816864014e-01
7.467000022262156733e+01,1.839765906333923340e-01,4.458759129047393799e-01
7.468000022265138682e+01,1.737722754478454590e-01,4.938773810863494873e-01
7.469000022268119210e+01,1.801456809043884277e-01,4.095748066902160645e-01
7.470000022271101159e+01,1.758493483066558838e-01,4.972521066665649414e-01
7.471000022274083108e+01,1.720919907093048096e-01,4.748091697692871094e-01
7.472000022277063636e+01,1.770524978637695312e-01,5.363465547561645508e-01
7.473000022280045584e+01,1.801216155290603638e-01,5.174510478973388672e-01
7.474000022283026112e+01,1.821228414773941040e-01,5.822005867958068848e-01
7.475000022286008061e+01,1.676146239042282104e-01,5.081954002380371094e-01
7.476000022288990010e+01,1.781794577836990356e-01,5.210787057876586914e-01
7.477000022291970538e+01,1.700748056173324585e-01,4.727100133895874023e-01
7.478000022294952487e+01,1.840902715921401978e-01,4.602295756340026855e-01
7.479000022297934436e+01,1.719035208225250244e-01,4.508991241455078125e-01
7.480000022300914964e+01,1.698943078517913818e-01,4.681019484996795654e-01
7.481000022303896912e+01,1.740555465221405029e-01,4.182296097278594971e-01
7.482000022306877440e+01,1.756454855203628540e-01,4.695254564285278320e-01
7.483000022309859389e+01,1.714845597743988037e-01,5.177567005157470703e-01
7.484000022312841338e+01,1.688444465398788452e-01,4.942619502544403076e-01
7.485000022315821866e+01,1.733293533325195312e-01,5.771684646606445312e-01
7.486000022318803815e+01,1.752221435308456421e-01,5.547291040420532227e-01
7.487000022321784343e+01,1.722892224788665771e-01,5.845130681991577148e-01
7.488000022324766292e+01,1.753738820552825928e-01,5.142071247100830078e-01
7.489000022327748241e+01,1.797286570072174072e-01,5.466814637184143066e-01
7.490000022330728768e+01,1.771976798772811890e-01,4.907052814960479736e-01
7.491000022333710717e+01,1.802905052900314331e-01,4.867893755435943604e-01
7.492000022336692666e+01,1.706329286098480225e-01,4.957342743873596191e-01
7.493000022339673194e+01,1.744361817836761475e-01,5.730714797973632812e-01
7.494000022342655143e+01,1.662901192903518677e-01,4.428482055664062500e-01
7.495000022345635671e+01,1.795591711997985840e-01,4.597833454608917236e-01
7.496000022348617620e+01,1.744156479835510254e-01,5.145146250724792480e-01
7.497000022351599569e+01,1.828055232763290405e-01,4.059254229068756104e-01
7.498000022354580096e+01,1.789008229970932007e-01,4.661488234996795654e-01
7.499000022357562045e+01,1.737583577632904053e-01,4.488514065742492676e-01
7.500000022360542573e+01,1.827890574932098389e-01,4.974744617938995361e-01
7.501000022363524522e+01,1.703486293554306030e-01,5.081461071968078613e-01
7.502000022366506471e+01,1.758248955011367798e-01,4.886254370212554932e-01
7.503000022369486999e+01,1.866417378187179565e-01,4.886521100997924805e-01
7.504000022372468948e+01,1.783764660358428955e-01,4.860654771327972412e-01
7.505000022375450897e+01,1.754451841115951538e-01,4.267126619815826416e-01
7.506000022378431424e+01,1.836798936128616333e-01,5.545393824577331543e-01
7.507000022381413373e+01,1.758481115102767944e-01,5.224698781967163086e-01
7.508000022384393901e+01,1.813166737556457520e-01,5.352899432182312012e-01
7.509000022387375850e+01,1.770801097154617310e-01,4.378408789634704590e-01
7.510000022390357799e+01,1.838620901107788086e-01,4.481096863746643066e-01
7.511000022393338327e+01,1.896090209484100342e-01,4.880013465881347656e-01
7.512000022396320276e+01,1.781494021415710449e-01,4.738359451293945312e-01
7.513000022399302225e+01,1.788519173860549927e-01,4.884311854839324951e-01
7.514000022402282752e+01,1.747316420078277588e-01,4.701039195060729980e-01
7.515000022405264701e+01,1.803237795829772949e-01,4.506540298461914062e-01
7.516000022408245229e+01,1.889719516038894653e-01,4.254131913185119629e-01
7.517000022411227178e+01,1.681365370750427246e-01,4.093426465988159180e-01
7.518000022414209127e+01,1.865418404340744019e-01,5.161893367767333984e-01
7.519000022417189655e+01,1.846230328083038330e-01,4.801905155181884766e-01
7.520000022420171604e+01,1.788481026887893677e-01,4.666641652584075928e-01
7.521000022423152132e+01,1.794403195381164551e-01,4.242881834506988525e-01
7.522000022426134080e+01,1.837492585182189941e-01,4.614030420780181885e-01
7.523000022429116029e+01,1.918027698993682861e-01,4.835661649703979492e-01
7.524000022432096557e+01,1.681781709194183350e-01,4.495792388916015625e-01
7.525000022435078506e+01,1.801971197128295898e-01,4.387083947658538818e-01
7.526000022438060455e+01,1.791396141052246094e-01,5.180874466896057129e-01
7.527000022441040983e+01,1.786094158887863159e-01,5.794917941093444824e-01
7.528000022444022932e+01,1.821146160364151001e-01,4.773587286472320557e-01
7.529000022447003460e+01,1.816191226243972778e-01,5.181059241294860840e-01
7.530000022449985408e+01,1.742097735404968262e-01,5.037862062454223633e-01
7.531000022452967357e+01,1.823154985904693604e-01,4.925295412540435791e-01
7.532000022455947885e+01,1.794521212577819824e-01,4.911687672138214111e-01
7.533000022458929834e+01,1.660383045673370361e-01,4.757361114025115967e-01
7.534000022461910362e+01,1.809234619140625000e-01,5.063700079917907715e-01
7.535000022464892311e+01,1.769939810037612915e-01,4.728412032127380371e-01
7.536000022467874260e+01,1.667087525129318237e-01,5.359884500503540039e-01
7.537000022470854788e+01,1.747913658618927002e-01,5.075842738151550293e-01
7.538000022473836736e+01,1.710332632064819336e-01,5.283806920051574707e-01
7.539000022476818685e+01,1.751563400030136108e-01,4.991087019443511963e-01
7.540000022479799213e+01,1.742729842662811279e-01,5.464751124382019043e-01
7.541000022482781162e+01,1.747943907976150513e-01,5.404859185218811035e-01
7.542000022485761690e+01,1.729293912649154663e-01,5.334249734878540039e-01
7.543000022488743639e+01,1.742706149816513062e-01,5.193108916282653809e-01
7.544000022491725588e+01,1.743658483028411865e-01,4.953803718090057373e-01
7.545000022494706116e+01,1.763597726821899414e-01,5.523359775543212891e-01
7.546000022497688065e+01,1.764640212059020996e-01,5.068705677986145020e-01
7.547000022500670013e+01,1.698506772518157959e-01,4.818063378334045410e-01
7.548000022503650541e+01,1.819120645523071289e-01,5.153021216392517090e-01
7.549000022506632490e+01,1.741634607315063477e-01,4.188950657844543457e-01
7.550000022509613018e+01,1.772377938032150269e-01,5.315515398979187012e-01
7.551000022512594967e+01,1.773170381784439087e-01,5.256644487380981445e-01
7.552000022515576916e+01,1.772608160972595215e-01,4.465420544147491455e-01
7.553000022518557444e+01,1.788533329963684082e-01,5.078427195549011230e-01
7.554000022521539393e+01,1.734667271375656128e-01,5.421681404113769531e-01
7.555000022524519920e+01,1.775550693273544312e-01,4.841675162315368652e-01
7.556000022527501869e+01,1.689383089542388916e-01,5.112544298171997070e-01
7.557000022530483818e+01,1.733913719654083252e-01,4.954834282398223877e-01
7.558000022533464346e+01,1.791750192642211914e-01,5.066509246826171875e-01
7.559000022536446295e+01,1.754739880561828613e-01,4.432418048381805420e-01
7.560000022539428244e+01,1.793929636478424072e-01,5.435552597045898438e-01
7.561000022542408772e+01,1.685888469219207764e-01,6.078571081161499023e-01
7.562000022545390721e+01,1.747091412544250488e-01,4.767326712608337402e-01
7.563000022548371248e+01,1.678899526596069336e-01,4.865468740463256836e-01
7.564000022551353197e+01,1.745295375585556030e-01,5.253191590309143066e-01
7.565000022554335146e+01,1.762377023696899414e-01,5.574253797531127930e-01
7.566000022557315674e+01,1.794514805078506470e-01,5.095463991165161133e-01
7.567000022560297623e+01,1.794337332248687744e-01,4.436137378215789795e-01
7.568000022563278151e+01,1.684039384126663208e-01,5.197287797927856445e-01
7.569000022566260100e+01,1.700791120529174805e-01,4.672465920448303223e-01
7.570000022569242049e+01,1.688324809074401855e-01,5.003461241722106934e-01
7.571000022572222576e+01,1.737895905971527100e-01,5.451844334602355957e-01
7.572000022575204525e+01,1.811197102069854736e-01,5.028282999992370605e-01
7.573000022578186474e+01,1.807328462600708008e-01,5.081418156623840332e-01
7.574000022581167002e+01,1.687361299991607666e-01,5.180022120475769043e-01
7.575000022584148951e+01,1.761026680469512939e-01,5.001325607299804688e-01
7.576000022587129479e+01,1.647740751504898071e-01,5.575820803642272949e-01
7.577000022590111428e+01,1.646288037300109863e-01,5.026457309722900391e-01
7.578000022593093377e+01,1.819334179162979126e-01,4.349397718906402588e-01
7.579000022596073904e+01,1.727163940668106079e-01,5.092315673828125000e-01
7.580000022599055853e+01,1.858744919300079346e-01,4.711369574069976807e-01
7.581000022602037802e+01,1.814529001712799072e-01,5.429607033729553223e-01
7.582000022605018330e+01,1.696893125772476196e-01,4.466199874877929688e-01
7.583000022608000279e+01,1.799141466617584229e-01,4.321023225784301758e-01
7.584000022610980807e+01,1.691192984580993652e-01,4.712615013122558594e-01
7.585000022613962756e+01,1.720938533544540405e-01,5.003643631935119629e-01
7.586000022616944705e+01,1.789741218090057373e-01,6.321994662284851074e-01
7.587000022619925232e+01,1.827048957347869873e-01,4.031174778938293457e-01
7.588000022622907181e+01,1.704902946949005127e-01,4.669209122657775879e-01
7.589000022625887709e+01,1.753117293119430542e-01,5.151052474975585938e-01
7.590000022628869658e+01,1.796319633722305298e-01,4.745880067348480225e-01
7.591000022631851607e+01,1.772884428501129150e-01,5.143964290618896484e-01
7.592000022634832135e+01,1.696491539478302002e-01,5.163400173187255859e-01
7.593000022637814084e+01,1.675766408443450928e-01,5.055386424064636230e-01
7.594000022640796033e+01,1.828740239143371582e-01,5.530591011047363281e-01
7.595000022643776560e+01,1.692603528499603271e-01,4.981427788734436035e-01
7.596000022646758509e+01,1.778515726327896118e-01,4.624485075473785400e-01
7.597000022649739037e+01,1.617353409528732300e-01,4.843052923679351807e-01
7.598000022652720986e+01,1.556842774152755737e-01,5.305931568145751953e-01
7.599000022655702935e+01,1.855920404195785522e-01,5.122574567794799805e-01
7.600000022658683463e+01,1.748793721199035645e-01,4.918175041675567627e-01
7.601000022661665412e+01,1.698232591152191162e-01,4.918867647647857666e-01
7.602000022664645940e+01,1.718121469020843506e-01,4.486221671104431152e-01
7.603000022667627888e+01,1.748916804790496826e-01,4.924763143062591553e-01
7.604000022670609837e+01,1.723725199699401855e-01,4.620696902275085449e-01
7.605000022673590365e+01,1.660465300083160400e-01,5.484380722045898438e-01
7.606000022676572314e+01,1.676672697067260742e-01,4.560204744338989258e-01
7.607000022679554263e+01,1.738279610872268677e-01,4.674997925758361816e-01
7.608000022682534791e+01,1.878749579191207886e-01,4.180125892162322998e-01
7.609000022685516740e+01,1.752152740955352783e-01,5.144582986831665039e-01
7.610000022688497268e+01,1.803882569074630737e-01,5.197716951370239258e-01
7.611000022691479217e+01,1.723390519618988037e-01,5.066410303115844727e-01
7.612000022694461165e+01,1.725353896617889404e-01,5.213795304298400879e-01
7.613000022697441693e+01,1.737248003482818604e-01,5.645525455474853516e-01
7.614000022700423642e+01,1.776569485664367676e-01,6.606918573379516602e-01
7.615000022703405591e+01,1.761312782764434814e-01,5.655705332756042480e-01
7.616000022706386119e+01,1.802428662776947021e-01,5.663085579872131348e-01
7.617000022709368068e+01,1.838846653699874878e-01,5.735591053962707520e-01
7.618000022712348596e+01,1.785156875848770142e-01,4.977251589298248291e-01
7.619000022715330545e+01,1.733176112174987793e-01,5.023077130317687988e-01
7.620000022718312493e+01,1.793320924043655396e-01,4.830611646175384521e-01
7.621000022721293021e+01,1.745842844247817993e-01,4.798177182674407959e-01
7.622000022724274970e+01,1.715170294046401978e-01,4.997094273567199707e-01
7.623000022727255498e+01,1.651086658239364624e-01,4.946784973144531250e-01
7.624000022730237447e+01,1.734581142663955688e-01,5.065454244613647461e-01
7.625000022733219396e+01,1.805328428745269775e-01,5.298162698745727539e-01
7.626000022736199924e+01,1.707568317651748657e-01,5.342109203338623047e-01
7.627000022739181873e+01,1.870207637548446655e-01,4.945384860038757324e-01
7.628000022742163821e+01,1.748225837945938110e-01,4.316954910755157471e-01
7.629000022745144349e+01,1.730063706636428833e-01,4.392465054988861084e-01
7.630000022748126298e+01,1.790006458759307861e-01,5.015239715576171875e-01
7.631000022751106826e+01,1.661409437656402588e-01,4.961274266242980957e-01
7.632000022754088775e+01,1.844901740550994873e-01,5.042663216590881348e-01
7.633000022757070724e+01,1.732594668865203857e-01,5.185565352439880371e-01
7.634000022760051252e+01,1.779098212718963623e-01,5.761712193489074707e-01
7.635000022763033201e+01,1.718748956918716431e-01,4.839419126510620117e-01
7.636000022766015150e+01,1.819658428430557251e-01,5.486736893653869629e-01
7.637000022768995677e+01,1.765292435884475708e-01,5.005433559417724609e-01
7.638000022771977626e+01,1.787017583847045898e-01,5.339931845664978027e-01
7.639000022774958154e+01,1.817032545804977417e-01,5.460607409477233887e-01
7.640000022777940103e+01,1.744178235530853271e-01,5.121886730194091797e-01
7.641000022780922052e+01,1.796809732913970947e-01,5.320120453834533691e-01
7.642000022783902580e+01,1.659891158342361450e-01,4.897993505001068115e-01
7.643000022786884529e+01,1.685039252042770386e-01,4.724654853343963623e-01
7.644000022789865056e+01,1.717613786458969116e-01,5.956145524978637695e-01
7.645000022792847005e+01,1.837039887905120850e-01,6.215041279792785645e-01
7.646000022795828954e+01,1.797622293233871460e-01,4.993399679660797119e-01
7.647000022798809482e+01,1.753153800964355469e-01,4.856925904750823975e-01
7.648000022801791431e+01,1.653658300638198853e-01,5.380854010581970215e-01
7.649000022804773380e+01,1.686060279607772827e-01,5.337215662002563477e-01
7.650000022807753908e+01,1.788913011550903320e-01,5.485573410987854004e-01
7.651000022810735857e+01,1.769984215497970581e-01,4.337523281574249268e-01
7.652000022813716384e+01,1.721862256526947021e-01,4.984319508075714111e-01
7.653000022816698333e+01,1.752498894929885864e-01,5.614594817161560059e-01
7.654000022819680282e+01,1.699704527854919434e-01,4.142610430717468262e-01
7.655000022822660810e+01,1.693637669086456299e-01,4.240668118000030518e-01
7.656000022825642759e+01,1.738310307264328003e-01,4.562134444713592529e-01
7.657000022828623287e+01,1.727890372276306152e-01,5.960434079170227051e-01
7.658000022831605236e+01,1.684213876724243164e-01,4.439336657524108887e-01
7.659000022834587185e+01,1.834056526422500610e-01,4.911666810512542725e-01
7.660000022837567712e+01,1.788223683834075928e-01,4.148189425468444824e-01
7.661000022840549661e+01,1.649010926485061646e-01,4.505009353160858154e-01
7.662000022843531610e+01,1.678880304098129272e-01,4.585430920124053955e-01
7.663000022846512138e+01,1.720152497291564941e-01,4.334235787391662598e-01
7.664000022849494087e+01,1.773815304040908813e-01,4.197447597980499268e-01
7.665000022852474615e+01,1.772655248641967773e-01,4.474829733371734619e-01
7.666000022855456564e+01,1.705956459045410156e-01,3.996903002262115479e-01
7.667000022858438513e+01,1.729533970355987549e-01,4.407101571559906006e-01
7.668000022861419041e+01,1.784399896860122681e-01,5.227009057998657227e-01
7.669000022864400989e+01,1.692720353603363037e-01,4.586618244647979736e-01
7.670000022867382938e+01,1.878511607646942139e-01,5.909228920936584473e-01
7.671000022870363466e+01,1.806700527667999268e-01,5.113403797149658203e-01
7.672000022873345415e+01,1.744671165943145752e-01,5.267313122749328613e-01
7.673000022876325943e+01,1.827098727226257324e-01,5.204047560691833496e-01
7.674000022879307892e+01,1.692117303609848022e-01,4.844188392162322998e-01
7.675000022882289841e+01,1.786772012710571289e-01,4.901232719421386719e-01
7.676000022885270369e+01,1.756680905818939209e-01,4.756478369235992432e-01
7.677000022888252317e+01,1.775966733694076538e-01,4.523971378803253174e-01
7.678000022891232845e+01,1.690189391374588013e-01,4.465385973453521729e-01
7.679000022894214794e+01,1.755862385034561157e-01,4.578784406185150146e-01
7.680000022897196743e+01,1.797789186239242554e-01,4.601939320564270020e-01
7.681000022900177271e+01,1.774105429649353027e-01,4.942428171634674072e-01
7.682000022903159220e+01,1.707030236721038818e-01,4.524206221103668213e-01
7.683000022906141169e+01,1.711876541376113892e-01,4.739936292171478271e-01
7.684000022909121697e+01,1.751148849725723267e-01,4.206985831260681152e-01
7.685000022912103645e+01,1.814710497856140137e-01,5.171082019805908203e-01
7.686000022915084173e+01,1.684314012527465820e-01,4.312649667263031006e-01
7.687000022918066122e+01,1.781522333621978760e-01,5.892140865325927734e-01
7.688000022921048071e+01,1.742415428161621094e-01,4.665898084640502930e-01
7.689000022924028599e+01,1.686829924583435059e-01,4.655977785587310791e-01
7.690000022927010548e+01,1.790674775838851929e-01,4.608586132526397705e-01
7.691000022929991076e+01,1.667572557926177979e-01,4.303520321846008301e-01
7.692000022932973025e+01,1.676683425903320312e-01,4.835698008537292480e-01
7.693000022935954973e+01,1.733513325452804565e-01,4.850446879863739014e-01
7.694000022938935501e+01,1.775586754083633423e-01,5.075376033782958984e-01
7.695000022941917450e+01,1.771607249975204468e-01,5.703085064888000488e-01
7.696000022944899399e+01,1.744922101497650146e-01,4.439693987369537354e-01
7.697000022947879927e+01,1.719508618116378784e-01,4.139330387115478516e-01
7.698000022950861876e+01,1.830108612775802612e-01,4.538244009017944336e-01
7.699000022953842404e+01,1.794876903295516968e-01,4.390448629856109619e-01
7.700000022956824353e+01,1.743077039718627930e-01,4.769065380096435547e-01
7.701000022959806302e+01,1.733950972557067871e-01,4.329196810722351074e-01
7.702000022962786829e+01,1.663497537374496460e-01,4.494397938251495361e-01
7.703000022965768778e+01,1.706244200468063354e-01,4.972179234027862549e-01
7.704000022968750727e+01,1.730505675077438354e-01,4.298994839191436768e-01
7.705000022971731255e+01,1.709995716810226440e-01,4.144162237644195557e-01
7.706000022974713204e+01,1.676808446645736694e-01,5.301290750503540039e-01
7.707000022977693732e+01,1.695362776517868042e-01,5.349399447441101074e-01
7.708000022980675681e+01,1.768775284290313721e-01,4.669928848743438721e-01
7.709000022983657630e+01,1.747793108224868774e-01,4.272315502166748047e-01
7.710000022986638157e+01,1.834984123706817627e-01,5.719099044799804688e-01
7.711000022989620106e+01,1.764546781778335571e-01,5.627985000610351562e-01
7.712000022992600634e+01,1.775154769420623779e-01,5.626119375228881836e-01
7.713000022995582583e+01,1.866244673728942871e-01,4.744348526000976562e-01
7.714000022998564532e+01,1.773957759141921997e-01,4.202862679958343506e-01
7.715000023001545060e+01,1.779148131608963013e-01,4.909371733665466309e-01
7.716000023004527009e+01,1.776810288429260254e-01,5.186449885368347168e-01
7.717000023007508958e+01,1.723649054765701294e-01,5.189568400382995605e-01
7.718000023010489485e+01,1.681595891714096069e-01,4.157884120941162109e-01
7.719000023013471434e+01,1.793767064809799194e-01,5.559135079383850098e-01
7.720000023016451962e+01,1.717661023139953613e-01,4.213520586490631104e-01
7.721000023019433911e+01,1.730240732431411743e-01,4.894694983959197998e-01
7.722000023022415860e+01,1.775652617216110229e-01,4.754237234592437744e-01
7.723000023025396388e+01,1.702725589275360107e-01,4.792216420173645020e-01
7.724000023028378337e+01,1.771772950887680054e-01,5.483976602554321289e-01
7.725000023031358865e+01,1.790999025106430054e-01,5.085273385047912598e-01
7.726000023034340813e+01,1.785130649805068970e-01,4.782563149929046631e-01
7.727000023037322762e+01,1.722529977560043335e-01,4.508095085620880127e-01
7.728000023040303290e+01,1.756728738546371460e-01,4.776349961757659912e-01
7.729000023043285239e+01,1.678046733140945435e-01,4.471729993820190430e-01
7.730000023046267188e+01,1.789894253015518188e-01,4.833569526672363281e-01
7.731000023049247716e+01,1.723497658967971802e-01,4.498826563358306885e-01
7.732000023052229665e+01,1.812374144792556763e-01,4.589415192604064941e-01
7.733000023055210193e+01,1.734470725059509277e-01,4.724270105361938477e-01
7.734000023058192141e+01,1.658162176609039307e-01,5.065014362335205078e-01
7.735000023061174090e+01,1.718841195106506348e-01,4.310989379882812500e-01
7.736000023064154618e+01,1.717160344123840332e-01,4.705635905265808105e-01
7.737000023067136567e+01,1.820156872272491455e-01,4.705677926540374756e-01
7.738000023070118516e+01,1.645683199167251587e-01,4.169983863830566406e-01
7.739000023073099044e+01,1.739115715026855469e-01,4.636791348457336426e-01
7.740000023076080993e+01,1.795235723257064819e-01,5.037940144538879395e-01
7.741000023079061521e+01,1.758371591567993164e-01,4.982465207576751709e-01
7.742000023082043469e+01,1.737817376852035522e-01,4.621079266071319580e-01
7.743000023085025418e+01,1.789889335632324219e-01,6.591027379035949707e-01
7.744000023088005946e+01,1.759277284145355225e-01,4.533982276916503906e-01
7.745000023090987895e+01,1.726943403482437134e-01,4.812721908092498779e-01
7.746000023093968423e+01,1.761621981859207153e-01,6.491160392761230469e-01
7.747000023096950372e+01,1.726485639810562134e-01,5.216677188873291016e-01
7.748000023099932321e+01,1.785197705030441284e-01,4.632499217987060547e-01
7.749000023102912849e+01,1.742666661739349365e-01,4.671349227428436279e-01
7.750000023105894797e+01,1.677635014057159424e-01,4.359408020973205566e-01
7.751000023108876746e+01,1.789618432521820068e-01,4.753808975219726562e-01
7.752000023111857274e+01,1.830152869224548340e-01,4.418125748634338379e-01
7.753000023114839223e+01,1.751050800085067749e-01,4.400573968887329102e-01
7.754000023117819751e+01,1.839568465948104858e-01,5.099052786827087402e-01
7.755000023120801700e+01,1.755354553461074829e-01,4.657537639141082764e-01
7.756000023123783649e+01,1.695417016744613647e-01,5.035837888717651367e-01
7.757000023126764177e+01,1.807229965925216675e-01,5.707512497901916504e-01
7.758000023129746126e+01,1.696220785379409790e-01,4.738823771476745605e-01
7.759000023132726653e+01,1.764123737812042236e-01,5.598341822624206543e-01
7.760000023135708602e+01,1.864013224840164185e-01,5.853607058525085449e-01
7.761000023138690551e+01,1.810808479785919189e-01,5.678471326828002930e-01
7.762000023141671079e+01,1.794924885034561157e-01,5.534160137176513672e-01
7.763000023144653028e+01,1.640008538961410522e-01,4.941992759704589844e-01
7.764000023147634977e+01,1.766145825386047363e-01,5.505439043045043945e-01
7.765000023150615505e+01,1.755645722150802612e-01,5.981476306915283203e-01
7.766000023153597454e+01,1.718408316373825073e-01,6.059076786041259766e-01
7.767000023156577981e+01,1.756437718868255615e-01,5.201308131217956543e-01
7.768000023159559930e+01,1.802417337894439697e-01,6.660009622573852539e-01
7.769000023162541879e+01,1.808244884014129639e-01,5.858615040779113770e-01
7.770000023165522407e+01,1.775428801774978638e-01,6.704425811767578125e-01
7.771000023168504356e+01,1.680419892072677612e-01,4.982115328311920166e-01
7.772000023171486305e+01,1.708273291587829590e-01,5.212004780769348145e-01
7.773000023174466833e+01,1.729063987731933594e-01,5.933779478073120117e-01
7.774000023177448782e+01,1.745357215404510498e-01,5.309893488883972168e-01
7.775000023180429309e+01,1.745364964008331299e-01,5.300292968750000000e-01
7.776000023183411258e+01,1.707773357629776001e-01,5.616627931594848633e-01
7.777000023186393207e+01,1.748176068067550659e-01,5.536419749259948730e-01
7.778000023189373735e+01,1.788000464439392090e-01,5.521973967552185059e-01
7.779000023192355684e+01,1.683417409658432007e-01,4.898082017898559570e-01
7.780000023195336212e+01,1.792136728763580322e-01,5.951226353645324707e-01
7.781000023198318161e+01,1.811225861310958862e-01,5.313088893890380859e-01
7.782000023201300110e+01,1.744877845048904419e-01,5.446352362632751465e-01
7.783000023204280637e+01,1.700768321752548218e-01,5.047619938850402832e-01
7.784000023207262586e+01,1.702068895101547241e-01,5.725222826004028320e-01
7.785000023210244535e+01,1.832935512065887451e-01,4.595224559307098389e-01
7.786000023213225063e+01,1.768761724233627319e-01,4.648826718330383301e-01
7.787000023216207012e+01,1.834055185317993164e-01,4.841267168521881104e-01
7.788000023219187540e+01,1.721972078084945679e-01,4.417340457439422607e-01
7.789000023222169489e+01,1.790984869003295898e-01,4.966816306114196777e-01
7.790000023225151438e+01,1.780911087989807129e-01,5.296891331672668457e-01
7.791000023228131965e+01,1.735452711582183838e-01,4.910041689872741699e-01
7.792000023231113914e+01,1.723475456237792969e-01,4.665517210960388184e-01
7.793000023234094442e+01,1.695320159196853638e-01,4.391174316406250000e-01
7.794000023237076391e+01,1.752331554889678955e-01,4.311472773551940918e-01
7.795000023240058340e+01,1.785274744033813477e-01,5.110786557197570801e-01
7.796000023243038868e+01,1.922082751989364624e-01,4.845824837684631348e-01
7.797000023246020817e+01,1.755221784114837646e-01,5.230407714843750000e-01
7.798000023249002766e+01,1.734906286001205444e-01,4.402362108230590820e-01
7.799000023251983293e+01,1.790964752435684204e-01,4.846749901771545410e-01
7.800000023254965242e+01,1.808461993932723999e-01,5.236855149269104004e-01
7.801000023257945770e+01,1.727707684040069580e-01,5.378894209861755371e-01
7.802000023260927719e+01,1.789118945598602295e-01,5.211007595062255859e-01
7.803000023263909668e+01,1.789487749338150024e-01,5.431948304176330566e-01
7.804000023266890196e+01,1.714325249195098877e-01,4.673219323158264160e-01
7.805000023269872145e+01,1.798120886087417603e-01,4.975100755691528320e-01
7.806000023272854094e+01,1.635240614414215088e-01,5.001272559165954590e-01
7.807000023275834621e+01,1.765039861202239990e-01,5.558454990386962891e-01
7.808000023278816570e+01,1.783880591392517090e-01,4.569712281227111816e-01
7.809000023281797098e+01,1.823121160268783569e-01,6.088368892669677734e-01
7.810000023284779047e+01,1.850657612085342407e-01,5.173820853233337402e-01
7.811000023287760996e+01,1.903189569711685181e-01,4.372870922088623047e-01
7.812000023290741524e+01,1.823087334632873535e-01,5.499657988548278809e-01
7.813000023293723473e+01,1.716227233409881592e-01,4.531952440738677979e-01
7.814000023296704001e+01,1.786228120326995850e-01,4.882850050926208496e-01
7.815000023299685949e+01,1.768761277198791504e-01,5.253929495811462402e-01
7.816000023302667898e+01,1.747070997953414917e-01,5.106437802314758301e-01
7.817000023305648426e+01,1.694913953542709351e-01,5.446096062660217285e-01
7.818000023308630375e+01,1.772082000970840454e-01,5.338811278343200684e-01
7.819000023311612324e+01,1.732619702816009521e-01,5.702320337295532227e-01
7.820000023314592852e+01,1.757211238145828247e-01,5.061793923377990723e-01
7.821000023317574801e+01,1.801762431859970093e-01,5.744517445564270020e-01
7.822000023320555329e+01,1.797393113374710083e-01,5.100828409194946289e-01
7.823000023323537278e+01,1.763327270746231079e-01,5.137655735015869141e-01
7.824000023326519226e+01,1.716122031211853027e-01,4.447425305843353271e-01
7.825000023329499754e+01,1.770231574773788452e-01,4.419224262237548828e-01
7.826000023332481703e+01,1.729598343372344971e-01,4.889392852783203125e-01
7.827000023335463652e+01,1.712768524885177612e-01,4.666289091110229492e-01
7.828000023338444180e+01,1.771869957447052002e-01,4.745316207408905029e-01
7.829000023341426129e+01,1.831284761428833008e-01,5.068947672843933105e-01
7.830000023344406657e+01,1.677538454532623291e-01,5.472779273986816406e-01
7.831000023347388606e+01,1.704120337963104248e-01,4.676328599452972412e-01
7.832000023350370554e+01,1.745484471321105957e-01,6.552217006683349609e-01
7.833000023353351082e+01,1.651533395051956177e-01,4.873572885990142822e-01
7.834000023356333031e+01,1.816106736660003662e-01,4.947905838489532471e-01
7.835000023359313559e+01,1.690134555101394653e-01,5.002395510673522949e-01
7.836000023362295508e+01,1.734133064746856689e-01,5.183501839637756348e-01
7.837000023365277457e+01,1.739500164985656738e-01,5.878990888595581055e-01
7.838000023368257985e+01,1.820139884948730469e-01,5.616053342819213867e-01
7.839000023371239934e+01,1.776975691318511963e-01,5.687057375907897949e-01
7.840000023374221882e+01,1.747748553752899170e-01,5.556385517120361328e-01
7.841000023377202410e+01,1.786196678876876831e-01,4.897528290748596191e-01
7.842000023380184359e+01,1.704342961311340332e-01,5.529491305351257324e-01
7.843000023383164887e+01,1.806290000677108765e-01,4.621542394161224365e-01
7.844000023386146836e+01,1.819726228713989258e-01,4.735993146896362305e-01
7.845000023389128785e+01,1.795993149280548096e-01,4.846570491790771484e-01
7.846000023392109313e+01,1.731083244085311890e-01,5.102437138557434082e-01
7.847000023395091262e+01,1.739944070577621460e-01,5.314036011695861816e-01
7.848000023398071789e+01,1.695495098829269409e-01,5.256274938583374023e-01
7.849000023401053738e+01,1.713122427463531494e-01,5.017081499099731445e-01
7.850000023404035687e+01,1.793365925550460815e-01,5.033954977989196777e-01
7.851000023407016215e+01,1.821885406970977783e-01,4.436156451702117920e-01
7.852000023409998164e+01,1.804376244544982910e-01,5.010860562324523926e-01
7.853000023412980113e+01,1.777857840061187744e-01,4.566467404365539551e-01
7.854000023415960641e+01,1.792699992656707764e-01,5.143465995788574219e-01
7.855000023418942590e+01,1.703569293022155762e-01,4.696605801582336426e-01
7.856000023421923117e+01,1.737383902072906494e-01,4.474558234214782715e-01
7.857000023424905066e+01,1.744807511568069458e-01,4.740737378597259521e-01
7.858000023427887015e+01,1.749592274427413940e-01,4.996307492256164551e-01
7.859000023430867543e+01,1.768645197153091431e-01,4.452634751796722412e-01
7.860000023433849492e+01,1.669609248638153076e-01,4.609656631946563721e-01
7.861000023436831441e+01,1.771552711725234985e-01,4.622614979743957520e-01
7.862000023439811969e+01,1.822149008512496948e-01,4.473549723625183105e-01
7.863000023442793918e+01,1.759646683931350708e-01,5.454108119010925293e-01
7.864000023445774445e+01,1.719082146883010864e-01,5.611379146575927734e-01
7.865000023448756394e+01,1.731162518262863159e-01,4.519691467285156250e-01
7.866000023451738343e+01,1.728073656558990479e-01,5.339952111244201660e-01
7.867000023454718871e+01,1.766140013933181763e-01,4.465660452842712402e-01
7.868000023457700820e+01,1.716762483119964600e-01,5.103485584259033203e-01
7.869000023460681348e+01,1.722004264593124390e-01,4.720458090305328369e-01
7.870000023463663297e+01,1.674925237894058228e-01,5.556812882423400879e-01
7.871000023466645246e+01,1.771238297224044800e-01,4.142571985721588135e-01
7.872000023469625773e+01,1.757351160049438477e-01,4.689503014087677002e-01
7.873000023472607722e+01,1.773590147495269775e-01,5.096171498298645020e-01
7.874000023475589671e+01,1.824912130832672119e-01,5.455473065376281738e-01
7.875000023478570199e+01,1.711297631263732910e-01,5.010697841644287109e-01
7.876000023481552148e+01,1.717497855424880981e-01,4.684263169765472412e-01
7.877000023484532676e+01,1.697044968605041504e-01,5.411148667335510254e-01
7.878000023487514625e+01,1.756705939769744873e-01,4.879869222640991211e-01
7.879000023490496574e+01,1.772069334983825684e-01,4.745473563671112061e-01
7.880000023493477102e+01,1.723205745220184326e-01,5.158525109291076660e-01
7.881000023496459050e+01,1.796404868364334106e-01,4.952801465988159180e-01
7.882000023499439578e+01,1.746284216642379761e-01,4.588696956634521484e-01
7.883000023502421527e+01,1.748117059469223022e-01,5.670016407966613770e-01
7.884000023505403476e+01,1.725684553384780884e-01,5.483845472335815430e-01
7.885000023508384004e+01,1.817340552806854248e-01,5.097578763961791992e-01
7.886000023511365953e+01,1.681134402751922607e-01,4.853458106517791748e-01
7.887000023514347902e+01,1.764080226421356201e-01,5.651727318763732910e-01
7.888000023517328430e+01,1.683697849512100220e-01,5.014149546623229980e-01
7.889000023520310378e+01,1.805646270513534546e-01,5.579514503479003906e-01
7.890000023523290906e+01,1.747139990329742432e-01,5.427656173706054688e-01
7.891000023526272855e+01,1.760804951190948486e-01,4.407713115215301514e-01
7.892000023529254804e+01,1.780134141445159912e-01,4.698037505149841309e-01
7.893000023532235332e+01,1.699372380971908569e-01,4.931167960166931152e-01
7.894000023535217281e+01,1.748742610216140747e-01,5.564134120941162109e-01
7.895000023538199230e+01,1.757147163152694702e-01,6.247152090072631836e-01
7.896000023541179758e+01,1.725942492485046387e-01,4.916178286075592041e-01
7.897000023544161706e+01,1.703522503376007080e-01,5.034084320068359375e-01
7.898000023547142234e+01,1.782275289297103882e-01,4.644021689891815186e-01
7.899000023550124183e+01,1.785936206579208374e-01,4.576891958713531494e-01
7.900000023553106132e+01,1.724713444709777832e-01,4.505023956298828125e-01
7.901000023556086660e+01,1.736265122890472412e-01,4.750424623489379883e-01
7.902000023559068609e+01,1.791443377733230591e-01,4.378063976764678955e-01
7.903000023562049137e+01,1.778168231248855591e-01,4.519220590591430664e-01
7.904000023565031086e+01,1.789093613624572754e-01,5.549156665802001953e-01
7.905000023568013034e+01,1.752712428569793701e-01,5.035368204116821289e-01
7.906000023570993562e+01,1.735926121473312378e-01,4.263125658035278320e-01
7.907000023573975511e+01,1.799968034029006958e-01,4.728049337863922119e-01
7.908000023576957460e+01,1.710056662559509277e-01,4.620940685272216797e-01
7.909000023579937988e+01,1.757963001728057861e-01,4.812340736389160156e-01
7.910000023582919937e+01,1.804820746183395386e-01,4.680179357528686523e-01
7.911000023585900465e+01,1.771690696477890015e-01,4.545131921768188477e-01
7.912000023588882414e+01,1.817898750305175781e-01,4.762704670429229736e-01
7.913000023591864363e+01,1.714888662099838257e-01,5.043695569038391113e-01
7.914000023594844890e+01,1.704495996236801147e-01,4.464800357818603516e-01
7.915000023597826839e+01,1.735832542181015015e-01,5.155520439147949219e-01
7.916000023600807367e+01,1.717123538255691528e-01,4.477339684963226318e-01
7.917000023603789316e+01,1.725106537342071533e-01,4.723520874977111816e-01
7.918000023606771265e+01,1.681517064571380615e-01,4.795673191547393799e-01
7.919000023609751793e+01,1.659455746412277222e-01,4.873203337192535400e-01
7.920000023612733742e+01,1.817128956317901611e-01,4.721745252609252930e-01
7.921000023615715691e+01,1.776040345430374146e-01,5.661844611167907715e-01
7.922000023618696218e+01,1.791523247957229614e-01,5.405400991439819336e-01
7.923000023621678167e+01,1.803301423788070679e-01,5.108509659767150879e-01
7.924000023624658695e+01,1.718746870756149292e-01,5.078482031822204590e-01
7.925000023627640644e+01,1.679793745279312134e-01,4.615324437618255615e-01
7.926000023630622593e+01,1.739194840192794800e-01,5.078123807907104492e-01
7.927000023633603121e+01,1.767692118883132935e-01,4.819167554378509521e-01
7.928000023636585070e+01,1.739416718482971191e-01,5.082378387451171875e-01
7.929000023639567019e+01,1.788453459739685059e-01,5.756105184555053711e-01
7.930000023642547546e+01,1.744296401739120483e-01,5.051468610763549805e-01
7.931000023645529495e+01,1.743112653493881226e-01,5.590610504150390625e-01
7.932000023648510023e+01,1.754680126905441284e-01,5.296533107757568359e-01
7.933000023651491972e+01,1.788422763347625732e-01,5.254768729209899902e-01
7.934000023654473921e+01,1.738025695085525513e-01,5.784169435501098633e-01
7.935000023657454449e+01,1.711907386779785156e-01,5.124031305313110352e-01
7.936000023660436398e+01,1.802004426717758179e-01,4.167502224445343018e-01
7.937000023663416926e+01,1.831118911504745483e-01,5.022996664047241211e-01
7.938000023666398874e+01,1.763403713703155518e-01,4.955537319183349609e-01
7.939000023669380823e+01,1.757558286190032959e-01,4.839226901531219482e-01
7.940000023672361351e+01,1.785512864589691162e-01,5.092557072639465332e-01
7.941000023675343300e+01,1.742579787969589233e-01,5.151251554489135742e-01
7.942000023678325249e+01,1.793298125267028809e-01,4.378747940063476562e-01
7.943000023681305777e+01,1.817117184400558472e-01,4.603812396526336670e-01
7.944000023684287726e+01,1.720427423715591431e-01,4.422649443149566650e-01
7.945000023687268254e+01,1.746970415115356445e-01,5.138336420059204102e-01
7.946000023690250202e+01,1.709472984075546265e-01,4.443813860416412354e-01
7.947000023693232151e+01,1.743808239698410034e-01,5.320074558258056641e-01
7.948000023696212679e+01,1.739623844623565674e-01,4.736330807209014893e-01
7.949000023699194628e+01,1.744845360517501831e-01,4.903345108032226562e-01
7.950000023702175156e+01,1.786680668592453003e-01,4.320996999740600586e-01
7.951000023705157105e+01,1.685446649789810181e-01,4.764558970928192139e-01
7.952000023708139054e+01,1.791755110025405884e-01,4.302020967006683350e-01
7.953000023711119582e+01,1.798032224178314209e-01,4.790819585323333740e-01
7.954000023714101530e+01,1.833004355430603027e-01,4.610880613327026367e-01
7.955000023717083479e+01,1.792666018009185791e-01,4.704571664333343506e-01
7.956000023720064007e+01,1.678333431482315063e-01,5.007418394088745117e-01
7.957000023723045956e+01,1.766895204782485962e-01,4.350888729095458984e-01
7.958000023726026484e+01,1.694566607475280762e-01,5.025160908699035645e-01
7.959000023729008433e+01,1.713600605726242065e-01,4.836267828941345215e-01
7.960000023731990382e+01,1.703868806362152100e-01,3.913361132144927979e-01
7.961000023734970910e+01,1.739169955253601074e-01,5.095199346542358398e-01
7.962000023737952858e+01,1.777144521474838257e-01,4.765891134738922119e-01
7.963000023740934807e+01,1.716157793998718262e-01,5.128435492515563965e-01
7.964000023743915335e+01,1.743000000715255737e-01,4.633430540561676025e-01
7.965000023746897284e+01,1.752022206783294678e-01,5.478533506393432617e-01
7.966000023749877812e+01,1.676688045263290405e-01,5.213752388954162598e-01
7.967000023752859761e+01,1.727297455072402954e-01,4.921383261680603027e-01
7.968000023755841710e+01,1.736292392015457153e-01,5.252929329872131348e-01
7.969000023758822238e+01,1.757263541221618652e-01,5.513613820075988770e-01
7.970000023761804187e+01,1.767355501651763916e-01,4.700704216957092285e-01
7.971000023764784714e+01,1.913130134344100952e-01,5.206925868988037109e-01
7.972000023767766663e+01,1.779562979936599731e-01,6.229387521743774414e-01
7.973000023770748612e+01,1.794041246175765991e-01,5.597036480903625488e-01
7.974000023773729140e+01,1.758606284856796265e-01,5.341621041297912598e-01
7.975000023776711089e+01,1.769081205129623413e-01,5.597831010818481445e-01
7.976000023779693038e+01,1.805943101644515991e-01,6.142274737358093262e-01
7.977000023782673566e+01,1.738649308681488037e-01,5.422108173370361328e-01
7.978000023785655515e+01,1.675700098276138306e-01,5.433062314987182617e-01
7.979000023788636042e+01,1.777067482471466064e-01,6.257140636444091797e-01
7.980000023791617991e+01,1.712584644556045532e-01,5.513615012168884277e-01
7.981000023794599940e+01,1.593229323625564575e-01,5.372235178947448730e-01
7.982000023797580468e+01,1.617259979248046875e-01,5.189060568809509277e-01
7.983000023800562417e+01,1.673116087913513184e-01,5.159164667129516602e-01
7.984000023803542945e+01,1.773428767919540405e-01,5.689342021942138672e-01
7.985000023806524894e+01,1.730342954397201538e-01,5.881565213203430176e-01
7.986000023809506843e+01,1.722947508096694946e-01,6.087807416915893555e-01
7.987000023812487370e+01,1.640774458646774292e-01,5.177162885665893555e-01
7.988000023815469319e+01,1.779189109802246094e-01,5.251142978668212891e-01
7.989000023818451268e+01,1.686623692512512207e-01,5.464177131652832031e-01
7.990000023821431796e+01,1.727506965398788452e-01,5.199784636497497559e-01
7.991000023824413745e+01,1.721569150686264038e-01,5.269410610198974609e-01
7.992000023827394273e+01,1.768551021814346313e-01,4.452878236770629883e-01
7.993000023830376222e+01,1.758618503808975220e-01,5.028334259986877441e-01
7.994000023833358171e+01,1.764594018459320068e-01,4.673472046852111816e-01
7.995000023836338698e+01,1.873078644275665283e-01,4.761403203010559082e-01
7.996000023839320647e+01,1.708208024501800537e-01,4.834752082824707031e-01
7.997000023842302596e+01,1.732173115015029907e-01,4.573652148246765137e-01
7.998000023845283124e+01,1.713944971561431885e-01,5.451547503471374512e-01
7.999000023848265073e+01,1.822971403598785400e-01,5.740725994110107422e-01
8.000000023851245601e+01,1.764852702617645264e-01,5.458666086196899414e-01
8.001000023854227550e+01,1.763742417097091675e-01,5.376985669136047363e-01
8.002000023857209499e+01,1.699912995100021362e-01,5.547156929969787598e-01
8.003000023860190026e+01,1.700978279113769531e-01,5.495681166648864746e-01
8.004000023863171975e+01,1.762209981679916382e-01,5.846747756004333496e-01
8.005000023866152503e+01,1.788877844810485840e-01,5.433995127677917480e-01
8.006000023869134452e+01,1.769310384988784790e-01,5.957880020141601562e-01
8.007000023872116401e+01,1.777379661798477173e-01,5.039839744567871094e-01
8.008000023875096929e+01,1.740724593400955200e-01,6.220533847808837891e-01
8.009000023878078878e+01,1.694280207157135010e-01,5.316739678382873535e-01
8.010000023881060827e+01,1.686381101608276367e-01,5.784871578216552734e-01
8.011000023884041354e+01,1.717236638069152832e-01,4.713969230651855469e-01
8.012000023887023303e+01,1.863361001014709473e-01,6.217276453971862793e-01
8.013000023890003831e+01,1.805492639541625977e-01,5.881127715110778809e-01
8.014000023892985780e+01,1.811259537935256958e-01,5.953536033630371094e-01
8.015000023895967729e+01,1.737471073865890503e-01,6.045734882354736328e-01
8.016000023898948257e+01,1.812510192394256592e-01,5.608013868331909180e-01
8.017000023901930206e+01,1.730832457542419434e-01,5.222703814506530762e-01
8.018000023904912155e+01,1.670765429735183716e-01,5.095105171203613281e-01
8.019000023907892682e+01,1.711971163749694824e-01,5.192730426788330078e-01
8.020000023910874631e+01,1.689161360263824463e-01,5.034520030021667480e-01
8.021000023913855159e+01,1.762500405311584473e-01,5.372706651687622070e-01
8.022000023916837108e+01,1.719937175512313843e-01,4.645310938358306885e-01
8.023000023919819057e+01,1.763054132461547852e-01,4.467842578887939453e-01
8.024000023922799585e+01,1.732100993394851685e-01,5.556634664535522461e-01
8.025000023925781534e+01,1.693164259195327759e-01,4.754315316677093506e-01
8.026000023928762062e+01,1.793435066938400269e-01,5.251561403274536133e-01
8.027000023931744010e+01,1.766613721847534180e-01,4.282715320587158203e-01
8.028000023934725959e+01,1.731318831443786621e-01,4.307096004486083984e-01
8.029000023937706487e+01,1.642044335603713989e-01,4.236691892147064209e-01
8.030000023940688436e+01,1.735925972461700439e-01,5.075427889823913574e-01
8.031000023943670385e+01,1.738554239273071289e-01,5.297574400901794434e-01
8.032000023946650913e+01,1.752139329910278320e-01,5.144767761230468750e-01
8.033000023949632862e+01,1.713039129972457886e-01,5.071883797645568848e-01
8.034000023952613390e+01,1.836920380592346191e-01,5.043756961822509766e-01
8.035000023955595339e+01,1.859656870365142822e-01,4.621401131153106689e-01
8.036000023958577287e+01,1.806578636169433594e-01,5.611577033996582031e-01
8.037000023961557815e+01,1.751930117607116699e-01,5.074223279953002930e-01
8.038000023964539764e+01,1.774590909481048584e-01,6.199652552604675293e-01
8.039000023967520292e+01,1.803373992443084717e-01,5.630478262901306152e-01
8.040000023970502241e+01,1.677076965570449829e-01,5.342333912849426270e-01
8.041000023973484190e+01,1.801483035087585449e-01,5.662174820899963379e-01
8.042000023976464718e+01,1.800135076045989990e-01,5.127775073051452637e-01
8.043000023979446667e+01,1.744055300951004028e-01,5.525574684143066406e-01
8.044000023982428615e+01,1.771760284900665283e-01,5.427505970001220703e-01
8.045000023985409143e+01,1.756175756454467773e-01,5.308058857917785645e-01
8.046000023988391092e+01,1.631405204534530640e-01,4.702687859535217285e-01
8.047000023991371620e+01,1.695113629102706909e-01,5.178918242454528809e-01
8.048000023994353569e+01,1.782170981168746948e-01,4.965805411338806152e-01
8.049000023997335518e+01,1.629846245050430298e-01,5.049706101417541504e-01
8.050000024000316046e+01,1.665455549955368042e-01,5.186657309532165527e-01
8.051000024003297995e+01,1.683284640312194824e-01,5.262115597724914551e-01
8.052000024006279943e+01,1.763417124748229980e-01,5.741650462150573730e-01
8.053000024009260471e+01,1.766434162855148315e-01,5.463933944702148438e-01
8.054000024012242420e+01,1.717226952314376831e-01,4.993199110031127930e-01
8.055000024015222948e+01,1.825645267963409424e-01,5.231545567512512207e-01
8.056000024018204897e+01,1.692251712083816528e-01,5.023322701454162598e-01
8.057000024021186846e+01,1.721238493919372559e-01,4.991768002510070801e-01
8.058000024024167374e+01,1.766197979450225830e-01,6.279565691947937012e-01
8.059000024027149323e+01,1.811284124851226807e-01,5.638365745544433594e-01
8.060000024030129850e+01,1.762611120939254761e-01,5.447667241096496582e-01
8.061000024033111799e+01,1.753468066453933716e-01,5.172670483589172363e-01
8.062000024036093748e+01,1.684056967496871948e-01,5.047329068183898926e-01
8.063000024039074276e+01,1.638647764921188354e-01,4.493691921234130859e-01
8.064000024042056225e+01,1.788723021745681763e-01,7.178660035133361816e-01
8.065000024045038174e+01,1.809789687395095825e-01,4.907158911228179932e-01
8.066000024048018702e+01,1.820887327194213867e-01,5.982485413551330566e-01
8.067000024051000651e+01,1.857331246137619019e-01,5.605738162994384766e-01
8.068000024053981178e+01,1.780834347009658813e-01,4.981514811515808105e-01
8.069000024056963127e+01,1.779460757970809937e-01,4.538508951663970947e-01
8.070000024059945076e+01,1.715422570705413818e-01,4.739996492862701416e-01
8.071000024062925604e+01,1.740438044071197510e-01,5.601742863655090332e-01
8.072000024065907553e+01,1.779825091361999512e-01,5.228721499443054199e-01
8.073000024068888081e+01,1.734407693147659302e-01,5.406980514526367188e-01
8.074000024071870030e+01,1.796758472919464111e-01,5.479602813720703125e-01
8.075000024074851979e+01,1.726694107055664062e-01,4.435437917709350586e-01
8.076000024077832506e+01,1.643551141023635864e-01,4.737488329410552979e-01
8.077000024080814455e+01,1.751525700092315674e-01,5.318142771720886230e-01
8.078000024083796404e+01,1.695819050073623657e-01,5.550690293312072754e-01
8.079000024086776932e+01,1.783002912998199463e-01,5.060329437255859375e-01
8.080000024089758881e+01,1.807361841201782227e-01,4.984524548053741455e-01
8.081000024092739409e+01,1.745866537094116211e-01,4.782204031944274902e-01
8.082000024095721358e+01,1.723849326372146606e-01,5.222955942153930664e-01
8.083000024098703307e+01,1.789021641016006470e-01,6.676366329193115234e-01
8.084000024101683834e+01,1.748949140310287476e-01,5.341666340827941895e-01
8.085000024104665783e+01,1.707679331302642822e-01,6.046847105026245117e-01
8.086000024107647732e+01,1.758611649274826050e-01,5.085641741752624512e-01
8.087000024110628260e+01,1.692742258310317993e-01,4.858417510986328125e-01
8.088000024113610209e+01,1.581000238656997681e-01,5.233011245727539062e-01
8.089000024116590737e+01,1.683292835950851440e-01,4.760232865810394287e-01
8.090000024119572686e+01,1.714112460613250732e-01,5.273688435554504395e-01
8.091000024122554635e+01,1.755597740411758423e-01,4.813062250614166260e-01
8.092000024125535163e+01,1.709123849868774414e-01,4.771241247653961182e-01
8.093000024128517111e+01,1.750770509243011475e-01,4.614030420780181885e-01
8.094000024131497639e+01,1.665660589933395386e-01,5.725556612014770508e-01
8.095000024134479588e+01,1.705919355154037476e-01,5.793459415435791016e-01
8.096000024137461537e+01,1.811676323413848877e-01,5.647395253181457520e-01
8.097000024140442065e+01,1.735250055789947510e-01,4.726330339908599854e-01
8.098000024143424014e+01,1.728871613740921021e-01,5.178484916687011719e-01
8.099000024146405963e+01,1.885720491409301758e-01,6.260727643966674805e-01
8.100000024149386491e+01,1.721850782632827759e-01,5.021881461143493652e-01
8.101000024152368439e+01,1.798717677593231201e-01,6.941628456115722656e-01
8.102000024155348967e+01,1.760492920875549316e-01,5.578948259353637695e-01
8.103000024158330916e+01,1.794015765190124512e-01,5.153568387031555176e-01
8.104000024161312865e+01,1.784386336803436279e-01,5.383424758911132812e-01
8.105000024164293393e+01,1.697666049003601074e-01,5.168713927268981934e-01
8.106000024167275342e+01,1.706528067588806152e-01,5.141525864601135254e-01
8.107000024170255870e+01,1.680585592985153198e-01,5.086660981178283691e-01
8.108000024173237819e+01,1.766420453786849976e-01,5.072177648544311523e-01
8.109000024176219767e+01,1.702333092689514160e-01,4.587285816669464111e-01
8.110000024179200295e+01,1.778420209884643555e-01,5.384151339530944824e-01
8.111000024182182244e+01,1.747767180204391479e-01,5.234814882278442383e-01
8.112000024185164193e+01,1.726332753896713257e-01,4.504568576812744141e-01
8.113000024188144721e+01,1.712034046649932861e-01,5.435677170753479004e-01
8.114000024191126670e+01,1.833422034978866577e-01,4.543098211288452148e-01
8.115000024194107198e+01,1.751721799373626709e-01,5.083895325660705566e-01
8.116000024197089147e+01,1.735738813877105713e-01,5.788435935974121094e-01
8.117000024200071095e+01,1.696807444095611572e-01,5.464840531349182129e-01
8.118000024203051623e+01,1.767538338899612427e-01,5.639126896858215332e-01
8.119000024206033572e+01,1.778658628463745117e-01,5.960817933082580566e-01
8.120000024209015521e+01,1.766519993543624878e-01,4.963308870792388916e-01
8.121000024211996049e+01,1.722286045551300049e-01,5.115250349044799805e-01
8.122000024214977998e+01,1.777104437351226807e-01,5.277957916259765625e-01
8.123000024217958526e+01,1.668033152818679810e-01,4.235005378723144531e-01
8.124000024220940475e+01,1.731023937463760376e-01,4.952528178691864014e-01
8.125000024223922424e+01,1.675481945276260376e-01,4.782971739768981934e-01
8.126000024226902951e+01,1.819958388805389404e-01,5.649685859680175781e-01
8.127000024229884900e+01,1.756208986043930054e-01,5.128163695335388184e-01
8.128000024232865428e+01,1.718980520963668823e-01,4.539113640785217285e-01
8.129000024235847377e+01,1.727578341960906982e-01,4.465512335300445557e-01
8.130000024238829326e+01,1.660074889659881592e-01,4.883578717708587646e-01
8.131000024241809854e+01,1.716224104166030884e-01,4.704627096652984619e-01
8.132000024244791803e+01,1.649468839168548584e-01,4.612313210964202881e-01
8.133000024247773752e+01,1.626622974872589111e-01,4.598069489002227783e-01
8.134000024250754279e+01,1.681598126888275146e-01,5.610681176185607910e-01
8.135000024253736228e+01,1.785023063421249390e-01,5.716188549995422363e-01
8.136000024256716756e+01,1.775055527687072754e-01,4.603939056396484375e-01
8.137000024259698705e+01,1.700025945901870728e-01,4.895438253879547119e-01
8.138000024262680654e+01,1.702355742454528809e-01,4.902631938457489014e-01
8.139000024265661182e+01,1.802035719156265259e-01,4.500351846218109131e-01
8.140000024268643131e+01,1.838960647583007812e-01,4.271678626537322998e-01
8.141000024271623658e+01,1.728255152702331543e-01,4.661483168601989746e-01
8.142000024274605607e+01,1.750383675098419189e-01,4.709669947624206543e-01
8.143000024277587556e+01,1.822558045387268066e-01,5.159473419189453125e-01
8.144000024280568084e+01,1.763066947460174561e-01,5.340618491172790527e-01
8.145000024283550033e+01,1.802121102809906006e-01,5.043941736221313477e-01
8.146000024286531982e+01,1.734670698642730713e-01,5.031769275665283203e-01
8.147000024289512510e+01,1.787068396806716919e-01,4.640658497810363770e-01
8.148000024292494459e+01,1.759970635175704956e-01,5.338097810745239258e-01
8.149000024295474987e+01,1.761862337589263916e-01,4.499928951263427734e-01
8.150000024298456935e+01,1.758910864591598511e-01,3.957622945308685303e-01
8.151000024301438884e+01,1.824277788400650024e-01,4.865512847900390625e-01
8.152000024304419412e+01,1.803581416606903076e-01,5.086342096328735352e-01
8.153000024307401361e+01,1.707802414894104004e-01,4.374374151229858398e-01
8.154000024310383310e+01,1.840010583400726318e-01,4.324131309986114502e-01
8.155000024313363838e+01,1.826286464929580688e-01,4.781883656978607178e-01
8.156000024316345787e+01,1.793248206377029419e-01,4.875230789184570312e-01
8.157000024319326315e+01,1.682255119085311890e-01,4.855289757251739502e-01
8.158000024322308263e+01,1.722402870655059814e-01,4.498025774955749512e-01
8.159000024325290212e+01,1.724919378757476807e-01,3.978113830089569092e-01
8.160000024328270740e+01,1.773646026849746704e-01,5.506280064582824707e-01
8.161000024331252689e+01,1.794295459985733032e-01,4.453829824924468994e-01
8.162000024334233217e+01,1.792986243963241577e-01,4.625442028045654297e-01
8.163000024337215166e+01,1.749517172574996948e-01,4.561374485492706299e-01
8.164000024340197115e+01,1.872523874044418335e-01,5.263519883155822754e-01
8.165000024343177643e+01,1.776847243309020996e-01,4.805884063243865967e-01
8.166000024346159591e+01,1.673386991024017334e-01,4.338964521884918213e-01
8.167000024349141540e+01,1.879195868968963623e-01,4.453468620777130127e-01
8.168000024352122068e+01,1.747473627328872681e-01,5.758623480796813965e-01
8.169000024355104017e+01,1.838466823101043701e-01,4.751366376876831055e-01
8.170000024358084545e+01,1.715314686298370361e-01,4.383673965930938721e-01
8.171000024361066494e+01,1.759913563728332520e-01,5.106514096260070801e-01
8.172000024364048443e+01,1.753989309072494507e-01,4.537146389484405518e-01
8.173000024367028971e+01,1.807609051465988159e-01,4.552116692066192627e-01
8.174000024370010919e+01,1.750713586807250977e-01,5.091383457183837891e-01
8.175000024372991447e+01,1.729680001735687256e-01,6.193314194679260254e-01
8.176000024375973396e+01,1.739802509546279907e-01,5.138193368911743164e-01
8.177000024378955345e+01,1.744801402091979980e-01,5.226243138313293457e-01
8.178000024381935873e+01,1.795306503772735596e-01,6.102516055107116699e-01
8.179000024384917822e+01,1.690515428781509399e-01,4.591048061847686768e-01
8.180000024387899771e+01,1.757478415966033936e-01,5.515707731246948242e-01
8.181000024390880299e+01,1.752694547176361084e-01,5.075499415397644043e-01
8.182000024393862248e+01,1.787638068199157715e-01,4.700038731098175049e-01
8.183000024396842775e+01,1.757602840662002563e-01,5.450911521911621094e-01
8.184000024399824724e+01,1.774277538061141968e-01,5.240453481674194336e-01
8.185000024402806673e+01,1.788135915994644165e-01,5.231471657752990723e-01
8.186000024405787201e+01,1.736172288656234741e-01,4.953889548778533936e-01
8.187000024408769150e+01,1.740940362215042114e-01,4.810209274291992188e-01
8.188000024411751099e+01,1.723695844411849976e-01,4.927377700805664062e-01
8.189000024414731627e+01,1.779612451791763306e-01,4.412115812301635742e-01
8.190000024417713576e+01,1.767470687627792358e-01,4.374202489852905273e-01
8.191000024420694103e+01,1.868184804916381836e-01,5.996429920196533203e-01
8.192000024423676052e+01,1.784762740135192871e-01,5.750272870063781738e-01
8.193000024426658001e+01,1.799699664115905762e-01,5.874465107917785645e-01
8.194000024429638529e+01,1.727053225040435791e-01,5.354557037353515625e-01
8.195000024432620478e+01,1.807794272899627686e-01,3.724329173564910889e-01
8.196000024435601006e+01,1.825699508190155029e-01,5.305125713348388672e-01
8.197000024438582955e+01,1.773729622364044189e-01,4.387395977973937988e-01
8.198000024441564904e+01,1.722198575735092163e-01,5.267651081085205078e-01
8.199000024444545431e+01,1.812738180160522461e-01,4.497182667255401611e-01
8.200000024447527380e+01,1.789734065532684326e-01,4.393891096115112305e-01
8.201000024450509329e+01,1.701532900333404541e-01,4.482644796371459961e-01
8.202000024453489857e+01,1.772350668907165527e-01,4.205113053321838379e-01
8.203000024456471806e+01,1.702674627304077148e-01,4.391080141067504883e-01
8.204000024459452334e+01,1.727872937917709351e-01,4.524674117565155029e-01
8.205000024462434283e+01,1.818865537643432617e-01,5.154101848602294922e-01
8.206000024465416232e+01,1.728981137275695801e-01,5.020332336425781250e-01
8.207000024468396759e+01,1.847254931926727295e-01,4.877812266349792480e-01
8.208000024471378708e+01,1.739472150802612305e-01,4.427667558193206787e-01
8.209000024474360657e+01,1.789720952510833740e-01,4.264255762100219727e-01
8.210000024477341185e+01,1.854654401540756226e-01,5.739576816558837891e-01
8.211000024480323134e+01,1.824183613061904907e-01,4.925535321235656738e-01
8.212000024483303662e+01,1.777674108743667603e-01,4.792047142982482910e-01
8.213000024486285611e+01,1.679737418889999390e-01,5.237483978271484375e-01
8.214000024489267560e+01,1.750952899456024170e-01,5.143229961395263672e-01
8.215000024492248087e+01,1.842897385358810425e-01,4.206752777099609375e-01
8.216000024495230036e+01,1.760859042406082153e-01,5.610644817352294922e-01
8.217000024498210564e+01,1.771278530359268188e-01,4.934884011745452881e-01
8.218000024501192513e+01,1.702993512153625488e-01,5.278554558753967285e-01
8.219000024504174462e+01,1.765801608562469482e-01,5.400279164314270020e-01
8.220000024507154990e+01,1.806026995182037354e-01,5.346344113349914551e-01
8.221000024510136939e+01,1.720014512538909912e-01,4.486882388591766357e-01
8.222000024513118888e+01,1.777790188789367676e-01,4.618606567382812500e-01
8.223000024516099415e+01,1.777149438858032227e-01,4.513814747333526611e-01
8.224000024519081364e+01,1.758448332548141479e-01,4.566316902637481689e-01
8.225000024522061892e+01,1.812860667705535889e-01,5.102853178977966309e-01
8.226000024525043841e+01,1.726429760456085205e-01,5.576320886611938477e-01
8.227000024528025790e+01,1.733079254627227783e-01,4.994823336601257324e-01
8.228000024531006318e+01,1.766088753938674927e-01,5.162525177001953125e-01
8.229000024533988267e+01,1.769141107797622681e-01,5.931515097618103027e-01
8.230000024536968795e+01,1.754518747329711914e-01,5.017753243446350098e-01
8.231000024539950743e+01,1.812972575426101685e-01,6.087576746940612793e-01
8.232000024542932692e+01,1.731788367033004761e-01,5.278870463371276855e-01
8.233000024545913220e+01,1.765322536230087280e-01,5.514594316482543945e-01
8.234000024548895169e+01,1.729697734117507935e-01,5.087202787399291992e-01
8.235000024551877118e+01,1.774514615535736084e-01,5.186191201210021973e-01
8.236000024554857646e+01,1.757608652114868164e-01,5.751270651817321777e-01
8.237000024557839595e+01,1.762127578258514404e-01,5.492206215858459473e-01
8.238000024560820123e+01,1.744606941938400269e-01,5.050386190414428711e-01
8.239000024563802071e+01,1.693309247493743896e-01,4.722779393196105957e-01
8.240000024566784020e+01,1.784531027078628540e-01,5.540472269058227539e-01
8.241000024569764548e+01,1.728219538927078247e-01,5.573740005493164062e-01
8.242000024572746497e+01,1.695962548255920410e-01,5.263838171958923340e-01
8.243000024575728446e+01,1.722645908594131470e-01,4.588738083839416504e-01
8.244000024578708974e+01,1.720578968524932861e-01,5.203251838684082031e-01
8.245000024581690923e+01,1.703505218029022217e-01,4.856603145599365234e-01
8.246000024584671451e+01,1.726796329021453857e-01,5.161019563674926758e-01
8.247000024587653400e+01,1.837997287511825562e-01,5.554361343383789062e-01
8.248000024590635348e+01,1.857610940933227539e-01,4.935514926910400391e-01
8.249000024593615876e+01,1.729698777198791504e-01,5.625798106193542480e-01
8.250000024596597825e+01,1.772155165672302246e-01,5.081032514572143555e-01
8.251000024599578353e+01,1.667056232690811157e-01,5.286539196968078613e-01
8.252000024602560302e+01,1.791854351758956909e-01,5.487856864929199219e-01
8.253000024605542251e+01,1.707732379436492920e-01,4.749870002269744873e-01
8.254000024608522779e+01,1.848588138818740845e-01,4.612514674663543701e-01
8.255000024611504728e+01,1.793222725391387939e-01,4.442773163318634033e-01
8.256000024614486676e+01,1.666705459356307983e-01,5.045328736305236816e-01
8.257000024617467204e+01,1.748759597539901733e-01,4.900598526000976562e-01
8.258000024620449153e+01,1.757682710886001587e-01,4.761292934417724609e-01
8.259000024623429681e+01,1.784173995256423950e-01,4.211349487304687500e-01
8.260000024626411630e+01,1.788543313741683960e-01,5.339462161064147949e-01
8.261000024629393579e+01,1.756369918584823608e-01,5.273051261901855469e-01
8.262000024632374107e+01,1.818078905344009399e-01,5.172314643859863281e-01
8.263000024635356056e+01,1.737048476934432983e-01,4.876284599304199219e-01
8.264000024638336583e+01,1.729428023099899292e-01,4.484237730503082275e-01
8.265000024641318532e+01,1.695065796375274658e-01,5.175696015357971191e-01
8.266000024644300481e+01,1.749594807624816895e-01,4.925865232944488525e-01
8.267000024647281009e+01,1.784170269966125488e-01,6.098167300224304199e-01
8.268000024650262958e+01,1.720592677593231201e-01,4.865190088748931885e-01
8.269000024653244907e+01,1.766644865274429321e-01,4.549851417541503906e-01
8.270000024656225435e+01,1.790216416120529175e-01,5.143507122993469238e-01
8.271000024659207384e+01,1.685722619295120239e-01,5.134483575820922852e-01
8.272000024662187911e+01,1.743260025978088379e-01,5.466580986976623535e-01
8.273000024665169860e+01,1.833956390619277954e-01,5.100318789482116699e-01
8.274000024668151809e+01,1.726093441247940063e-01,4.866344630718231201e-01
8.275000024671132337e+01,1.789442002773284912e-01,5.977542996406555176e-01
8.276000024674114286e+01,1.774821430444717407e-01,4.925017952919006348e-01
8.277000024677096235e+01,1.783040314912796021e-01,5.170364379882812500e-01
8.278000024680076763e+01,1.790234744548797607e-01,5.477598309516906738e-01
8.279000024683058712e+01,1.767119169235229492e-01,5.082306265830993652e-01
8.280000024686039239e+01,1.762903034687042236e-01,5.353836417198181152e-01
8.281000024689021188e+01,1.754775494337081909e-01,4.797517061233520508e-01
8.282000024692003137e+01,1.757216751575469971e-01,5.511507987976074219e-01
8.283000024694983665e+01,1.716864556074142456e-01,4.971122741699218750e-01
8.284000024697965614e+01,1.772882044315338135e-01,4.790935516357421875e-01
8.285000024700946142e+01,1.750019937753677368e-01,5.603923797607421875e-01
8.286000024703928091e+01,1.736564338207244873e-01,4.885602593421936035e-01
8.287000024706910040e+01,1.687998771667480469e-01,5.302644968032836914e-01
8.288000024709890567e+01,1.818696111440658569e-01,5.888273715972900391e-01
8.289000024712872516e+01,1.668062657117843628e-01,5.026742219924926758e-01
8.290000024715854465e+01,1.780135184526443481e-01,5.124753713607788086e-01
8.291000024718834993e+01,1.728728413581848145e-01,5.359067916870117188e-01
8.292000024721816942e+01,1.786697655916213989e-01,6.081964373588562012e-01
8.293000024724797470e+01,1.773139685392379761e-01,6.103259325027465820e-01
8.294000024727779419e+01,1.814417541027069092e-01,5.425156950950622559e-01
8.295000024730761368e+01,1.683559715747833252e-01,4.930129945278167725e-01
8.296000024733741895e+01,1.786578148603439331e-01,4.808043539524078369e-01
8.297000024736723844e+01,1.739060282707214355e-01,5.309927463531494141e-01
8.298000024739704372e+01,1.698261797428131104e-01,4.749559760093688965e-01
8.299000024742686321e+01,1.721749007701873779e-01,4.520808756351470947e-01
8.300000024745668270e+01,1.791727095842361450e-01,5.069284439086914062e-01
8.301000024748648798e+01,1.683052778244018555e-01,5.057078003883361816e-01
8.302000024751630747e+01,1.708002090454101562e-01,4.824495911598205566e-01
8.303000024754612696e+01,1.763477772474288940e-01,4.745021462440490723e-01
8.304000024757593224e+01,1.678962409496307373e-01,4.531869292259216309e-01
8.305000024760575172e+01,1.800770759582519531e-01,4.995646178722381592e-01
8.306000024763555700e+01,1.771023869514465332e-01,4.857839643955230713e-01
8.307000024766537649e+01,1.724485456943511963e-01,5.016451478004455566e-01
8.308000024769519598e+01,1.740488559007644653e-01,4.567995667457580566e-01
8.309000024772500126e+01,1.766974776983261108e-01,5.277068614959716797e-01
8.310000024775482075e+01,1.683204025030136108e-01,5.205157995223999023e-01
8.311000024778464024e+01,1.797651648521423340e-01,4.432403743267059326e-01
8.312000024781444552e+01,1.742628067731857300e-01,5.144929885864257812e-01
8.313000024784426500e+01,1.838869005441665649e-01,5.274465084075927734e-01
8.314000024787407028e+01,1.758361309766769409e-01,5.291641950607299805e-01
8.315000024790388977e+01,1.769805401563644409e-01,5.328407287597656250e-01
8.316000024793370926e+01,1.740089356899261475e-01,4.779172539710998535e-01
8.317000024796351454e+01,1.725282669067382812e-01,5.170863866806030273e-01
8.318000024799333403e+01,1.705107390880584717e-01,5.284420251846313477e-01
8.319000024802313931e+01,1.788130253553390503e-01,5.941710472106933594e-01
8.320000024805295880e+01,1.838299632072448730e-01,4.986127912998199463e-01
8.321000024808277828e+01,1.812696456909179688e-01,5.256128907203674316e-01
8.322000024811258356e+01,1.893798410892486572e-01,5.561918020248413086e-01
8.323000024814240305e+01,1.814468502998352051e-01,4.130353927612304688e-01
8.324000024817222254e+01,1.806250214576721191e-01,5.253828763961791992e-01
8.325000024820202782e+01,1.756319850683212280e-01,5.762116909027099609e-01
8.326000024823184731e+01,1.746948659420013428e-01,5.308488607406616211e-01
8.327000024826165259e+01,1.782039105892181396e-01,5.165541172027587891e-01
8.328000024829147208e+01,1.747076809406280518e-01,4.759500026702880859e-01
8.329000024832129156e+01,1.861838400363922119e-01,5.480440855026245117e-01
8.330000024835109684e+01,1.817105412483215332e-01,4.812478721141815186e-01
8.331000024838091633e+01,1.815523803234100342e-01,4.335409700870513916e-01
8.332000024841072161e+01,1.781844049692153931e-01,4.821145832538604736e-01
8.333000024844054110e+01,1.769627183675765991e-01,4.282992780208587646e-01
8.334000024847036059e+01,1.765414476394653320e-01,4.651304781436920166e-01
8.335000024850016587e+01,1.806935071945190430e-01,5.274147987365722656e-01
8.336000024852998536e+01,1.823503226041793823e-01,4.550885856151580811e-01
8.337000024855980485e+01,1.804700791835784912e-01,4.571658074855804443e-01
8.338000024858961012e+01,1.923389583826065063e-01,4.163946211338043213e-01
8.339000024861942961e+01,1.864365637302398682e-01,4.337988495826721191e-01
8.340000024864923489e+01,1.780504584312438965e-01,4.152644574642181396e-01
8.341000024867905438e+01,1.805873364210128784e-01,4.595011770725250244e-01
8.342000024870887387e+01,1.718893498182296753e-01,5.011194944381713867e-01
8.343000024873867915e+01,1.750653982162475586e-01,4.977863729000091553e-01
8.344000024876849864e+01,1.750742644071578979e-01,4.349125921726226807e-01
8.345000024879831813e+01,1.782127916812896729e-01,4.017326831817626953e-01
8.346000024882812340e+01,1.836113631725311279e-01,4.908712804317474365e-01
8.347000024885794289e+01,1.875243633985519409e-01,4.111000001430511475e-01
8.348000024888774817e+01,1.789437830448150635e-01,4.810622036457061768e-01
8.349000024891756766e+01,1.777404397726058960e-01,4.406920671463012695e-01
8.350000024894738715e+01,1.789412498474121094e-01,4.477499425411224365e-01
8.351000024897719243e+01,1.775054633617401123e-01,4.744313955307006836e-01
8.352000024900701192e+01,1.806651204824447632e-01,5.384078621864318848e-01
8.353000024903681719e+01,1.829980462789535522e-01,4.960116744041442871e-01
8.354000024906663668e+01,1.832316368818283081e-01,5.053500533103942871e-01
8.355000024909645617e+01,1.786549836397171021e-01,4.780496358871459961e-01
8.356000024912626145e+01,1.732604801654815674e-01,4.301965832710266113e-01
8.357000024915608094e+01,1.782957017421722412e-01,4.163765609264373779e-01
8.358000024918590043e+01,1.807010620832443237e-01,5.355025529861450195e-01
8.359000024921570571e+01,1.802955269813537598e-01,4.632111787796020508e-01
8.360000024924552520e+01,1.751338094472885132e-01,4.852451682090759277e-01
8.361000024927533048e+01,1.720410585403442383e-01,4.816239178180694580e-01
8.362000024930514996e+01,1.824182868003845215e-01,4.317781329154968262e-01
8.363000024933496945e+01,1.817319244146347046e-01,4.644084870815277100e-01
8.364000024936477473e+01,1.751268059015274048e-01,4.852966368198394775e-01
8.365000024939459422e+01,1.785129308700561523e-01,4.648273289203643799e-01
8.366000024942439950e+01,1.777742505073547363e-01,4.602581560611724854e-01
8.367000024945421899e+01,1.822694092988967896e-01,4.783089160919189453e-01
8.368000024948403848e+01,1.734714359045028687e-01,4.401434957981109619e-01
8.369000024951384376e+01,1.789079755544662476e-01,4.825976490974426270e-01
8.370000024954366324e+01,1.894427537918090820e-01,4.899819493293762207e-01
8.371000024957348273e+01,1.775412410497665405e-01,5.003207921981811523e-01
8.372000024960328801e+01,1.776184439659118652e-01,4.007320702075958252e-01
8.373000024963310750e+01,1.820661574602127075e-01,5.073962211608886719e-01
8.374000024966291278e+01,1.813608258962631226e-01,4.631954729557037354e-01
8.375000024969273227e+01,1.825465261936187744e-01,4.646991193294525146e-01
8.376000024972255176e+01,1.835962384939193726e-01,4.014398455619812012e-01
8.377000024975235704e+01,1.766850650310516357e-01,4.836665093898773193e-01
8.378000024978217652e+01,1.799570620059967041e-01,5.400335788726806641e-01
8.379000024981199601e+01,1.767005324363708496e-01,4.241408407688140869e-01
8.380000024984180129e+01,1.856457293033599854e-01,4.783758223056793213e-01
8.381000024987162078e+01,1.766652613878250122e-01,4.984342753887176514e-01
8.382000024990142606e+01,1.824547499418258667e-01,4.542016685009002686e-01
8.383000024993124555e+01,1.813007444143295288e-01,4.530682563781738281e-01
8.384000024996106504e+01,1.780605167150497437e-01,4.655702412128448486e-01
8.385000024999087032e+01,1.831486076116561890e-01,5.117678046226501465e-01
8.386000025002068980e+01,1.812345087528228760e-01,5.544943809509277344e-01
8.387000025005049508e+01,1.741974949836730957e-01,5.104362964630126953e-01
8.388000025008031457e+01,1.747661232948303223e-01,5.174835324287414551e-01
8.389000025011013406e+01,1.703319996595382690e-01,4.743223190307617188e-01
8.390000025013993934e+01,1.802278161048889160e-01,5.003213286399841309e-01
8.391000025016975883e+01,1.817807555198669434e-01,5.260462164878845215e-01
8.392000025019957832e+01,1.784531921148300171e-01,5.316499471664428711e-01
8.393000025022938360e+01,1.718744188547134399e-01,5.298634171485900879e-01
8.394000025025920309e+01,1.835388988256454468e-01,5.009731054306030273e-01
8.395000025028900836e+01,1.697975397109985352e-01,4.721762239933013916e-01
8.396000025031882785e+01,1.738096624612808228e-01,5.546685457229614258e-01
8.397000025034864734e+01,1.712789535522460938e-01,5.073389410972595215e-01
8.398000025037845262e+01,1.776036769151687622e-01,4.561876058578491211e-01
8.399000025040827211e+01,1.723496466875076294e-01,4.880723953247070312e-01
8.400000025043809160e+01,1.775535196065902710e-01,4.959302544593811035e-01
8.401000025046789688e+01,1.783890873193740845e-01,4.866889715194702148e-01
8.402000025049771637e+01,1.808924973011016846e-01,5.311100482940673828e-01
8.403000025052752164e+01,1.772955209016799927e-01,5.279359221458435059e-01
8.404000025055734113e+01,1.848195046186447144e-01,5.456042289733886719e-01
8.405000025058716062e+01,1.743848174810409546e-01,4.315479993820190430e-01
8.406000025061696590e+01,1.699838936328887939e-01,4.245504438877105713e-01
8.407000025064678539e+01,1.743507981300354004e-01,4.447821080684661865e-01
8.408000025067659067e+01,1.750728785991668701e-01,4.491339921951293945e-01
8.409000025070641016e+01,1.780825108289718628e-01,4.842229187488555908e-01
8.410000025073622965e+01,1.729932278394699097e-01,4.355086386203765869e-01
8.411000025076603492e+01,1.846940070390701294e-01,4.910579621791839600e-01
8.412000025079585441e+01,1.798472255468368530e-01,5.171330571174621582e-01
8.413000025082567390e+01,1.742282211780548096e-01,4.258891940116882324e-01
8.414000025085547918e+01,1.741578131914138794e-01,4.567368924617767334e-01
8.415000025088529867e+01,1.714012175798416138e-01,4.163017868995666504e-01
8.416000025091510395e+01,1.737146526575088501e-01,4.554368257522583008e-01
8.417000025094492344e+01,1.771484315395355225e-01,4.310923516750335693e-01
8.418000025097474293e+01,1.803963780403137207e-01,5.656982660293579102e-01
8.419000025100454820e+01,1.795668601989746094e-01,4.695648252964019775e-01
8.420000025103436769e+01,1.835508793592453003e-01,5.052628517150878906e-01
8.421000025106417297e+01,1.743637323379516602e-01,4.885697960853576660e-01
8.422000025109399246e+01,1.855913549661636353e-01,4.923494160175323486e-01
8.423000025112381195e+01,1.825686097145080566e-01,5.154536366462707520e-01
8.424000025115361723e+01,1.763818114995956421e-01,5.364396572113037109e-01
8.425000025118343672e+01,1.706808507442474365e-01,4.764502942562103271e-01
8.426000025121325621e+01,1.752946823835372925e-01,5.862656831741333008e-01
8.427000025124306148e+01,1.745908111333847046e-01,4.914355874061584473e-01
8.428000025127288097e+01,1.679151654243469238e-01,5.009174942970275879e-01
8.429000025130268625e+01,1.654037386178970337e-01,4.790146946907043457e-01
8.430000025133250574e+01,1.729069650173187256e-01,5.133446455001831055e-01
8.431000025136232523e+01,1.784110963344573975e-01,4.937578439712524414e-01
8.432000025139213051e+01,1.712544858455657959e-01,4.879161119461059570e-01
8.433000025142195000e+01,1.693080216646194458e-01,4.712889492511749268e-01
8.434000025145176949e+01,1.790882647037506104e-01,4.214259982109069824e-01
8.435000025148157476e+01,1.749175488948822021e-01,5.227854847908020020e-01
8.436000025151139425e+01,1.743247658014297485e-01,5.229738950729370117e-01
8.437000025154119953e+01,1.672324836254119873e-01,5.387179255485534668e-01
8.438000025157101902e+01,1.843889653682708740e-01,5.505238175392150879e-01
8.439000025160083851e+01,1.753380894660949707e-01,4.304543435573577881e-01
8.440000025163064379e+01,1.743176132440567017e-01,4.622443914413452148e-01
8.441000025166046328e+01,1.638986468315124512e-01,4.538061022758483887e-01
8.442000025169026856e+01,1.751289516687393188e-01,4.977885186672210693e-01
8.443000025172008804e+01,1.840370297431945801e-01,4.879046976566314697e-01
8.444000025174990753e+01,1.797585487365722656e-01,5.286605358123779297e-01
8.445000025177971281e+01,1.708302795886993408e-01,4.143741428852081299e-01
8.446000025180953230e+01,1.782938241958618164e-01,4.802446961402893066e-01
8.447000025183935179e+01,1.816557496786117554e-01,4.562448859214782715e-01
8.448000025186915707e+01,1.717716157436370850e-01,4.543500244617462158e-01
8.449000025189897656e+01,1.723739802837371826e-01,4.662742316722869873e-01
8.450000025192878184e+01,1.640434861183166504e-01,4.557313621044158936e-01
8.451000025195860132e+01,1.752372682094573975e-01,5.799911618232727051e-01
8.452000025198842081e+01,1.739038825035095215e-01,4.999323487281799316e-01
8.453000025201822609e+01,1.698770374059677124e-01,5.419415235519409180e-01
8.454000025204804558e+01,1.653806418180465698e-01,4.697780013084411621e-01
8.455000025207785086e+01,1.644434928894042969e-01,4.250219464302062988e-01
8.456000025210767035e+01,1.782185435295104980e-01,4.844053089618682861e-01
8.457000025213748984e+01,1.775376349687576294e-01,4.407273828983306885e-01
8.458000025216729512e+01,1.790266484022140503e-01,4.795771539211273193e-01
8.459000025219711461e+01,1.802297681570053101e-01,4.520842134952545166e-01
8.460000025222693409e+01,1.866266876459121704e-01,4.727319777011871338e-01
8.461000025225673937e+01,1.786012947559356689e-01,4.999496638774871826e-01
8.462000025228655886e+01,1.822665631771087646e-01,4.951239824295043945e-01
8.463000025231636414e+01,1.790914833545684814e-01,5.731874108314514160e-01
8.464000025234618363e+01,1.675859838724136353e-01,5.090058445930480957e-01
8.465000025237600312e+01,1.680521667003631592e-01,4.879387915134429932e-01
8.466000025240580840e+01,1.891140937805175781e-01,5.463850498199462891e-01
8.467000025243562789e+01,1.681880950927734375e-01,5.149048566818237305e-01
8.468000025246544737e+01,1.745847165584564209e-01,4.909948408603668213e-01
8.469000025249525265e+01,1.840640455484390259e-01,4.554454982280731201e-01
8.470000025252507214e+01,1.728444248437881470e-01,4.404039382934570312e-01
8.471000025255487742e+01,1.781642884016036987e-01,4.694287776947021484e-01
8.472000025258469691e+01,1.690713763236999512e-01,5.113642811775207520e-01
8.473000025261451640e+01,1.721148490905761719e-01,4.224177300930023193e-01
8.474000025264432168e+01,1.750128716230392456e-01,4.465406835079193115e-01
8.475000025267414117e+01,1.775923967361450195e-01,4.552989304065704346e-01
8.476000025270394644e+01,1.765599101781845093e-01,4.386416971683502197e-01
8.477000025273376593e+01,1.823786050081253052e-01,4.757332205772399902e-01
8.478000025276358542e+01,1.810204237699508667e-01,4.294970631599426270e-01
8.479000025279339070e+01,1.752485632896423340e-01,4.460514485836029053e-01
8.480000025282321019e+01,1.715877950191497803e-01,4.294643402099609375e-01
8.481000025285302968e+01,1.688266396522521973e-01,5.047369599342346191e-01
8.482000025288283496e+01,1.768125146627426147e-01,4.558475613594055176e-01
8.483000025291265445e+01,1.739150434732437134e-01,4.320598244667053223e-01
8.484000025294245972e+01,1.794097721576690674e-01,4.476891160011291504e-01
8.485000025297227921e+01,1.701515913009643555e-01,4.234370887279510498e-01
8.486000025300209870e+01,1.704444736242294312e-01,3.763303458690643311e-01
8.487000025303190398e+01,1.728742867708206177e-01,4.459936618804931641e-01
8.488000025306172347e+01,1.768679916858673096e-01,4.811721444129943848e-01
8.489000025309152875e+01,1.700737327337265015e-01,4.700495004653930664e-01
8.490000025312134824e+01,1.826287955045700073e-01,5.096403360366821289e-01
8.491000025315116773e+01,1.778456568717956543e-01,5.038994550704956055e-01
8.492000025318097300e+01,1.787520647048950195e-01,5.269097685813903809e-01
8.493000025321079249e+01,1.768942922353744507e-01,5.400737524032592773e-01
8.494000025324061198e+01,1.771963834762573242e-01,4.987993538379669189e-01
8.495000025327041726e+01,1.897237896919250488e-01,5.685221552848815918e-01
8.496000025330023675e+01,1.842853128910064697e-01,4.849646091461181641e-01
8.497000025333004203e+01,1.745505630970001221e-01,4.762873351573944092e-01
8.498000025335986152e+01,1.750146001577377319e-01,5.099829435348510742e-01
8.499000025338968101e+01,1.750323623418807983e-01,4.856303036212921143e-01
8.500000025341948628e+01,1.756435930728912354e-01,4.994239211082458496e-01
8.501000025344930577e+01,1.821954697370529175e-01,4.947673082351684570e-01
8.502000025347912526e+01,1.856428980827331543e-01,4.785876274108886719e-01
8.503000025350893054e+01,1.737878471612930298e-01,4.462112784385681152e-01
8.504000025353875003e+01,1.720959544181823730e-01,4.743821322917938232e-01
8.505000025356855531e+01,1.811618804931640625e-01,5.128516554832458496e-01
8.506000025359837480e+01,1.700523942708969116e-01,4.836405217647552490e-01
8.507000025362819429e+01,1.710830181837081909e-01,4.501040875911712646e-01
8.508000025365799956e+01,1.816364526748657227e-01,4.888376593589782715e-01
8.509000025368781905e+01,1.749306768178939819e-01,4.516633450984954834e-01
8.510000025371762433e+01,1.674809902906417847e-01,4.224773049354553223e-01
8.511000025374744382e+01,1.700031459331512451e-01,4.347447454929351807e-01
8.512000025377726331e+01,1.724329143762588501e-01,4.625489115715026855e-01
8.513000025380706859e+01,1.743602901697158813e-01,4.534207582473754883e-01
8.514000025383688808e+01,1.740265488624572754e-01,4.541472196578979492e-01
8.515000025386670757e+01,1.784748584032058716e-01,4.583496451377868652e-01
8.516000025389651285e+01,1.835000962018966675e-01,4.890850186347961426e-01
8.517000025392633233e+01,1.779885590076446533e-01,4.734204113483428955e-01
8.518000025395613761e+01,1.771743148565292358e-01,4.782433509826660156e-01
8.519000025398595710e+01,1.778894662857055664e-01,5.090913772583007812e-01
8.520000025401577659e+01,1.641353368759155273e-01,3.881795704364776611e-01
8.521000025404558187e+01,1.727106720209121704e-01,4.884368181228637695e-01
8.522000025407540136e+01,1.746314615011215210e-01,4.708710014820098877e-01
8.523000025410520664e+01,1.756760329008102417e-01,4.933046996593475342e-01
8.524000025413502613e+01,1.812603175640106201e-01,3.967628180980682373e-01
8.525000025416484561e+01,1.673136055469512939e-01,4.205031394958496094e-01
8.526000025419465089e+01,1.739753782749176025e-01,4.514045715332031250e-01
8.527000025422447038e+01,1.726889014244079590e-01,4.719862341880798340e-01
8.528000025425428987e+01,1.727680563926696777e-01,3.997425734996795654e-01
8.529000025428409515e+01,1.730485111474990845e-01,4.670924842357635498e-01
8.530000025431391464e+01,1.744993329048156738e-01,4.238531291484832764e-01
8.531000025434371992e+01,1.773074120283126831e-01,5.255199670791625977e-01
8.532000025437353941e+01,1.716572046279907227e-01,5.856772065162658691e-01
8.533000025440335889e+01,1.831128299236297607e-01,4.620089530944824219e-01
8.534000025443316417e+01,1.800775527954101562e-01,4.921995103359222412e-01
8.535000025446298366e+01,1.710557043552398682e-01,5.404446125030517578e-01
8.536000025449280315e+01,1.768416017293930054e-01,4.969695806503295898e-01
8.537000025452260843e+01,1.780815720558166504e-01,5.067090392112731934e-01
8.538000025455242792e+01,1.753131896257400513e-01,4.830367863178253174e-01
8.539000025458223320e+01,1.811477094888687134e-01,5.113797783851623535e-01
8.540000025461205269e+01,1.698251068592071533e-01,4.994696378707885742e-01
8.541000025464187217e+01,1.762268990278244019e-01,5.483126044273376465e-01
8.542000025467167745e+01,1.682092100381851196e-01,5.290515422821044922e-01
8.543000025470149694e+01,1.764135360717773438e-01,5.564453601837158203e-01
8.544000025473130222e+01,1.780856102705001831e-01,5.226514935493469238e-01
8.545000025476112171e+01,1.740662157535552979e-01,5.364348888397216797e-01
8.546000025479094120e+01,1.793028563261032104e-01,4.596161544322967529e-01
8.547000025482074648e+01,1.747331321239471436e-01,5.108624696731567383e-01
8.548000025485056597e+01,1.791272759437561035e-01,5.084194540977478027e-01
8.549000025488038546e+01,1.882032901048660278e-01,4.938427805900573730e-01
8.550000025491019073e+01,1.699838489294052124e-01,4.688887596130371094e-01
8.551000025494001022e+01,1.710557639598846436e-01,4.773209095001220703e-01
8.552000025496981550e+01,1.746920347213745117e-01,4.565679430961608887e-01
8.553000025499963499e+01,1.782525777816772461e-01,5.250425338745117188e-01
8.554000025502945448e+01,1.759009957313537598e-01,5.496110916137695312e-01
8.555000025505925976e+01,1.743332445621490479e-01,4.951546192169189453e-01
8.556000025508907925e+01,1.743377447128295898e-01,4.383780360221862793e-01
8.557000025511888452e+01,1.696178615093231201e-01,5.128763914108276367e-01
8.558000025514870401e+01,1.770145744085311890e-01,5.289294123649597168e-01
8.559000025517852350e+01,1.718091815710067749e-01,5.074448585510253906e-01
8.560000025520832878e+01,1.732430607080459595e-01,5.121103525161743164e-01
8.561000025523814827e+01,1.776567697525024414e-01,5.514885187149047852e-01
8.562000025526796776e+01,1.660938411951065063e-01,5.267650485038757324e-01
8.563000025529777304e+01,1.730335801839828491e-01,5.692681670188903809e-01
8.564000025532759253e+01,1.882817447185516357e-01,6.187502741813659668e-01
8.565000025535739780e+01,1.706925630569458008e-01,5.638236999511718750e-01
8.566000025538721729e+01,1.757732629776000977e-01,5.875155925750732422e-01
8.567000025541703678e+01,1.746783107519149780e-01,5.220649242401123047e-01
8.568000025544684206e+01,1.702641546726226807e-01,4.146904051303863525e-01
8.569000025547666155e+01,1.675892174243927002e-01,4.743771255016326904e-01
8.570000025550648104e+01,1.742754131555557251e-01,4.731507003307342529e-01
8.571000025553628632e+01,1.771402806043624878e-01,4.958423376083374023e-01
8.572000025556610581e+01,1.843309700489044189e-01,6.564882397651672363e-01
8.573000025559591109e+01,1.768542230129241943e-01,5.281325578689575195e-01
8.574000025562573057e+01,1.767371892929077148e-01,5.319358706474304199e-01
8.575000025565555006e+01,1.640967875719070435e-01,4.411892890930175781e-01
8.576000025568535534e+01,1.687799543142318726e-01,5.339592099189758301e-01
8.577000025571517483e+01,1.723698079586029053e-01,4.671823382377624512e-01
8.578000025574498011e+01,1.684379428625106812e-01,4.512790441513061523e-01
8.579000025577479960e+01,1.747614741325378418e-01,4.639762043952941895e-01
8.580000025580461909e+01,1.777891069650650024e-01,5.198708772659301758e-01
8.581000025583442437e+01,1.705402284860610962e-01,5.158835649490356445e-01
8.582000025586424385e+01,1.749136894941329956e-01,5.707316994667053223e-01
8.583000025589406334e+01,1.766595542430877686e-01,5.263726711273193359e-01
8.584000025592386862e+01,1.767582446336746216e-01,4.540950357913970947e-01
8.585000025595368811e+01,1.768804788589477539e-01,4.618709385395050049e-01
8.586000025598349339e+01,1.622882783412933350e-01,5.208091735839843750e-01
8.587000025601331288e+01,1.745777130126953125e-01,5.261514186859130859e-01
8.588000025604313237e+01,1.910312920808792114e-01,4.931630790233612061e-01
8.589000025607293765e+01,1.767582446336746216e-01,5.580584406852722168e-01
8.590000025610275713e+01,1.790041029453277588e-01,5.576771497726440430e-01
8.591000025613257662e+01,1.842345595359802246e-01,4.359099864959716797e-01
8.592000025616238190e+01,1.738869845867156982e-01,4.304378330707550049e-01
8.593000025619220139e+01,1.786899566650390625e-01,5.117852687835693359e-01
8.594000025622200667e+01,1.938925385475158691e-01,5.097501873970031738e-01
8.595000025625182616e+01,1.657370328903198242e-01,5.410969853401184082e-01
8.596000025628164565e+01,1.706365495920181274e-01,5.482226610183715820e-01
8.597000025631145093e+01,1.821105331182479858e-01,4.803476929664611816e-01
8.598000025634127041e+01,1.754663735628128052e-01,5.087363123893737793e-01
8.599000025637107569e+01,1.745914965867996216e-01,4.509121477603912354e-01
8.600000025640089518e+01,1.811079531908035278e-01,4.599207937717437744e-01
8.601000025643071467e+01,1.895020604133605957e-01,5.199201107025146484e-01
8.602000025646051995e+01,1.756545454263687134e-01,5.299244523048400879e-01
8.603000025649033944e+01,1.714861840009689331e-01,4.739838242530822754e-01
8.604000025652015893e+01,1.695754230022430420e-01,5.200893878936767578e-01
8.605000025654996421e+01,1.739999353885650635e-01,5.627094507217407227e-01
8.606000025657978370e+01,1.749080717563629150e-01,5.225122570991516113e-01
8.607000025660958897e+01,1.777091324329376221e-01,4.984613955020904541e-01
8.608000025663940846e+01,1.797876060009002686e-01,4.662116169929504395e-01
8.609000025666922795e+01,1.789096146821975708e-01,5.211054086685180664e-01
8.610000025669903323e+01,1.723994761705398560e-01,5.428795218467712402e-01
8.611000025672885272e+01,1.712482422590255737e-01,5.003092885017395020e-01
8.612000025675865800e+01,1.743063330650329590e-01,5.618458390235900879e-01
8.613000025678847749e+01,1.728800088167190552e-01,5.761709809303283691e-01
8.614000025681829698e+01,1.714746654033660889e-01,5.481497049331665039e-01
8.615000025684810225e+01,1.761322021484375000e-01,5.585198402404785156e-01
8.616000025687792174e+01,1.731293797492980957e-01,5.685902237892150879e-01
8.617000025690774123e+01,1.789654344320297241e-01,6.017230749130249023e-01
8.618000025693754651e+01,1.842238605022430420e-01,6.665066480636596680e-01
8.619000025696736600e+01,1.847659051418304443e-01,4.557279944419860840e-01
8.620000025699717128e+01,1.779908239841461182e-01,5.170546174049377441e-01
8.621000025702699077e+01,1.783928573131561279e-01,5.016422867774963379e-01
8.622000025705681026e+01,1.756682991981506348e-01,5.188392400741577148e-01
8.623000025708661553e+01,1.796188056468963623e-01,6.004561781883239746e-01
8.624000025711643502e+01,1.727068275213241577e-01,5.746821165084838867e-01
8.625000025714625451e+01,1.746657788753509521e-01,4.989985227584838867e-01
8.626000025717605979e+01,1.830445230007171631e-01,4.405312538146972656e-01
8.627000025720587928e+01,1.755018830299377441e-01,4.975283443927764893e-01
8.628000025723568456e+01,1.818666756153106689e-01,4.808594882488250732e-01
8.629000025726550405e+01,1.776431500911712646e-01,4.759520292282104492e-01
8.630000025729532354e+01,1.699094623327255249e-01,4.738688468933105469e-01
8.631000025732512881e+01,1.771798133850097656e-01,5.320803523063659668e-01
8.632000025735494830e+01,1.850527524948120117e-01,6.366495490074157715e-01
8.633000025738475358e+01,1.734422296285629272e-01,5.206976532936096191e-01
8.634000025741457307e+01,1.744411885738372803e-01,5.473560690879821777e-01
8.635000025744439256e+01,1.752013713121414185e-01,5.244858264923095703e-01
8.636000025747419784e+01,1.709808111190795898e-01,5.027635097503662109e-01
8.637000025750401733e+01,1.722306162118911743e-01,4.969286918640136719e-01
8.638000025753383682e+01,1.675138324499130249e-01,4.443078339099884033e-01
8.639000025756364209e+01,1.771427094936370850e-01,4.872679412364959717e-01
8.640000025759346158e+01,1.719204485416412354e-01,4.624338150024414062e-01
8.641000025762326686e+01,1.778551638126373291e-01,4.528048932552337646e-01
8.642000025765308635e+01,1.720226854085922241e-01,4.634076356887817383e-01
8.643000025768290584e+01,1.753412783145904541e-01,4.552151560783386230e-01
8.644000025771271112e+01,1.764915734529495239e-01,5.616596341133117676e-01
8.645000025774253061e+01,1.751502156257629395e-01,5.261315107345581055e-01
8.646000025777233589e+01,1.841926574707031250e-01,6.460024714469909668e-01
8.647000025780215537e+01,1.673406958580017090e-01,4.652587473392486572e-01
8.648000025783197486e+01,1.746594458818435669e-01,6.042436957359313965e-01
8.649000025786178014e+01,1.755425631999969482e-01,4.472554922103881836e-01
8.650000025789159963e+01,1.799249947071075439e-01,6.184409856796264648e-01
8.651000025792141912e+01,1.676415205001831055e-01,4.915127456188201904e-01
8.652000025795122440e+01,1.804423481225967407e-01,4.666364192962646484e-01
8.653000025798104389e+01,1.796184182167053223e-01,4.720686376094818115e-01
8.654000025801084917e+01,1.757994592189788818e-01,5.560660362243652344e-01
8.655000025804066865e+01,1.818464845418930054e-01,5.414358973503112793e-01
8.656000025807048814e+01,1.751909106969833374e-01,5.137194991111755371e-01
8.657000025810029342e+01,1.748865097761154175e-01,4.659382998943328857e-01
8.658000025813011291e+01,1.706299781799316406e-01,5.173781514167785645e-01
8.659000025815993240e+01,1.686364263296127319e-01,5.378274917602539062e-01
8.660000025818973768e+01,1.788366585969924927e-01,5.425598621368408203e-01
8.661000025821955717e+01,1.698800474405288696e-01,5.095135569572448730e-01
8.662000025824936245e+01,1.825054287910461426e-01,5.211036801338195801e-01
8.663000025827918193e+01,1.815491765737533569e-01,5.441482663154602051e-01
8.664000025830900142e+01,1.748896986246109009e-01,4.583809077739715576e-01
8.665000025833880670e+01,1.811995357275009155e-01,5.119608044624328613e-01
8.666000025836862619e+01,1.710692942142486572e-01,4.565804004669189453e-01
8.667000025839843147e+01,1.775752902030944824e-01,5.387384295463562012e-01
8.668000025842825096e+01,1.777065694332122803e-01,5.250148177146911621e-01
8.669000025845807045e+01,1.757291704416275024e-01,5.218175649642944336e-01
8.670000025848787573e+01,1.741380691528320312e-01,4.827521741390228271e-01
8.671000025851769522e+01,1.752336621284484863e-01,5.815551877021789551e-01
8.672000025854751470e+01,1.751967072486877441e-01,5.298677682876586914e-01
8.673000025857731998e+01,1.677300631999969482e-01,4.443160593509674072e-01
8.674000025860713947e+01,1.731035858392715454e-01,4.938015639781951904e-01
8.675000025863694475e+01,1.738400012254714966e-01,5.911176800727844238e-01
8.676000025866676424e+01,1.785335093736648560e-01,5.601708889007568359e-01
8.677000025869658373e+01,1.766941845417022705e-01,5.590911507606506348e-01
8.678000025872638901e+01,1.750758290290832520e-01,4.907875359058380127e-01
8.679000025875620850e+01,1.680653989315032959e-01,4.769480526447296143e-01
8.680000025878601377e+01,1.611325591802597046e-01,4.369166493415832520e-01
8.681000025881583326e+01,1.712723076343536377e-01,4.512408375740051270e-01
8.682000025884565275e+01,1.725847125053405762e-01,4.636383950710296631e-01
8.683000025887545803e+01,1.767824888229370117e-01,5.486257076263427734e-01
8.684000025890527752e+01,1.722900122404098511e-01,5.665307641029357910e-01
8.685000025893509701e+01,1.727808415889739990e-01,6.410055756568908691e-01
8.686000025896490229e+01,1.704803407192230225e-01,4.925085306167602539e-01
8.687000025899472178e+01,1.732197254896163940e-01,5.054780840873718262e-01
8.688000025902452705e+01,1.666805446147918701e-01,5.265986919403076172e-01
8.689000025905434654e+01,1.696290373802185059e-01,5.183944106101989746e-01
8.690000025908416603e+01,1.709095537662506104e-01,4.829869270324707031e-01
8.691000025911397131e+01,1.646915525197982788e-01,4.659463465213775635e-01
8.692000025914379080e+01,1.727997064590454102e-01,4.113315939903259277e-01
8.693000025917361029e+01,1.763679832220077515e-01,6.075796484947204590e-01
8.694000025920341557e+01,1.645278036594390869e-01,5.009461641311645508e-01
8.695000025923323506e+01,1.770300865173339844e-01,5.175380706787109375e-01
8.696000025926304033e+01,1.685076206922531128e-01,5.283255577087402344e-01
8.697000025929285982e+01,1.595314592123031616e-01,4.484962522983551025e-01
8.698000025932267931e+01,1.557000875473022461e-01,4.585525393486022949e-01
8.699000025935248459e+01,1.772392392158508301e-01,4.648030996322631836e-01
8.700000025938230408e+01,1.957880109548568726e-01,6.309798955917358398e-01
8.701000025941210936e+01,1.684961616992950439e-01,5.169021487236022949e-01
8.702000025944192885e+01,1.710909903049468994e-01,4.917939007282257080e-01
8.703000025947174834e+01,1.729674637317657471e-01,4.743937253952026367e-01
8.704000025950155361e+01,1.686017960309982300e-01,5.570863485336303711e-01
8.705000025953137310e+01,1.685147434473037720e-01,5.341244935989379883e-01
8.706000025956119259e+01,1.745970845222473145e-01,5.616797804832458496e-01
8.707000025959099787e+01,1.778400987386703491e-01,5.188885331153869629e-01
8.708000025962081736e+01,1.690839827060699463e-01,4.897004067897796631e-01
8.709000025965062264e+01,1.788797825574874878e-01,4.688375890254974365e-01
8.710000025968044213e+01,1.775907278060913086e-01,4.909449517726898193e-01
8.711000025971026162e+01,1.715254187583923340e-01,5.048281550407409668e-01
8.712000025974006689e+01,1.795610934495925903e-01,4.745582044124603271e-01
8.713000025976988638e+01,1.727502197027206421e-01,4.951881766319274902e-01
8.714000025979969166e+01,1.819025427103042603e-01,5.599381923675537109e-01
8.715000025982951115e+01,1.746225506067276001e-01,5.329689383506774902e-01
8.716000025985933064e+01,1.760353147983551025e-01,4.502695202827453613e-01
8.717000025988913592e+01,1.816487908363342285e-01,4.956768453121185303e-01
8.718000025991895541e+01,1.664633899927139282e-01,4.327333569526672363e-01
8.719000025994877490e+01,1.842585653066635132e-01,5.237119793891906738e-01
8.720000025997858017e+01,1.722102612257003784e-01,4.781075417995452881e-01
8.721000026000839966e+01,1.696833372116088867e-01,4.233769178390502930e-01
8.722000026003820494e+01,1.880541741847991943e-01,4.876215457916259766e-01
8.723000026006802443e+01,1.820682287216186523e-01,6.499003171920776367e-01
8.724000026009784392e+01,1.861932575702667236e-01,5.765492916107177734e-01
8.725000026012764920e+01,1.752823442220687866e-01,5.099247097969055176e-01
8.726000026015746869e+01,1.757508367300033569e-01,4.842408299446105957e-01
8.727000026018728818e+01,1.746159791946411133e-01,5.742697119712829590e-01
8.728000026021709346e+01,1.804830729961395264e-01,4.628065228462219238e-01
8.729000026024691294e+01,1.772570163011550903e-01,4.544318616390228271e-01
8.730000026027671822e+01,1.811901628971099854e-01,4.600671827793121338e-01
8.731000026030653771e+01,1.789254546165466309e-01,4.927824437618255615e-01
8.732000026033635720e+01,1.786118745803833008e-01,4.452456235885620117e-01
8.733000026036616248e+01,1.942941695451736450e-01,4.365906715393066406e-01
8.734000026039598197e+01,1.735958606004714966e-01,4.723332524299621582e-01
8.735000026042578725e+01,1.808260977268218994e-01,4.699162840843200684e-01
8.736000026045560674e+01,1.674155741930007935e-01,4.272367656230926514e-01
8.737000026048542622e+01,1.683852076530456543e-01,4.841146767139434814e-01
8.738000026051523150e+01,1.706679910421371460e-01,4.707523882389068604e-01
8.739000026054505099e+01,1.776269078254699707e-01,4.997776746749877930e-01
8.740000026057487048e+01,1.796463280916213989e-01,5.816664695739746094e-01
8.741000026060467576e+01,1.816750466823577881e-01,5.158912539482116699e-01
8.742000026063449525e+01,1.750247925519943237e-01,5.307205915451049805e-01
8.743000026066430053e+01,1.785801798105239868e-01,6.319851875305175781e-01
8.744000026069412002e+01,1.747960597276687622e-01,5.569601655006408691e-01
8.745000026072393950e+01,1.835996359586715698e-01,4.965013563632965088e-01
8.746000026075374478e+01,1.827352792024612427e-01,4.201123416423797607e-01
8.747000026078356427e+01,1.733339577913284302e-01,4.620020091533660889e-01
8.748000026081336955e+01,1.696283072233200073e-01,4.971913993358612061e-01
8.749000026084318904e+01,1.797005981206893921e-01,5.085271000862121582e-01
8.750000026087300853e+01,1.781432032585144043e-01,4.426963031291961670e-01
8.751000026090281381e+01,1.911377757787704468e-01,4.184620082378387451e-01
8.752000026093263330e+01,1.784522831439971924e-01,5.104873776435852051e-01
8.753000026096245278e+01,1.790087074041366577e-01,5.261411070823669434e-01
8.754000026099225806e+01,1.805211305618286133e-01,5.106357336044311523e-01
8.755000026102207755e+01,1.743242442607879639e-01,4.938752949237823486e-01
8.756000026105188283e+01,1.788711696863174438e-01,4.627157151699066162e-01
8.757000026108170232e+01,1.745470464229583740e-01,4.637922942638397217e-01
8.758000026111152181e+01,1.724013984203338623e-01,5.258430838584899902e-01
8.759000026114132709e+01,1.850403249263763428e-01,4.682319760322570801e-01
8.760000026117114658e+01,1.782698333263397217e-01,4.724915623664855957e-01
8.761000026120096607e+01,1.683151423931121826e-01,4.301101565361022949e-01
8.762000026123077134e+01,1.837191879749298096e-01,5.481799244880676270e-01
8.763000026126059083e+01,1.713419556617736816e-01,4.887949824333190918e-01
8.764000026129039611e+01,1.757144480943679810e-01,4.995612502098083496e-01
8.765000026132021560e+01,1.688346862792968750e-01,5.059596300125122070e-01
8.766000026135003509e+01,1.720715463161468506e-01,4.883012473583221436e-01
8.767000026137984037e+01,1.796653568744659424e-01,4.795275330543518066e-01
8.768000026140965986e+01,1.685846447944641113e-01,5.171987414360046387e-01
8.769000026143946513e+01,1.801469624042510986e-01,4.886477887630462646e-01
8.770000026146928462e+01,1.725987941026687622e-01,4.738687574863433838e-01
8.771000026149910411e+01,1.718350797891616821e-01,4.909166991710662842e-01
8.772000026152890939e+01,1.675734072923660278e-01,4.613631367683410645e-01
8.773000026155872888e+01,1.658844798803329468e-01,4.950877130031585693e-01
8.774000026158854837e+01,1.759334504604339600e-01,4.817902743816375732e-01
8.775000026161835365e+01,1.788059622049331665e-01,5.127853751182556152e-01
8.776000026164817314e+01,1.685103327035903931e-01,5.192412137985229492e-01
8.777000026167797841e+01,1.749968677759170532e-01,4.826791286468505859e-01
8.778000026170779790e+01,1.710363030433654785e-01,4.758569896221160889e-01
8.779000026173761739e+01,1.814078986644744873e-01,4.367118179798126221e-01
8.780000026176742267e+01,1.742415130138397217e-01,5.502832531929016113e-01
8.781000026179724216e+01,1.658845841884613037e-01,5.027747750282287598e-01
8.782000026182706165e+01,1.851044148206710815e-01,4.913755655288696289e-01
8.783000026185686693e+01,1.761568784713745117e-01,4.635681211948394775e-01
8.784000026188668642e+01,1.752549111843109131e-01,5.526815652847290039e-01
8.785000026191649170e+01,1.720250248908996582e-01,4.894699752330780029e-01
8.786000026194631118e+01,1.821948885917663574e-01,5.234335660934448242e-01
8.787000026197613067e+01,1.748925596475601196e-01,4.519539773464202881e-01
8.788000026200593595e+01,1.715727299451828003e-01,5.073208808898925781e-01
8.789000026203575544e+01,1.744356602430343628e-01,4.706634879112243652e-01
8.790000026206556072e+01,1.827567815780639648e-01,5.300184488296508789e-01
8.791000026209538021e+01,1.733040213584899902e-01,4.984977543354034424e-01
8.792000026212519970e+01,1.703526377677917480e-01,5.106574892997741699e-01
8.793000026215500498e+01,1.779258102178573608e-01,5.297306180000305176e-01
8.794000026218482446e+01,1.809906661510467529e-01,4.889828562736511230e-01
8.795000026221464395e+01,1.818473190069198608e-01,5.664809942245483398e-01
8.796000026224444923e+01,1.823979318141937256e-01,5.750088095664978027e-01
8.797000026227426872e+01,1.744769215583801270e-01,5.207204818725585938e-01
8.798000026230407400e+01,1.716450154781341553e-01,5.712896585464477539e-01
8.799000026233389349e+01,1.692372858524322510e-01,5.224222540855407715e-01
8.800000026236371298e+01,1.810712516307830811e-01,4.712927341461181641e-01
8.801000026239351826e+01,1.835881769657135010e-01,5.698862075805664062e-01
8.802000026242333774e+01,1.847434490919113159e-01,5.531012415885925293e-01
8.803000026245314302e+01,1.753657311201095581e-01,5.625850558280944824e-01
8.804000026248296251e+01,1.732374131679534912e-01,5.307953953742980957e-01
8.805000026251278200e+01,1.790435165166854858e-01,6.269943118095397949e-01
8.806000026254258728e+01,1.751264631748199463e-01,4.852547645568847656e-01
8.807000026257240677e+01,1.758425980806350708e-01,5.916805863380432129e-01
8.808000026260222626e+01,1.703667789697647095e-01,5.630823969841003418e-01
8.809000026263203154e+01,1.752450764179229736e-01,5.259142518043518066e-01
8.810000026266185102e+01,1.784885972738265991e-01,5.042649507522583008e-01
8.811000026269165630e+01,1.701462417840957642e-01,5.727034807205200195e-01
8.812000026272147579e+01,1.704419851303100586e-01,4.702570438385009766e-01
8.813000026275129528e+01,1.715799719095230103e-01,5.068866014480590820e-01
8.814000026278110056e+01,1.723768413066864014e-01,5.670596361160278320e-01
8.815000026281092005e+01,1.663423925638198853e-01,5.127094984054565430e-01
8.816000026284073954e+01,1.761276125907897949e-01,5.600399971008300781e-01
8.817000026287054482e+01,1.782607734203338623e-01,5.827589035034179688e-01
8.818000026290036431e+01,1.737044006586074829e-01,4.718425571918487549e-01
8.819000026293016958e+01,1.634829640388488770e-01,5.017309188842773438e-01
8.820000026295998907e+01,1.775908470153808594e-01,4.919111430644989014e-01
8.821000026298980856e+01,1.761890798807144165e-01,4.983624219894409180e-01
8.822000026301961384e+01,1.737516820430755615e-01,5.304598808288574219e-01
8.823000026304943333e+01,1.841908842325210571e-01,4.440535306930541992e-01
8.824000026307923861e+01,1.762247234582901001e-01,4.385971426963806152e-01
8.825000026310905810e+01,1.776419281959533691e-01,4.579960405826568604e-01
8.826000026313887759e+01,1.839740574359893799e-01,4.916250109672546387e-01
8.827000026316868286e+01,1.811170578002929688e-01,4.307435452938079834e-01
8.828000026319850235e+01,1.829102188348770142e-01,5.490628480911254883e-01
8.829000026322832184e+01,1.757146269083023071e-01,5.493763685226440430e-01
8.830000026325812712e+01,1.822649687528610229e-01,5.022498965263366699e-01
8.831000026328794661e+01,1.649479418992996216e-01,4.816708862781524658e-01
8.832000026331775189e+01,1.675557047128677368e-01,3.888016939163208008e-01
8.833000026334757138e+01,1.823952496051788330e-01,5.255498290061950684e-01
8.834000026337739087e+01,1.729910969734191895e-01,5.179189443588256836e-01
8.835000026340719614e+01,1.669955700635910034e-01,5.068170428276062012e-01
8.836000026343701563e+01,1.784810870885848999e-01,5.564523339271545410e-01
8.837000026346682091e+01,1.697963625192642212e-01,4.710079133510589600e-01
8.838000026349664040e+01,1.795961111783981323e-01,4.825547635555267334e-01
8.839000026352645989e+01,1.692934483289718628e-01,4.656936228275299072e-01
8.840000026355626517e+01,1.766860932111740112e-01,4.762461185455322266e-01
8.841000026358608466e+01,1.745018512010574341e-01,5.020754933357238770e-01
8.842000026361590415e+01,1.816814690828323364e-01,4.737408459186553955e-01
8.843000026364570942e+01,1.756022572517395020e-01,4.536831378936767578e-01
8.844000026367552891e+01,1.695077270269393921e-01,4.791721403598785400e-01
8.845000026370533419e+01,1.855821013450622559e-01,5.041872262954711914e-01
8.846000026373515368e+01,1.727391183376312256e-01,4.740545749664306641e-01
8.847000026376497317e+01,1.852857768535614014e-01,5.032190680503845215e-01
8.848000026379477845e+01,1.758164912462234497e-01,4.869866371154785156e-01
8.849000026382459794e+01,1.715137362480163574e-01,5.171211957931518555e-01
8.850000026385441743e+01,1.731421351432800293e-01,4.670877456665039062e-01
8.851000026388422270e+01,1.820157468318939209e-01,5.149885416030883789e-01
8.852000026391404219e+01,1.699032932519912720e-01,4.433159232139587402e-01
8.853000026394384747e+01,1.728831380605697632e-01,5.125809311866760254e-01
8.854000026397366696e+01,1.633563488721847534e-01,5.325583219528198242e-01
8.855000026400348645e+01,1.678895652294158936e-01,4.695274233818054199e-01
8.856000026403329173e+01,1.729565262794494629e-01,5.279325842857360840e-01
8.857000026406311122e+01,1.762242019176483154e-01,4.662268161773681641e-01
8.858000026409291650e+01,1.702386885881423950e-01,5.343894362449645996e-01
8.859000026412273598e+01,1.749923378229141235e-01,5.571909546852111816e-01
8.860000026415255547e+01,1.688974350690841675e-01,4.767313897609710693e-01
8.861000026418236075e+01,1.830822229385375977e-01,4.590934216976165771e-01
8.862000026421218024e+01,1.629732251167297363e-01,4.796583950519561768e-01
8.863000026424199973e+01,1.686500012874603271e-01,5.296898484230041504e-01
8.864000026427180501e+01,1.840668767690658569e-01,4.528886377811431885e-01
8.865000026430162450e+01,1.764263957738876343e-01,4.775287508964538574e-01
8.866000026433142978e+01,1.754509508609771729e-01,4.695131182670593262e-01
8.867000026436124926e+01,1.729036867618560791e-01,4.906491339206695557e-01
8.868000026439106875e+01,1.695891022682189941e-01,4.714538753032684326e-01
8.869000026442087403e+01,1.795699298381805420e-01,4.964893162250518799e-01
8.870000026445069352e+01,1.701076328754425049e-01,4.785290956497192383e-01
8.871000026448049880e+01,1.710584610700607300e-01,5.383910536766052246e-01
8.872000026451031829e+01,1.707039177417755127e-01,4.725807607173919678e-01
8.873000026454013778e+01,1.729626655578613281e-01,4.735200703144073486e-01
8.874000026456994306e+01,1.798456907272338867e-01,4.608888328075408936e-01
8.875000026459976255e+01,1.860377043485641479e-01,4.077198803424835205e-01
8.876000026462958203e+01,1.788087338209152222e-01,4.728960394859313965e-01
8.877000026465938731e+01,1.798582673072814941e-01,5.216251015663146973e-01
8.878000026468920680e+01,1.813001483678817749e-01,4.718071520328521729e-01
8.879000026471901208e+01,1.811667829751968384e-01,3.945215940475463867e-01
8.880000026474883157e+01,1.729508936405181885e-01,4.493518471717834473e-01
8.881000026477865106e+01,1.757701039314270020e-01,4.458633661270141602e-01
8.882000026480845634e+01,1.746529042720794678e-01,4.286468327045440674e-01
8.883000026483827583e+01,1.716427654027938843e-01,5.154482722282409668e-01
8.884000026486809531e+01,1.742942035198211670e-01,5.011876821517944336e-01
8.885000026489790059e+01,1.814092546701431274e-01,4.465585052967071533e-01
8.886000026492772008e+01,1.826607137918472290e-01,5.144000649452209473e-01
8.887000026495752536e+01,1.763967424631118774e-01,4.704954326152801514e-01
8.888000026498734485e+01,1.678569167852401733e-01,5.155131816864013672e-01
8.889000026501716434e+01,1.758689582347869873e-01,5.190160274505615234e-01
8.890000026504696962e+01,1.731804162263870239e-01,4.101581573486328125e-01
8.891000026507678911e+01,1.694954186677932739e-01,5.180205106735229492e-01
8.892000026510659438e+01,1.753225475549697876e-01,4.395062625408172607e-01
8.893000026513641387e+01,1.788898557424545288e-01,4.848645031452178955e-01
8.894000026516623336e+01,1.694278568029403687e-01,5.373335480690002441e-01
8.895000026519603864e+01,1.683193743228912354e-01,4.404042363166809082e-01
8.896000026522585813e+01,1.779006123542785645e-01,4.913669526576995850e-01
8.897000026525567762e+01,1.802097558975219727e-01,5.460111498832702637e-01
8.898000026528548290e+01,1.710941642522811890e-01,4.730081856250762939e-01
8.899000026531530239e+01,1.711610704660415649e-01,4.799588024616241455e-01
8.900000026534510766e+01,1.720105707645416260e-01,5.753471851348876953e-01
8.901000026537492715e+01,1.694959402084350586e-01,5.089904069900512695e-01
8.902000026540474664e+01,1.889640539884567261e-01,4.287396669387817383e-01
8.903000026543455192e+01,1.752881705760955811e-01,6.149826645851135254e-01
8.904000026546437141e+01,1.750481873750686646e-01,5.054495334625244141e-01
8.905000026549417669e+01,1.850137263536453247e-01,5.418267250061035156e-01
8.906000026552399618e+01,1.761450767517089844e-01,5.464816093444824219e-01
8.907000026555381567e+01,1.705106645822525024e-01,5.557635426521301270e-01
8.908000026558362094e+01,1.800232082605361938e-01,4.790959060192108154e-01
8.909000026561344043e+01,1.861950755119323730e-01,6.310386061668395996e-01
8.910000026564325992e+01,1.661808043718338013e-01,5.258706212043762207e-01
8.911000026567306520e+01,1.720118969678878784e-01,4.939692616462707520e-01
8.912000026570288469e+01,1.650950014591217041e-01,5.110515356063842773e-01
8.913000026573268997e+01,1.795618981122970581e-01,5.722211003303527832e-01
8.914000026576250946e+01,1.772733628749847412e-01,5.750989317893981934e-01
8.915000026579232895e+01,1.696986854076385498e-01,5.028947591781616211e-01
8.916000026582213422e+01,1.735216081142425537e-01,5.215433239936828613e-01
8.917000026585195371e+01,1.708309203386306763e-01,5.200451612472534180e-01
8.918000026588177320e+01,1.851931214332580566e-01,4.371298253536224365e-01
8.919000026591157848e+01,1.791388094425201416e-01,4.500644803047180176e-01
8.920000026594139797e+01,1.755489110946655273e-01,4.584666490554809570e-01
8.921000026597120325e+01,1.731853932142257690e-01,4.986988008022308350e-01
8.922000026600102274e+01,1.678723245859146118e-01,5.027102828025817871e-01
8.923000026603084223e+01,1.736989915370941162e-01,5.201376676559448242e-01
8.924000026606064750e+01,1.690156757831573486e-01,4.652411639690399170e-01
8.925000026609046699e+01,1.686764657497406006e-01,5.382072329521179199e-01
8.926000026612027227e+01,1.780394315719604492e-01,5.356733798980712891e-01
8.927000026615009176e+01,1.731790453195571899e-01,5.666046738624572754e-01
8.928000026617991125e+01,1.764596253633499146e-01,5.527665019035339355e-01
8.929000026620971653e+01,1.675088107585906982e-01,5.104374885559082031e-01
8.930000026623953602e+01,1.712770462036132812e-01,5.212594866752624512e-01
8.931000026626935551e+01,1.823951452970504761e-01,4.484193027019500732e-01
8.932000026629916078e+01,1.727269291877746582e-01,5.508337616920471191e-01
8.933000026632898027e+01,1.772305667400360107e-01,4.680239558219909668e-01
8.934000026635878555e+01,1.791434288024902344e-01,5.173677206039428711e-01
8.935000026638860504e+01,1.772549450397491455e-01,4.683466255664825439e-01
8.936000026641842453e+01,1.722237318754196167e-01,5.761454701423645020e-01
8.937000026644822981e+01,1.786419600248336792e-01,4.776270687580108643e-01
8.938000026647804930e+01,1.722348481416702271e-01,4.989961683750152588e-01
8.939000026650785458e+01,1.674275547266006470e-01,5.129547119140625000e-01
8.940000026653767407e+01,1.779057681560516357e-01,5.258489847183227539e-01
8.941000026656749355e+01,1.734601110219955444e-01,4.477258920669555664e-01
8.942000026659729883e+01,1.754813045263290405e-01,4.984202682971954346e-01
8.943000026662711832e+01,1.720047891139984131e-01,5.101213455200195312e-01
8.944000026665693781e+01,1.717927753925323486e-01,5.045177936553955078e-01
8.945000026668674309e+01,1.818395555019378662e-01,4.778420329093933105e-01
8.946000026671656258e+01,1.714850366115570068e-01,5.192580819129943848e-01
8.947000026674636786e+01,1.790878623723983765e-01,5.053343772888183594e-01
8.948000026677618735e+01,1.795104444026947021e-01,4.451773464679718018e-01
8.949000026680600683e+01,1.748888194561004639e-01,5.494628548622131348e-01
8.950000026683581211e+01,1.788611859083175659e-01,5.472244024276733398e-01
8.951000026686563160e+01,1.788338571786880493e-01,5.071424245834350586e-01
8.952000026689545109e+01,1.813152134418487549e-01,5.348043441772460938e-01
8.953000026692525637e+01,1.767284572124481201e-01,4.849723577499389648e-01
8.954000026695507586e+01,1.735947728157043457e-01,4.702579975128173828e-01
8.955000026698488114e+01,1.810520887374877930e-01,4.742379784584045410e-01
8.956000026701470063e+01,1.742088496685028076e-01,5.421605706214904785e-01
8.957000026704452011e+01,1.742413938045501709e-01,4.915656745433807373e-01
8.958000026707432539e+01,1.643035709857940674e-01,4.988421499729156494e-01
8.959000026710414488e+01,1.754362732172012329e-01,4.959918856620788574e-01
8.960000026713395016e+01,1.734531968832015991e-01,5.241526365280151367e-01
8.961000026716376965e+01,1.760789752006530762e-01,5.806350111961364746e-01
8.962000026719358914e+01,1.678894609212875366e-01,5.405952930450439453e-01
8.963000026722339442e+01,1.775516867637634277e-01,4.957186877727508545e-01
8.964000026725321391e+01,1.706963777542114258e-01,5.694831609725952148e-01
8.965000026728303339e+01,1.687241047620773315e-01,5.551826357841491699e-01
8.966000026731283867e+01,1.842450201511383057e-01,5.615681409835815430e-01
8.967000026734265816e+01,1.761872321367263794e-01,5.042753219604492188e-01
8.968000026737246344e+01,1.654913574457168579e-01,5.284682512283325195e-01
8.969000026740228293e+01,1.814558804035186768e-01,5.201866626739501953e-01
8.970000026743210242e+01,1.653680652379989624e-01,4.541918039321899414e-01
8.971000026746190770e+01,1.726897507905960083e-01,4.991885125637054443e-01
8.972000026749172719e+01,1.805468201637268066e-01,6.375496983528137207e-01
8.973000026752154668e+01,1.742397844791412354e-01,5.067833662033081055e-01
8.974000026755135195e+01,1.734504699707031250e-01,4.942617416381835938e-01
8.975000026758117144e+01,1.765409409999847412e-01,4.917972087860107422e-01
8.976000026761097672e+01,1.734867095947265625e-01,5.118640065193176270e-01
8.977000026764079621e+01,1.728207617998123169e-01,5.407971143722534180e-01
8.978000026767061570e+01,1.717475801706314087e-01,5.246500968933105469e-01
8.979000026770042098e+01,1.762589067220687866e-01,4.269630610942840576e-01
8.980000026773024047e+01,1.847656071186065674e-01,4.618875980377197266e-01
8.981000026776004574e+01,1.867264211177825928e-01,4.878648817539215088e-01
8.982000026778986523e+01,1.676706373691558838e-01,5.820401310920715332e-01
8.983000026781968472e+01,1.811205148696899414e-01,4.230817556381225586e-01
8.984000026784949000e+01,1.811033189296722412e-01,4.693869054317474365e-01
8.985000026787930949e+01,1.797150969505310059e-01,4.831390678882598877e-01
8.986000026790912898e+01,1.762914210557937622e-01,4.516614079475402832e-01
8.987000026793893426e+01,1.700915247201919556e-01,4.171634316444396973e-01
8.988000026796875375e+01,1.793823093175888062e-01,5.171517729759216309e-01
8.989000026799855902e+01,1.784345507621765137e-01,4.937655627727508545e-01
8.990000026802837851e+01,1.693217605352401733e-01,4.814439117908477783e-01
8.991000026805819800e+01,1.704635918140411377e-01,4.401426315307617188e-01
8.992000026808800328e+01,1.690050959587097168e-01,4.850363731384277344e-01
8.993000026811782277e+01,1.725808233022689819e-01,4.904426932334899902e-01
8.994000026814762805e+01,1.673025488853454590e-01,4.783853888511657715e-01
8.995000026817744754e+01,1.775580644607543945e-01,5.311958789825439453e-01
8.996000026820726703e+01,1.755859404802322388e-01,4.544754624366760254e-01
8.997000026823707231e+01,1.685003191232681274e-01,4.531996250152587891e-01
8.998000026826689179e+01,1.657054275274276733e-01,5.988749265670776367e-01
8.999000026829671128e+01,1.873470693826675415e-01,4.528532624244689941e-01
9.000000026832651656e+01,1.789602190256118774e-01,4.355261325836181641e-01
9.001000026835633605e+01,1.734813451766967773e-01,4.119267761707305908e-01
9.002000026838614133e+01,1.734255850315093994e-01,4.713793694972991943e-01
9.003000026841596082e+01,1.778416633605957031e-01,4.783791005611419678e-01
9.004000026844578031e+01,1.759987324476242065e-01,5.194074511528015137e-01
9.005000026847558559e+01,1.799464076757431030e-01,5.404648184776306152e-01
9.006000026850540507e+01,1.848465949296951294e-01,5.568392872810363770e-01
9.007000026853522456e+01,1.729808449745178223e-01,4.576098024845123291e-01
9.008000026856502984e+01,1.812462359666824341e-01,4.045581817626953125e-01
9.009000026859484933e+01,1.685046106576919556e-01,4.744026660919189453e-01
9.010000026862465461e+01,1.691642254590988159e-01,5.212675333023071289e-01
9.011000026865447410e+01,1.781592816114425659e-01,5.200513005256652832e-01
9.012000026868429359e+01,1.804924905300140381e-01,4.898712933063507080e-01
9.013000026871409887e+01,1.713166683912277222e-01,4.894716143608093262e-01
9.014000026874391835e+01,1.682973206043243408e-01,5.335389971733093262e-01
9.015000026877372363e+01,1.756053417921066284e-01,4.847946763038635254e-01
9.016000026880354312e+01,1.788255274295806885e-01,4.183669984340667725e-01
9.017000026883336261e+01,1.721074879169464111e-01,5.064617991447448730e-01
9.018000026886316789e+01,1.805358231067657471e-01,4.920953810214996338e-01
9.019000026889298738e+01,1.795724630355834961e-01,6.148424744606018066e-01
9.020000026892280687e+01,1.767507642507553101e-01,4.361549317836761475e-01
9.021000026895261215e+01,1.773456633090972900e-01,4.546732306480407715e-01
9.022000026898243163e+01,1.740336567163467407e-01,4.950539171695709229e-01
9.023000026901223691e+01,1.821990907192230225e-01,5.041758418083190918e-01
9.024000026904205640e+01,1.777807474136352539e-01,4.689708054065704346e-01
9.025000026907187589e+01,1.788766682147979736e-01,5.101644992828369141e-01
9.026000026910168117e+01,1.710762381553649902e-01,4.425625801086425781e-01
9.027000026913150066e+01,1.693913787603378296e-01,3.993458151817321777e-01
9.028000026916130594e+01,1.700563132762908936e-01,4.481093585491180420e-01
9.029000026919112543e+01,1.751098632812500000e-01,4.445890188217163086e-01
9.030000026922094492e+01,1.762917637825012207e-01,4.502530694007873535e-01
9.031000026925075019e+01,1.820061355829238892e-01,5.415688157081604004e-01
9.032000026928056968e+01,1.749320179224014282e-01,5.327516198158264160e-01
9.033000026931038917e+01,1.778770387172698975e-01,5.647801160812377930e-01
9.034000026934019445e+01,1.773094087839126587e-01,5.330211520195007324e-01
9.035000026937001394e+01,1.799695342779159546e-01,5.068304538726806641e-01
9.036000026939981922e+01,1.813645809888839722e-01,4.924443960189819336e-01
9.037000026942963871e+01,1.830185949802398682e-01,5.298895239830017090e-01
9.038000026945945820e+01,1.781777739524841309e-01,4.095156788825988770e-01
9.039000026948926347e+01,1.835220307111740112e-01,4.403205811977386475e-01
9.040000026951908296e+01,1.758169680833816528e-01,5.190825462341308594e-01
9.041000026954890245e+01,1.803882867097854614e-01,4.626469314098358154e-01
9.042000026957870773e+01,1.821033209562301636e-01,4.988626837730407715e-01
9.043000026960852722e+01,1.700325608253479004e-01,4.666734039783477783e-01
9.044000026963833250e+01,1.833025664091110229e-01,6.478974819183349609e-01
9.045000026966815199e+01,1.825252473354339600e-01,4.851390719413757324e-01
9.046000026969797148e+01,1.814007908105850220e-01,3.805857002735137939e-01
9.047000026972777675e+01,1.707857400178909302e-01,5.002294182777404785e-01
9.048000026975759624e+01,1.825472414493560791e-01,5.374740362167358398e-01
9.049000026978740152e+01,1.795656532049179077e-01,4.677347242832183838e-01
9.050000026981722101e+01,1.750065684318542480e-01,4.780742824077606201e-01
9.051000026984704050e+01,1.738294512033462524e-01,4.656560420989990234e-01
9.052000026987684578e+01,1.791998296976089478e-01,5.053280591964721680e-01
9.053000026990666527e+01,1.768619567155838013e-01,4.698090851306915283e-01
9.054000026993648476e+01,1.800898462533950806e-01,5.626146793365478516e-01
9.055000026996629003e+01,1.691249310970306396e-01,4.260669052600860596e-01
9.056000026999610952e+01,1.806146800518035889e-01,5.522581338882446289e-01
9.057000027002591480e+01,1.803908944129943848e-01,4.860533177852630615e-01
9.058000027005573429e+01,1.809128671884536743e-01,5.666400790214538574e-01
9.059000027008555378e+01,1.728751808404922485e-01,4.808146059513092041e-01
9.060000027011535906e+01,1.746312826871871948e-01,4.796158671379089355e-01
9.061000027014517855e+01,1.669744998216629028e-01,4.362632036209106445e-01
9.062000027017498383e+01,1.727405935525894165e-01,4.769644141197204590e-01
9.063000027020480331e+01,1.678408384323120117e-01,4.572964012622833252e-01
9.064000027023462280e+01,1.822980344295501709e-01,5.022764801979064941e-01
9.065000027026442808e+01,1.735368221998214722e-01,4.359594285488128662e-01
9.066000027029424757e+01,1.771672964096069336e-01,5.035201311111450195e-01
9.067000027032406706e+01,1.734997332096099854e-01,4.309684634208679199e-01
9.068000027035387234e+01,1.686149537563323975e-01,4.721921086311340332e-01
9.069000027038369183e+01,1.713706105947494507e-01,5.188976526260375977e-01
9.070000027041349711e+01,1.736330986022949219e-01,4.570645987987518311e-01
9.071000027044331659e+01,1.831345409154891968e-01,5.032350420951843262e-01
9.072000027047313608e+01,1.821312010288238525e-01,6.056571602821350098e-01
9.073000027050294136e+01,1.678670644760131836e-01,4.497095644474029541e-01
9.074000027053276085e+01,1.668668985366821289e-01,5.714700818061828613e-01
9.075000027056258034e+01,1.784944832324981689e-01,6.568777561187744141e-01
9.076000027059238562e+01,1.841448843479156494e-01,5.448560118675231934e-01
9.077000027062220511e+01,1.701342910528182983e-01,4.937075376510620117e-01
9.078000027065201039e+01,1.753073036670684814e-01,4.726955592632293701e-01
9.079000027068182987e+01,1.723342537879943848e-01,4.694365859031677246e-01
9.080000027071164936e+01,1.709232628345489502e-01,4.889341294765472412e-01
9.081000027074145464e+01,1.753101199865341187e-01,4.660593271255493164e-01
9.082000027077127413e+01,1.696518212556838989e-01,5.154098868370056152e-01
9.083000027080107941e+01,1.799247413873672485e-01,4.957565069198608398e-01
9.084000027083089890e+01,1.691288053989410400e-01,5.265924930572509766e-01
9.085000027086071839e+01,1.742839962244033813e-01,5.079194307327270508e-01
9.086000027089052367e+01,1.734603196382522583e-01,5.342657566070556641e-01
9.087000027092034316e+01,1.723184585571289062e-01,4.626588523387908936e-01
9.088000027095016264e+01,1.712517589330673218e-01,5.161327123641967773e-01
9.089000027097996792e+01,1.675530821084976196e-01,5.363386869430541992e-01
9.090000027100978741e+01,1.737800687551498413e-01,4.672063291072845459e-01
9.091000027103959269e+01,1.676899343729019165e-01,5.311126112937927246e-01
9.092000027106941218e+01,1.774019002914428711e-01,5.844876766204833984e-01
9.093000027109923167e+01,1.714244037866592407e-01,4.856680035591125488e-01
9.094000027112903695e+01,1.740296483039855957e-01,5.375843048095703125e-01
9.095000027115885644e+01,1.755872368812561035e-01,4.417184889316558838e-01
9.096000027118866171e+01,1.753958463668823242e-01,4.472643733024597168e-01
9.097000027121848120e+01,1.738194525241851807e-01,5.289230346679687500e-01
9.098000027124830069e+01,1.843442767858505249e-01,4.623494148254394531e-01
9.099000027127810597e+01,1.732140779495239258e-01,5.071011185646057129e-01
9.100000027130792546e+01,1.782891601324081421e-01,5.382599830627441406e-01
9.101000027133774495e+01,1.803479641675949097e-01,5.868631601333618164e-01
9.102000027136755023e+01,1.772190928459167480e-01,5.161300897598266602e-01
9.103000027139736972e+01,1.723964959383010864e-01,4.532370269298553467e-01
9.104000027142717499e+01,1.827839016914367676e-01,5.758981704711914062e-01
9.105000027145699448e+01,1.769929975271224976e-01,5.331122279167175293e-01
9.106000027148681397e+01,1.847676783800125122e-01,5.257629752159118652e-01
9.107000027151661925e+01,1.783258467912673950e-01,5.227422714233398438e-01
9.108000027154643874e+01,1.695892065763473511e-01,5.115082859992980957e-01
9.109000027157625823e+01,1.711267977952957153e-01,4.602304995059967041e-01
9.110000027160606351e+01,1.807611137628555298e-01,4.615912437438964844e-01
9.111000027163588300e+01,1.730312407016754150e-01,5.969418883323669434e-01
9.112000027166568827e+01,1.701339185237884521e-01,4.866194427013397217e-01
9.113000027169550776e+01,1.688161194324493408e-01,5.028907060623168945e-01
9.114000027172532725e+01,1.704433858394622803e-01,4.315305650234222412e-01
9.115000027175513253e+01,1.833036392927169800e-01,5.538485646247863770e-01
9.116000027178495202e+01,1.793455928564071655e-01,5.260039567947387695e-01
9.117000027181475730e+01,1.770729869604110718e-01,3.899150788784027100e-01
9.118000027184457679e+01,1.769136935472488403e-01,4.651585519313812256e-01
9.119000027187439628e+01,1.844761818647384644e-01,4.858278036117553711e-01
9.120000027190420155e+01,1.788601577281951904e-01,4.658199250698089600e-01
9.121000027193402104e+01,1.792639791965484619e-01,4.257292151451110840e-01
9.122000027196384053e+01,1.753737628459930420e-01,4.637102484703063965e-01
9.123000027199364581e+01,1.789848506450653076e-01,4.623794257640838623e-01
9.124000027202346530e+01,1.772628724575042725e-01,4.101323187351226807e-01
9.125000027205327058e+01,1.836126297712326050e-01,4.325312376022338867e-01
9.126000027208309007e+01,1.769270449876785278e-01,4.797616600990295410e-01
9.127000027211290956e+01,1.656625419855117798e-01,3.776438832283020020e-01
9.128000027214271483e+01,1.775147467851638794e-01,4.508427381515502930e-01
9.129000027217253432e+01,1.643225252628326416e-01,4.095043241977691650e-01
9.130000027220233960e+01,1.796528846025466919e-01,6.225020289421081543e-01
9.131000027223215909e+01,1.800001412630081177e-01,5.417494773864746094e-01
9.132000027226197858e+01,1.718421131372451782e-01,4.289374351501464844e-01
9.133000027229178386e+01,1.720207631587982178e-01,4.106307923793792725e-01
9.134000027232160335e+01,1.795044541358947754e-01,4.428374469280242920e-01
9.135000027235142284e+01,1.740502119064331055e-01,5.232309699058532715e-01
9.136000027238122811e+01,1.731984764337539673e-01,4.293944239616394043e-01
9.137000027241104760e+01,1.849094927310943604e-01,5.116948485374450684e-01
9.138000027244085288e+01,1.862343251705169678e-01,4.814553856849670410e-01
9.139000027247067237e+01,1.752084493637084961e-01,4.971559643745422363e-01
9.140000027250049186e+01,1.737685501575469971e-01,5.201962590217590332e-01
9.141000027253029714e+01,1.767336130142211914e-01,4.170640408992767334e-01
9.142000027256011663e+01,1.834733039140701294e-01,4.896974265575408936e-01
9.143000027258993612e+01,1.759575158357620239e-01,5.361678004264831543e-01
9.144000027261974139e+01,1.767437756061553955e-01,4.691907763481140137e-01
9.145000027264956088e+01,1.739221811294555664e-01,4.035672247409820557e-01
9.146000027267936616e+01,1.834848970174789429e-01,4.282531738281250000e-01
9.147000027270918565e+01,1.758691668510437012e-01,4.423363804817199707e-01
9.148000027273900514e+01,1.793651133775711060e-01,4.266657531261444092e-01
9.149000027276881042e+01,1.765839159488677979e-01,4.112120866775512695e-01
9.150000027279862991e+01,1.749879866838455200e-01,4.138651788234710693e-01
9.151000027282843519e+01,1.856438219547271729e-01,4.377810060977935791e-01
9.152000027285825468e+01,1.736212670803070068e-01,4.178254008293151855e-01
9.153000027288807416e+01,1.763715147972106934e-01,3.907890021800994873e-01
9.154000027291787944e+01,1.849698722362518311e-01,4.254868626594543457e-01
9.155000027294769893e+01,1.817268133163452148e-01,4.601716399192810059e-01
9.156000027297751842e+01,1.739061474800109863e-01,4.522910118103027344e-01
9.157000027300732370e+01,1.720867305994033813e-01,3.867433965206146240e-01
9.158000027303714319e+01,1.743064969778060913e-01,4.109370708465576172e-01
9.159000027306694847e+01,1.704492866992950439e-01,5.589732527732849121e-01
9.160000027309676796e+01,1.731412857770919800e-01,4.933539927005767822e-01
9.161000027312658744e+01,1.818386912345886230e-01,5.220891833305358887e-01
9.162000027315639272e+01,1.746069341897964478e-01,5.210143327713012695e-01
9.163000027318621221e+01,1.670723259449005127e-01,5.241488218307495117e-01
9.164000027321601749e+01,1.650346070528030396e-01,5.018336176872253418e-01
9.165000027324583698e+01,1.730463951826095581e-01,5.678860545158386230e-01
9.166000027327565647e+01,1.762060821056365967e-01,4.746026694774627686e-01
9.167000027330546175e+01,1.728400141000747681e-01,5.346792340278625488e-01
9.168000027333528124e+01,1.621150672435760498e-01,5.513796806335449219e-01
9.169000027336510072e+01,1.702311933040618896e-01,5.403453707695007324e-01
9.170000027339490600e+01,1.737713515758514404e-01,5.172538757324218750e-01
9.171000027342472549e+01,1.796535402536392212e-01,4.661317169666290283e-01
9.172000027345453077e+01,1.735596954822540283e-01,4.658323824405670166e-01
9.173000027348435026e+01,1.755708754062652588e-01,4.894089400768280029e-01
9.174000027351416975e+01,1.764823496341705322e-01,4.437851011753082275e-01
9.175000027354397503e+01,1.731509268283843994e-01,5.674365758895874023e-01
9.176000027357379452e+01,1.720647960901260376e-01,5.077239274978637695e-01
9.177000027360361400e+01,1.726411581039428711e-01,4.926183819770812988e-01
9.178000027363341928e+01,1.718870401382446289e-01,5.479782819747924805e-01
9.179000027366323877e+01,1.752222031354904175e-01,5.016968250274658203e-01
9.180000027369304405e+01,1.755912750959396362e-01,5.487969517707824707e-01
9.181000027372286354e+01,1.742885857820510864e-01,5.179763436317443848e-01
9.182000027375268303e+01,1.755881011486053467e-01,4.448308646678924561e-01
9.183000027378248831e+01,1.707614362239837646e-01,5.352791547775268555e-01
9.184000027381230780e+01,1.723933219909667969e-01,5.152325034141540527e-01
9.185000027384211307e+01,1.798460334539413452e-01,4.444621503353118896e-01
9.186000027387193256e+01,1.753858178853988647e-01,4.496495425701141357e-01
9.187000027390175205e+01,1.748487204313278198e-01,4.989752769470214844e-01
9.188000027393155733e+01,1.703528016805648804e-01,5.309505462646484375e-01
9.189000027396137682e+01,1.690715402364730835e-01,4.931344985961914062e-01
9.190000027399119631e+01,1.744105219841003418e-01,4.688088595867156982e-01
9.191000027402100159e+01,1.839971691370010376e-01,4.898315370082855225e-01
9.192000027405082108e+01,1.753496527671813965e-01,5.114619731903076172e-01
9.193000027408062635e+01,1.717423349618911743e-01,4.841379523277282715e-01
9.194000027411044584e+01,1.679994165897369385e-01,4.711933135986328125e-01
9.195000027414026533e+01,1.778752356767654419e-01,4.364124834537506104e-01
9.196000027417007061e+01,1.807752698659896851e-01,4.950933456420898438e-01
9.197000027419989010e+01,1.675118058919906616e-01,4.862630665302276611e-01
9.198000027422970959e+01,1.800464093685150146e-01,5.190764665603637695e-01
9.199000027425951487e+01,1.807356029748916626e-01,5.361538529396057129e-01
9.200000027428933436e+01,1.763804107904434204e-01,5.464980602264404297e-01
9.201000027431913963e+01,1.728239655494689941e-01,5.219778418540954590e-01
9.202000027434895912e+01,1.772457510232925415e-01,4.838941991329193115e-01
9.203000027437877861e+01,1.758721023797988892e-01,4.792237281799316406e-01
9.204000027440858389e+01,1.784330010414123535e-01,5.552685856819152832e-01
9.205000027443840338e+01,1.707767248153686523e-01,5.031247735023498535e-01
9.206000027446820866e+01,1.669816821813583374e-01,4.830705225467681885e-01
9.207000027449802815e+01,1.786800026893615723e-01,4.744298756122589111e-01
9.208000027452784764e+01,1.776960045099258423e-01,4.960429668426513672e-01
9.209000027455765292e+01,1.738334745168685913e-01,4.428361058235168457e-01
9.210000027458747240e+01,1.728434115648269653e-01,5.017543435096740723e-01
9.211000027461729189e+01,1.784307658672332764e-01,5.027278065681457520e-01
9.212000027464709717e+01,1.693278849124908447e-01,4.993565976619720459e-01
9.213000027467691666e+01,1.714865267276763916e-01,5.492038726806640625e-01
9.214000027470672194e+01,1.736859083175659180e-01,4.624379873275756836e-01
9.215000027473654143e+01,1.779257208108901978e-01,5.570904016494750977e-01
9.216000027476636092e+01,1.689779609441757202e-01,4.150693714618682861e-01
9.217000027479616620e+01,1.691594570875167847e-01,4.532802999019622803e-01
9.218000027482598568e+01,1.772263348102569580e-01,4.256403446197509766e-01
9.219000027485579096e+01,1.762375235557556152e-01,5.530692934989929199e-01
9.220000027488561045e+01,1.695780903100967407e-01,4.435304701328277588e-01
9.221000027491542994e+01,1.833119243383407593e-01,4.746684730052947998e-01
9.222000027494523522e+01,1.816951632499694824e-01,4.362142980098724365e-01
9.223000027497505471e+01,1.893884688615798950e-01,4.653156399726867676e-01
9.224000027500487420e+01,1.778522580862045288e-01,4.842313230037689209e-01
9.225000027503467948e+01,1.781569868326187134e-01,4.365662336349487305e-01
9.226000027506449896e+01,1.778491586446762085e-01,5.362780094146728516e-01
9.227000027509430424e+01,1.817533075809478760e-01,4.506234228610992432e-01
9.228000027512412373e+01,1.729776561260223389e-01,4.337879717350006104e-01
9.229000027515394322e+01,1.794545352458953857e-01,4.682209491729736328e-01
9.230000027518374850e+01,1.765329688787460327e-01,4.498338699340820312e-01
9.231000027521356799e+01,1.902697831392288208e-01,4.850265085697174072e-01
9.232000027524338748e+01,1.756268739700317383e-01,4.415992498397827148e-01
9.233000027527319276e+01,1.891122758388519287e-01,4.888687431812286377e-01
9.234000027530301224e+01,1.832322180271148682e-01,4.199171662330627441e-01
9.235000027533281752e+01,1.766892373561859131e-01,4.027732610702514648e-01
9.236000027536263701e+01,1.721914559602737427e-01,5.140150189399719238e-01
9.237000027539245650e+01,1.779095381498336792e-01,5.440425872802734375e-01
9.238000027542226178e+01,1.672283560037612915e-01,4.796180427074432373e-01
9.239000027545208127e+01,1.728038191795349121e-01,4.979452490806579590e-01
9.240000027548188655e+01,1.689400076866149902e-01,4.717141389846801758e-01
9.241000027551170604e+01,1.787328571081161499e-01,5.753740668296813965e-01
9.242000027554152553e+01,1.727378070354461670e-01,5.028127431869506836e-01
9.243000027557133080e+01,1.716422885656356812e-01,4.441841244697570801e-01
9.244000027560115029e+01,1.765133142471313477e-01,5.426540374755859375e-01
9.245000027563096978e+01,1.838569641113281250e-01,5.012109279632568359e-01
9.246000027566077506e+01,1.790909469127655029e-01,4.568718969821929932e-01
9.247000027569059455e+01,1.726692467927932739e-01,4.484761059284210205e-01
9.248000027572039983e+01,1.722375452518463135e-01,5.476254224777221680e-01
9.249000027575021932e+01,1.594917178153991699e-01,5.422701239585876465e-01
9.250000027578003881e+01,1.728378534317016602e-01,4.480821490287780762e-01
9.251000027580984408e+01,1.726423501968383789e-01,4.746768772602081299e-01
9.252000027583966357e+01,1.713797897100448608e-01,4.633969664573669434e-01
9.253000027586946885e+01,1.773640811443328857e-01,4.551495313644409180e-01
9.254000027589928834e+01,1.774413734674453735e-01,4.984747469425201416e-01
9.255000027592910783e+01,1.716508269309997559e-01,5.092779994010925293e-01
9.256000027595891311e+01,1.835954338312149048e-01,4.514944851398468018e-01
9.257000027598873260e+01,1.696366965770721436e-01,5.078851580619812012e-01
9.258000027601855209e+01,1.653563827276229858e-01,5.513926744461059570e-01
9.259000027604835736e+01,1.747491657733917236e-01,5.483033061027526855e-01
9.260000027607817685e+01,1.791935563087463379e-01,5.645666122436523438e-01
9.261000027610798213e+01,1.694117486476898193e-01,5.670666098594665527e-01
9.262000027613780162e+01,1.641046106815338135e-01,4.664880037307739258e-01
9.263000027616762111e+01,1.680129319429397583e-01,4.818410277366638184e-01
9.264000027619742639e+01,1.695428490638732910e-01,5.924873948097229004e-01
9.265000027622724588e+01,1.682365387678146362e-01,5.003489851951599121e-01
9.266000027625706537e+01,1.820940971374511719e-01,6.198539733886718750e-01
9.267000027628687064e+01,1.727912575006484985e-01,5.107021331787109375e-01
9.268000027631669013e+01,1.777664870023727417e-01,5.170562863349914551e-01
9.269000027634649541e+01,1.794694513082504272e-01,5.530959963798522949e-01
9.270000027637631490e+01,1.752868592739105225e-01,5.030535459518432617e-01
9.271000027640613439e+01,1.764717400074005127e-01,5.104081034660339355e-01
9.272000027643593967e+01,1.749533116817474365e-01,5.332053303718566895e-01
9.273000027646575916e+01,1.758353859186172485e-01,5.211445093154907227e-01
9.274000027649556444e+01,1.681191474199295044e-01,5.292260646820068359e-01
9.275000027652538392e+01,1.698405444622039795e-01,4.279680848121643066e-01
9.276000027655520341e+01,1.637661010026931763e-01,4.224242866039276123e-01
9.277000027658500869e+01,1.699639558792114258e-01,5.429620146751403809e-01
9.278000027661482818e+01,1.788831204175949097e-01,4.791041016578674316e-01
9.279000027664464767e+01,1.777047812938690186e-01,4.890668094158172607e-01
9.280000027667445295e+01,1.848153173923492432e-01,4.586653411388397217e-01
9.281000027670427244e+01,1.752774119377136230e-01,5.462464690208435059e-01
9.282000027673407772e+01,1.729355007410049438e-01,4.893785715103149414e-01
9.283000027676389720e+01,1.809600293636322021e-01,5.091412067413330078e-01
9.284000027679371669e+01,1.783917844295501709e-01,4.722402095794677734e-01
9.285000027682352197e+01,1.786314696073532104e-01,4.710785448551177979e-01
9.286000027685334146e+01,1.715900152921676636e-01,4.571838676929473877e-01
9.287000027688314674e+01,1.775958687067031860e-01,4.652368128299713135e-01
9.288000027691296623e+01,1.694075912237167358e-01,5.314946174621582031e-01
9.289000027694278572e+01,1.698503643274307251e-01,5.324366688728332520e-01
9.290000027697259100e+01,1.750012636184692383e-01,5.471559762954711914e-01
9.291000027700241048e+01,1.761976778507232666e-01,4.192443490028381348e-01
9.292000027703222997e+01,1.791414767503738403e-01,4.895810782909393311e-01
9.293000027706203525e+01,1.669989079236984253e-01,4.457682967185974121e-01
9.294000027709185474e+01,1.725544333457946777e-01,5.708579421043395996e-01
9.295000027712166002e+01,1.740811020135879517e-01,4.754221737384796143e-01
9.296000027715147951e+01,1.769641190767288208e-01,4.758366644382476807e-01
9.297000027718129900e+01,1.769913434982299805e-01,4.750243127346038818e-01
9.298000027721110428e+01,1.717724651098251343e-01,5.357065796852111816e-01
9.299000027724092377e+01,1.768587678670883179e-01,4.440104961395263672e-01
9.300000027727074325e+01,1.754770576953887939e-01,5.427608489990234375e-01
9.301000027730054853e+01,1.760204732418060303e-01,4.651175439357757568e-01
9.302000027733036802e+01,1.728337258100509644e-01,5.221590399742126465e-01
9.303000027736017330e+01,1.748787015676498413e-01,4.811241924762725830e-01
9.304000027738999279e+01,1.679178178310394287e-01,4.842165112495422363e-01
9.305000027741981228e+01,1.698620170354843140e-01,4.857608973979949951e-01
9.306000027744961756e+01,1.757521778345108032e-01,5.284590721130371094e-01
9.307000027747943705e+01,1.829126030206680298e-01,6.430062651634216309e-01
9.308000027750924232e+01,1.766218543052673340e-01,6.104119420051574707e-01
9.309000027753906181e+01,1.751762032508850098e-01,5.726193785667419434e-01
9.310000027756888130e+01,1.699360460042953491e-01,5.428443551063537598e-01
9.311000027759868658e+01,1.733176112174987793e-01,5.403140187263488770e-01
9.312000027762850607e+01,1.749421060085296631e-01,5.474942922592163086e-01
9.313000027765832556e+01,1.819436103105545044e-01,5.179678201675415039e-01
9.314000027768813084e+01,1.757679432630538940e-01,5.761062502861022949e-01
9.315000027771795033e+01,1.799132525920867920e-01,4.645984172821044922e-01
9.316000027774775560e+01,1.710408926010131836e-01,4.696109592914581299e-01
9.317000027777757509e+01,1.793734133243560791e-01,5.588388442993164062e-01
9.318000027780739458e+01,1.654149591922760010e-01,4.717881083488464355e-01
9.319000027783719986e+01,1.797654926776885986e-01,4.728446006774902344e-01
9.320000027786701935e+01,1.772638708353042603e-01,4.937367737293243408e-01
9.321000027789682463e+01,1.862093508243560791e-01,4.440670311450958252e-01
9.322000027792664412e+01,1.795732527971267700e-01,4.605715274810791016e-01
9.323000027795646361e+01,1.716369390487670898e-01,5.235774517059326172e-01
9.324000027798626888e+01,1.693353354930877686e-01,5.183535218238830566e-01
9.325000027801608837e+01,1.743845343589782715e-01,5.026115775108337402e-01
9.326000027804590786e+01,1.710185110569000244e-01,4.136652052402496338e-01
9.327000027807571314e+01,1.672632396221160889e-01,4.912675619125366211e-01
9.328000027810553263e+01,1.748687922954559326e-01,4.901180863380432129e-01
9.329000027813533791e+01,1.764742732048034668e-01,5.574117302894592285e-01
9.330000027816515740e+01,1.783766895532608032e-01,4.741542935371398926e-01
9.331000027819497689e+01,1.772759258747100830e-01,4.358213245868682861e-01
9.332000027822478216e+01,1.795053184032440186e-01,5.550512075424194336e-01
9.333000027825460165e+01,1.700897067785263062e-01,4.451280534267425537e-01
9.334000027828442114e+01,1.742537617683410645e-01,5.054090619087219238e-01
9.335000027831422642e+01,1.744841337203979492e-01,5.101826190948486328e-01
9.336000027834404591e+01,1.839677095413208008e-01,4.812371432781219482e-01
9.337000027837385119e+01,1.772952675819396973e-01,5.361645817756652832e-01
9.338000027840367068e+01,1.717956215143203735e-01,4.828483462333679199e-01
9.339000027843349017e+01,1.882240027189254761e-01,4.464479684829711914e-01
9.340000027846329544e+01,1.827640533447265625e-01,5.424633026123046875e-01
9.341000027849311493e+01,1.696431934833526611e-01,5.193426609039306641e-01
9.342000027852292021e+01,1.815301477909088135e-01,5.161003470420837402e-01
9.343000027855273970e+01,1.892858594655990601e-01,4.697068035602569580e-01
9.344000027858255919e+01,1.687056869268417358e-01,4.961966574192047119e-01
9.345000027861236447e+01,1.856222748756408691e-01,4.726527631282806396e-01
9.346000027864218396e+01,1.745632439851760864e-01,5.235391259193420410e-01
9.347000027867200345e+01,1.696994006633758545e-01,5.090562701225280762e-01
9.348000027870180872e+01,1.670818775892257690e-01,4.854263067245483398e-01
9.349000027873162821e+01,1.765385568141937256e-01,4.968587756156921387e-01
9.350000027876143349e+01,1.793167442083358765e-01,5.381193757057189941e-01
9.351000027879125298e+01,1.722844541072845459e-01,5.054164528846740723e-01
9.352000027882107247e+01,1.708383560180664062e-01,4.514739513397216797e-01
9.353000027885087775e+01,1.814011633396148682e-01,4.283454120159149170e-01
9.354000027888069724e+01,1.871783882379531860e-01,4.351407289505004883e-01
9.355000027891050252e+01,1.734973341226577759e-01,4.502797722816467285e-01
9.356000027894032200e+01,1.682989746332168579e-01,4.936628937721252441e-01
9.357000027897014149e+01,1.728520095348358154e-01,5.536797046661376953e-01
9.358000027899994677e+01,1.822312772274017334e-01,5.071579217910766602e-01
9.359000027902976626e+01,1.735515892505645752e-01,5.038945078849792480e-01
9.360000027905958575e+01,1.799214333295822144e-01,4.797969460487365723e-01
9.361000027908939103e+01,1.744028329849243164e-01,4.727478921413421631e-01
9.362000027911921052e+01,1.712004393339157104e-01,5.384949445724487305e-01
9.363000027914901580e+01,1.727930754423141479e-01,4.333616495132446289e-01
9.364000027917883529e+01,1.665947288274765015e-01,4.762849211692810059e-01
9.365000027920865477e+01,1.753741502761840820e-01,4.819521903991699219e-01
9.366000027923846005e+01,1.666057556867599487e-01,4.880686998367309570e-01
9.367000027926827954e+01,1.650995165109634399e-01,4.133378565311431885e-01
9.368000027929809903e+01,1.792473942041397095e-01,4.470193386077880859e-01
9.369000027932790431e+01,1.897437423467636108e-01,4.448831677436828613e-01
9.370000027935772380e+01,1.831716448068618774e-01,6.054967045783996582e-01
9.371000027938752908e+01,1.734558939933776855e-01,4.821440875530242920e-01
9.372000027941734857e+01,1.804484128952026367e-01,4.222285747528076172e-01
9.373000027944716805e+01,1.717382967472076416e-01,5.215256810188293457e-01
9.374000027947697333e+01,1.762524545192718506e-01,4.145991504192352295e-01
9.375000027950679282e+01,1.787088811397552490e-01,4.040564000606536865e-01
9.376000027953659810e+01,1.688835918903350830e-01,4.457868635654449463e-01
9.377000027956641759e+01,1.927458792924880981e-01,4.687689840793609619e-01
9.378000027959623708e+01,1.797508299350738525e-01,4.839922785758972168e-01
9.379000027962604236e+01,1.725049614906311035e-01,4.609843194484710693e-01
9.380000027965586185e+01,1.768986135721206665e-01,5.227769613265991211e-01
9.381000027968568133e+01,1.797255873680114746e-01,4.964032173156738281e-01
9.382000027971548661e+01,1.790911108255386353e-01,5.116663575172424316e-01
9.383000027974530610e+01,1.734463125467300415e-01,4.951043128967285156e-01
9.384000027977511138e+01,1.785171777009963989e-01,4.997810125350952148e-01
9.385000027980493087e+01,1.685264706611633301e-01,4.460481405258178711e-01
9.386000027983475036e+01,1.709258258342742920e-01,5.492886900901794434e-01
9.387000027986455564e+01,1.788157224655151367e-01,4.759290814399719238e-01
9.388000027989437513e+01,1.700260192155838013e-01,5.033204555511474609e-01
9.389000027992419461e+01,1.838250607252120972e-01,5.374262332916259766e-01
9.390000027995399989e+01,1.661275178194046021e-01,4.808961451053619385e-01
9.391000027998381938e+01,1.764580160379409790e-01,5.503733158111572266e-01
9.392000028001362466e+01,1.733200103044509888e-01,4.668537974357604980e-01
9.393000028004344415e+01,1.757753640413284302e-01,4.871013462543487549e-01
9.394000028007326364e+01,1.731533110141754150e-01,5.095343589782714844e-01
9.395000028010306892e+01,1.704405546188354492e-01,5.030683875083923340e-01
9.396000028013288841e+01,1.739390641450881958e-01,5.721150040626525879e-01
9.397000028016269368e+01,1.749439835548400879e-01,5.136522054672241211e-01
9.398000028019251317e+01,1.750412881374359131e-01,5.174819231033325195e-01
9.399000028022233266e+01,1.733059883117675781e-01,5.704800486564636230e-01
9.400000028025213794e+01,1.755584776401519775e-01,4.983029663562774658e-01
9.401000028028195743e+01,1.718413382768630981e-01,6.089780926704406738e-01
9.402000028031177692e+01,1.763568520545959473e-01,4.897561967372894287e-01
9.403000028034158220e+01,1.845617145299911499e-01,5.143355131149291992e-01
9.404000028037140169e+01,1.769554764032363892e-01,5.388238430023193359e-01
9.405000028040120696e+01,1.675575226545333862e-01,5.152520537376403809e-01
9.406000028043102645e+01,1.770804673433303833e-01,4.847317636013031006e-01
9.407000028046084594e+01,1.735026389360427856e-01,4.317282438278198242e-01
9.408000028049065122e+01,1.777001768350601196e-01,4.509608745574951172e-01
9.409000028052047071e+01,1.755452454090118408e-01,5.178406238555908203e-01
9.410000028055027599e+01,1.733058393001556396e-01,4.657404720783233643e-01
9.411000028058009548e+01,1.726976931095123291e-01,5.638292431831359863e-01
9.412000028060991497e+01,1.774650514125823975e-01,4.997304379940032959e-01
9.413000028063972024e+01,1.742267757654190063e-01,5.447385311126708984e-01
9.414000028066953973e+01,1.725529432296752930e-01,5.122945904731750488e-01
9.415000028069935922e+01,1.688631325960159302e-01,5.337049961090087891e-01
9.416000028072916450e+01,1.697193533182144165e-01,4.555578827857971191e-01
9.417000028075898399e+01,1.805820912122726440e-01,4.070560932159423828e-01
9.418000028078878927e+01,1.735025495290756226e-01,4.530420601367950439e-01
9.419000028081860876e+01,1.805295646190643311e-01,4.930022954940795898e-01
9.420000028084842825e+01,1.732928901910781860e-01,4.570477306842803955e-01
9.421000028087823353e+01,1.771020591259002686e-01,5.473892688751220703e-01
9.422000028090805301e+01,1.730221807956695557e-01,5.202354192733764648e-01
9.423000028093787250e+01,1.827362179756164551e-01,5.141654610633850098e-01
9.424000028096767778e+01,1.774079650640487671e-01,5.016652941703796387e-01
9.425000028099749727e+01,1.730571389198303223e-01,5.347321629524230957e-01
9.426000028102730255e+01,1.809973567724227905e-01,5.002529025077819824e-01
9.427000028105712204e+01,1.852208673954010010e-01,5.098882913589477539e-01
9.428000028108694153e+01,1.750918775796890259e-01,4.648765325546264648e-01
9.429000028111674681e+01,1.644525974988937378e-01,4.782621562480926514e-01
9.430000028114656629e+01,1.803963333368301392e-01,4.269379675388336182e-01
9.431000028117637157e+01,1.717409044504165649e-01,5.610367059707641602e-01
9.432000028120619106e+01,1.724953353404998779e-01,5.324767231941223145e-01
9.433000028123601055e+01,1.748698204755783081e-01,4.803223311901092529e-01
9.434000028126581583e+01,1.759463548660278320e-01,5.800588726997375488e-01
9.435000028129563532e+01,1.885479837656021118e-01,6.733026504516601562e-01
9.436000028132545481e+01,1.751433014869689941e-01,4.852304160594940186e-01
9.437000028135526009e+01,1.763537973165512085e-01,5.247723460197448730e-01
9.438000028138507957e+01,1.697515398263931274e-01,5.071213841438293457e-01
9.439000028141488485e+01,1.760968863964080811e-01,5.188729166984558105e-01
9.440000028144470434e+01,1.709169447422027588e-01,4.135967493057250977e-01
9.441000028147452383e+01,1.735434681177139282e-01,4.759780168533325195e-01
9.442000028150432911e+01,1.768267303705215454e-01,4.260172843933105469e-01
9.443000028153414860e+01,1.671600043773651123e-01,4.542033970355987549e-01
9.444000028156395388e+01,1.728269606828689575e-01,5.239226818084716797e-01
9.445000028159377337e+01,1.710498929023742676e-01,4.123415052890777588e-01
9.446000028162359285e+01,1.781714111566543579e-01,5.095094442367553711e-01
9.447000028165339813e+01,1.843150109052658081e-01,4.878224432468414307e-01
9.448000028168321762e+01,1.725639402866363525e-01,4.866040349006652832e-01
9.449000028171303711e+01,1.732877790927886963e-01,5.019255876541137695e-01
9.450000028174284239e+01,1.743053048849105835e-01,5.297701358795166016e-01
9.451000028177266188e+01,1.784957349300384521e-01,4.552327990531921387e-01
9.452000028180246716e+01,1.741271167993545532e-01,4.504632651805877686e-01
9.453000028183228665e+01,1.771970391273498535e-01,5.187917947769165039e-01
9.454000028186210614e+01,1.842357814311981201e-01,5.087447762489318848e-01
9.455000028189191141e+01,1.821986585855484009e-01,4.253459870815277100e-01
9.456000028192173090e+01,1.805084049701690674e-01,4.770952463150024414e-01
9.457000028195155039e+01,1.807475686073303223e-01,4.304985702037811279e-01
9.458000028198135567e+01,1.797524541616439819e-01,4.642083942890167236e-01
9.459000028201117516e+01,1.690156161785125732e-01,4.699719846248626709e-01
9.460000028204098044e+01,1.725648939609527588e-01,4.438647329807281494e-01
9.461000028207079993e+01,1.700780093669891357e-01,4.720975160598754883e-01
9.462000028210061942e+01,1.810920536518096924e-01,4.731654524803161621e-01
9.463000028213042469e+01,1.735528111457824707e-01,5.007289648056030273e-01
9.464000028216024418e+01,1.779378801584243774e-01,4.712773263454437256e-01
9.465000028219004946e+01,1.711837053298950195e-01,4.663248360157012939e-01
9.466000028221986895e+01,1.765929162502288818e-01,4.867844581604003906e-01
9.467000028224968844e+01,1.801723539829254150e-01,4.444127976894378662e-01
9.468000028227949372e+01,1.812328994274139404e-01,4.979432225227355957e-01
9.469000028230931321e+01,1.827195733785629272e-01,4.644914567470550537e-01
9.470000028233913270e+01,1.826883703470230103e-01,4.975689649581909180e-01
9.471000028236893797e+01,1.818885952234268188e-01,4.715697169303894043e-01
9.472000028239875746e+01,1.822201460599899292e-01,5.262554883956909180e-01
9.473000028242856274e+01,1.732220202684402466e-01,4.683427512645721436e-01
9.474000028245838223e+01,1.785139590501785278e-01,4.557104706764221191e-01
9.475000028248820172e+01,1.708219796419143677e-01,4.011412858963012695e-01
9.476000028251800700e+01,1.808837950229644775e-01,5.486185550689697266e-01
9.477000028254782649e+01,1.751804202795028687e-01,4.958562254905700684e-01
9.478000028257763176e+01,1.812416464090347290e-01,4.549750983715057373e-01
9.479000028260745125e+01,1.724123358726501465e-01,4.180423617362976074e-01
9.480000028263727074e+01,1.747425496578216553e-01,4.345309734344482422e-01
9.481000028266707602e+01,1.785861849784851074e-01,4.733174145221710205e-01
9.482000028269689551e+01,1.818219870328903198e-01,4.506594240665435791e-01
9.483000028272671500e+01,1.856194734573364258e-01,5.433536767959594727e-01
9.484000028275652028e+01,1.766638159751892090e-01,5.123135447502136230e-01
9.485000028278633977e+01,1.774015724658966064e-01,4.502156078815460205e-01
9.486000028281614505e+01,1.833254247903823853e-01,4.890519678592681885e-01
9.487000028284596453e+01,1.745844483375549316e-01,6.077797412872314453e-01
9.488000028287578402e+01,1.796403825283050537e-01,5.755671262741088867e-01
9.489000028290558930e+01,1.826076209545135498e-01,5.072873234748840332e-01
9.490000028293540879e+01,1.768496334552764893e-01,4.586964547634124756e-01
9.491000028296522828e+01,1.868721991777420044e-01,4.957682490348815918e-01
9.492000028299503356e+01,1.834075599908828735e-01,3.970426619052886963e-01
9.493000028302485305e+01,1.758337467908859253e-01,4.474551081657409668e-01
9.494000028305465833e+01,1.765590310096740723e-01,4.493476450443267822e-01
9.495000028308447781e+01,1.758842915296554565e-01,5.629251599311828613e-01
9.496000028311429730e+01,1.830516010522842407e-01,6.383504271507263184e-01
9.497000028314410258e+01,1.661391109228134155e-01,5.167322754859924316e-01
9.498000028317392207e+01,1.771652251482009888e-01,5.010381340980529785e-01
9.499000028320372735e+01,1.808312386274337769e-01,5.360606908798217773e-01
9.500000028323354684e+01,1.756511926651000977e-01,5.041633248329162598e-01
9.501000028326336633e+01,1.775990128517150879e-01,5.408996343612670898e-01
9.502000028329317161e+01,1.770789921283721924e-01,4.889042675495147705e-01
9.503000028332299109e+01,1.923749148845672607e-01,4.414383769035339355e-01
9.504000028335281058e+01,1.875594705343246460e-01,4.942866563796997070e-01
9.505000028338261586e+01,1.766427457332611084e-01,4.228228330612182617e-01
9.506000028341243535e+01,1.781081110239028931e-01,5.114299058914184570e-01
9.507000028344224063e+01,1.745588332414627075e-01,5.892680287361145020e-01
9.508000028347206012e+01,1.650896072387695312e-01,5.453965663909912109e-01
9.509000028350187961e+01,1.677704900503158569e-01,5.735890865325927734e-01
9.510000028353168489e+01,1.716975122690200806e-01,4.114618003368377686e-01
9.511000028356150438e+01,1.798445731401443481e-01,5.476859211921691895e-01
9.512000028359130965e+01,1.821425110101699829e-01,4.757654964923858643e-01
9.513000028362112914e+01,1.734560728073120117e-01,5.716691613197326660e-01
9.514000028365094863e+01,1.662666201591491699e-01,5.589469075202941895e-01
9.515000028368075391e+01,1.715497076511383057e-01,5.936516523361206055e-01
9.516000028371057340e+01,1.764665544033050537e-01,5.645618438720703125e-01
9.517000028374039289e+01,1.818511337041854858e-01,6.238868832588195801e-01
9.518000028377019817e+01,1.649005264043807983e-01,5.118867754936218262e-01
9.519000028380001766e+01,1.703874915838241577e-01,5.382906198501586914e-01
9.520000028382982293e+01,1.758543252944946289e-01,5.126098394393920898e-01
9.521000028385964242e+01,1.678825467824935913e-01,4.919944405555725098e-01
9.522000028388946191e+01,1.723815202713012695e-01,4.604846835136413574e-01
9.523000028391926719e+01,1.730080842971801758e-01,4.537264108657836914e-01
9.524000028394908668e+01,1.671597063541412354e-01,4.742773771286010742e-01
9.525000028397890617e+01,1.750874966382980347e-01,5.271822214126586914e-01
9.526000028400871145e+01,1.745353639125823975e-01,4.275658428668975830e-01
9.527000028403853094e+01,1.731730997562408447e-01,5.396195054054260254e-01
9.528000028406833621e+01,1.756277978420257568e-01,5.026029348373413086e-01
9.529000028409815570e+01,1.734243631362915039e-01,5.142984390258789062e-01
9.530000028412797519e+01,1.724074780941009521e-01,4.961124658584594727e-01
9.531000028415778047e+01,1.749064028263092041e-01,4.777429699897766113e-01
9.532000028418759996e+01,1.742205768823623657e-01,5.118181705474853516e-01
9.533000028421740524e+01,1.820927858352661133e-01,4.690272212028503418e-01
9.534000028424722473e+01,1.716917604207992554e-01,5.002102255821228027e-01
9.535000028427704422e+01,1.789329797029495239e-01,5.876490473747253418e-01
9.536000028430684949e+01,1.685204803943634033e-01,5.451235771179199219e-01
9.537000028433666898e+01,1.611789464950561523e-01,5.164074301719665527e-01
9.538000028436648847e+01,1.775858998298645020e-01,4.918164312839508057e-01
9.539000028439629375e+01,1.728948950767517090e-01,4.689320921897888184e-01
9.540000028442611324e+01,1.743738949298858643e-01,5.261834859848022461e-01
9.541000028445591852e+01,1.840077489614486694e-01,5.188410878181457520e-01
9.542000028448573801e+01,1.715194433927536011e-01,5.857285261154174805e-01
9.543000028451555750e+01,1.770270168781280518e-01,5.738770961761474609e-01
9.544000028454536277e+01,1.668179333209991455e-01,5.038383603096008301e-01
9.545000028457518226e+01,1.774173676967620850e-01,5.108340382575988770e-01
9.546000028460498754e+01,1.717153191566467285e-01,4.705574214458465576e-01
9.547000028463480703e+01,1.761498153209686279e-01,5.839073657989501953e-01
9.548000028466462652e+01,1.704468876123428345e-01,5.079067349433898926e-01
9.549000028469443180e+01,1.718338131904602051e-01,4.993583559989929199e-01
9.550000028472425129e+01,1.802006214857101440e-01,5.799848437309265137e-01
9.551000028475407078e+01,1.739226281642913818e-01,4.401033222675323486e-01
9.552000028478387605e+01,1.851790398359298706e-01,5.564172863960266113e-01
9.553000028481369554e+01,1.712917685508728027e-01,4.777849316596984863e-01
9.554000028484350082e+01,1.894645541906356812e-01,6.486575007438659668e-01
9.555000028487332031e+01,1.775285601615905762e-01,6.529845595359802246e-01
9.556000028490313980e+01,1.713204532861709595e-01,5.322288274765014648e-01
9.557000028493294508e+01,1.793487966060638428e-01,5.299990773200988770e-01
9.558000028496276457e+01,1.867443174123764038e-01,4.326731264591217041e-01
9.559000028499258406e+01,1.758751571178436279e-01,5.650150179862976074e-01
9.560000028502238933e+01,1.772112399339675903e-01,5.868427157402038574e-01
9.561000028505220882e+01,1.825514733791351318e-01,5.739209651947021484e-01
9.562000028508201410e+01,1.707145720720291138e-01,5.992495417594909668e-01
9.563000028511183359e+01,1.699313819408416748e-01,4.987121224403381348e-01
9.564000028514165308e+01,1.698614954948425293e-01,5.367784500122070312e-01
9.565000028517145836e+01,1.771291345357894897e-01,4.679336547851562500e-01
9.566000028520127785e+01,1.719215512275695801e-01,4.417033493518829346e-01
9.567000028523108313e+01,1.715378165245056152e-01,4.846103191375732422e-01
9.568000028526090261e+01,1.740501374006271362e-01,6.119689941406250000e-01
9.569000028529072210e+01,1.794017702341079712e-01,5.751942992210388184e-01
9.570000028532052738e+01,1.725907325744628906e-01,5.446335673332214355e-01
9.571000028535034687e+01,1.779491454362869263e-01,5.937264561653137207e-01
9.572000028538016636e+01,1.737379431724548340e-01,5.774532556533813477e-01
9.573000028540997164e+01,1.745315492153167725e-01,4.862365424633026123e-01
9.574000028543979113e+01,1.728343367576599121e-01,5.118988156318664551e-01
9.575000028546959641e+01,1.721163839101791382e-01,5.262334942817687988e-01
9.576000028549941590e+01,1.696580499410629272e-01,5.544204711914062500e-01
9.577000028552923538e+01,1.681097298860549927e-01,4.448046088218688965e-01
9.578000028555904066e+01,1.685871779918670654e-01,5.508311390876770020e-01
9.579000028558886015e+01,1.740558594465255737e-01,4.471139013767242432e-01
9.580000028561867964e+01,1.763013154268264771e-01,5.268853902816772461e-01
9.581000028564848492e+01,1.747659742832183838e-01,5.090027451515197754e-01
9.582000028567830441e+01,1.736907958984375000e-01,4.839339554309844971e-01
9.583000028570810969e+01,1.779604256153106689e-01,4.906513094902038574e-01
9.584000028573792918e+01,1.740204095840454102e-01,5.186792016029357910e-01
9.585000028576774866e+01,1.722453683614730835e-01,5.449832081794738770e-01
9.586000028579755394e+01,1.740311384201049805e-01,4.880058169364929199e-01
9.587000028582737343e+01,1.795606613159179688e-01,5.160325765609741211e-01
9.588000028585717871e+01,1.706863939762115479e-01,5.190399289131164551e-01
9.589000028588699820e+01,1.698810160160064697e-01,4.997539222240447998e-01
9.590000028591681769e+01,1.692502051591873169e-01,4.798769354820251465e-01
9.591000028594662297e+01,1.698083281517028809e-01,4.541174173355102539e-01
9.592000028597644246e+01,1.754224002361297607e-01,4.903295040130615234e-01
9.593000028600626194e+01,1.682279407978057861e-01,5.070749521255493164e-01
9.594000028603606722e+01,1.678975075483322144e-01,5.167456865310668945e-01
9.595000028606588671e+01,1.657215058803558350e-01,4.605899453163146973e-01
9.596000028609569199e+01,1.732333898544311523e-01,5.338336229324340820e-01
9.597000028612551148e+01,1.733079254627227783e-01,4.817702770233154297e-01
9.598000028615533097e+01,1.751031428575515747e-01,5.242124795913696289e-01
9.599000028618513625e+01,1.760461181402206421e-01,4.956459403038024902e-01
9.600000028621495574e+01,1.627364009618759155e-01,4.756853580474853516e-01
9.601000028624476101e+01,1.684415936470031738e-01,4.736016392707824707e-01
9.602000028627458050e+01,1.754232347011566162e-01,5.096948742866516113e-01
9.603000028630439999e+01,1.675041615962982178e-01,5.198102593421936035e-01
9.604000028633420527e+01,1.720759570598602295e-01,4.626994431018829346e-01
9.605000028636402476e+01,1.754452586174011230e-01,5.077826976776123047e-01
9.606000028639384425e+01,1.759931445121765137e-01,5.073607563972473145e-01
9.607000028642364953e+01,1.669301390647888184e-01,5.758563280105590820e-01
9.608000028645346902e+01,1.759068816900253296e-01,4.958636760711669922e-01
9.609000028648327429e+01,1.698751896619796753e-01,4.714689254760742188e-01
9.610000028651309378e+01,1.727755963802337646e-01,5.608578920364379883e-01
9.611000028654291327e+01,1.716385781764984131e-01,5.021715164184570312e-01
9.612000028657271855e+01,1.698940396308898926e-01,5.148944854736328125e-01
9.613000028660253804e+01,1.699809879064559937e-01,5.244956016540527344e-01
9.614000028663235753e+01,1.684492826461791992e-01,5.337728261947631836e-01
9.615000028666216281e+01,1.777288317680358887e-01,5.638796687126159668e-01
9.616000028669198230e+01,1.741019934415817261e-01,5.471163988113403320e-01
9.617000028672178757e+01,1.690044254064559937e-01,4.533462226390838623e-01
9.618000028675160706e+01,1.658990532159805298e-01,5.419861078262329102e-01
9.619000028678142655e+01,1.650234609842300415e-01,5.611951947212219238e-01
9.620000028681123183e+01,1.713356971740722656e-01,4.755378365516662598e-01
9.621000028684105132e+01,1.749202758073806763e-01,5.377703905105590820e-01
9.622000028687085660e+01,1.764690428972244263e-01,5.165891051292419434e-01
9.623000028690067609e+01,1.715159118175506592e-01,4.767004251480102539e-01
9.624000028693049558e+01,1.613974124193191528e-01,4.816918969154357910e-01
9.625000028696030085e+01,1.808462142944335938e-01,4.563533961772918701e-01
9.626000028699012034e+01,1.760053932666778564e-01,5.575001239776611328e-01
9.627000028701993983e+01,1.775130033493041992e-01,4.708415567874908447e-01
9.628000028704974511e+01,1.845839917659759521e-01,5.196017026901245117e-01
9.629000028707956460e+01,1.719748675823211670e-01,5.473149418830871582e-01
9.630000028710936988e+01,1.811950951814651489e-01,5.933220982551574707e-01
9.631000028713918937e+01,1.781620681285858154e-01,5.046859383583068848e-01
9.632000028716900886e+01,1.850789636373519897e-01,5.002340078353881836e-01
9.633000028719881414e+01,1.735809892416000366e-01,5.672226548194885254e-01
9.634000028722863362e+01,1.825660169124603271e-01,6.113682985305786133e-01
9.635000028725843890e+01,1.848818212747573853e-01,4.688922464847564697e-01
9.636000028728825839e+01,1.801560521125793457e-01,5.734183788299560547e-01
9.637000028731807788e+01,1.851706951856613159e-01,4.724401235580444336e-01
9.638000028734788316e+01,1.703421026468276978e-01,5.582495331764221191e-01
9.639000028737770265e+01,1.737961322069168091e-01,4.894260466098785400e-01
9.640000028740752214e+01,1.754957437515258789e-01,4.974143803119659424e-01
9.641000028743732742e+01,1.688330322504043579e-01,4.768983423709869385e-01
9.642000028746714690e+01,1.803920120000839233e-01,5.262241363525390625e-01
9.643000028749695218e+01,1.753347814083099365e-01,4.464673101902008057e-01
9.644000028752677167e+01,1.764733195304870605e-01,4.774958491325378418e-01
9.645000028755659116e+01,1.801164448261260986e-01,4.995993077754974365e-01
9.646000028758639644e+01,1.718794107437133789e-01,5.144863724708557129e-01
9.647000028761621593e+01,1.724988967180252075e-01,5.652120113372802734e-01
9.648000028764603542e+01,1.752964705228805542e-01,4.391737580299377441e-01
9.649000028767584070e+01,1.724993586540222168e-01,4.360563755035400391e-01
9.650000028770566018e+01,1.766260415315628052e-01,4.687397181987762451e-01
9.651000028773546546e+01,1.788088083267211914e-01,4.631902575492858887e-01
9.652000028776528495e+01,1.718644946813583374e-01,4.658935070037841797e-01
9.653000028779510444e+01,1.713068932294845581e-01,5.179829001426696777e-01
9.654000028782490972e+01,1.814419031143188477e-01,4.932271540164947510e-01
9.655000028785472921e+01,1.761690527200698853e-01,4.920775592327117920e-01
9.656000028788453449e+01,1.853265166282653809e-01,5.018161535263061523e-01
9.657000028791435398e+01,1.807618290185928345e-01,5.434138178825378418e-01
9.658000028794417346e+01,1.713838428258895874e-01,4.528761506080627441e-01
9.659000028797397874e+01,1.728460639715194702e-01,4.868251383304595947e-01
9.660000028800379823e+01,1.713347136974334717e-01,4.139576256275177002e-01
9.661000028803361772e+01,1.784269362688064575e-01,5.354410409927368164e-01
9.662000028806342300e+01,1.835177242755889893e-01,6.224351525306701660e-01
9.663000028809324249e+01,1.814372241497039795e-01,4.983776509761810303e-01
9.664000028812304777e+01,1.806190907955169678e-01,4.534346163272857666e-01
9.665000028815286726e+01,1.840642094612121582e-01,4.695144593715667725e-01
9.666000028818268675e+01,1.733545362949371338e-01,4.287738800048828125e-01
9.667000028821249202e+01,1.654959172010421753e-01,4.835386276245117188e-01
9.668000028824231151e+01,1.761454492807388306e-01,5.860038995742797852e-01
9.669000028827211679e+01,1.755320429801940918e-01,4.599913954734802246e-01
9.670000028830193628e+01,1.759178787469863892e-01,4.794163405895233154e-01
9.671000028833175577e+01,1.738401055335998535e-01,5.166820287704467773e-01
9.672000028836156105e+01,1.736447662115097046e-01,5.737027525901794434e-01
9.673000028839138054e+01,1.802160143852233887e-01,6.980828046798706055e-01
9.674000028842120003e+01,1.742597073316574097e-01,4.922043979167938232e-01
9.675000028845100530e+01,1.692628562450408936e-01,5.274325013160705566e-01
9.676000028848082479e+01,1.692565381526947021e-01,5.743017196655273438e-01
9.677000028851063007e+01,1.717889904975891113e-01,4.696321189403533936e-01
9.678000028854044956e+01,1.715657413005828857e-01,4.342498183250427246e-01
9.679000028857026905e+01,1.700039505958557129e-01,4.966349303722381592e-01
9.680000028860007433e+01,1.814209967851638794e-01,4.699079692363739014e-01
9.681000028862989382e+01,1.712100058794021606e-01,4.199463427066802979e-01
9.682000028865971331e+01,1.732511371374130249e-01,4.727519154548645020e-01
9.683000028868951858e+01,1.688854545354843140e-01,4.816012680530548096e-01
9.684000028871933807e+01,1.615639775991439819e-01,4.235962033271789551e-01
9.685000028874914335e+01,1.749721020460128784e-01,4.536576569080352783e-01
9.686000028877896284e+01,1.730435937643051147e-01,4.103161394596099854e-01
9.687000028880878233e+01,1.771513223648071289e-01,4.992018043994903564e-01
9.688000028883858761e+01,1.678928285837173462e-01,4.659183025360107422e-01
9.689000028886840710e+01,1.706610769033432007e-01,4.808990061283111572e-01
9.690000028889821237e+01,1.764930635690689087e-01,5.156255364418029785e-01
9.691000028892803186e+01,1.738903969526290894e-01,4.755329489707946777e-01
9.692000028895785135e+01,1.696284413337707520e-01,4.489946365356445312e-01
9.693000028898765663e+01,1.720287650823593140e-01,4.896549284458160400e-01
9.694000028901747612e+01,1.797794401645660400e-01,5.406128168106079102e-01
9.695000028904729561e+01,1.849652230739593506e-01,4.579110145568847656e-01
9.696000028907710089e+01,1.730997115373611450e-01,4.997955560684204102e-01
9.697000028910692038e+01,1.753938049077987671e-01,4.020069539546966553e-01
9.698000028913672566e+01,1.744138747453689575e-01,4.732298851013183594e-01
9.699000028916654514e+01,1.737594455480575562e-01,5.056386590003967285e-01
9.700000028919636463e+01,1.663753539323806763e-01,4.560962617397308350e-01
9.701000028922616991e+01,1.823340356349945068e-01,5.757910013198852539e-01
9.702000028925598940e+01,1.728976070880889893e-01,5.493922233581542969e-01
9.703000028928579468e+01,1.798067539930343628e-01,5.138673186302185059e-01
9.704000028931561417e+01,1.721212714910507202e-01,4.842416644096374512e-01
9.705000028934543366e+01,1.746800392866134644e-01,5.381712913513183594e-01
9.706000028937523894e+01,1.740905493497848511e-01,6.325645446777343750e-01
9.707000028940505842e+01,1.759174168109893799e-01,6.317725181579589844e-01
9.708000028943487791e+01,1.750112175941467285e-01,5.401437282562255859e-01
9.709000028946468319e+01,1.736114323139190674e-01,5.544639825820922852e-01
9.710000028949450268e+01,1.777156442403793335e-01,6.447814702987670898e-01
9.711000028952430796e+01,1.715269237756729126e-01,5.501356124877929688e-01
9.712000028955412745e+01,1.734107881784439087e-01,5.161111950874328613e-01
9.713000028958394694e+01,1.805960386991500854e-01,5.027574896812438965e-01
9.714000028961375222e+01,1.699921190738677979e-01,4.828455448150634766e-01
9.715000028964357170e+01,1.803830116987228394e-01,5.474578738212585449e-01
9.716000028967339119e+01,1.640469133853912354e-01,4.677073359489440918e-01
9.717000028970319647e+01,1.818378567695617676e-01,5.017012357711791992e-01
9.718000028973301596e+01,1.763961762189865112e-01,5.624952316284179688e-01
9.719000028976282124e+01,1.791414916515350342e-01,5.199341773986816406e-01
9.720000028979264073e+01,1.684981435537338257e-01,4.782070815563201904e-01
9.721000028982246022e+01,1.852673441171646118e-01,5.922928452491760254e-01
9.722000028985226550e+01,1.642765998840332031e-01,4.929643869400024414e-01
9.723000028988208499e+01,1.775493770837783813e-01,5.263521671295166016e-01
9.724000028991189026e+01,1.737050116062164307e-01,5.174458622932434082e-01
9.725000028994170975e+01,1.684579253196716309e-01,4.423201382160186768e-01
9.726000028997152924e+01,1.845249682664871216e-01,4.558636844158172607e-01
9.727000029000133452e+01,1.756226122379302979e-01,4.932948648929595947e-01
9.728000029003115401e+01,1.718883216381072998e-01,5.164387822151184082e-01
9.729000029006097350e+01,1.780548393726348877e-01,5.100325345993041992e-01
9.730000029009077878e+01,1.736898869276046753e-01,4.548970162868499756e-01
9.731000029012059827e+01,1.719122529029846191e-01,6.119322776794433594e-01
9.732000029015040354e+01,1.804662793874740601e-01,5.283616185188293457e-01
9.733000029018022303e+01,1.772026866674423218e-01,5.482066869735717773e-01
9.734000029021004252e+01,1.745967268943786621e-01,4.823359847068786621e-01
9.735000029023984780e+01,1.887534558773040771e-01,6.208109259605407715e-01
9.736000029026966729e+01,1.787611991167068481e-01,5.850816965103149414e-01
9.737000029029947257e+01,1.773395687341690063e-01,5.339602231979370117e-01
9.738000029032929206e+01,1.705076396465301514e-01,5.248016119003295898e-01
9.739000029035911155e+01,1.790905594825744629e-01,5.959610342979431152e-01
9.740000029038891682e+01,1.711785048246383667e-01,4.903508424758911133e-01
9.741000029041873631e+01,1.735444366931915283e-01,5.421020984649658203e-01
9.742000029044855580e+01,1.851134896278381348e-01,4.825733602046966553e-01
9.743000029047836108e+01,1.774462163448333740e-01,6.292626857757568359e-01
9.744000029050818057e+01,1.783458888530731201e-01,6.862140893936157227e-01
9.745000029053798585e+01,1.819343268871307373e-01,5.536578893661499023e-01
9.746000029056780534e+01,1.783306002616882324e-01,5.581600666046142578e-01
9.747000029059762483e+01,1.771114021539688110e-01,5.937682986259460449e-01
9.748000029062743010e+01,1.765708029270172119e-01,5.655690431594848633e-01
9.749000029065724959e+01,1.745159029960632324e-01,4.968216121196746826e-01
9.750000029068706908e+01,1.806455552577972412e-01,5.125244259834289551e-01
9.751000029071687436e+01,1.812311708927154541e-01,5.945400595664978027e-01
9.752000029074669385e+01,1.762288510799407959e-01,5.035713315010070801e-01
9.753000029077649913e+01,1.751295179128646851e-01,5.400570631027221680e-01
9.754000029080631862e+01,1.741534918546676636e-01,5.869631171226501465e-01
9.755000029083613811e+01,1.756363511085510254e-01,5.641868114471435547e-01
9.756000029086594338e+01,1.629064828157424927e-01,4.935918748378753662e-01
9.757000029089576287e+01,1.769188791513442993e-01,4.873439371585845947e-01
9.758000029092556815e+01,1.704653054475784302e-01,4.569596052169799805e-01
9.759000029095538764e+01,1.854199022054672241e-01,4.314972758293151855e-01
9.760000029098520713e+01,1.793805062770843506e-01,4.737776517868041992e-01
9.761000029101501241e+01,1.798905283212661743e-01,5.232698321342468262e-01
9.762000029104483190e+01,1.766741722822189331e-01,4.902246296405792236e-01
9.763000029107465139e+01,1.860479414463043213e-01,4.999365806579589844e-01
9.764000029110445666e+01,1.731656193733215332e-01,4.619873464107513428e-01
9.765000029113427615e+01,1.800177395343780518e-01,5.596748590469360352e-01
9.766000029116408143e+01,1.711447834968566895e-01,5.614416599273681641e-01
9.767000029119390092e+01,1.717892885208129883e-01,5.036073923110961914e-01
9.768000029122372041e+01,1.744712591171264648e-01,4.707093238830566406e-01
9.769000029125352569e+01,1.715083569288253784e-01,5.455314517021179199e-01
9.770000029128334518e+01,1.680555045604705811e-01,5.316107273101806641e-01
9.771000029131316467e+01,1.720746010541915894e-01,5.192872285842895508e-01
9.772000029134296994e+01,1.801853179931640625e-01,4.480300247669219971e-01
9.773000029137278943e+01,1.730058342218399048e-01,5.476421713829040527e-01
9.774000029140259471e+01,1.784943938255310059e-01,4.934813678264617920e-01
9.775000029143241420e+01,1.779743582010269165e-01,5.469902753829956055e-01
9.776000029146223369e+01,1.773378998041152954e-01,4.493604898452758789e-01
9.777000029149203897e+01,1.719721853733062744e-01,5.361056923866271973e-01
9.778000029152185846e+01,1.735162734985351562e-01,4.455263018608093262e-01
9.779000029155166374e+01,1.746582090854644775e-01,4.914612174034118652e-01
9.780000029158148322e+01,1.752939373254776001e-01,5.294764637947082520e-01
9.781000029161130271e+01,1.790889352560043335e-01,5.414922833442687988e-01
9.782000029164110799e+01,1.826045066118240356e-01,5.020101666450500488e-01
9.783000029167092748e+01,1.764414012432098389e-01,4.806466698646545410e-01
9.784000029170074697e+01,1.677294224500656128e-01,4.657651484012603760e-01
9.785000029173055225e+01,1.727122664451599121e-01,4.501653611660003662e-01
9.786000029176037174e+01,1.767430901527404785e-01,5.046487450599670410e-01
9.787000029179017702e+01,1.760902106761932373e-01,5.917295813560485840e-01
9.788000029181999651e+01,1.752314865589141846e-01,4.765044152736663818e-01
9.789000029184981599e+01,1.775153726339340210e-01,5.384638905525207520e-01
9.790000029187962127e+01,1.735299080610275269e-01,4.857343137264251709e-01
9.791000029190944076e+01,1.760569214820861816e-01,5.616459846496582031e-01
9.792000029193924604e+01,1.782409995794296265e-01,4.763305187225341797e-01
9.793000029196906553e+01,1.795915961265563965e-01,5.325518846511840820e-01
9.794000029199888502e+01,1.820994317531585693e-01,6.111589074134826660e-01
9.795000029202869030e+01,1.741487383842468262e-01,5.196971297264099121e-01
9.796000029205850979e+01,1.814740896224975586e-01,6.078495979309082031e-01
9.797000029208832927e+01,1.816420704126358032e-01,4.781698286533355713e-01
9.798000029211813455e+01,1.760573685169219971e-01,4.878306984901428223e-01
9.799000029214795404e+01,1.706248372793197632e-01,5.269224047660827637e-01
9.800000029217775932e+01,1.842637360095977783e-01,5.861584544181823730e-01
9.801000029220757881e+01,1.738285124301910400e-01,4.252158701419830322e-01
9.802000029223739830e+01,1.720092743635177612e-01,5.501541495323181152e-01
9.803000029226720358e+01,1.661881357431411743e-01,4.648680686950683594e-01
9.804000029229702307e+01,1.845910102128982544e-01,5.294068455696105957e-01
9.805000029232684255e+01,1.747520267963409424e-01,4.565877616405487061e-01
9.806000029235664783e+01,1.846385598182678223e-01,4.567511975765228271e-01
9.807000029238646732e+01,1.744788438081741333e-01,5.376843810081481934e-01
9.808000029241627260e+01,1.758225262165069580e-01,4.693502485752105713e-01
9.809000029244609209e+01,1.694967597723007202e-01,5.082723498344421387e-01
9.810000029247591158e+01,1.826977431774139404e-01,5.126516819000244141e-01
9.811000029250571686e+01,1.748935729265213013e-01,5.081283450126647949e-01
9.812000029253553635e+01,1.846480369567871094e-01,5.867181420326232910e-01
9.813000029256534162e+01,1.808505356311798096e-01,4.576802551746368408e-01
9.814000029259516111e+01,1.785966455936431885e-01,4.500918388366699219e-01
9.815000029262498060e+01,1.720001250505447388e-01,4.334070086479187012e-01
9.816000029265478588e+01,1.906764358282089233e-01,4.766177535057067871e-01
9.817000029268460537e+01,1.845364868640899658e-01,5.734125971794128418e-01
9.818000029271442486e+01,1.770795136690139771e-01,5.512686371803283691e-01
9.819000029274423014e+01,1.779038012027740479e-01,5.555132031440734863e-01
9.820000029277404963e+01,1.784631609916687012e-01,5.636214017868041992e-01
9.821000029280385490e+01,1.718692332506179810e-01,4.430077373981475830e-01
9.822000029283367439e+01,1.761786043643951416e-01,4.796305596828460693e-01
9.823000029286349388e+01,1.781730651855468750e-01,6.188421249389648438e-01
9.824000029289329916e+01,1.733773499727249146e-01,5.413811802864074707e-01
9.825000029292311865e+01,1.786631196737289429e-01,5.223691463470458984e-01
9.826000029295292393e+01,1.714936494827270508e-01,5.150750875473022461e-01
9.827000029298274342e+01,1.748116314411163330e-01,5.624534487724304199e-01
9.828000029301256291e+01,1.707816272974014282e-01,4.307948946952819824e-01
9.829000029304236818e+01,1.813282072544097900e-01,5.463325381278991699e-01
9.830000029307218767e+01,1.767021417617797852e-01,5.031653046607971191e-01
9.831000029310200716e+01,1.715366989374160767e-01,4.921325743198394775e-01
9.832000029313181244e+01,1.750209033489227295e-01,5.166680216789245605e-01
9.833000029316163193e+01,1.755733191967010498e-01,5.054275989532470703e-01
9.834000029319143721e+01,1.726314872503280640e-01,4.961309432983398438e-01
9.835000029322125670e+01,1.693877875804901123e-01,5.097886323928833008e-01
9.836000029325107619e+01,1.625522077083587646e-01,4.802991747856140137e-01
9.837000029328088146e+01,1.737418174743652344e-01,4.663884639739990234e-01
9.838000029331070095e+01,1.681924462318420410e-01,4.889245331287384033e-01
9.839000029334052044e+01,1.775396019220352173e-01,4.790337085723876953e-01
9.840000029337032572e+01,1.727039366960525513e-01,5.867124795913696289e-01
9.841000029340014521e+01,1.688793152570724487e-01,4.370230138301849365e-01
9.842000029342995049e+01,1.739213168621063232e-01,4.885281920433044434e-01
9.843000029345976998e+01,1.708030253648757935e-01,5.276032090187072754e-01
9.844000029348958947e+01,1.770900636911392212e-01,4.805313646793365479e-01
9.845000029351939475e+01,1.690202653408050537e-01,4.867715835571289062e-01
9.846000029354921423e+01,1.727934181690216064e-01,5.174699425697326660e-01
9.847000029357901951e+01,1.795951277017593384e-01,4.841238558292388916e-01
9.848000029360883900e+01,1.816528141498565674e-01,5.755440592765808105e-01
9.849000029363865849e+01,1.664096564054489136e-01,5.567944645881652832e-01
9.850000029366846377e+01,1.712918579578399658e-01,5.152242183685302734e-01
9.851000029369828326e+01,1.746201813220977783e-01,5.481711030006408691e-01
9.852000029372810275e+01,1.675329655408859253e-01,5.059481859207153320e-01
9.853000029375790803e+01,1.723405867815017700e-01,4.878140389919281006e-01
9.854000029378772751e+01,1.643954515457153320e-01,5.366321206092834473e-01
9.855000029381753279e+01,1.690012365579605103e-01,4.716597795486450195e-01
9.856000029384735228e+01,1.772365570068359375e-01,4.961250424385070801e-01
9.857000029387717177e+01,1.706679910421371460e-01,4.484300613403320312e-01
9.858000029390697705e+01,1.650193780660629272e-01,4.857293963432312012e-01
9.859000029393679654e+01,1.852736324071884155e-01,4.605139791965484619e-01
9.860000029396660182e+01,1.736475825309753418e-01,4.760278761386871338e-01
9.861000029399642131e+01,1.689833253622055054e-01,4.347828924655914307e-01
9.862000029402624079e+01,1.789771467447280884e-01,4.836380779743194580e-01
9.863000029405604607e+01,1.722776144742965698e-01,5.249735713005065918e-01
9.864000029408586556e+01,1.723961979150772095e-01,5.288365483283996582e-01
9.865000029411568505e+01,1.719346940517425537e-01,4.918190538883209229e-01
9.866000029414549033e+01,1.777036786079406738e-01,4.978077709674835205e-01
9.867000029417530982e+01,1.767215281724929810e-01,4.290991425514221191e-01
9.868000029420511510e+01,1.729439049959182739e-01,4.883218705654144287e-01
9.869000029423493459e+01,1.746638566255569458e-01,5.502488613128662109e-01
9.870000029426475407e+01,1.723955720663070679e-01,5.211846232414245605e-01
9.871000029429455935e+01,1.701366454362869263e-01,4.942664206027984619e-01
9.872000029432437884e+01,1.743553876876831055e-01,4.474768936634063721e-01
9.873000029435419833e+01,1.674360185861587524e-01,5.277867317199707031e-01
9.874000029438400361e+01,1.708467155694961548e-01,5.342776179313659668e-01
9.875000029441382310e+01,1.658482104539871216e-01,4.862218797206878662e-01
9.876000029444362838e+01,1.678172498941421509e-01,4.555666744709014893e-01
9.877000029447344787e+01,1.715865731239318848e-01,4.886466562747955322e-01
9.878000029450326736e+01,1.679175496101379395e-01,4.668787121772766113e-01
9.879000029453307263e+01,1.756121367216110229e-01,5.170227885246276855e-01
9.880000029456289212e+01,1.722786873579025269e-01,4.227763712406158447e-01
9.881000029459269740e+01,1.790293306112289429e-01,4.148074686527252197e-01
9.882000029462251689e+01,1.809141039848327637e-01,4.870452284812927246e-01
9.883000029465233638e+01,1.700565218925476074e-01,4.721132814884185791e-01
9.884000029468214166e+01,1.759735941886901855e-01,4.270203113555908203e-01
9.885000029471196115e+01,1.842432022094726562e-01,4.527301788330078125e-01
9.886000029474178064e+01,1.805355846881866455e-01,4.702413976192474365e-01
9.887000029477158591e+01,1.792259514331817627e-01,5.035548806190490723e-01
9.888000029480140540e+01,1.737341582775115967e-01,4.866131544113159180e-01
9.889000029483121068e+01,1.799953281879425049e-01,5.263623595237731934e-01
9.890000029486103017e+01,1.737311929464340210e-01,4.398232996463775635e-01
9.891000029489084966e+01,1.843866407871246338e-01,5.001125335693359375e-01
9.892000029492065494e+01,1.759268492460250854e-01,4.118282794952392578e-01
9.893000029495047443e+01,1.779460012912750244e-01,4.781255722045898438e-01
9.894000029498027970e+01,1.726829111576080322e-01,4.587408602237701416e-01
9.895000029501009919e+01,1.690981984138488770e-01,4.345928430557250977e-01
9.896000029503991868e+01,1.750959753990173340e-01,4.515495896339416504e-01
9.897000029506972396e+01,1.716882288455963135e-01,4.467160999774932861e-01
9.898000029509954345e+01,1.782932579517364502e-01,4.889069795608520508e-01
9.899000029512936294e+01,1.752382665872573853e-01,4.923727214336395264e-01
9.900000029515916822e+01,1.814004033803939819e-01,4.826894104480743408e-01
9.901000029518898771e+01,1.855814307928085327e-01,5.028786063194274902e-01
9.902000029521879298e+01,1.740303188562393188e-01,4.353243708610534668e-01
9.903000029524861247e+01,1.788854598999023438e-01,4.639560580253601074e-01
9.904000029527843196e+01,1.804081052541732788e-01,4.936697185039520264e-01
9.905000029530823724e+01,1.752996146678924561e-01,5.979408621788024902e-01
9.906000029533805673e+01,1.737630516290664673e-01,6.057181954383850098e-01
9.907000029536787622e+01,1.747911423444747925e-01,5.167630314826965332e-01
9.908000029539768150e+01,1.724337339401245117e-01,4.111054837703704834e-01
9.909000029542750099e+01,1.786385029554367065e-01,4.884849190711975098e-01
9.910000029545730627e+01,1.708599478006362915e-01,4.839352965354919434e-01
9.911000029548712575e+01,1.819171756505966187e-01,5.700373053550720215e-01
9.912000029551694524e+01,1.795671135187149048e-01,5.290440917015075684e-01
9.913000029554675052e+01,1.825751215219497681e-01,5.333315134048461914e-01
9.914000029557657001e+01,1.691999435424804688e-01,4.698358178138732910e-01
9.915000029560637529e+01,1.807518005371093750e-01,5.173045396804809570e-01
9.916000029563619478e+01,1.730205118656158447e-01,5.407949686050415039e-01
9.917000029566601427e+01,1.750640571117401123e-01,4.946818053722381592e-01
9.918000029569581955e+01,1.733680069446563721e-01,4.158681035041809082e-01
9.919000029572563903e+01,1.789170503616333008e-01,5.121506452560424805e-01
9.920000029575545852e+01,1.805586814880371094e-01,4.301711618900299072e-01
9.921000029578526380e+01,1.799108833074569702e-01,4.532743394374847412e-01
9.922000029581508329e+01,1.754793673753738403e-01,4.143435657024383545e-01
9.923000029584488857e+01,1.795528680086135864e-01,4.341773092746734619e-01
9.924000029587470806e+01,1.698911637067794800e-01,4.461866915225982666e-01
9.925000029590452755e+01,1.723255813121795654e-01,4.376127719879150391e-01
9.926000029593433283e+01,1.961488574743270874e-01,5.686872005462646484e-01
9.927000029596415231e+01,1.805976778268814087e-01,5.201253294944763184e-01
9.928000029599395759e+01,1.750105768442153931e-01,4.888134300708770752e-01
9.929000029602377708e+01,1.699838489294052124e-01,5.158920884132385254e-01
9.930000029605359657e+01,1.624708175659179688e-01,4.608842730522155762e-01
9.931000029608340185e+01,1.748464405536651611e-01,5.939022898674011230e-01
9.932000029611322134e+01,1.716867536306381226e-01,5.063640475273132324e-01
9.933000029614304083e+01,1.657948195934295654e-01,4.936043024063110352e-01
9.934000029617284611e+01,1.808330118656158447e-01,5.569666028022766113e-01
9.935000029620266560e+01,1.681421548128128052e-01,4.535659253597259521e-01
9.936000029623247087e+01,1.898314356803894043e-01,5.362309217453002930e-01
9.937000029626229036e+01,1.671293824911117554e-01,4.912295937538146973e-01
9.938000029629210985e+01,1.633592098951339722e-01,4.829972386360168457e-01
9.939000029632191513e+01,1.685225367546081543e-01,6.291183233261108398e-01
9.940000029635173462e+01,1.741681993007659912e-01,4.638132750988006592e-01
9.941000029638155411e+01,1.707940101623535156e-01,5.191298723220825195e-01
9.942000029641135939e+01,1.679051071405410767e-01,4.720939695835113525e-01
9.943000029644117888e+01,1.725730448961257935e-01,5.363281965255737305e-01
9.944000029647098415e+01,1.738367229700088501e-01,4.916850924491882324e-01
9.945000029650080364e+01,1.758185774087905884e-01,5.236793756484985352e-01
9.946000029653062313e+01,1.749032884836196899e-01,5.166220664978027344e-01
9.947000029656042841e+01,1.733029037714004517e-01,4.821608364582061768e-01
9.948000029659024790e+01,1.757002472877502441e-01,5.378131866455078125e-01
9.949000029662005318e+01,1.676246374845504761e-01,4.834893643856048584e-01
9.950000029664987267e+01,1.696652472019195557e-01,5.205354690551757812e-01
9.951000029667969216e+01,1.677708327770233154e-01,5.219933986663818359e-01
9.952000029670949743e+01,1.758013665676116943e-01,4.631190299987792969e-01
9.953000029673931692e+01,1.728769838809967041e-01,4.412214756011962891e-01
9.954000029676913641e+01,1.674497425556182861e-01,5.546616315841674805e-01
9.955000029679894169e+01,1.754011511802673340e-01,4.622336626052856445e-01
9.956000029682876118e+01,1.732953488826751709e-01,4.864777922630310059e-01
9.957000029685856646e+01,1.669873148202896118e-01,4.464592933654785156e-01
9.958000029688838595e+01,1.797498315572738647e-01,4.576955735683441162e-01
9.959000029691820544e+01,1.726689338684082031e-01,4.710518717765808105e-01
9.960000029694801071e+01,1.760447323322296143e-01,4.740589261054992676e-01
9.961000029697783020e+01,1.720056831836700439e-01,4.315451383590698242e-01
9.962000029700764969e+01,1.673263013362884521e-01,4.639973938465118408e-01
9.963000029703745497e+01,1.826932579278945923e-01,5.399594306945800781e-01
9.964000029706727446e+01,1.727893799543380737e-01,4.572122395038604736e-01
9.965000029709707974e+01,1.793890148401260376e-01,5.046359896659851074e-01
9.966000029712689923e+01,1.766095012426376343e-01,5.177037119865417480e-01
9.967000029715671872e+01,1.734651178121566772e-01,5.198087692260742188e-01
9.968000029718652399e+01,1.688372939825057983e-01,4.447298645973205566e-01
9.969000029721634348e+01,1.784434765577316284e-01,5.083515644073486328e-01
9.970000029724614876e+01,1.772845536470413208e-01,5.461289882659912109e-01
9.971000029727596825e+01,1.757059544324874878e-01,4.824892282485961914e-01
9.972000029730578774e+01,1.706290394067764282e-01,5.227853059768676758e-01
9.973000029733559302e+01,1.842270046472549438e-01,5.063911080360412598e-01
9.974000029736541251e+01,1.787241399288177490e-01,5.383965373039245605e-01
9.975000029739523200e+01,1.695259213447570801e-01,5.048527121543884277e-01
9.976000029742503727e+01,1.806584000587463379e-01,5.696056485176086426e-01
9.977000029745485676e+01,1.659423410892486572e-01,5.555912256240844727e-01
9.978000029748466204e+01,1.711804568767547607e-01,5.881698727607727051e-01
9.979000029751448153e+01,1.766785979270935059e-01,5.599502921104431152e-01
9.980000029754430102e+01,1.708113849163055420e-01,6.006009578704833984e-01
9.981000029757410630e+01,1.683907657861709595e-01,4.590825438499450684e-01
9.982000029760392579e+01,1.750355362892150879e-01,5.169538259506225586e-01
9.983000029763373107e+01,1.738894134759902954e-01,4.974163174629211426e-01
9.984000029766355055e+01,1.763750761747360229e-01,4.817138016223907471e-01
9.985000029769337004e+01,1.691275238990783691e-01,4.613949954509735107e-01
9.986000029772317532e+01,1.789276003837585449e-01,5.028038024902343750e-01
9.987000029775299481e+01,1.720877289772033691e-01,4.951179921627044678e-01
9.988000029778281430e+01,1.767736673355102539e-01,4.564361274242401123e-01
9.989000029781261958e+01,1.719959080219268799e-01,5.822499394416809082e-01
9.990000029784243907e+01,1.654882878065109253e-01,5.692089796066284180e-01
9.991000029787224435e+01,1.689749360084533691e-01,5.661257505416870117e-01
9.992000029790206383e+01,1.744416654109954834e-01,4.719616174697875977e-01
9.993000029793188332e+01,1.800825297832489014e-01,4.306710958480834961e-01
9.994000029796168860e+01,1.770382225513458252e-01,4.588224291801452637e-01
9.995000029799150809e+01,1.768002063035964966e-01,5.458125472068786621e-01
9.996000029802132758e+01,1.838596910238265991e-01,4.792973101139068604e-01
9.997000029805113286e+01,1.690214425325393677e-01,4.245463311672210693e-01
9.998000029808095235e+01,1.754089742898941040e-01,4.472832381725311279e-01
9.999000029811075763e+01,1.772932857275009155e-01,5.299800634384155273e-01
