lag_time_ns,msd_A2
0.000000000000000000e+00,0.000000000000000000e+00
1.000000002981416003e-02,4.865851317455270886e-01
2.000000005962832006e-02,5.936741515074637210e-01
3.000000008944248009e-02,6.801489049097172446e-01
4.000000011925664012e-02,7.503515324844660661e-01
5.000000014907080015e-02,8.252259269085864268e-01
6.000000017888407200e-02,8.799596047079862871e-01
7.000000020869823203e-02,9.440861176041601688e-01
8.000000023851239206e-02,1.006524962223461328e+00
9.000000026832655209e-02,1.064157101454568988e+00
1.000000002981407121e-01,1.117177550225031180e+00
1.100000003279548721e-01,1.167329598171546579e+00
1.200000003577690322e-01,1.220333104819329995e+00
1.300000003875831922e-01,1.278288055330191852e+00
1.400000004173973522e-01,1.333900122217321460e+00
1.500000004472115123e-01,1.374205943205196512e+00
1.600000004770256723e-01,1.429678824520804303e+00
1.700000005068380560e-01,1.477932444708094817e+00
1.800000005366522160e-01,1.526058875330959186e+00
1.900000005664663760e-01,1.585656995008407844e+00
2.000000005962805361e-01,1.635496170980711872e+00
2.100000006260946961e-01,1.686216287478223164e+00
2.200000006559088561e-01,1.734629217872705853e+00
2.300000006857230161e-01,1.785028492862217764e+00
2.400000007155371762e-01,1.829402783253597731e+00
2.500000007453513362e-01,1.872743827413485107e+00
2.600000007751654962e-01,1.919680734386592480e+00
2.700000008049787681e-01,1.961539654919199460e+00
2.800000008347929281e-01,2.005560261386145182e+00
2.900000008646070881e-01,2.052252712702389292e+00
3.000000008944212482e-01,2.097572059392972310e+00
3.100000009242354082e-01,2.137014710150268559e+00
3.200000009540495682e-01,2.183406238035257019e+00
3.300000009838637283e-01,2.221225249519054312e+00
3.400000010136778883e-01,2.270583537713582345e+00
3.500000010434920483e-01,2.301159708277409788e+00
3.600000010733062084e-01,2.349531963256633382e+00
3.700000011031194802e-01,2.387545185203844067e+00
3.800000011329336402e-01,2.435428709529459113e+00
3.900000011627478003e-01,2.482928013239064313e+00
4.000000011925619603e-01,2.529544877979323481e+00
4.100000012223761203e-01,2.576638781524076105e+00
4.200000012521902804e-01,2.617877613820918992e+00
4.300000012820044404e-01,2.660768071001769819e+00
4.400000013118186004e-01,2.706640782341254159e+00
4.500000013416327604e-01,2.747273524571090419e+00
4.600000013714469205e-01,2.780750626991197016e+00
4.700000014012601923e-01,2.820590159601275460e+00
4.800000014310743524e-01,2.850535942510063148e+00
4.900000014608885124e-01,2.883417410818758686e+00
5.000000014907026724e-01,2.922285941378190088e+00
5.100000015205168324e-01,2.957520115787957149e+00
5.200000015503309925e-01,2.990353129107675922e+00
5.300000015801451525e-01,3.028592214139757210e+00
5.400000016099593125e-01,3.066123260552477081e+00
5.500000016397734726e-01,3.101029200990079726e+00
5.600000016695876326e-01,3.142090564909571615e+00
5.700000016994017926e-01,3.173869478303552594e+00
5.800000017292150645e-01,3.211962955943176823e+00
5.900000017590292245e-01,3.253570838416818933e+00
6.000000017888433845e-01,3.280819192903683401e+00
6.100000018186575446e-01,3.324265187135879263e+00
6.200000018484717046e-01,3.367277147121971126e+00
6.300000018782858646e-01,3.402644935426787587e+00
6.400000019081000247e-01,3.445459236261515734e+00
6.500000019379141847e-01,3.485507211133686223e+00
6.600000019677283447e-01,3.534041865847697306e+00
6.700000019975425047e-01,3.573721861530465560e+00
6.800000020273557766e-01,3.606997890201353751e+00
6.900000020571699366e-01,3.649156752390462444e+00
7.000000020869840966e-01,3.693037795194256567e+00
7.100000021167982567e-01,3.744229662134653580e+00
7.200000021466115285e-01,3.777342633312650744e+00
7.300000021764256886e-01,3.820315421727220162e+00
7.400000022062398486e-01,3.865086480574674521e+00
7.500000022360540086e-01,3.900851701567065621e+00
7.600000022658681686e-01,3.942436571746652518e+00
7.700000022956823287e-01,3.984463729526536824e+00
7.800000023254956005e-01,4.022646744751977366e+00
7.900000023553097606e-01,4.060628217066565071e+00
8.000000023851239206e-01,4.098518341615459804e+00
8.100000024149380806e-01,4.135981515217332927e+00
8.200000024447522406e-01,4.179646287512292169e+00
8.300000024745664007e-01,4.220182562086188582e+00
8.400000025043805607e-01,4.265134402784518386e+00
8.500000025341947207e-01,4.308176919785170256e+00
8.600000025640088808e-01,4.358668823052297192e+00
8.700000025938230408e-01,4.396251213832877980e+00
8.800000026236363126e-01,4.443465453821946021e+00
8.900000026534504727e-01,4.485691744349337817e+00
9.000000026832646327e-01,4.530894078006414638e+00
9.100000027130787927e-01,4.574226509632616455e+00
9.200000027428929528e-01,4.615787041642541944e+00
9.300000027727071128e-01,4.662243726659538900e+00
9.400000028025212728e-01,4.696897445556122541e+00
9.500000028323354329e-01,4.741738311389839033e+00
9.600000028621495929e-01,4.786649351459415058e+00
9.700000028919637529e-01,4.829650216602450641e+00
9.800000029217779129e-01,4.872546047992058149e+00
9.900000029515911848e-01,4.911615708582989015e+00
1.000000002981405345e+00,4.956916790170818210e+00
1.010000003011219505e+00,5.001396596602884159e+00
1.020000003041033665e+00,5.041368483217329555e+00
1.030000003070847825e+00,5.083637641453146117e+00
1.040000003100661985e+00,5.133341331965837639e+00
1.050000003130476145e+00,5.169591446581440763e+00
1.060000003160290305e+00,5.215900218322388149e+00
1.070000003190104465e+00,5.259690854219557288e+00
1.080000003219918625e+00,5.308598710069627913e+00
1.090000003249731897e+00,5.355563894590746443e+00
1.100000003279546057e+00,5.398318097956118500e+00
1.110000003309360217e+00,5.446415004461636400e+00
1.120000003339174377e+00,5.491985653855767424e+00
1.130000003368988537e+00,5.539093125927302630e+00
1.140000003398802697e+00,5.577271472620140891e+00
1.150000003428616857e+00,5.616801021620672962e+00
1.160000003458431017e+00,5.663025185244025650e+00
1.170000003488245177e+00,5.702081121260501817e+00
1.180000003518059337e+00,5.737355324381745447e+00
1.190000003547872609e+00,5.778260282592338370e+00
1.200000003577686769e+00,5.812969626960660108e+00
1.210000003607500929e+00,5.854565275590042361e+00
1.220000003637315089e+00,5.894274723594641330e+00
1.230000003667129249e+00,5.933059076185723590e+00
1.240000003696943409e+00,5.972267910224239529e+00
1.250000003726757569e+00,6.019554206191190637e+00
1.260000003756571729e+00,6.067402203220180645e+00
1.270000003786385001e+00,6.104968417373596523e+00
1.280000003816199161e+00,6.145541664077511790e+00
1.290000003846012433e+00,6.181711538802353800e+00
1.300000003875826593e+00,6.228079222221403199e+00
1.310000003905640753e+00,6.266813214289769007e+00
1.320000003935454913e+00,6.306973160122867128e+00
1.330000003965269073e+00,6.349818863403358549e+00
1.340000003995083233e+00,6.382203986727842171e+00
1.350000004024897393e+00,6.427446618781241128e+00
1.360000004054711553e+00,6.464536688445472024e+00
1.370000004084525713e+00,6.504394639049842830e+00
1.380000004114339873e+00,6.543429943549548433e+00
1.390000004144154033e+00,6.585297584691506501e+00
1.400000004173967305e+00,6.626181459111966987e+00
1.410000004203781465e+00,6.668071987926688315e+00
1.420000004233595625e+00,6.708899931229061586e+00
1.430000004263409785e+00,6.748087568961000926e+00
1.440000004293223945e+00,6.783373837830468212e+00
1.450000004323038105e+00,6.820583303392522723e+00
1.460000004352852265e+00,6.859501039104572762e+00
1.470000004382666425e+00,6.894855868113698882e+00
1.480000004412480585e+00,6.929377487391906065e+00
1.490000004442294745e+00,6.970234811049975221e+00
1.500000004472108017e+00,7.014690406100994480e+00
1.510000004501922177e+00,7.047767770220868755e+00
1.520000004531736337e+00,7.089657540620253329e+00
1.530000004561550497e+00,7.132058581442497491e+00
1.540000004591364657e+00,7.174245033647657976e+00
1.550000004621178817e+00,7.217995601458564003e+00
1.560000004650992977e+00,7.258761708662936130e+00
1.570000004680807137e+00,7.298748182521148209e+00
1.580000004710621297e+00,7.338276343833342708e+00
1.590000004740435458e+00,7.376508032398746195e+00
1.600000004770248729e+00,7.410361392246481493e+00
1.610000004800062889e+00,7.454472955147887880e+00
1.620000004829877049e+00,7.499918442203170166e+00
1.630000004859691209e+00,7.538733009003506957e+00
1.640000004889505369e+00,7.581026023073703435e+00
1.650000004919319530e+00,7.624505502397147971e+00
1.660000004949133690e+00,7.663499585369571321e+00
1.670000004978947850e+00,7.706320670631267689e+00
1.680000005008762010e+00,7.747338006123112741e+00
1.690000005038576170e+00,7.781899683026849424e+00
1.700000005068389441e+00,7.819366820349981317e+00
1.710000005098203602e+00,7.861322465384375846e+00
1.720000005128017762e+00,7.893505694181614629e+00
1.730000005157831922e+00,7.935586309642759240e+00
1.740000005187646082e+00,7.980430346144427922e+00
1.750000005217460242e+00,8.013775862152677121e+00
1.760000005247274402e+00,8.057240538856060397e+00
1.770000005277088562e+00,8.090475623459996157e+00
1.780000005306902722e+00,8.135151726835443853e+00
1.790000005336716882e+00,8.169268359989105832e+00
1.800000005366529265e+00,8.204418858882897680e+00
1.810000005396343425e+00,8.247624528358642237e+00
1.820000005426157585e+00,8.280819090264001758e+00
1.830000005455971746e+00,8.316406037289112874e+00
1.840000005485785906e+00,8.350085038323939557e+00
1.850000005515600066e+00,8.387376570168852297e+00
1.860000005545414226e+00,8.419686349937853365e+00
1.870000005575228386e+00,8.457853360473125193e+00
1.880000005605042546e+00,8.490341538347175643e+00
1.890000005634856706e+00,8.520241427835189896e+00
1.900000005664670866e+00,8.556169873290134120e+00
1.910000005694484138e+00,8.594842962716304768e+00
1.920000005724298298e+00,8.630981783214325631e+00
1.930000005754112458e+00,8.666953340045928655e+00
1.940000005783926618e+00,8.703627153429668084e+00
1.950000005813740778e+00,8.736081654477780845e+00
1.960000005843554938e+00,8.772350866024380522e+00
1.970000005873369098e+00,8.802806100254457533e+00
1.980000005903183258e+00,8.835399262440713386e+00
1.990000005932997418e+00,8.871019566846639393e+00
2.000000005962811578e+00,8.902311700394669458e+00
2.010000005992624850e+00,8.937054761610216502e+00
2.020000006022439010e+00,8.974853610017506256e+00
2.030000006052253170e+00,9.016179913762881526e+00
2.040000006082067330e+00,9.055674360779720544e+00
2.050000006111881490e+00,9.083864207289774839e+00
2.060000006141695650e+00,9.123724118884211975e+00
2.070000006171509810e+00,9.160761109096444699e+00
2.080000006201323970e+00,9.198915281230497953e+00
2.090000006231138130e+00,9.237952770912363221e+00
2.100000006260952290e+00,9.273589834459452064e+00
2.110000006290765562e+00,9.302174648552743008e+00
2.120000006320579722e+00,9.343887752828802462e+00
2.130000006350393882e+00,9.370042572765076017e+00
2.140000006380208042e+00,9.407151717784190126e+00
2.150000006410022202e+00,9.433598892933028779e+00
2.160000006439836362e+00,9.474995542652537850e+00
2.170000006469650522e+00,9.507397423158506555e+00
2.180000006499464682e+00,9.538419905612069982e+00
2.190000006529278842e+00,9.577585011399145642e+00
2.200000006559093002e+00,9.622711105585839420e+00
2.210000006588906274e+00,9.658114921511952389e+00
2.220000006618720434e+00,9.700112528248684640e+00
2.230000006648534594e+00,9.732205391080407608e+00
2.240000006678348754e+00,9.771908775797395919e+00
2.250000006708162914e+00,9.808598321039500689e+00
2.260000006737977074e+00,9.846875254243270703e+00
2.270000006767791234e+00,9.889352962044094753e+00
2.280000006797605394e+00,9.917746341747202266e+00
2.290000006827419554e+00,9.956910080412402664e+00
2.300000006857233714e+00,1.000140987938476300e+01
2.310000006887047874e+00,1.003613158129090621e+01
2.320000006916861146e+00,1.007299629762408344e+01
2.330000006946675306e+00,1.010961919601783521e+01
2.340000006976489466e+00,1.014939147535167763e+01
2.350000007006302738e+00,1.018136895692653532e+01
2.360000007036116898e+00,1.022622382785436379e+01
2.370000007065931058e+00,1.026511040881436365e+01
2.380000007095745218e+00,1.030774505157457988e+01
2.390000007125559378e+00,1.034578269164329711e+01
2.400000007155373538e+00,1.038791889975738592e+01
2.410000007185187698e+00,1.042636172289420671e+01
2.420000007215000970e+00,1.046580586380606981e+01
2.430000007244815130e+00,1.050009926084955580e+01
2.440000007274629290e+00,1.053116742868795797e+01
2.450000007304443450e+00,1.056657110989309523e+01
2.460000007334257610e+00,1.059915698240994963e+01
2.470000007364071770e+00,1.063712285239092559e+01
2.480000007393885930e+00,1.066986162814639982e+01
2.490000007423700090e+00,1.070086646137025710e+01
2.500000007453514250e+00,1.073782860678675277e+01
2.510000007483328410e+00,1.077263403293719612e+01
2.520000007513141682e+00,1.080865944244919064e+01
2.530000007542955842e+00,1.084177696258197265e+01
2.540000007572770002e+00,1.087573657032416286e+01
2.550000007602584162e+00,1.090969096629545909e+01
2.560000007632398322e+00,1.094666615058998360e+01
2.570000007662212482e+00,1.099301788493572474e+01
2.580000007692026642e+00,1.102759590085576491e+01
2.590000007721840802e+00,1.106544958979862159e+01
2.600000007751654962e+00,1.109661095914887419e+01
2.610000007781469122e+00,1.112799602574147784e+01
2.620000007811282394e+00,1.117369433220885888e+01
2.630000007841096554e+00,1.120637822557809393e+01
2.640000007870910714e+00,1.124962164104535844e+01
2.650000007900724874e+00,1.128580355450781703e+01
2.660000007930539034e+00,1.131092061963679463e+01
2.670000007960353194e+00,1.134762854190806891e+01
2.680000007990167354e+00,1.138331687246828317e+01
2.690000008019981514e+00,1.142548560041568351e+01
2.700000008049795674e+00,1.146921727655710121e+01
2.710000008079609835e+00,1.151138656266130589e+01
2.720000008109423995e+00,1.154767588443719895e+01
2.730000008139237266e+00,1.158966336158607291e+01
2.740000008169051426e+00,1.163084769468524726e+01
2.750000008198865586e+00,1.167769090846762836e+01
2.760000008228679746e+00,1.171570027547881310e+01
2.770000008258493907e+00,1.175765517931349535e+01
2.780000008288308067e+00,1.180428542388013469e+01
2.790000008318122227e+00,1.184335317656340969e+01
2.800000008347936387e+00,1.188665055898789724e+01
2.810000008377750547e+00,1.193122367358559188e+01
2.820000008407564707e+00,1.197136989750350011e+01
2.830000008437377979e+00,1.201643343559525867e+01
2.840000008467192139e+00,1.205971127850894931e+01
2.850000008497006299e+00,1.209958681730766905e+01
2.860000008526820459e+00,1.215167737555961125e+01
2.870000008556634619e+00,1.219176736617199452e+01
2.880000008586448779e+00,1.223129752148761717e+01
2.890000008616262939e+00,1.228298082946822412e+01
2.900000008646076211e+00,1.232807935725868020e+01
2.910000008675890371e+00,1.236746580881036195e+01
2.920000008705704531e+00,1.241321034248267807e+01
2.930000008735517802e+00,1.245653689570151457e+01
2.940000008765331962e+00,1.249827900310402740e+01
2.950000008795146123e+00,1.253368927254521559e+01
2.960000008824960283e+00,1.257318185825934975e+01
2.970000008854774443e+00,1.262245657931468656e+01
2.980000008884588603e+00,1.266533931446895700e+01
2.990000008914403651e+00,1.271828531146378971e+01
3.000000008944217811e+00,1.276719043322829172e+01
3.010000008974031971e+00,1.280786684653758911e+01
3.020000009003846131e+00,1.285830724060597952e+01
3.030000009033658515e+00,1.289860817298855267e+01
3.040000009063472675e+00,1.294307596155900519e+01
3.050000009093286835e+00,1.298978979555080748e+01
3.060000009123100995e+00,1.303182057423329354e+01
3.070000009152915155e+00,1.308069436889352488e+01
3.080000009182729315e+00,1.312685398634074829e+01
3.090000009212543475e+00,1.316658817404477411e+01
3.100000009242357635e+00,1.321013576053286620e+01
3.110000009272171795e+00,1.326289554338969445e+01
3.120000009301985955e+00,1.330473265079795375e+01
3.130000009331800115e+00,1.335152741231483731e+01
3.140000009361614275e+00,1.339890943725988492e+01
3.150000009391428435e+00,1.344539296616699531e+01
3.160000009421242595e+00,1.348127002220792647e+01
3.170000009451054979e+00,1.352202984394180696e+01
3.180000009480869139e+00,1.356626495997472581e+01
3.190000009510683299e+00,1.360637447211710693e+01
3.200000009540497459e+00,1.364592119801088543e+01
3.210000009570311619e+00,1.368358559995781754e+01
3.220000009600125779e+00,1.373078887816329718e+01
3.230000009629939939e+00,1.376791181700138189e+01
3.240000009659754099e+00,1.380482106710923951e+01
3.250000009689568259e+00,1.384605584311371906e+01
3.260000009719382419e+00,1.387790472312520507e+01
3.270000009749196579e+00,1.391680378615141933e+01
3.280000009779010739e+00,1.394993202032516599e+01
3.290000009808823123e+00,1.398352881312422724e+01
3.300000009838639059e+00,1.402101500402574352e+01
3.310000009868451443e+00,1.405725441209675353e+01
3.320000009898267379e+00,1.408991264098216512e+01
3.330000009928079763e+00,1.412986116774162149e+01
3.340000009957895699e+00,1.416341354833129529e+01
3.350000009987708083e+00,1.420232101216044107e+01
3.360000010017524019e+00,1.423641273048065869e+01
3.370000010047336403e+00,1.427394718051156808e+01
3.380000010077152339e+00,1.430804513274611978e+01
3.390000010106964723e+00,1.433936687096957030e+01
3.400000010136778883e+00,1.437105070539385210e+01
3.410000010166593043e+00,1.440274770418194983e+01
3.420000010196407203e+00,1.443260143338301127e+01
3.430000010226221363e+00,1.446986617389835494e+01
3.440000010256035523e+00,1.450832468066211511e+01
3.450000010285849683e+00,1.454336353800922943e+01
3.460000010315663843e+00,1.457830545491252394e+01
3.470000010345478003e+00,1.460930836493880136e+01
3.480000010375292163e+00,1.464879964840976179e+01
3.490000010405104547e+00,1.467998818383879112e+01
3.500000010434920483e+00,1.471444654239661531e+01
3.510000010464732867e+00,1.474402267961577451e+01
3.520000010494548803e+00,1.477398757596825796e+01
3.530000010524361187e+00,1.480853535074860083e+01
3.540000010554177123e+00,1.484047376689008679e+01
3.550000010583989507e+00,1.488398368938479877e+01
3.560000010613805443e+00,1.492186331717019954e+01
3.570000010643617827e+00,1.496235887448597879e+01
3.580000010673433763e+00,1.499540034435355729e+01
3.590000010703246147e+00,1.503957403453775754e+01
3.600000010733060307e+00,1.507573454853939410e+01
3.610000010762874467e+00,1.511099689464704277e+01
3.620000010792688627e+00,1.514451025519010052e+01
3.630000010822502787e+00,1.518329773876410016e+01
3.640000010852316947e+00,1.521759913673482778e+01
3.650000010882131107e+00,1.525692746550416246e+01
3.660000010911945267e+00,1.528555025514444132e+01
3.670000010941759427e+00,1.531848980235976754e+01
3.680000010971573587e+00,1.536157228061892965e+01
3.690000011001387747e+00,1.539765979894187886e+01
3.700000011031201907e+00,1.544275414901624188e+01
3.710000011061014291e+00,1.547600417787597848e+01
3.720000011090828451e+00,1.551399636524405956e+01
3.730000011120642611e+00,1.554705936725588167e+01
3.740000011150456771e+00,1.558125377286981816e+01
3.750000011180270931e+00,1.561801429394443019e+01
3.760000011210085091e+00,1.565260831855084867e+01
3.770000011239899251e+00,1.568861023513231068e+01
3.780000011269713411e+00,1.572204194009140110e+01
3.790000011299527571e+00,1.575677946433823351e+01
3.800000011329339955e+00,1.579737447715520915e+01
3.810000011359155891e+00,1.583101436545336504e+01
3.820000011388968275e+00,1.587565442624307011e+01
3.830000011418784212e+00,1.590770296768579861e+01
3.840000011448596595e+00,1.594250574772134499e+01
3.850000011478412532e+00,1.597748536455084256e+01
3.860000011508224915e+00,1.601557558965916073e+01
3.870000011538040852e+00,1.605537599455628950e+01
3.880000011567853235e+00,1.609249830843657136e+01
3.890000011597669172e+00,1.612981031684945066e+01
3.900000011627481555e+00,1.617110913378532189e+01
3.910000011657295715e+00,1.620198110393959823e+01
3.920000011687109875e+00,1.624607937901436472e+01
3.930000011716924035e+00,1.628288732887456902e+01
3.940000011746738195e+00,1.632052466456578443e+01
3.950000011776552356e+00,1.636297125960834009e+01
3.960000011806366516e+00,1.640098525688308584e+01
3.970000011836180676e+00,1.644139976019390659e+01
3.980000011865994836e+00,1.647358634834102986e+01
3.990000011895808996e+00,1.651721934657496504e+01
4.000000011925623156e+00,1.655600493372434201e+01
4.010000011955437316e+00,1.659116855441671134e+01
4.020000011985249699e+00,1.662921606471045166e+01
4.030000012015065636e+00,1.666168347418232187e+01
4.040000012044878019e+00,1.669884117430287418e+01
4.050000012074693956e+00,1.673409577387771563e+01
4.060000012104506339e+00,1.677695078576198284e+01
4.070000012134322276e+00,1.681601661184461705e+01
4.080000012164134660e+00,1.685347680952039440e+01
4.090000012193950596e+00,1.689274802197729386e+01
4.100000012223762980e+00,1.693159742525267220e+01
4.110000012253577140e+00,1.697159613622518748e+01
4.120000012283391300e+00,1.701062293096130773e+01
4.130000012313205460e+00,1.704868393063278376e+01
4.140000012343019620e+00,1.709333922028455532e+01
4.150000012372833780e+00,1.712335725851870905e+01
4.160000012402647940e+00,1.716521105358625121e+01
4.170000012432462100e+00,1.720795126999792402e+01
4.180000012462276260e+00,1.725064622079260346e+01
4.190000012492090420e+00,1.728574435214521898e+01
4.200000012521904580e+00,1.733193618094706068e+01
4.210000012551718740e+00,1.737250135042395627e+01
4.220000012581531124e+00,1.741171257771564029e+01
4.230000012611347060e+00,1.745352359658059171e+01
4.240000012641159444e+00,1.749683386093353121e+01
4.250000012670975380e+00,1.753078232909750156e+01
4.260000012700787764e+00,1.756522734493142224e+01
4.270000012730601924e+00,1.760414868029679525e+01
4.280000012760416084e+00,1.765086585033027688e+01
4.290000012790230244e+00,1.769419256335707757e+01
4.300000012820044404e+00,1.773907753462511039e+01
4.310000012849856788e+00,1.778233670789354193e+01
4.320000012879672724e+00,1.783916440019306293e+01
4.330000012909485108e+00,1.787571069927624379e+01
4.340000012939301044e+00,1.791998528912044009e+01
4.350000012969113428e+00,1.796833068051727622e+01
4.360000012998929364e+00,1.800832723083325604e+01
4.370000013028741748e+00,1.804833364861879019e+01
4.380000013058557684e+00,1.809751942747161735e+01
4.390000013088370068e+00,1.813213173458681737e+01
4.400000013118186004e+00,1.817142001985757815e+01
4.410000013147998388e+00,1.821406801452509328e+01
4.420000013177812548e+00,1.825420648561067694e+01
4.430000013207626708e+00,1.829559251156100785e+01
4.440000013237440868e+00,1.834184254363472988e+01
4.450000013267255028e+00,1.838097095332502917e+01
4.460000013297069188e+00,1.841321075021269138e+01
4.470000013326883348e+00,1.845399588426834114e+01
4.480000013356697508e+00,1.849820334494924978e+01
4.490000013386511668e+00,1.853956821238357122e+01
4.500000013416325828e+00,1.857805002689356755e+01
4.510000013446139988e+00,1.862206246481658667e+01
4.520000013475954148e+00,1.866798935467621945e+01
4.530000013505766532e+00,1.870521883934399199e+01
4.540000013535582468e+00,1.874194595355042026e+01
4.550000013565394852e+00,1.878399726591334229e+01
4.560000013595210788e+00,1.882164482589141130e+01
4.570000013625023172e+00,1.885557403287815603e+01
4.580000013654839108e+00,1.889619663971070906e+01
4.590000013684651492e+00,1.893420580792425412e+01
4.600000013714467428e+00,1.897055522005956618e+01
4.610000013744279812e+00,1.901717899403862333e+01
4.620000013774093972e+00,1.905349016933071482e+01
4.630000013803908132e+00,1.910223960453645375e+01
4.640000013833722292e+00,1.913493994977869761e+01
4.650000013863536452e+00,1.916999440414508982e+01
4.660000013893350612e+00,1.920139896953990188e+01
4.670000013923164772e+00,1.923293446979365484e+01
4.680000013952978932e+00,1.927198894778909732e+01
4.690000013982793092e+00,1.930815009755301759e+01
4.700000014012607252e+00,1.934418164608402790e+01
4.710000014042421412e+00,1.937491455483682756e+01
4.720000014072235572e+00,1.940729795379295197e+01
4.730000014102047956e+00,1.944629903010327965e+01
4.740000014131863892e+00,1.947817203367630512e+01
4.750000014161676276e+00,1.950588909330028287e+01
4.760000014191492212e+00,1.954902736045693601e+01
4.770000014221304596e+00,1.957577330420913597e+01
4.780000014251120533e+00,1.961106317650753184e+01
4.790000014280932916e+00,1.963861739588336519e+01
4.800000014310748853e+00,1.967316833100099771e+01
4.810000014340561236e+00,1.970418279818948903e+01
4.820000014370375396e+00,1.974501440250339002e+01
4.830000014400189556e+00,1.977778875625356392e+01
4.840000014430001940e+00,1.981767032525339189e+01
4.850000014459817876e+00,1.984687451199030050e+01
4.860000014489630260e+00,1.988527268721113117e+01
4.870000014519446196e+00,1.991860606928732835e+01
4.880000014549258580e+00,1.997060550046174399e+01
4.890000014579074517e+00,2.000552744635344382e+01
4.900000014608886900e+00,2.004647436220077950e+01
4.910000014638702837e+00,2.008928781698640620e+01
4.920000014668515220e+00,2.013176100151937220e+01
4.930000014698329380e+00,2.016547630502384791e+01
4.940000014728143540e+00,2.020723754979001896e+01
4.950000014757957700e+00,2.024424293394226737e+01
4.960000014787771860e+00,2.027772478159485203e+01
4.970000014817586020e+00,2.032814269835145282e+01
4.980000014847400180e+00,2.036027395869092160e+01
4.990000014877214340e+00,2.040165968893778370e+01
5.000000014907028500e+00,2.043980558922211443e+01
5.010000014936842661e+00,2.047789303903669733e+01
5.020000014966656821e+00,2.051500663621342113e+01
5.030000014996470981e+00,2.055299195617490327e+01
5.040000015026283364e+00,2.060625696381867300e+01
5.050000015056099301e+00,2.064990776811956508e+01
5.060000015085911684e+00,2.068737700079795516e+01
5.070000015115727621e+00,2.073169550999922706e+01
5.080000015145540004e+00,2.076886363612325326e+01
5.090000015175355941e+00,2.080266952727633623e+01
5.100000015205168324e+00,2.083836112799994211e+01
5.110000015234984261e+00,2.087972206112493367e+01
5.120000015264796644e+00,2.092037952784805555e+01
5.130000015294610805e+00,2.095570659320755524e+01
5.140000015324424965e+00,2.098953298325749017e+01
5.150000015354239125e+00,2.103304420700659705e+01
5.160000015384053285e+00,2.106499999355392205e+01
5.170000015413867445e+00,2.109679583239950418e+01
5.180000015443681605e+00,2.112650612044608778e+01
5.190000015473495765e+00,2.116323589886079048e+01
5.200000015503309925e+00,2.120015792378128694e+01
5.210000015533124085e+00,2.123672195047868883e+01
5.220000015562938245e+00,2.126690203234269561e+01
5.230000015592752405e+00,2.130933035778804197e+01
5.240000015622564788e+00,2.134590585765754511e+01
5.250000015652380725e+00,2.138103607196335432e+01
5.260000015682193109e+00,2.141508077725174530e+01
5.270000015712009045e+00,2.145247562601193536e+01
5.280000015741821429e+00,2.149533758854044052e+01
5.290000015771637365e+00,2.154172933353370212e+01
5.300000015801449749e+00,2.157129614006943186e+01
5.310000015831265685e+00,2.161836617748487299e+01
5.320000015861078069e+00,2.165419424570571749e+01
5.330000015890894005e+00,2.168691490309655023e+01
5.340000015920706389e+00,2.172507592646571695e+01
5.350000015950518772e+00,2.176326818180770672e+01
5.360000015980334709e+00,2.180606217146843662e+01
5.370000016010147093e+00,2.184053850969610266e+01
5.380000016039963029e+00,2.187406455220397561e+01
5.390000016069775413e+00,2.190609072418203951e+01
5.400000016099591349e+00,2.194755913066157405e+01
5.410000016129403733e+00,2.198275886315230210e+01
5.420000016159219669e+00,2.202373402130590208e+01
5.430000016189032053e+00,2.206489193945177618e+01
5.440000016218846213e+00,2.209896260537685464e+01
5.450000016248660373e+00,2.213393948654814736e+01
5.460000016278474533e+00,2.217358862172891421e+01
5.470000016308288693e+00,2.220977791265953627e+01
5.480000016338102853e+00,2.224943574923656087e+01
5.490000016367917013e+00,2.228725693734564928e+01
5.500000016397731173e+00,2.231984063468931367e+01
5.510000016427545333e+00,2.235431863149016607e+01
5.520000016457359493e+00,2.239017387093759481e+01
5.530000016487173653e+00,2.243144696602821142e+01
5.540000016516987813e+00,2.245993714429132382e+01
5.550000016546800197e+00,2.249583695724712840e+01
5.560000016576616133e+00,2.253288073815414094e+01
5.570000016606428517e+00,2.257080541212765468e+01
5.580000016636244453e+00,2.260944978982577425e+01
5.590000016666056837e+00,2.265549001500993143e+01
5.600000016695872773e+00,2.269657997209890254e+01
5.610000016725685157e+00,2.273240952041734175e+01
5.620000016755501093e+00,2.278027491863953458e+01
5.630000016785313477e+00,2.281352270908521973e+01
5.640000016815127637e+00,2.284888628566092805e+01
5.650000016844941797e+00,2.289667720715954147e+01
5.660000016874755957e+00,2.293966778036004683e+01
5.670000016904570117e+00,2.297351194239364602e+01
5.680000016934384277e+00,2.301044055032283708e+01
5.690000016964198437e+00,2.304832672920637648e+01
5.700000016994012597e+00,2.308864911667449960e+01
5.710000017023826757e+00,2.312792573769627680e+01
5.720000017053640917e+00,2.316909105569247629e+01
5.730000017083455077e+00,2.319816480782510126e+01
5.740000017113269237e+00,2.323249773523407669e+01
5.750000017143081621e+00,2.327549872290324018e+01
5.760000017172897557e+00,2.330815394452806899e+01
5.770000017202709941e+00,2.335091656596573273e+01
5.780000017232525877e+00,2.338197836220335901e+01
5.790000017262338261e+00,2.342445215846195694e+01
5.800000017292154197e+00,2.347029521775277772e+01
5.810000017321966581e+00,2.351076246026948979e+01
5.820000017351782517e+00,2.354794991825302830e+01
5.830000017381594901e+00,2.359091186834035270e+01
5.840000017411410838e+00,2.362781212584847168e+01
5.850000017441223221e+00,2.366437129058714106e+01
5.860000017471037381e+00,2.369716046954182076e+01
5.870000017500851541e+00,2.372873615067625153e+01
5.880000017530665701e+00,2.376242593898108879e+01
5.890000017560479861e+00,2.380257594606840144e+01
5.900000017590292245e+00,2.383737234640328850e+01
5.910000017620108181e+00,2.386644768408460138e+01
5.920000017649920565e+00,2.390426880393451370e+01
5.930000017679736501e+00,2.393475606167231717e+01
5.940000017709548885e+00,2.396507507605522491e+01
5.950000017739363045e+00,2.399247629179324548e+01
5.960000017769177205e+00,2.402683313864691428e+01
5.970000017798991365e+00,2.406031360758542093e+01
5.980000017828805525e+00,2.408977815996876259e+01
5.990000017858619685e+00,2.412125041249817414e+01
6.000000017888433845e+00,2.415263136261737742e+01
6.010000017918248005e+00,2.418675114662062953e+01
6.020000017948062165e+00,2.421519408716876498e+01
6.030000017977876325e+00,2.424578269579675904e+01
6.040000018007690485e+00,2.427430591317661879e+01
6.050000018037504645e+00,2.431091835112522404e+01
6.060000018067317029e+00,2.434599815702139836e+01
6.070000018097132966e+00,2.436389962724303970e+01
6.080000018126945349e+00,2.440097317209943029e+01
6.090000018156761286e+00,2.443347419070768467e+01
6.100000018186573669e+00,2.446313748297372470e+01
6.110000018216389606e+00,2.449323439806115843e+01
6.120000018246201989e+00,2.452413063610152477e+01
6.130000018276017926e+00,2.455247346936184627e+01
6.140000018305830309e+00,2.459024518359214184e+01
6.150000018335646246e+00,2.461464550530583395e+01
6.160000018365458629e+00,2.465067791291751931e+01
6.170000018395272789e+00,2.468097568302397349e+01
6.180000018425086949e+00,2.470640826904869769e+01
6.190000018454901110e+00,2.473614437311132264e+01
6.200000018484715270e+00,2.476704868304458529e+01
6.210000018514529430e+00,2.480496243757499997e+01
6.220000018544343590e+00,2.483972969606136871e+01
6.230000018574157750e+00,2.486806555567292421e+01
6.240000018603971910e+00,2.489958243984976249e+01
6.250000018633786070e+00,2.493167894075386215e+01
6.260000018663598453e+00,2.495865081387082185e+01
6.270000018693414390e+00,2.499347972165373122e+01
6.280000018723226773e+00,2.502597134304165749e+01
6.290000018753042710e+00,2.506124882242533403e+01
6.300000018782855093e+00,2.508946714719332860e+01
6.310000018812671030e+00,2.512309480011467144e+01
6.320000018842483414e+00,2.514847832113234105e+01
6.330000018872299350e+00,2.517220961174284000e+01
6.340000018902111734e+00,2.520482631935190554e+01
6.350000018931927670e+00,2.523021766713617353e+01
6.360000018961740054e+00,2.525724525830338507e+01
6.370000018991554214e+00,2.528623621427039225e+01
6.380000019021368374e+00,2.531433081825393927e+01
6.390000019051182534e+00,2.534903704841925176e+01
6.400000019080996694e+00,2.538758998432186687e+01
6.410000019110810854e+00,2.542574429447090978e+01
6.420000019140625014e+00,2.546235517460591424e+01
6.430000019170439174e+00,2.549732451960565882e+01
6.440000019200253334e+00,2.553051841122938015e+01
6.450000019230065718e+00,2.556278443277461676e+01
6.460000019259879878e+00,2.559820878714390702e+01
6.470000019289694038e+00,2.563653769616220046e+01
6.480000019319508198e+00,2.566836858068304750e+01
6.490000019349322358e+00,2.570679849297226838e+01
6.500000019379136518e+00,2.574412353904859785e+01
6.510000019408950678e+00,2.577630764009463604e+01
6.520000019438764838e+00,2.581187049213281171e+01
6.530000019468578998e+00,2.584272736900479828e+01
6.540000019498393158e+00,2.587169589847028561e+01
6.550000019528207318e+00,2.590527234338219387e+01
6.560000019558021478e+00,2.593930026323860005e+01
6.570000019587833862e+00,2.597118063288275636e+01
6.580000019617649798e+00,2.600375833087148081e+01
6.590000019647462182e+00,2.603451742556586623e+01
6.600000019677278118e+00,2.606014924306223790e+01
6.610000019707090502e+00,2.607965115782229404e+01
6.620000019736906438e+00,2.610263269958401011e+01
6.630000019766718822e+00,2.612773814528430449e+01
6.640000019796534758e+00,2.615284679942731216e+01
6.650000019826347142e+00,2.617902577844360223e+01
6.660000019856163078e+00,2.620134072512617962e+01
6.670000019885975462e+00,2.622929882748067243e+01
6.680000019915789622e+00,2.625159554319780142e+01
6.690000019945603782e+00,2.627625024635736040e+01
6.700000019975417942e+00,2.629446077873799936e+01
6.710000020005232102e+00,2.631367587197357594e+01
6.720000020035046262e+00,2.633696119168487115e+01
6.730000020064860422e+00,2.635874184430648626e+01
6.740000020094674582e+00,2.638394382041318309e+01
6.750000020124488742e+00,2.640893274772574628e+01
6.760000020154302902e+00,2.643396506564492299e+01
6.770000020184115286e+00,2.645337941109983859e+01
6.780000020213931222e+00,2.647785351140079868e+01
6.790000020243743606e+00,2.650537210960514756e+01
6.800000020273559542e+00,2.653329013300321648e+01
6.810000020303371926e+00,2.655657772562856067e+01
6.820000020333187862e+00,2.658200208312468149e+01
6.830000020363000246e+00,2.660794442350590572e+01
6.840000020392816182e+00,2.663373604902046310e+01
6.850000020422628566e+00,2.665389726189349062e+01
6.860000020452444502e+00,2.667703612270530300e+01
6.870000020482256886e+00,2.669263987209904698e+01
6.880000020512071046e+00,2.670926971787875104e+01
6.890000020541885206e+00,2.673011754915545879e+01
6.900000020571699366e+00,2.674827745668515533e+01
6.910000020601513526e+00,2.677087496518244691e+01
6.920000020631327686e+00,2.678585868440433515e+01
6.930000020661141846e+00,2.680075866620844849e+01
6.940000020690956006e+00,2.681492365991659810e+01
6.950000020720770166e+00,2.683166888976487030e+01
6.960000020750584326e+00,2.684963201039195013e+01
6.970000020780398486e+00,2.687374376430259915e+01
6.980000020810212646e+00,2.689406655962872961e+01
6.990000020840025030e+00,2.691448916313810003e+01
7.000000020869839190e+00,2.693129872849840112e+01
7.010000020899653350e+00,2.694687500158443072e+01
7.020000020929467510e+00,2.697112506629155959e+01
7.030000020959281670e+00,2.699434338688325141e+01
7.040000020989095830e+00,2.702401065912693312e+01
7.050000021018909990e+00,2.705123717463211364e+01
7.060000021048724150e+00,2.707033930532512400e+01
7.070000021078538310e+00,2.709750917782369584e+01
7.080000021108350694e+00,2.712148193030080989e+01
7.090000021138166630e+00,2.714977710269073796e+01
7.100000021167979014e+00,2.717341270898381467e+01
7.110000021197794950e+00,2.719651894894060362e+01
7.120000021227607334e+00,2.721824999340177698e+01
7.130000021257423271e+00,2.724569341913023734e+01
7.140000021287235654e+00,2.726572730065908345e+01
7.150000021317051591e+00,2.729113059995079382e+01
7.160000021346863974e+00,2.731701613436363019e+01
7.170000021376679911e+00,2.734279851132676598e+01
7.180000021406492294e+00,2.736558872625218441e+01
7.190000021436306454e+00,2.739254645328256643e+01
7.200000021466120614e+00,2.741442811950065561e+01
7.210000021495934774e+00,2.743857435923930410e+01
7.220000021525748934e+00,2.746257174450827776e+01
7.230000021555563094e+00,2.748917969424834240e+01
7.240000021585377254e+00,2.753311230991296199e+01
7.250000021615191415e+00,2.755092981608226665e+01
7.260000021645005575e+00,2.758275361833904071e+01
7.270000021674819735e+00,2.760511517781123558e+01
7.280000021704632118e+00,2.763486114407319505e+01
7.290000021734448055e+00,2.766200981854017371e+01
7.300000021764260438e+00,2.768860167250486626e+01
7.310000021794076375e+00,2.771593322927575542e+01
7.320000021823888758e+00,2.773991577541975673e+01
7.330000021853704695e+00,2.776316195535390818e+01
7.340000021883517078e+00,2.779319625312125197e+01
7.350000021913333015e+00,2.782485664548612192e+01
7.360000021943145398e+00,2.785234222138052473e+01
7.370000021972961335e+00,2.787347749909209682e+01
7.380000022002773719e+00,2.790347718512124686e+01
7.390000022032587879e+00,2.792881683828345629e+01
7.400000022062402039e+00,2.796308482301490628e+01
7.410000022092216199e+00,2.799102190188345674e+01
7.420000022122030359e+00,2.801723670832950575e+01
7.430000022151844519e+00,2.804765978545353988e+01
7.440000022181658679e+00,2.807657254711206818e+01
7.450000022211472839e+00,2.810233629232964603e+01
7.460000022241286999e+00,2.812166546509002885e+01
7.470000022271101159e+00,2.814852141618598225e+01
7.480000022300915319e+00,2.818421320903073024e+01
7.490000022330729479e+00,2.820740566251441095e+01
7.500000022360541863e+00,2.823345577573194376e+01
7.510000022390357799e+00,2.825673956584459035e+01
7.520000022420170183e+00,2.828349992685517478e+01
7.530000022449986119e+00,2.831283589281703428e+01
7.540000022479798503e+00,2.832942877135351978e+01
7.550000022509612663e+00,2.835624754877398601e+01
7.560000022539426823e+00,2.837962153177099722e+01
7.570000022569240983e+00,2.840972364165857300e+01
7.580000022599055143e+00,2.843029693193869534e+01
7.590000022628867526e+00,2.845359987247225320e+01
7.600000022658683463e+00,2.847572376757001678e+01
7.610000022688495847e+00,2.849673381818084650e+01
7.620000022718311783e+00,2.852059592457749559e+01
7.630000022748124167e+00,2.854745670478288844e+01
7.640000022777940103e+00,2.856751708381241883e+01
7.650000022807752487e+00,2.858562709639172539e+01
7.660000022837568423e+00,2.860485527583143295e+01
7.670000022867380807e+00,2.862116060999931832e+01
7.680000022897196743e+00,2.864319316296318618e+01
7.690000022927009127e+00,2.865515109858437270e+01
7.700000022956823287e+00,2.867600612799317261e+01
7.710000022986637447e+00,2.868726048892887803e+01
7.720000023016451607e+00,2.870723254675290192e+01
7.730000023046265767e+00,2.872942026542321514e+01
7.740000023076079927e+00,2.874857753465954247e+01
7.750000023105894087e+00,2.876938812125979794e+01
7.760000023135708247e+00,2.878692262936335666e+01
7.770000023165522407e+00,2.881069024352722963e+01
7.780000023195336567e+00,2.883486665421084894e+01
7.790000023225150727e+00,2.885092176887020443e+01
7.800000023254964887e+00,2.887983368010620921e+01
7.810000023284777271e+00,2.890527538760088078e+01
7.820000023314593207e+00,2.892037899991886007e+01
7.830000023344405591e+00,2.893736892531764582e+01
7.840000023374221527e+00,2.896364722043747619e+01
7.850000023404033911e+00,2.898561858118823764e+01
7.860000023433849847e+00,2.900158101707785363e+01
7.870000023463662231e+00,2.903139083528817821e+01
7.880000023493478167e+00,2.905966306448903680e+01
7.890000023523290551e+00,2.908956532115738014e+01
7.900000023553104711e+00,2.912536007405687855e+01
7.910000023582918871e+00,2.915116426595764310e+01
7.920000023612733031e+00,2.917605017997406591e+01
7.930000023642547191e+00,2.920437753983259910e+01
7.940000023672361351e+00,2.924066394777179312e+01
7.950000023702175511e+00,2.926645414440647741e+01
7.960000023731989671e+00,2.929868233969135360e+01
7.970000023761803831e+00,2.932049456134483378e+01
7.980000023791617991e+00,2.935465608801472825e+01
7.990000023821432151e+00,2.938402129861264100e+01
8.000000023851246311e+00,2.940437270415130655e+01
8.010000023881058695e+00,2.942999969375356528e+01
8.020000023910874631e+00,2.945756728957880100e+01
8.030000023940687015e+00,2.948459031817988318e+01
8.040000023970502951e+00,2.950772697969894409e+01
8.050000024000315335e+00,2.952594627248364745e+01
8.060000024030131272e+00,2.955022259792767869e+01
8.070000024059943655e+00,2.956246037059063880e+01
8.080000024089759592e+00,2.958631845984900721e+01
8.090000024119571975e+00,2.961279121131062197e+01
8.100000024149384359e+00,2.963980125719280423e+01
8.110000024179200295e+00,2.966266297506319916e+01
8.120000024209012679e+00,2.968579231263955975e+01
8.130000024238828615e+00,2.970812690980978488e+01
8.140000024268640999e+00,2.972740381960029765e+01
8.150000024298456935e+00,2.974970524226242929e+01
8.160000024328269319e+00,2.977829665820575755e+01
8.170000024358085255e+00,2.979330390444089005e+01
8.180000024387897639e+00,2.981375075361665594e+01
8.190000024417713576e+00,2.983111084477582509e+01
8.200000024447525959e+00,2.984886681034413769e+01
8.210000024477340119e+00,2.986308473677377506e+01
8.220000024507154279e+00,2.987620387755033846e+01
8.230000024536968439e+00,2.989711904032302670e+01
8.240000024566782599e+00,2.992031472188912744e+01
8.250000024596596759e+00,2.993646000798684526e+01
8.260000024626410919e+00,2.995236157338595362e+01
8.270000024656225079e+00,2.997310589873802300e+01
8.280000024686039239e+00,2.998611270802910767e+01
8.290000024715853399e+00,3.000892181644514878e+01
8.300000024745667560e+00,3.002984397332338773e+01
8.310000024775481720e+00,3.005092439311068375e+01
8.320000024805294103e+00,3.007354620609600460e+01
8.330000024835110040e+00,3.009046971931637771e+01
8.340000024864922423e+00,3.011713877911023118e+01
8.350000024894738360e+00,3.013858178966474455e+01
8.360000024924550743e+00,3.014879359395633784e+01
8.370000024954366680e+00,3.016928690527733892e+01
8.380000024984179063e+00,3.018210838180977618e+01
8.390000025013995000e+00,3.019851241637763906e+01
8.400000025043807383e+00,3.021404578622165360e+01
8.410000025073621543e+00,3.023106315005221845e+01
8.420000025103435703e+00,3.024937165367568070e+01
8.430000025133249864e+00,3.027263002788266633e+01
8.440000025163064024e+00,3.028768525233567388e+01
8.450000025192878184e+00,3.030644276192024478e+01
8.460000025222692344e+00,3.032658319406530012e+01
8.470000025252506504e+00,3.034725592100824798e+01
8.480000025282320664e+00,3.035839116164291340e+01
8.490000025312134824e+00,3.037827850899942916e+01
8.500000025341948984e+00,3.040268073425712103e+01
8.510000025371763144e+00,3.041958438962942068e+01
8.520000025401575527e+00,3.044381963171535332e+01
8.530000025431391464e+00,3.046395691297460928e+01
8.540000025461203847e+00,3.048466865104098744e+01
8.550000025491019784e+00,3.050331521841271964e+01
8.560000025520832168e+00,3.052082079280828353e+01
8.570000025550648104e+00,3.054239313011092349e+01
8.580000025580460488e+00,3.056048020891827832e+01
8.590000025610276424e+00,3.058622595329401861e+01
8.600000025640088808e+00,3.060730734254089924e+01
8.610000025669901191e+00,3.062942275285479354e+01
8.620000025699717128e+00,3.065416703803420972e+01
8.630000025729529511e+00,3.067758521646455350e+01
8.640000025759345448e+00,3.069073900403415678e+01
8.650000025789157831e+00,3.071244125006624515e+01
8.660000025818973768e+00,3.072389880256144679e+01
8.670000025848786152e+00,3.073919041280641196e+01
8.680000025878602088e+00,3.076657356301084434e+01
8.690000025908414472e+00,3.078473414688737719e+01
8.700000025938230408e+00,3.079903088697162872e+01
8.710000025968042792e+00,3.082415997377922068e+01
8.720000025997856952e+00,3.084916862410554472e+01
8.730000026027671112e+00,3.086231512087794115e+01
8.740000026057485272e+00,3.087860488007330417e+01
8.750000026087299432e+00,3.090622095047121221e+01
8.760000026117113592e+00,3.092274816993688447e+01
8.770000026146927752e+00,3.094118122838363760e+01
8.780000026176741912e+00,3.097088840563268164e+01
8.790000026206556072e+00,3.098731027781446912e+01
8.800000026236370232e+00,3.100784724338859988e+01
8.810000026266184392e+00,3.102283646139449047e+01
8.820000026295998552e+00,3.103387947226271848e+01
8.830000026325810936e+00,3.105682401095074852e+01
8.840000026355626872e+00,3.106558640056870502e+01
8.850000026385439256e+00,3.108193988245773909e+01
8.860000026415255192e+00,3.110541691173679268e+01
8.870000026445067576e+00,3.112058073332435271e+01
8.880000026474883512e+00,3.113573363371720149e+01
8.890000026504695896e+00,3.115780121602456987e+01
8.900000026534511832e+00,3.116650973681603887e+01
8.910000026564324216e+00,3.118773236743835398e+01
8.920000026594138376e+00,3.120984891386951077e+01
8.930000026623952536e+00,3.122552637883700655e+01
8.940000026653766696e+00,3.124432010322903963e+01
8.950000026683580856e+00,3.126229358391632118e+01
8.960000026713395016e+00,3.127653842683938024e+01
8.970000026743209176e+00,3.128586035187678149e+01
8.980000026773023336e+00,3.130325011962739268e+01
8.990000026802837496e+00,3.131592616840224252e+01
9.000000026832651656e+00,3.133178830204742482e+01
9.010000026862465816e+00,3.134788293686537131e+01
9.020000026892279976e+00,3.135785435511544961e+01
9.030000026922092360e+00,3.137209182514785155e+01
9.040000026951908296e+00,3.138470904588836774e+01
9.050000026981720680e+00,3.138546424395583401e+01
9.060000027011536616e+00,3.139565535338075009e+01
9.070000027041349000e+00,3.139983074435698640e+01
9.080000027071164936e+00,3.141014249177043993e+01
9.090000027100977320e+00,3.142674362507088048e+01
9.100000027130793256e+00,3.144821595480370036e+01
9.110000027160605640e+00,3.146132924911680817e+01
9.120000027190421577e+00,3.147137396942933307e+01
9.130000027220233960e+00,3.149279597301498157e+01
9.140000027250048120e+00,3.150004130121033086e+01
9.150000027279862280e+00,3.151784838038775050e+01
9.160000027309674664e+00,3.152763906434238805e+01
9.170000027339490600e+00,3.153566050006433841e+01
9.180000027369302984e+00,3.156007024624076607e+01
9.190000027399118920e+00,3.157571061372187060e+01
9.200000027428931304e+00,3.158152692120445693e+01
9.210000027458747240e+00,3.159740649437123494e+01
9.220000027488559624e+00,3.161430098182111337e+01
9.230000027518373784e+00,3.163148879095389532e+01
9.240000027548187944e+00,3.163753115049402709e+01
9.250000027578002104e+00,3.164718846793792650e+01
9.260000027607816264e+00,3.166414594008805139e+01
9.270000027637630424e+00,3.167355361400585778e+01
9.280000027667444584e+00,3.168634597244121665e+01
9.290000027697258744e+00,3.169841552476751545e+01
9.300000027727072904e+00,3.170428233068389545e+01
9.310000027756887064e+00,3.172087882122786340e+01
9.320000027786701224e+00,3.173139364468290324e+01
9.330000027816515384e+00,3.174453743875030298e+01
9.340000027846327768e+00,3.175856191617978297e+01
9.350000027876143704e+00,3.176811739152629954e+01
9.360000027905956088e+00,3.177487467658191278e+01
9.370000027935772025e+00,3.178024711718629192e+01
9.380000027965584408e+00,3.178348570796099892e+01
9.390000027995400345e+00,3.179733956989663923e+01
9.400000028025212728e+00,3.180235830349522530e+01
9.410000028055028665e+00,3.181752309181363714e+01
9.420000028084841048e+00,3.182925888383568136e+01
9.430000028114655208e+00,3.184751109856986062e+01
9.440000028144469368e+00,3.186018267337493626e+01
9.450000028174283528e+00,3.187183383361037059e+01
9.460000028204097688e+00,3.188514959726420273e+01
9.470000028233911848e+00,3.189469050351092605e+01
9.480000028263726009e+00,3.190552926108438925e+01
9.490000028293540169e+00,3.191662231648603765e+01
9.500000028323354329e+00,3.193434938356677932e+01
9.510000028353168489e+00,3.194698891937725449e+01
9.520000028382982649e+00,3.197108483151961167e+01
9.530000028412796809e+00,3.198224756365646826e+01
9.540000028442609192e+00,3.200554196423679088e+01
9.550000028472425129e+00,3.201378369922095146e+01
9.560000028502237512e+00,3.202747271372332705e+01
9.570000028532053449e+00,3.204670585853909159e+01
9.580000028561865832e+00,3.206037176181842341e+01
9.590000028591681769e+00,3.207475547633345059e+01
9.600000028621494153e+00,3.207986092347459106e+01
9.610000028651310089e+00,3.209647502868514835e+01
9.620000028681122473e+00,3.210659687399935081e+01
9.630000028710938409e+00,3.212065797138679812e+01
9.640000028740750793e+00,3.212716141098317024e+01
9.650000028770564953e+00,3.213197928881215404e+01
9.660000028800379113e+00,3.213866170182441095e+01
9.670000028830193273e+00,3.214740850549378592e+01
9.680000028860007433e+00,3.215795973168184929e+01
9.690000028889821593e+00,3.216706472248814919e+01
9.700000028919635753e+00,3.218591834499911641e+01
9.710000028949448136e+00,3.220333283540058744e+01
9.720000028979264073e+00,3.220777160767919867e+01
9.730000029009076457e+00,3.221211942746845835e+01
9.740000029038890617e+00,3.223137112410747562e+01
9.750000029068704777e+00,3.224382398930281823e+01
9.760000029098518937e+00,3.224999788678886148e+01
9.770000029128333097e+00,3.226531207149341185e+01
9.780000029158147257e+00,3.227485446250251044e+01
9.790000029187961417e+00,3.229279288602753439e+01
9.800000029217775577e+00,3.229794780999012005e+01
9.810000029247589737e+00,3.230928764078537085e+01
9.820000029277403897e+00,3.232316066912194685e+01
9.830000029307218057e+00,3.233204900619410438e+01
9.840000029337032217e+00,3.235091485034677561e+01
9.850000029366844601e+00,3.236652569256163758e+01
9.860000029396660537e+00,3.237958949302583278e+01
9.870000029426472921e+00,3.238645884271536346e+01
9.880000029456288857e+00,3.240012251296150225e+01
9.890000029486101241e+00,3.240582944215466199e+01
9.900000029515917177e+00,3.241255786901021452e+01
9.910000029545729561e+00,3.243485653316469808e+01
9.920000029575545497e+00,3.244675965673500428e+01
9.930000029605357881e+00,3.245619790101908819e+01
9.940000029635173817e+00,3.247970043996713940e+01
9.950000029664986201e+00,3.249325532654505366e+01
9.960000029694800361e+00,3.250760220633696918e+01
9.970000029724614521e+00,3.251185793223768883e+01
9.980000029754428681e+00,3.252587261139556318e+01
9.990000029784242841e+00,3.253665152958858897e+01
1.000000002981405700e+01,3.256099481221350800e+01
1.001000002984387116e+01,3.258112506902077854e+01
1.002000002987368532e+01,3.259430126980941367e+01
1.003000002990349948e+01,3.260784968485189950e+01
1.004000002993331364e+01,3.262475088288571357e+01
1.005000002996312602e+01,3.264344486933625689e+01
1.006000002999294196e+01,3.265973519568053263e+01
1.007000003002275434e+01,3.268037504405980087e+01
1.008000003005257028e+01,3.269326351720958712e+01
1.009000003008238266e+01,3.271530482326576816e+01
1.010000003011219860e+01,3.273015100359678087e+01
1.011000003014201098e+01,3.275179657265832134e+01
1.012000003017182692e+01,3.276396149010512460e+01
1.013000003020163931e+01,3.278460800882352544e+01
1.014000003023145524e+01,3.281146854279452185e+01
1.015000003026126763e+01,3.283527306589895289e+01
1.016000003029108179e+01,3.285271363376125464e+01
1.017000003032089595e+01,3.287001551790995535e+01
1.018000003035071011e+01,3.288883619906741274e+01
1.019000003038052427e+01,3.290772627611568169e+01
1.020000003041033843e+01,3.291968211843671099e+01
1.021000003044015259e+01,3.292889362683362720e+01
1.022000003046996675e+01,3.294769467245064476e+01
1.023000003049978091e+01,3.296536499036515977e+01
1.024000003052959507e+01,3.298196907117971932e+01
1.025000003055940745e+01,3.300281255895517774e+01
1.026000003058922161e+01,3.302783060975767881e+01
1.027000003061903577e+01,3.304684777015099684e+01
1.028000003064884993e+01,3.305506740085697714e+01
1.029000003067866409e+01,3.307332162512819451e+01
1.030000003070847825e+01,3.309468732423773218e+01
1.031000003073829241e+01,3.311654134460802368e+01
1.032000003076810657e+01,3.313162482014142540e+01
1.033000003079792073e+01,3.315479391234524797e+01
1.034000003082773489e+01,3.317002407248486406e+01
1.035000003085754905e+01,3.318644458573427869e+01
1.036000003088736143e+01,3.320341831924231712e+01
1.037000003091717737e+01,3.321837911207649796e+01
1.038000003094698975e+01,3.323182412110278960e+01
1.039000003097680569e+01,3.324273723632227728e+01
1.040000003100661807e+01,3.324697232602963481e+01
1.041000003103643401e+01,3.325329393275212198e+01
1.042000003106624639e+01,3.326322637141517902e+01
1.043000003109606233e+01,3.327503246033468542e+01
1.044000003112587471e+01,3.328532316629592458e+01
1.045000003115569065e+01,3.329210667209404306e+01
1.046000003118550303e+01,3.331246870761513890e+01
1.047000003121531719e+01,3.332570012760663758e+01
1.048000003124513135e+01,3.333633649398966980e+01
1.049000003127494551e+01,3.334609367627308529e+01
1.050000003130475967e+01,3.335750988946833218e+01
1.051000003133457383e+01,3.336605743005263491e+01
1.052000003136438799e+01,3.337987066916369372e+01
1.053000003139420215e+01,3.339227339668487815e+01
1.054000003142401631e+01,3.341191819438175514e+01
1.055000003145383047e+01,3.342331767388245112e+01
1.056000003148364286e+01,3.343335809801626368e+01
1.057000003151345879e+01,3.345319862909990860e+01
1.058000003154327118e+01,3.346718492624501096e+01
1.059000003157308711e+01,3.348249370640834144e+01
1.060000003160289950e+01,3.349633362372132694e+01
1.061000003163271543e+01,3.351606968823153920e+01
1.062000003166252782e+01,3.353806583045707868e+01
1.063000003169234375e+01,3.355104960296761618e+01
1.064000003172215614e+01,3.356443934625737313e+01
1.065000003175197207e+01,3.358543761394204097e+01
1.066000003178178446e+01,3.359957920231843786e+01
1.067000003181159862e+01,3.361100915768178510e+01
1.068000003184141278e+01,3.362740084003913665e+01
1.069000003187122694e+01,3.364459589844243226e+01
1.070000003190104110e+01,3.365738464769554383e+01
1.071000003193085526e+01,3.367237278241520926e+01
1.072000003196066942e+01,3.368557005821989492e+01
1.073000003199048358e+01,3.369919782577443357e+01
1.074000003202029774e+01,3.370760912473679838e+01
1.075000003205011190e+01,3.371375083445241927e+01
1.076000003207992428e+01,3.373038805572907961e+01
1.077000003210974022e+01,3.374215292730151106e+01
1.078000003213955260e+01,3.375396429557098088e+01
1.079000003216936854e+01,3.376463827369581594e+01
1.080000003219918092e+01,3.377877863540505388e+01
1.081000003222899508e+01,3.378697598401989666e+01
1.082000003225880924e+01,3.379972445284779781e+01
1.083000003228862340e+01,3.382582001499030611e+01
1.084000003231843756e+01,3.383362754684975471e+01
1.085000003234825172e+01,3.385171873610257620e+01
1.086000003237806588e+01,3.386482051028779949e+01
1.087000003240787827e+01,3.388398234995391789e+01
1.088000003243769420e+01,3.389547289996441748e+01
1.089000003246750659e+01,3.391695633793821685e+01
1.090000003249732252e+01,3.392429673073173291e+01
1.091000003252713491e+01,3.393646923107392155e+01
1.092000003255695084e+01,3.394721151931139502e+01
1.093000003258676323e+01,3.395843274670858847e+01
1.094000003261657916e+01,3.397208380873455269e+01
1.095000003264639155e+01,3.398946061752224779e+01
1.096000003267620748e+01,3.400312154789747154e+01
1.097000003270601987e+01,3.401018121558749385e+01
1.098000003273583403e+01,3.402095300688733914e+01
1.099000003276564996e+01,3.402633379398788804e+01
1.100000003279546235e+01,3.404005633800596797e+01
1.101000003282527828e+01,3.404724690636584938e+01
1.102000003285509067e+01,3.406157036377558001e+01
1.103000003288490660e+01,3.407691370790183072e+01
1.104000003291471899e+01,3.408261927601313346e+01
1.105000003294453492e+01,3.409182384271309729e+01
1.106000003297434731e+01,3.410484797477965202e+01
1.107000003300415969e+01,3.411441589390764051e+01
1.108000003303397563e+01,3.413449046087733052e+01
1.109000003306378801e+01,3.414526597276832121e+01
1.110000003309360395e+01,3.416148009279793030e+01
1.111000003312341633e+01,3.417113423434722819e+01
1.112000003315323227e+01,3.419382581156347101e+01
1.113000003318304465e+01,3.420048265454946801e+01
1.114000003321286059e+01,3.421655788108544982e+01
1.115000003324267297e+01,3.423223982124654441e+01
1.116000003327248891e+01,3.424273729812011879e+01
1.117000003330230129e+01,3.425650907122592059e+01
1.118000003333211367e+01,3.427295069989585841e+01
1.119000003336192961e+01,3.427828194583484134e+01
1.120000003339174199e+01,3.429664736052504281e+01
1.121000003342155793e+01,3.430119463283921988e+01
1.122000003345137031e+01,3.431822644998759131e+01
1.123000003348118625e+01,3.432219016005271328e+01
1.124000003351099863e+01,3.433682426545987454e+01
1.125000003354081457e+01,3.434570062883182828e+01
1.126000003357062695e+01,3.434818132663726686e+01
1.127000003360044289e+01,3.435796476483102424e+01
1.128000003363025527e+01,3.436513525847969674e+01
1.129000003366007121e+01,3.437807793296485670e+01
1.130000003368988359e+01,3.438340547993006879e+01
1.131000003371969953e+01,3.439268130912265065e+01
1.132000003374951191e+01,3.440027775441048163e+01
1.133000003377932785e+01,3.440662308734326302e+01
1.134000003380914023e+01,3.441021032884485464e+01
1.135000003383895262e+01,3.441943515742669035e+01
1.136000003386876855e+01,3.442961621997676502e+01
1.137000003389858094e+01,3.442678123460262185e+01
1.138000003392839687e+01,3.444327736457366740e+01
1.139000003395820926e+01,3.445284191438591392e+01
1.140000003398802519e+01,3.445937888505890356e+01
1.141000003401783758e+01,3.446819564644480494e+01
1.142000003404765351e+01,3.447303779136890967e+01
1.143000003407746590e+01,3.448108163374580926e+01
1.144000003410728183e+01,3.448258849061397768e+01
1.145000003413709422e+01,3.448511631156463864e+01
1.146000003416691015e+01,3.448203608935143905e+01
1.147000003419672254e+01,3.449059584124595546e+01
1.148000003422653847e+01,3.449185285351624231e+01
1.149000003425635086e+01,3.449473853900148868e+01
1.150000003428616324e+01,3.449959462488536843e+01
1.151000003431597918e+01,3.450883962990682363e+01
1.152000003434579511e+01,3.451014413428097072e+01
1.153000003437560750e+01,3.451343773474495435e+01
1.154000003440541988e+01,3.451712827301438580e+01
1.155000003443523582e+01,3.452560453762009729e+01
1.156000003446505175e+01,3.453277223344922930e+01
1.157000003449486414e+01,3.454709515252056207e+01
1.158000003452467652e+01,3.454407844450009435e+01
1.159000003455448891e+01,3.454705049248826754e+01
1.160000003458430839e+01,3.455000889118084473e+01
1.161000003461412078e+01,3.456018447278520256e+01
1.162000003464393316e+01,3.455407076089946372e+01
1.163000003467374555e+01,3.456432498591381375e+01
1.164000003470356503e+01,3.456487312950878987e+01
1.165000003473337742e+01,3.456778129086344364e+01
1.166000003476318980e+01,3.457612971269471558e+01
1.167000003479300219e+01,3.457858072021826956e+01
1.168000003482282168e+01,3.458837103152982451e+01
1.169000003485263406e+01,3.459295984526551848e+01
1.170000003488244644e+01,3.460113792179288339e+01
1.171000003491225883e+01,3.460922808906550330e+01
1.172000003494207476e+01,3.460991544908800677e+01
1.173000003497189070e+01,3.461659168071447823e+01
1.174000003500170308e+01,3.461350740919294111e+01
1.175000003503151547e+01,3.461881468106619053e+01
1.176000003506133140e+01,3.462689126832022879e+01
1.177000003509114734e+01,3.462831036844016808e+01
1.178000003512095972e+01,3.463541741943099339e+01
1.179000003515077211e+01,3.463219031715873086e+01
1.180000003518058804e+01,3.464333862826893551e+01
1.181000003521040043e+01,3.464715344629551197e+01
1.182000003524021636e+01,3.465598519829194402e+01
1.183000003527002875e+01,3.465307776221981584e+01
1.184000003529984468e+01,3.465853298167442631e+01
1.185000003532965707e+01,3.465713049369625054e+01
1.186000003535947300e+01,3.466630759033491671e+01
1.187000003538928539e+01,3.466584222486440581e+01
1.188000003541910132e+01,3.466569358569244486e+01
1.189000003544891371e+01,3.465814628060300606e+01
1.190000003547872609e+01,3.466093969405751807e+01
1.191000003550854203e+01,3.466636814803609212e+01
1.192000003553835441e+01,3.466748001795064482e+01
1.193000003556817035e+01,3.466167983323778401e+01
1.194000003559798273e+01,3.467575350556460734e+01
1.195000003562779867e+01,3.468631611136265747e+01
1.196000003565761105e+01,3.467963211305973914e+01
1.197000003568742699e+01,3.468568443476004148e+01
1.198000003571723937e+01,3.469295641336239555e+01
1.199000003574705175e+01,3.469017437759101341e+01
1.200000003577686769e+01,3.468823825931850280e+01
1.201000003580668363e+01,3.469240723738341359e+01
1.202000003583649601e+01,3.469828248799686321e+01
1.203000003586630839e+01,3.471275976189735957e+01
1.204000003589612433e+01,3.470855052891963055e+01
1.205000003592594027e+01,3.471023910463281936e+01
1.206000003595575265e+01,3.471589461198239235e+01
1.207000003598556503e+01,3.472172862541546579e+01
1.208000003601538097e+01,3.472717211935633230e+01
1.209000003604519691e+01,3.473341790455796030e+01
1.210000003607500929e+01,3.474441906362741861e+01
1.211000003610482167e+01,3.475600826269665333e+01
1.212000003613463406e+01,3.475939079018321110e+01
1.213000003616445355e+01,3.477384853533926901e+01
1.214000003619426593e+01,3.478499487675160395e+01
1.215000003622407831e+01,3.478990273442601477e+01
1.216000003625389070e+01,3.480496312028385120e+01
1.217000003628371019e+01,3.480552220569794031e+01
1.218000003631352257e+01,3.481386421966806211e+01
1.219000003634333495e+01,3.482591832577170265e+01
1.220000003637314734e+01,3.483403510709644735e+01
1.221000003640296327e+01,3.483580239926341449e+01
1.222000003643277921e+01,3.484792271121777674e+01
1.223000003646259159e+01,3.485527380344004911e+01
1.224000003649240398e+01,3.485671593884423913e+01
1.225000003652221992e+01,3.486278394577325912e+01
1.226000003655203585e+01,3.486763791976344606e+01
1.227000003658184824e+01,3.487090626974112695e+01
1.228000003661166062e+01,3.488332087432775808e+01
1.229000003664147656e+01,3.489204711493582778e+01
1.230000003667128894e+01,3.490246024169512395e+01
1.231000003670110488e+01,3.491196745519289379e+01
1.232000003673091726e+01,3.491872237233074117e+01
1.233000003676073320e+01,3.492018194267065923e+01
1.234000003679054558e+01,3.492512399539791090e+01
1.235000003682036152e+01,3.493557354239060686e+01
1.236000003685017390e+01,3.493228410032621412e+01
1.237000003687998984e+01,3.493945101835492295e+01
1.238000003690980222e+01,3.493460821380964632e+01
1.239000003693961816e+01,3.493362946064392105e+01
1.240000003696943054e+01,3.493388713826163894e+01
1.241000003699924648e+01,3.493365234587320600e+01
1.242000003702905886e+01,3.493096327629400122e+01
1.243000003705887124e+01,3.492594155306236559e+01
1.244000003708868718e+01,3.492279649156599675e+01
1.245000003711849956e+01,3.492628323611796759e+01
1.246000003714831550e+01,3.493087372240159283e+01
1.247000003717812788e+01,3.493057839425037514e+01
1.248000003720794382e+01,3.492291996508475904e+01
1.249000003723775620e+01,3.492607485664141365e+01
1.250000003726757214e+01,3.493311206591540241e+01
1.251000003729738452e+01,3.493025617613390210e+01
1.252000003732719691e+01,3.493272738970199498e+01
1.253000003735701284e+01,3.493237399339979277e+01
1.254000003738682878e+01,3.493068711421431516e+01
1.255000003741664116e+01,3.493005200549125533e+01
1.256000003744645355e+01,3.492448141130811479e+01
1.257000003747626948e+01,3.493059106319943652e+01
1.258000003750608542e+01,3.493411188573534076e+01
1.259000003753589780e+01,3.493268119755236967e+01
1.260000003756571019e+01,3.492669984399910277e+01
1.261000003759552257e+01,3.493134892737720776e+01
1.262000003762534206e+01,3.492009210144003362e+01
1.263000003765515444e+01,3.493295605604759402e+01
1.264000003768496683e+01,3.492881765764364843e+01
1.265000003771477921e+01,3.492077197755374129e+01
1.266000003774459870e+01,3.492676531021081132e+01
1.267000003777441108e+01,3.492722692698726661e+01
1.268000003780422347e+01,3.493038693609362610e+01
1.269000003783403585e+01,3.492490025389997754e+01
1.270000003786385534e+01,3.493054916784460318e+01
1.271000003789366772e+01,3.493565732179528283e+01
1.272000003792348011e+01,3.493187899821504772e+01
1.273000003795329249e+01,3.493846248864250015e+01
1.274000003798310843e+01,3.494080157007993392e+01
1.275000003801292436e+01,3.494933565190553537e+01
1.276000003804273675e+01,3.495276750800480414e+01
1.277000003807254913e+01,3.495898981695429342e+01
1.278000003810236507e+01,3.496618027181850152e+01
1.279000003813218100e+01,3.497071657556138291e+01
1.280000003816199339e+01,3.498234932192503521e+01
1.281000003819180577e+01,3.498219793677103695e+01
1.282000003822162171e+01,3.498613344840462247e+01
1.283000003825143409e+01,3.499255996169423355e+01
1.284000003828125003e+01,3.499510403600758934e+01
1.285000003831106241e+01,3.500439196276796139e+01
1.286000003834087835e+01,3.500790687832919446e+01
1.287000003837069073e+01,3.501555257695099499e+01
1.288000003840050667e+01,3.501925290063172014e+01
1.289000003843031905e+01,3.501776245763882400e+01
1.290000003846013499e+01,3.501371937267693113e+01
1.291000003848994737e+01,3.501857833621154725e+01
1.292000003851975976e+01,3.502521209224514109e+01
1.293000003854957569e+01,3.502133319047420912e+01
1.294000003857939163e+01,3.502128150775829596e+01
1.295000003860920401e+01,3.502908813706911673e+01
1.296000003863901640e+01,3.502876687556786095e+01
1.297000003866883233e+01,3.502683259910077140e+01
1.298000003869864827e+01,3.502913342398670693e+01
1.299000003872846065e+01,3.503647144905531974e+01
1.300000003875827304e+01,3.503884794288210003e+01
1.301000003878808897e+01,3.504418387364272292e+01
1.302000003881790136e+01,3.505672607100247262e+01
1.303000003884771729e+01,3.505944701280586884e+01
1.304000003887752968e+01,3.505984625773429997e+01
1.305000003890734206e+01,3.506371699420832044e+01
1.306000003893715800e+01,3.506315762838887196e+01
1.307000003896697393e+01,3.507455942516352110e+01
1.308000003899678632e+01,3.508012498849717531e+01
1.309000003902659870e+01,3.508000070991667485e+01
1.310000003905641464e+01,3.508775377358342951e+01
1.311000003908623057e+01,3.509398538536758139e+01
1.312000003911604296e+01,3.510490421631049429e+01
1.313000003914585534e+01,3.510211297236227779e+01
1.314000003917566772e+01,3.510877729722096774e+01
1.315000003920548721e+01,3.512083296789967335e+01
1.316000003923529960e+01,3.512609932156428982e+01
1.317000003926511198e+01,3.513282112024945292e+01
1.318000003929492436e+01,3.514638727631901816e+01
1.319000003932474385e+01,3.515147606000333980e+01
1.320000003935455624e+01,3.516263060852765676e+01
1.321000003938436862e+01,3.517248855329131629e+01
1.322000003941418100e+01,3.519380211881863119e+01
1.323000003944399694e+01,3.519826185156198051e+01
1.324000003947381288e+01,3.520597740328346958e+01
1.325000003950362526e+01,3.521347218486610586e+01
1.326000003953343764e+01,3.521878197892367268e+01
1.327000003956325358e+01,3.523041517787210353e+01
1.328000003959306952e+01,3.524060565021785862e+01
1.329000003962288190e+01,3.524285470441587620e+01
1.330000003965269428e+01,3.524287176459437632e+01
1.331000003968251022e+01,3.525171636807449715e+01
1.332000003971232260e+01,3.526146284436733680e+01
1.333000003974213854e+01,3.526738940948845880e+01
1.334000003977195092e+01,3.528352192058571291e+01
1.335000003980176686e+01,3.529635606116261926e+01
1.336000003983157924e+01,3.531138972679394072e+01
1.337000003986139518e+01,3.532828716967134142e+01
1.338000003989120756e+01,3.533248647326390568e+01
1.339000003992102350e+01,3.534016732074664446e+01
1.340000003995083588e+01,3.534957654370526114e+01
1.341000003998065182e+01,3.535659273166108107e+01
1.342000004001046420e+01,3.537018966220641403e+01
1.343000004004028014e+01,3.538500638859277814e+01
1.344000004007009252e+01,3.539067300006172445e+01
1.345000004009990491e+01,3.539909482421050058e+01
1.346000004012972084e+01,3.540823219905210806e+01
1.347000004015953678e+01,3.542103771965270198e+01
1.348000004018934916e+01,3.543442298863880069e+01
1.349000004021916155e+01,3.544562537831028237e+01
1.350000004024897748e+01,3.546216570868294582e+01
1.351000004027879342e+01,3.546976635200094563e+01
1.352000004030860580e+01,3.547508311166530603e+01
1.353000004033841819e+01,3.549386587810283800e+01
1.354000004036823057e+01,3.550458319653264994e+01
1.355000004039804651e+01,3.551395991712936961e+01
1.356000004042786244e+01,3.552289670926743526e+01
1.357000004045767483e+01,3.554172354864129346e+01
1.358000004048748721e+01,3.555257301570983941e+01
1.359000004051730315e+01,3.556146571716300997e+01
1.360000004054711908e+01,3.556948588777941467e+01
1.361000004057693147e+01,3.558536414451715046e+01
1.362000004060674385e+01,3.559334735251238158e+01
1.363000004063655624e+01,3.560655590151962713e+01
1.364000004066637572e+01,3.561676458424323499e+01
1.365000004069618811e+01,3.562969040218401773e+01
1.366000004072600049e+01,3.563496541851772292e+01
1.367000004075581288e+01,3.564739043524214424e+01
1.368000004078563236e+01,3.565465323602896319e+01
1.369000004081544475e+01,3.567754401925783014e+01
1.370000004084525713e+01,3.568914979282169497e+01
1.371000004087506952e+01,3.570442559808749650e+01
1.372000004090488900e+01,3.571795544527145694e+01
1.373000004093470139e+01,3.573230016313922874e+01
1.374000004096451377e+01,3.574292714962071926e+01
1.375000004099432616e+01,3.574655306897231100e+01
1.376000004102414209e+01,3.576101737160482941e+01
1.377000004105395803e+01,3.576684590215204196e+01
1.378000004108377041e+01,3.577888482246648039e+01
1.379000004111358280e+01,3.579647512870045745e+01
1.380000004114339873e+01,3.580090474507549203e+01
1.381000004117321467e+01,3.581462543689118405e+01
1.382000004120302705e+01,3.582183695802944357e+01
1.383000004123283944e+01,3.583773387196568905e+01
1.384000004126265537e+01,3.585225896247900579e+01
1.385000004129246776e+01,3.586044343137511703e+01
1.386000004132228369e+01,3.586798100149798785e+01
1.387000004135209608e+01,3.587443676820464589e+01
1.388000004138191201e+01,3.588460491468022440e+01
1.389000004141172440e+01,3.588212350611614454e+01
1.390000004144154033e+01,3.589708049197321316e+01
1.391000004147135272e+01,3.589352706919247282e+01
1.392000004150116865e+01,3.589660359702845227e+01
1.393000004153098104e+01,3.589731163682350967e+01
1.394000004156079342e+01,3.590118511764247700e+01
1.395000004159060936e+01,3.590001813258037089e+01
1.396000004162042529e+01,3.590112820730174548e+01
1.397000004165023768e+01,3.590051071960154871e+01
1.398000004168005006e+01,3.590960996420890439e+01
1.399000004170986600e+01,3.591545901968665078e+01
1.400000004173968193e+01,3.591854843972401312e+01
1.401000004176949432e+01,3.592399970259855735e+01
1.402000004179930670e+01,3.593238821914039249e+01
1.403000004182912264e+01,3.593231349480281978e+01
1.404000004185893857e+01,3.593564035201563911e+01
1.405000004188875096e+01,3.593906063919939697e+01
1.406000004191856334e+01,3.594710690426069277e+01
1.407000004194837572e+01,3.594452492349631001e+01
1.408000004197819521e+01,3.595347700325351070e+01
1.409000004200800760e+01,3.595209147653017112e+01
1.410000004203781998e+01,3.596236603921532549e+01
1.411000004206763236e+01,3.596276384993822006e+01
1.412000004209744830e+01,3.596891778479586321e+01
1.413000004212726424e+01,3.597612311669701768e+01
1.414000004215707662e+01,3.597373709425950494e+01
1.415000004218688900e+01,3.597725629227574728e+01
1.416000004221670139e+01,3.598100896116183378e+01
1.417000004224652088e+01,3.598291685303363607e+01
1.418000004227633326e+01,3.598943895901406620e+01
1.419000004230614564e+01,3.599760319385753604e+01
1.420000004233595803e+01,3.600371655646977587e+01
1.421000004236577752e+01,3.600669424167024602e+01
1.422000004239558990e+01,3.601026464984320796e+01
1.423000004242540228e+01,3.601810606675930870e+01
1.424000004245521467e+01,3.603341928466239352e+01
1.425000004248503060e+01,3.604634132963333570e+01
1.426000004251484654e+01,3.605503630555129035e+01
1.427000004254465892e+01,3.606420858781334715e+01
1.428000004257447131e+01,3.606858756959746870e+01
1.429000004260428724e+01,3.608991334025520104e+01
1.430000004263410318e+01,3.610449789676397359e+01
1.431000004266391556e+01,3.611243626112529626e+01
1.432000004269372795e+01,3.612809657839048327e+01
1.433000004272354388e+01,3.614060907104355636e+01
1.434000004275335982e+01,3.614875083817605628e+01
1.435000004278317220e+01,3.616011923779991832e+01
1.436000004281298459e+01,3.617513863789332618e+01
1.437000004284280053e+01,3.619300982987326876e+01
1.438000004287261291e+01,3.620105044976627084e+01
1.439000004290242885e+01,3.621472236602347294e+01
1.440000004293224123e+01,3.622457709520929825e+01
1.441000004296205717e+01,3.624326894773133034e+01
1.442000004299186955e+01,3.625793098250110802e+01
1.443000004302168549e+01,3.626897110881169084e+01
1.444000004305149787e+01,3.628687220470237662e+01
1.445000004308131381e+01,3.629841605234791757e+01
1.446000004311112619e+01,3.631143477165248612e+01
1.447000004314093857e+01,3.632748723271855340e+01
1.448000004317075451e+01,3.634063431030857316e+01
1.449000004320057045e+01,3.635186741266925026e+01
1.450000004323038283e+01,3.636666140351978527e+01
1.451000004326019521e+01,3.637796259053580172e+01
1.452000004329001115e+01,3.638934439558094169e+01
1.453000004331982709e+01,3.639195124212750443e+01
1.454000004334963947e+01,3.640182743028685053e+01
1.455000004337945185e+01,3.641473094807921029e+01
1.456000004340926424e+01,3.642038084836437406e+01
1.457000004343908373e+01,3.643328960253604976e+01
1.458000004346889611e+01,3.644838846113972153e+01
1.459000004349870849e+01,3.646644745774057128e+01
1.460000004352852088e+01,3.647456624028000505e+01
1.461000004355834037e+01,3.649478148055450788e+01
1.462000004358815275e+01,3.651073680082474482e+01
1.463000004361796513e+01,3.652762995229107190e+01
1.464000004364777752e+01,3.654176899925487731e+01
1.465000004367759345e+01,3.655886679749487200e+01
1.466000004370740939e+01,3.656922577066375624e+01
1.467000004373722177e+01,3.658479901578574101e+01
1.468000004376703416e+01,3.659380529750958289e+01
1.469000004379684654e+01,3.661262434530869569e+01
1.470000004382666603e+01,3.662506187993457019e+01
1.471000004385647841e+01,3.664225341716169737e+01
1.472000004388629080e+01,3.665501136971870721e+01
1.473000004391610318e+01,3.667029144604074986e+01
1.474000004394592267e+01,3.668716817137435982e+01
1.475000004397573505e+01,3.670090876533173230e+01
1.476000004400554744e+01,3.671494363989567233e+01
1.477000004403535982e+01,3.673360283889902433e+01
1.478000004406517576e+01,3.674916693310277083e+01
1.479000004409499169e+01,3.677017174513515840e+01
1.480000004412480408e+01,3.679373271536168488e+01
1.481000004415461646e+01,3.680762674280057922e+01
1.482000004418443240e+01,3.682794352212957989e+01
1.483000004421424833e+01,3.685137591190143524e+01
1.484000004424406072e+01,3.687096630123664909e+01
1.485000004427387310e+01,3.688081733046498556e+01
1.486000004430368904e+01,3.689378254758146625e+01
1.487000004433350142e+01,3.691452100890470689e+01
1.488000004436331736e+01,3.693046001655179111e+01
1.489000004439312974e+01,3.695299092538667196e+01
1.490000004442294568e+01,3.696800341090858666e+01
1.491000004445275806e+01,3.699295717731569511e+01
1.492000004448257400e+01,3.701238576291909510e+01
1.493000004451238638e+01,3.703529424508008105e+01
1.494000004454220232e+01,3.704893016455384469e+01
1.495000004457201470e+01,3.706076457635435162e+01
1.496000004460182708e+01,3.708630434606789095e+01
1.497000004463164302e+01,3.710138383206521695e+01
1.498000004466145896e+01,3.712953826221124132e+01
1.499000004469127134e+01,3.714341599307989839e+01
1.500000004472108373e+01,3.716524265883582956e+01
1.501000004475089966e+01,3.718009410412273041e+01
1.502000004478071560e+01,3.720394277478487766e+01
1.503000004481052798e+01,3.721475742188909663e+01
1.504000004484034037e+01,3.723965023789894246e+01
1.505000004487015630e+01,3.726293273162124109e+01
1.506000004489997224e+01,3.728354889243262704e+01
1.507000004492978462e+01,3.730197452569900918e+01
1.508000004495959701e+01,3.732253963911037431e+01
1.509000004498940939e+01,3.733988586505306984e+01
1.510000004501922888e+01,3.736397649950890099e+01
1.511000004504904126e+01,3.738062730320861249e+01
1.512000004507885365e+01,3.739854737863329603e+01
1.513000004510866603e+01,3.742362660106782357e+01
1.514000004513848552e+01,3.743575915285327937e+01
1.515000004516829790e+01,3.745930848980086836e+01
1.516000004519811029e+01,3.748267083707351333e+01
1.517000004522792267e+01,3.750358843691809341e+01
1.518000004525773505e+01,3.752031958341687812e+01
1.519000004528755454e+01,3.754140117974199597e+01
1.520000004531736693e+01,3.755692645182772793e+01
1.521000004534717931e+01,3.757624457080548552e+01
1.522000004537699169e+01,3.759662956389408350e+01
1.523000004540681118e+01,3.761822926861442795e+01
1.524000004543662357e+01,3.764418689189546541e+01
1.525000004546643595e+01,3.766923042396307864e+01
1.526000004549624833e+01,3.769343003326292063e+01
1.527000004552606427e+01,3.771032601113842730e+01
1.528000004555588021e+01,3.773726659640111336e+01
1.529000004558569259e+01,3.776470517687090478e+01
1.530000004561550497e+01,3.778527457758889341e+01
1.531000004564532091e+01,3.780506474139239259e+01
1.532000004567513685e+01,3.782305325915749705e+01
1.533000004570494923e+01,3.784850190418094229e+01
1.534000004573476161e+01,3.787378252267548362e+01
1.535000004576457755e+01,3.789371710922710434e+01
1.536000004579439349e+01,3.792853396733313787e+01
1.537000004582420587e+01,3.794753754109181898e+01
1.538000004585401825e+01,3.796752971287013878e+01
1.539000004588383419e+01,3.798728276745406163e+01
1.540000004591364657e+01,3.801331699766502226e+01
1.541000004594346251e+01,3.803776164742678390e+01
1.542000004597327489e+01,3.804809133804123888e+01
1.543000004600309083e+01,3.807205247977226037e+01
1.544000004603290321e+01,3.808749289667991889e+01
1.545000004606271915e+01,3.810108490664932646e+01
1.546000004609253153e+01,3.811924660434519296e+01
1.547000004612234747e+01,3.813456609381324114e+01
1.548000004615215985e+01,3.815783971395455865e+01
1.549000004618197224e+01,3.817898866008871295e+01
1.550000004621178817e+01,3.819335154294985557e+01
1.551000004624160411e+01,3.821728615383392480e+01
1.552000004627141649e+01,3.824524088891784146e+01
1.553000004630122888e+01,3.827105140541220862e+01
1.554000004633104481e+01,3.829353171135205258e+01
1.555000004636086075e+01,3.831512263488877323e+01
1.556000004639067313e+01,3.833963854872432364e+01
1.557000004642048552e+01,3.836262842241942650e+01
1.558000004645029790e+01,3.838883338828067338e+01
1.559000004648011739e+01,3.840815036426697304e+01
1.560000004650992977e+01,3.842598048436847336e+01
1.561000004653974216e+01,3.845140964810480710e+01
1.562000004656955454e+01,3.847157460283023056e+01
1.563000004659937403e+01,3.849800485900425429e+01
1.564000004662918641e+01,3.852206887063275076e+01
1.565000004665899880e+01,3.854994098266337943e+01
1.566000004668881118e+01,3.856999189697085484e+01
1.567000004671863067e+01,3.860542273530163015e+01
1.568000004674844305e+01,3.862537422339899962e+01
1.569000004677825544e+01,3.865858374301634370e+01
1.570000004680806782e+01,3.869411586023755945e+01
1.571000004683788021e+01,3.871929211619737998e+01
1.572000004686769969e+01,3.874937013938806984e+01
1.573000004689751208e+01,3.877689177550553978e+01
1.574000004692732446e+01,3.880715548033464302e+01
1.575000004695713685e+01,3.882348461230537140e+01
1.576000004698695633e+01,3.885757055640288371e+01
1.577000004701676872e+01,3.887990328011102292e+01
1.578000004704658110e+01,3.890413571201874277e+01
1.579000004707639349e+01,3.893226666509806932e+01
1.580000004710620942e+01,3.895823549454517831e+01
1.581000004713602536e+01,3.899205873892291407e+01
1.582000004716583774e+01,3.902192213128930831e+01
1.583000004719565013e+01,3.904500235572923117e+01
1.584000004722546606e+01,3.907492882929630440e+01
1.585000004725528200e+01,3.910333188641195079e+01
1.586000004728509438e+01,3.912709716250453340e+01
1.587000004731490677e+01,3.915934952619310394e+01
1.588000004734472270e+01,3.918281933658548155e+01
1.589000004737453509e+01,3.921574805211702852e+01
1.590000004740435102e+01,3.924295721494700473e+01
1.591000004743416341e+01,3.926856453989386608e+01
1.592000004746397934e+01,3.929721991206031362e+01
1.593000004749379173e+01,3.932804782638436336e+01
1.594000004752360766e+01,3.935614485496711268e+01
1.595000004755342005e+01,3.938165370793074516e+01
1.596000004758323598e+01,3.941436083536718371e+01
1.597000004761304837e+01,3.944282028114138683e+01
1.598000004764286430e+01,3.947815754609929684e+01
1.599000004767267669e+01,3.951119128102794065e+01
1.600000004770249262e+01,3.953451198225684493e+01
1.601000004773230501e+01,3.956732443707504387e+01
1.602000004776211739e+01,3.959628805493681369e+01
1.603000004779193333e+01,3.963291559212297699e+01
1.604000004782174926e+01,3.966419227016982063e+01
1.605000004785156165e+01,3.969221363903415778e+01
1.606000004788137403e+01,3.971581976267959391e+01
1.607000004791118997e+01,3.974559854346247079e+01
1.608000004794100590e+01,3.976978446378056020e+01
1.609000004797081829e+01,3.979320171524969396e+01
1.610000004800063067e+01,3.982125771504250622e+01
1.611000004803044305e+01,3.985353464739723961e+01
1.612000004806026254e+01,3.987634355941004571e+01
1.613000004809007493e+01,3.990198176073275960e+01
1.614000004811988731e+01,3.992678050758762254e+01
1.615000004814969969e+01,3.994721381026116092e+01
1.616000004817951918e+01,3.997637271818175009e+01
1.617000004820933157e+01,4.000184314861879642e+01
1.618000004823914395e+01,4.003134122737537126e+01
1.619000004826895633e+01,4.005773074660549327e+01
1.620000004829877227e+01,4.008276358991972899e+01
1.621000004832858821e+01,4.011267626552455567e+01
1.622000004835840059e+01,4.014229547070524973e+01
1.623000004838821297e+01,4.017816553902285648e+01
1.624000004841802536e+01,4.020205324649098344e+01
1.625000004844784485e+01,4.022819068293891576e+01
1.626000004847765723e+01,4.025932003885955623e+01
1.627000004850746961e+01,4.028723858492432441e+01
1.628000004853728200e+01,4.031045402633800734e+01
1.629000004856709793e+01,4.033749563712652275e+01
1.630000004859691387e+01,4.037305039122284711e+01
1.631000004862672625e+01,4.040367495228051808e+01
1.632000004865653864e+01,4.043303943393755873e+01
1.633000004868635457e+01,4.046677128050235694e+01
1.634000004871617051e+01,4.048711905418532808e+01
1.635000004874598289e+01,4.051727030321899292e+01
1.636000004877579528e+01,4.054428311909393301e+01
1.637000004880561121e+01,4.057119104859764036e+01
1.638000004883542715e+01,4.060515542807139155e+01
1.639000004886523953e+01,4.063254201656619813e+01
1.640000004889505192e+01,4.065915682184088098e+01
1.641000004892486785e+01,4.070118230178724872e+01
1.642000004895468024e+01,4.073234485706279173e+01
1.643000004898449617e+01,4.075228421114886856e+01
1.644000004901430856e+01,4.078298085187901734e+01
1.645000004904412449e+01,4.080434252758073654e+01
1.646000004907393688e+01,4.083897643602482930e+01
1.647000004910375281e+01,4.086174298984261100e+01
1.648000004913356520e+01,4.089289585080383205e+01
1.649000004916338114e+01,4.091817999113226278e+01
1.650000004919319352e+01,4.094921893720061945e+01
1.651000004922300590e+01,4.097669222389684052e+01
1.652000004925282184e+01,4.100230307146529896e+01
1.653000004928263778e+01,4.102864180437924091e+01
1.654000004931245016e+01,4.106069741034525578e+01
1.655000004934226254e+01,4.109488343860366655e+01
1.656000004937207848e+01,4.112223204079828065e+01
1.657000004940189442e+01,4.115460711539127203e+01
1.658000004943170680e+01,4.118024916704244731e+01
1.659000004946151918e+01,4.120932156012269587e+01
1.660000004949133157e+01,4.122977990478741361e+01
1.661000004952115106e+01,4.126378538889735381e+01
1.662000004955096344e+01,4.129376658020692048e+01
1.663000004958077582e+01,4.132880565092550285e+01
1.664000004961058821e+01,4.135771461942928084e+01
1.665000004964040770e+01,4.139106076011043456e+01
1.666000004967022008e+01,4.141861305263663695e+01
1.667000004970003246e+01,4.144551587320396635e+01
1.668000004972984485e+01,4.147878821782716585e+01
1.669000004975966434e+01,4.150403589164419316e+01
1.670000004978947672e+01,4.152672872350046163e+01
1.671000004981928910e+01,4.155896930446942861e+01
1.672000004984910149e+01,4.158467547028917011e+01
1.673000004987891742e+01,4.161271511009176294e+01
1.674000004990873336e+01,4.163953502693178166e+01
1.675000004993854574e+01,4.166363995943935805e+01
1.676000004996835813e+01,4.169136169039368411e+01
1.677000004999817406e+01,4.171790997197877005e+01
1.678000005002799000e+01,4.174911635945662880e+01
1.679000005005780238e+01,4.178355419000037330e+01
1.680000005008761477e+01,4.180889638272419262e+01
1.681000005011742715e+01,4.183235045110450301e+01
1.682000005014724309e+01,4.186390848092127470e+01
1.683000005017705902e+01,4.189187554935743663e+01
1.684000005020687141e+01,4.191747842831377824e+01
1.685000005023668379e+01,4.194142042059154818e+01
1.686000005026649973e+01,4.197226105509628979e+01
1.687000005029631566e+01,4.199686745594315340e+01
1.688000005032612805e+01,4.203221921622714063e+01
1.689000005035594043e+01,4.205476028279607448e+01
1.690000005038575637e+01,4.208015633859000104e+01
1.691000005041556875e+01,4.210353992613761420e+01
1.692000005044538469e+01,4.212482522084914649e+01
1.693000005047519707e+01,4.215295570349989163e+01
1.694000005050501301e+01,4.217788699996827972e+01
1.695000005053482539e+01,4.220454403986170178e+01
1.696000005056464133e+01,4.223658094295050347e+01
1.697000005059445371e+01,4.226107186886949307e+01
1.698000005062426965e+01,4.228399388511606105e+01
1.699000005065408203e+01,4.230491525023950317e+01
1.700000005068389797e+01,4.233152139709913087e+01
1.701000005071371035e+01,4.235864710179920678e+01
1.702000005074352629e+01,4.237229474732004064e+01
1.703000005077333867e+01,4.239987660413819270e+01
1.704000005080315105e+01,4.242857930356432661e+01
1.705000005083296699e+01,4.245367187094348083e+01
1.706000005086278293e+01,4.247633404959908177e+01
1.707000005089259531e+01,4.250171407072181040e+01
1.708000005092240769e+01,4.252582875902358239e+01
1.709000005095222363e+01,4.255104044519278261e+01
1.710000005098203957e+01,4.257496599818156113e+01
1.711000005101185195e+01,4.259805356194397774e+01
1.712000005104166434e+01,4.262491981270294161e+01
1.713000005107147672e+01,4.265842628544759663e+01
1.714000005110129621e+01,4.268817730775218422e+01
1.715000005113110859e+01,4.271698984891412465e+01
1.716000005116092098e+01,4.273531708455349332e+01
1.717000005119073336e+01,4.276805951280538665e+01
1.718000005122055285e+01,4.279071567933713283e+01
1.719000005125036523e+01,4.281608293880257321e+01
1.720000005128017762e+01,4.283552294985481268e+01
1.721000005130999000e+01,4.286379496221308472e+01
1.722000005133980594e+01,4.288583297154750795e+01
1.723000005136962187e+01,4.291958023412034606e+01
1.724000005139943426e+01,4.294046274953801401e+01
1.725000005142924664e+01,4.297569522340041459e+01
1.726000005145906258e+01,4.300376153091953313e+01
1.727000005148887851e+01,4.303057922549977121e+01
1.728000005151869090e+01,4.306347610252185376e+01
1.729000005154850328e+01,4.309450543094289543e+01
1.730000005157831922e+01,4.312489600732428841e+01
1.731000005160813515e+01,4.315491088948395060e+01
1.732000005163794754e+01,4.318170028458343523e+01
1.733000005166775992e+01,4.321381247138221227e+01
1.734000005169757230e+01,4.323547105644109223e+01
1.735000005172738824e+01,4.326829652106302859e+01
1.736000005175720418e+01,4.328923626896917654e+01
1.737000005178701656e+01,4.331997652658621689e+01
1.738000005181682894e+01,4.334737069359457706e+01
1.739000005184664488e+01,4.336781135806545961e+01
1.740000005187646082e+01,4.339349022109604448e+01
1.741000005190627320e+01,4.343083688635373818e+01
1.742000005193608558e+01,4.346426408605979219e+01
1.743000005196590152e+01,4.349255291800029966e+01
1.744000005199571390e+01,4.352224035079843389e+01
1.745000005202552984e+01,4.355460203123596585e+01
1.746000005205534222e+01,4.358339249810187965e+01
1.747000005208515816e+01,4.359827230095807238e+01
1.748000005211497054e+01,4.363143159974386265e+01
1.749000005214478648e+01,4.365673201293362382e+01
1.750000005217459886e+01,4.368143099871797830e+01
1.751000005220441480e+01,4.371240021651892249e+01
1.752000005223422718e+01,4.374594919519505254e+01
1.753000005226403957e+01,4.377446864024055628e+01
1.754000005229385550e+01,4.379590981281703677e+01
1.755000005232367144e+01,4.382482194267887365e+01
1.756000005235348382e+01,4.385486173788967079e+01
1.757000005238329621e+01,4.388794591081979490e+01
1.758000005241311214e+01,4.391170038401152453e+01
1.759000005244292808e+01,4.394157371674981505e+01
1.760000005247274046e+01,4.398228832181350612e+01
1.761000005250255285e+01,4.400673749384256439e+01
1.762000005253236878e+01,4.402919169606522587e+01
1.763000005256218472e+01,4.404849241993870379e+01
1.764000005259199710e+01,4.406782764922966322e+01
1.765000005262180949e+01,4.409359116051250993e+01
1.766000005265162187e+01,4.412700491269612257e+01
1.767000005268144136e+01,4.415490688162446276e+01
1.768000005271125374e+01,4.418385314871417791e+01
1.769000005274106613e+01,4.420674174768808484e+01
1.770000005277087851e+01,4.424166448341840407e+01
1.771000005280069800e+01,4.426508226682508251e+01
1.772000005283051038e+01,4.429037013157682878e+01
1.773000005286032277e+01,4.431791831841233886e+01
1.774000005289013515e+01,4.434385856340912113e+01
1.775000005291995109e+01,4.437671488072064818e+01
1.776000005294976702e+01,4.439723586561536450e+01
1.777000005297957941e+01,4.442499988716753734e+01
1.778000005300939179e+01,4.445734335982952956e+01
1.779000005303920773e+01,4.448367562695965205e+01
1.780000005306902366e+01,4.451403367404519429e+01
1.781000005309883605e+01,4.454249884280412175e+01
1.782000005312864843e+01,4.457797517498531192e+01
1.783000005315846437e+01,4.460349836879092322e+01
1.784000005318827675e+01,4.463560847428085054e+01
1.785000005321809269e+01,4.466638980085673438e+01
1.786000005324790507e+01,4.468966962140343924e+01
1.787000005327772101e+01,4.472233980427643019e+01
1.788000005330753339e+01,4.474607820082684384e+01
1.789000005333734933e+01,4.478128905662936177e+01
1.790000005336716171e+01,4.480160659812916890e+01
1.791000005339697410e+01,4.482870070943575058e+01
1.792000005342679003e+01,4.485420340308014175e+01
1.793000005345660242e+01,4.487542300173590348e+01
1.794000005348641835e+01,4.489805129724452115e+01
1.795000005351623074e+01,4.492074842073903795e+01
1.796000005354604667e+01,4.494544920005016309e+01
1.797000005357585906e+01,4.497301881052113259e+01
1.798000005360567499e+01,4.500860359537973920e+01
1.799000005363548738e+01,4.502877364059153109e+01
1.800000005366530331e+01,4.505139699590078095e+01
1.801000005369511570e+01,4.507548443196586874e+01
1.802000005372493163e+01,4.510421551544107643e+01
1.803000005375474402e+01,4.513083032142856865e+01
1.804000005378455995e+01,4.515552753238667805e+01
1.805000005381437234e+01,4.518429158610132390e+01
1.806000005384418472e+01,4.521204460068761932e+01
1.807000005387400066e+01,4.523866790795707971e+01
1.808000005390381659e+01,4.526676198289949582e+01
1.809000005393362898e+01,4.530716502768879650e+01
1.810000005396344136e+01,4.533747553861265089e+01
1.811000005399325730e+01,4.535390261035100679e+01
1.812000005402307323e+01,4.538459886066144122e+01
1.813000005405288562e+01,4.542029402899100887e+01
1.814000005408269800e+01,4.544119155294426093e+01
1.815000005411251038e+01,4.547693300126688598e+01
1.816000005414232987e+01,4.549475624184434963e+01
1.817000005417214226e+01,4.552459359599090050e+01
1.818000005420195464e+01,4.555166052556768364e+01
1.819000005423176702e+01,4.557289082949790782e+01
1.820000005426158651e+01,4.560274199381263571e+01
1.821000005429139890e+01,4.563377411081481227e+01
1.822000005432121128e+01,4.566063835850053465e+01
1.823000005435102366e+01,4.568644734203667213e+01
1.824000005438083960e+01,4.572200717906238054e+01
1.825000005441065554e+01,4.574663536043984635e+01
1.826000005444046792e+01,4.577264130284145693e+01
1.827000005447028030e+01,4.579595250470606516e+01
1.828000005450009624e+01,4.581831158822866001e+01
1.829000005452991218e+01,4.584959718513425742e+01
1.830000005455972456e+01,4.587298880658211431e+01
1.831000005458953694e+01,4.590271398771928091e+01
1.832000005461935288e+01,4.594603644237213302e+01
1.833000005464916882e+01,4.597768293620909930e+01
1.834000005467898120e+01,4.601068643682476988e+01
1.835000005470879358e+01,4.604679923672380681e+01
1.836000005473860952e+01,4.607847145384927501e+01
1.837000005476842190e+01,4.610674553203580217e+01
1.838000005479823784e+01,4.613704174626027310e+01
1.839000005482805022e+01,4.617598996769739728e+01
1.840000005485786616e+01,4.621728253464048208e+01
1.841000005488767854e+01,4.624643924274560902e+01
1.842000005491749448e+01,4.627633765057881021e+01
1.843000005494730686e+01,4.631318236166593039e+01
1.844000005497711925e+01,4.634485188642789666e+01
1.845000005500693518e+01,4.637307879814457579e+01
1.846000005503674757e+01,4.641411973022830040e+01
1.847000005506656350e+01,4.644383455370469704e+01
1.848000005509637589e+01,4.648390029936604861e+01
1.849000005512619182e+01,4.652233747400551067e+01
1.850000005515600421e+01,4.655947157153774896e+01
1.851000005518582014e+01,4.659206020516727875e+01
1.852000005521563253e+01,4.663453342822598557e+01
1.853000005524544846e+01,4.666366820702639728e+01
1.854000005527526085e+01,4.670125035729898144e+01
1.855000005530507323e+01,4.674353141352154495e+01
1.856000005533488917e+01,4.678000210667698866e+01
1.857000005536470510e+01,4.681663342379293624e+01
1.858000005539451749e+01,4.685731152006870559e+01
1.859000005542432987e+01,4.689811902649901043e+01
1.860000005545414581e+01,4.692650500041544603e+01
1.861000005548396175e+01,4.695917406212358003e+01
1.862000005551377413e+01,4.698844237513471001e+01
1.863000005554358651e+01,4.702490398870963162e+01
1.864000005557340245e+01,4.706077986809862779e+01
1.865000005560321839e+01,4.710012465068369636e+01
1.866000005563303077e+01,4.713798373914845996e+01
1.867000005566284315e+01,4.717041227089977440e+01
1.868000005569265554e+01,4.720764739598847370e+01
1.869000005572247503e+01,4.723749795737031576e+01
1.870000005575228741e+01,4.727400989728138825e+01
1.871000005578209979e+01,4.731076466454764073e+01
1.872000005581191218e+01,4.734276700989511966e+01
1.873000005584173167e+01,4.737475874129646769e+01
1.874000005587154405e+01,4.741115554057503090e+01
1.875000005590135643e+01,4.744389435301026481e+01
1.876000005593116882e+01,4.747699895630384503e+01
1.877000005596098475e+01,4.751226454891904893e+01
1.878000005599080069e+01,4.754716366305991215e+01
1.879000005602061307e+01,4.757246982006112290e+01
1.880000005605042546e+01,4.760574475050966470e+01
1.881000005608024139e+01,4.763793040422023495e+01
1.882000005611005733e+01,4.766272954250412397e+01
1.883000005613986971e+01,4.768743418396237388e+01
1.884000005616968210e+01,4.772283060306728686e+01
1.885000005619949803e+01,4.775486736971016200e+01
1.886000005622931042e+01,4.777886790182595433e+01
1.887000005625912635e+01,4.781965014120217461e+01
1.888000005628893874e+01,4.784087876917152471e+01
1.889000005631875467e+01,4.787622418928766166e+01
1.890000005634856706e+01,4.790810181293622350e+01
1.891000005637838299e+01,4.794690326563964788e+01
1.892000005640819538e+01,4.798439612147747368e+01
1.893000005643801131e+01,4.802243177513015837e+01
1.894000005646782370e+01,4.805572998152132413e+01
1.895000005649763963e+01,4.809316876788919615e+01
1.896000005652745202e+01,4.811893054662592561e+01
1.897000005655726795e+01,4.815199284044570760e+01
1.898000005658708034e+01,4.818263746082494237e+01
1.899000005661689272e+01,4.821662558427199485e+01
1.900000005664670866e+01,4.824746800456912155e+01
1.901000005667652104e+01,4.828739502859552601e+01
1.902000005670633698e+01,4.832631686544470995e+01
1.903000005673614936e+01,4.835927876100689815e+01
1.904000005676596530e+01,4.839980088048164220e+01
1.905000005679577768e+01,4.843513258428735213e+01
1.906000005682559362e+01,4.846726256302812885e+01
1.907000005685540600e+01,4.849945424588167242e+01
1.908000005688521838e+01,4.853531003560266299e+01
1.909000005691503432e+01,4.857517091832809086e+01
1.910000005694485026e+01,4.860439015946762709e+01
1.911000005697466264e+01,4.863466162424255401e+01
1.912000005700447502e+01,4.867353110198798305e+01
1.913000005703429096e+01,4.869198268116340955e+01
1.914000005706410690e+01,4.873112851771463028e+01
1.915000005709391928e+01,4.877013099499038873e+01
1.916000005712373166e+01,4.880368343212165172e+01
1.917000005715354405e+01,4.883939369757533200e+01
1.918000005718336354e+01,4.887697522312826237e+01
1.919000005721317592e+01,4.891392199792031192e+01
1.920000005724298831e+01,4.894799408441823374e+01
1.921000005727280069e+01,4.898743726146128097e+01
1.922000005730262018e+01,4.901872381179603622e+01
1.923000005733243256e+01,4.905240187607727620e+01
1.924000005736224495e+01,4.909350102726973120e+01
1.925000005739205733e+01,4.913450417832423511e+01
1.926000005742187327e+01,4.916995188535129557e+01
1.927000005745168920e+01,4.921069055929745417e+01
1.928000005748150159e+01,4.924640076942529276e+01
1.929000005751131397e+01,4.927846467372886252e+01
1.930000005754112991e+01,4.932019882741000316e+01
1.931000005757094584e+01,4.935231309021129675e+01
1.932000005760075823e+01,4.938405665308387427e+01
1.933000005763057061e+01,4.940866355016927969e+01
1.934000005766038655e+01,4.944718160435854060e+01
1.935000005769020248e+01,4.948713053536999951e+01
1.936000005772001487e+01,4.951462433917956929e+01
1.937000005774982725e+01,4.954022533905774850e+01
1.938000005777964319e+01,4.957436263300446910e+01
1.939000005780945557e+01,4.960159716204924507e+01
1.940000005783927151e+01,4.962945177638830074e+01
1.941000005786908389e+01,4.966285947588081484e+01
1.942000005789889983e+01,4.969953684691045481e+01
1.943000005792871221e+01,4.972828085197777170e+01
1.944000005795852815e+01,4.976170053983861408e+01
1.945000005798834053e+01,4.979453104800153085e+01
1.946000005801815647e+01,4.982524678071501967e+01
1.947000005804796885e+01,4.986350550750110244e+01
1.948000005807778123e+01,4.988947709037418576e+01
1.949000005810759717e+01,4.991895535440060883e+01
1.950000005813741311e+01,4.995147131541217078e+01
1.951000005816722549e+01,4.998997409016693894e+01
1.952000005819703787e+01,5.001372315976083627e+01
1.953000005822685381e+01,5.004593077201898410e+01
1.954000005825666619e+01,5.007187299270177050e+01
1.955000005828648213e+01,5.010886755754317079e+01
1.956000005831629451e+01,5.013546605848672755e+01
1.957000005834610690e+01,5.016794704688091855e+01
1.958000005837592283e+01,5.019742397409580548e+01
1.959000005840573877e+01,5.022952564710718804e+01
1.960000005843555115e+01,5.024883201712603409e+01
1.961000005846536354e+01,5.028425381190888288e+01
1.962000005849517947e+01,5.031753034867708863e+01
1.963000005852499541e+01,5.034740815226459887e+01
1.964000005855480779e+01,5.037867995594078252e+01
1.965000005858462018e+01,5.040657693009408291e+01
1.966000005861443611e+01,5.043418277393321603e+01
1.967000005864425205e+01,5.047163111510052858e+01
1.968000005867406443e+01,5.050023877207601686e+01
1.969000005870387682e+01,5.052124745717814136e+01
1.970000005873368920e+01,5.054517973408456299e+01
1.971000005876350869e+01,5.056629767232450234e+01
1.972000005879332107e+01,5.059359600532142309e+01
1.973000005882313346e+01,5.062241031147745929e+01
1.974000005885294584e+01,5.064853281089754944e+01
1.975000005888276533e+01,5.066564820594290808e+01
1.976000005891257771e+01,5.069261058556256216e+01
1.977000005894239010e+01,5.072011088492557462e+01
1.978000005897220248e+01,5.074294715116609211e+01
1.979000005900201842e+01,5.077393023192194477e+01
1.980000005903183435e+01,5.080313622750554003e+01
1.981000005906164674e+01,5.082941009259963039e+01
1.982000005909145912e+01,5.085688432510217893e+01
1.983000005912127506e+01,5.089100358511177546e+01
1.984000005915109099e+01,5.092516771207517223e+01
1.985000005918090338e+01,5.094741714744304062e+01
1.986000005921071576e+01,5.098964609423376970e+01
1.987000005924053170e+01,5.100834657904789537e+01
1.988000005927034408e+01,5.104031669383706316e+01
1.989000005930016002e+01,5.107056446151079143e+01
1.990000005932997240e+01,5.109743149478710222e+01
1.991000005935978834e+01,5.112085235319142384e+01
1.992000005938960072e+01,5.114886465027804263e+01
1.993000005941941666e+01,5.116670399283246695e+01
1.994000005944922904e+01,5.119722594258579562e+01
1.995000005947904498e+01,5.122370297627269053e+01
1.996000005950885736e+01,5.125651231876360470e+01
1.997000005953867330e+01,5.127943126554836084e+01
1.998000005956848568e+01,5.130749136104220298e+01
1.999000005959830162e+01,5.134176028693791238e+01
2.000000005962811400e+01,5.136745924227370352e+01
2.001000005965792639e+01,5.138729719950582364e+01
2.002000005968774232e+01,5.141312096401943421e+01
2.003000005971755826e+01,5.143743771544582444e+01
2.004000005974737064e+01,5.146038981482683994e+01
2.005000005977718303e+01,5.148283248090814368e+01
2.006000005980699896e+01,5.150354832704307029e+01
2.007000005983681490e+01,5.152376089087685784e+01
2.008000005986662728e+01,5.154805367130226301e+01
2.009000005989643967e+01,5.156822943245822444e+01
2.010000005992625205e+01,5.159134277528702484e+01
2.011000005995606799e+01,5.161646056908372771e+01
2.012000005998588392e+01,5.163586223448272960e+01
2.013000006001569631e+01,5.166662106941450361e+01
2.014000006004550869e+01,5.168499488143986298e+01
2.015000006007532463e+01,5.171004691586701085e+01
2.016000006010514056e+01,5.173400407374141707e+01
2.017000006013495295e+01,5.174807799855313561e+01
2.018000006016476533e+01,5.177021763726460790e+01
2.019000006019457771e+01,5.179785271225738086e+01
2.020000006022439720e+01,5.182213020219856503e+01
2.021000006025420959e+01,5.184928646408884845e+01
2.022000006028402197e+01,5.187514265017984627e+01
2.023000006031383435e+01,5.190307456747559911e+01
2.024000006034365384e+01,5.193191789138181491e+01
2.025000006037346623e+01,5.196199299451188125e+01
2.026000006040327861e+01,5.199074386228249267e+01
2.027000006043309099e+01,5.201415043305229347e+01
2.028000006046291048e+01,5.204246118587261094e+01
2.029000006049272287e+01,5.206375552990216704e+01
2.030000006052253525e+01,5.209013737070802108e+01
2.031000006055234763e+01,5.210778125467595601e+01
2.032000006058216357e+01,5.213890210399205927e+01
2.033000006061197951e+01,5.216597838876469950e+01
2.034000006064179189e+01,5.218915148179826957e+01
2.035000006067160427e+01,5.221081565917972256e+01
2.036000006070142021e+01,5.224247308903160558e+01
2.037000006073123615e+01,5.227257301582132953e+01
2.038000006076104853e+01,5.230857851569724914e+01
2.039000006079086091e+01,5.233877008262931696e+01
2.040000006082067685e+01,5.236061795540033614e+01
2.041000006085048923e+01,5.238263052222750815e+01
2.042000006088030517e+01,5.240334652453073971e+01
2.043000006091011755e+01,5.242788705774183455e+01
2.044000006093993349e+01,5.246168322881366208e+01
2.045000006096974587e+01,5.248694161747283715e+01
2.046000006099956181e+01,5.250667422063310141e+01
2.047000006102937419e+01,5.253336235792461650e+01
2.048000006105919013e+01,5.256252760862062701e+01
2.049000006108900251e+01,5.258827675930920265e+01
2.050000006111881490e+01,5.262074159117430128e+01
2.051000006114863083e+01,5.264674338587058600e+01
2.052000006117844677e+01,5.268258341839681691e+01
2.053000006120825915e+01,5.271143333917798657e+01
2.054000006123807154e+01,5.274836691052316695e+01
2.055000006126788747e+01,5.277878365855229958e+01
2.056000006129770341e+01,5.281451922621874218e+01
2.057000006132751579e+01,5.284158554101027505e+01
2.058000006135732818e+01,5.287754652910453501e+01
2.059000006138714411e+01,5.290686178844553211e+01
2.060000006141696005e+01,5.293787732272523527e+01
2.061000006144677243e+01,5.296425266642953034e+01
2.062000006147658482e+01,5.299229532717158975e+01
2.063000006150639720e+01,5.302018855274317133e+01
2.064000006153621314e+01,5.304696980351241820e+01
2.065000006156602907e+01,5.308008911009036979e+01
2.066000006159584146e+01,5.311110855735546465e+01
2.067000006162565384e+01,5.314763115057618847e+01
2.068000006165546978e+01,5.317787004038864751e+01
2.069000006168528571e+01,5.321401547578809499e+01
2.070000006171509810e+01,5.324871675730164355e+01
2.071000006174491048e+01,5.327699254342709878e+01
2.072000006177472287e+01,5.330460570913186302e+01
2.073000006180454236e+01,5.333522711840564057e+01
2.074000006183435474e+01,5.336219529579916099e+01
2.075000006186416712e+01,5.339360415203589127e+01
2.076000006189397951e+01,5.342395480440723077e+01
2.077000006192379900e+01,5.345516923406714938e+01
2.078000006195361138e+01,5.348907895001992330e+01
2.079000006198342376e+01,5.352126140051355208e+01
2.080000006201323615e+01,5.354917423107328034e+01
2.081000006204305208e+01,5.358477034550093521e+01
2.082000006207286802e+01,5.361006745434261234e+01
2.083000006210268040e+01,5.363382206413411524e+01
2.084000006213249279e+01,5.366268898920689168e+01
2.085000006216230872e+01,5.369002030056418562e+01
2.086000006219212466e+01,5.371578563482866286e+01
2.087000006222193704e+01,5.374902433412342617e+01
2.088000006225174943e+01,5.378828272667998789e+01
2.089000006228156536e+01,5.380964660202259608e+01
2.090000006231137775e+01,5.382841110639849092e+01
2.091000006234119368e+01,5.385485009162681536e+01
2.092000006237100607e+01,5.388043253307166935e+01
2.093000006240082200e+01,5.390980392820842582e+01
2.094000006243063439e+01,5.393624781675855218e+01
2.095000006246045032e+01,5.397393632833456678e+01
2.096000006249026271e+01,5.398973000620342333e+01
2.097000006252007864e+01,5.401152876125063074e+01
2.098000006254989103e+01,5.403789270303371239e+01
2.099000006257970696e+01,5.406375827718527205e+01
2.100000006260951935e+01,5.408355214656460674e+01
2.101000006263933528e+01,5.410763166661276813e+01
2.102000006266914767e+01,5.413021107848967262e+01
2.103000006269896005e+01,5.415416082216057703e+01
2.104000006272877599e+01,5.419178452519749101e+01
2.105000006275859192e+01,5.421815256287026585e+01
2.106000006278840431e+01,5.424794100190650425e+01
2.107000006281821669e+01,5.427720586977796557e+01
2.108000006284803263e+01,5.430345639351361342e+01
2.109000006287784856e+01,5.432317884250237938e+01
2.110000006290766095e+01,5.433678862679771271e+01
2.111000006293747333e+01,5.435854367920485686e+01
2.112000006296728571e+01,5.438753409653216409e+01
2.113000006299710520e+01,5.441446474215629792e+01
2.114000006302691759e+01,5.443943549053813058e+01
2.115000006305672997e+01,5.447563658510514273e+01
2.116000006308654235e+01,5.450616568527021144e+01
2.117000006311636184e+01,5.454427936843544700e+01
2.118000006314617423e+01,5.457164961063529063e+01
2.119000006317598661e+01,5.460772334344154189e+01
2.120000006320579899e+01,5.464139153814165439e+01
2.121000006323561138e+01,5.468112918095717845e+01
2.122000006326543087e+01,5.471532184673736054e+01
2.123000006329524325e+01,5.474821377830987501e+01
2.124000006332505563e+01,5.479407786252959767e+01
2.125000006335486802e+01,5.481958170917243223e+01
2.126000006338468751e+01,5.485519796835291828e+01
2.127000006341449989e+01,5.488684331364754598e+01
2.128000006344431227e+01,5.493331599300058343e+01
2.129000006347412466e+01,5.496343956070164438e+01
2.130000006350394415e+01,5.500431217480959134e+01
2.131000006353375653e+01,5.504274696023436064e+01
2.132000006356356892e+01,5.507774488042536376e+01
2.133000006359338130e+01,5.512443050571472725e+01
2.134000006362319724e+01,5.516095759491054906e+01
2.135000006365301317e+01,5.520117008428557170e+01
2.136000006368282556e+01,5.525230252947176979e+01
2.137000006371263794e+01,5.527766569649627115e+01
2.138000006374245388e+01,5.530860307551832022e+01
2.139000006377226981e+01,5.533983051764953132e+01
2.140000006380208220e+01,5.538198472770443459e+01
2.141000006383189458e+01,5.541208739661382054e+01
2.142000006386171052e+01,5.545084419188942348e+01
2.143000006389152290e+01,5.549034842623659358e+01
2.144000006392133884e+01,5.552709473581695931e+01
2.145000006395115122e+01,5.556427738771728997e+01
2.146000006398096716e+01,5.560339563422092368e+01
2.147000006401077954e+01,5.563503082326226234e+01
2.148000006404059548e+01,5.567519860663101383e+01
2.149000006407040786e+01,5.570679359155103327e+01
2.150000006410022380e+01,5.575915648810767777e+01
2.151000006413003618e+01,5.579397881618952226e+01
2.152000006415984856e+01,5.583861703075450578e+01
2.153000006418966450e+01,5.587875987412690648e+01
2.154000006421948044e+01,5.591363271024790293e+01
2.155000006424929282e+01,5.594469652691110895e+01
2.156000006427910520e+01,5.598012577256275790e+01
2.157000006430892114e+01,5.600360761266149723e+01
2.158000006433873708e+01,5.603640650812594259e+01
2.159000006436854946e+01,5.607143357233595538e+01
2.160000006439836184e+01,5.610356804255381036e+01
2.161000006442817778e+01,5.613948686054478543e+01
2.162000006445799372e+01,5.616377812838631201e+01
2.163000006448780610e+01,5.619414155766254027e+01
2.164000006451761848e+01,5.621644349245007533e+01
2.165000006454743087e+01,5.624468026010328714e+01
2.166000006457725036e+01,5.627004616970974382e+01
2.167000006460706274e+01,5.630298671928380827e+01
2.168000006463687512e+01,5.632746630081325634e+01
2.169000006466668751e+01,5.634744801073668441e+01
2.170000006469650700e+01,5.637139922546651150e+01
2.171000006472631938e+01,5.639759971862713428e+01
2.172000006475613176e+01,5.642373704201457940e+01
2.173000006478594415e+01,5.644708320521768741e+01
2.174000006481575653e+01,5.647524534779483929e+01
2.175000006484557602e+01,5.650699378258979522e+01
2.176000006487538840e+01,5.653200330882905433e+01
2.177000006490520079e+01,5.655706255951440653e+01
2.178000006493501317e+01,5.658169868068529951e+01
2.179000006496483266e+01,5.660881170621649261e+01
2.180000006499464504e+01,5.663665175274438468e+01
2.181000006502445743e+01,5.666325928820656088e+01
2.182000006505426981e+01,5.669360755816997965e+01
2.183000006508408575e+01,5.671815607653228142e+01
2.184000006511390168e+01,5.674370809649877856e+01
2.185000006514371407e+01,5.677318299558518078e+01
2.186000006517352645e+01,5.680926636586178091e+01
2.187000006520334239e+01,5.684290534300746600e+01
2.188000006523315832e+01,5.687463223161066139e+01
2.189000006526297071e+01,5.690815945081236293e+01
2.190000006529278309e+01,5.693748915186712622e+01
2.191000006532259903e+01,5.696855664710339084e+01
2.192000006535241496e+01,5.699944143217675219e+01
2.193000006538222735e+01,5.702128832660622493e+01
2.194000006541203973e+01,5.705551185590132235e+01
2.195000006544185567e+01,5.707994088772452557e+01
2.196000006547166805e+01,5.711764013673371920e+01
2.197000006550148399e+01,5.714140466068144519e+01
2.198000006553129637e+01,5.717532728275452314e+01
2.199000006556111231e+01,5.721330851053696165e+01
2.200000006559092469e+01,5.724560764189206452e+01
2.201000006562074063e+01,5.727705277055336097e+01
2.202000006565055301e+01,5.731120010717767599e+01
2.203000006568036895e+01,5.733897455018914258e+01
2.204000006571018133e+01,5.736612139566134516e+01
2.205000006573999372e+01,5.740383100187617771e+01
2.206000006576980965e+01,5.743584620354845782e+01
2.207000006579962559e+01,5.746430043414189015e+01
2.208000006582943797e+01,5.749219047867108401e+01
2.209000006585925036e+01,5.752621725084038218e+01
2.210000006588906629e+01,5.756218387966271877e+01
2.211000006591888223e+01,5.758714114560592634e+01
2.212000006594869461e+01,5.762237446334054880e+01
2.213000006597850700e+01,5.765666118856621836e+01
2.214000006600831938e+01,5.767441840617857451e+01
2.215000006603813887e+01,5.771236935523213418e+01
2.216000006606795125e+01,5.774029526884300623e+01
2.217000006609776364e+01,5.777097655607209248e+01
2.218000006612757602e+01,5.779172749109886098e+01
2.219000006615739551e+01,5.781977967533069318e+01
2.220000006618720789e+01,5.784367077050886508e+01
2.221000006621702028e+01,5.786102274783332433e+01
2.222000006624683266e+01,5.789082832309250648e+01
2.223000006627664504e+01,5.791094767225597906e+01
2.224000006630646453e+01,5.792854108976062832e+01
2.225000006633627692e+01,5.795286226487761638e+01
2.226000006636608930e+01,5.797646268027471450e+01
2.227000006639590168e+01,5.800376908367289275e+01
2.228000006642572117e+01,5.802475585135972125e+01
2.229000006645553356e+01,5.804736291946800009e+01
2.230000006648534594e+01,5.806907830258174386e+01
2.231000006651515832e+01,5.808715102199976599e+01
2.232000006654497781e+01,5.811047839558576555e+01
2.233000006657479020e+01,5.812867013342800959e+01
2.234000006660460258e+01,5.815047589290512065e+01
2.235000006663441496e+01,5.817600465046704983e+01
2.236000006666423090e+01,5.819590263918792061e+01
2.237000006669404684e+01,5.822137167322979678e+01
2.238000006672385922e+01,5.824293476826773741e+01
2.239000006675367160e+01,5.827011169691612480e+01
2.240000006678348754e+01,5.829057856192305564e+01
2.241000006681330348e+01,5.830463133535535292e+01
2.242000006684311586e+01,5.833031851753170827e+01
2.243000006687292824e+01,5.835008704898984888e+01
2.244000006690274418e+01,5.837010371574517364e+01
2.245000006693255656e+01,5.838237254194412884e+01
2.246000006696237250e+01,5.840237422347468055e+01
2.247000006699218488e+01,5.842533732227830967e+01
2.248000006702200082e+01,5.843318982752526836e+01
2.249000006705181320e+01,5.844829910063219103e+01
2.250000006708162914e+01,5.846023829444074948e+01
2.251000006711144152e+01,5.847675286508787451e+01
2.252000006714125746e+01,5.849498631057645071e+01
2.253000006717106984e+01,5.850243210541900396e+01
2.254000006720088223e+01,5.852001778602453896e+01
2.255000006723069816e+01,5.853787467665264188e+01
2.256000006726051410e+01,5.854976983555868486e+01
2.257000006729032648e+01,5.856638987256231843e+01
2.258000006732013887e+01,5.858539395632767821e+01
2.259000006734995480e+01,5.860562182486759042e+01
2.260000006737977074e+01,5.861979217115995056e+01
2.261000006740958312e+01,5.863276443714221386e+01
2.262000006743939551e+01,5.865744297710215704e+01
2.263000006746921144e+01,5.867507391748184631e+01
2.264000006749902738e+01,5.868786511192224964e+01
2.265000006752883976e+01,5.871195960232032718e+01
2.266000006755865215e+01,5.873369016431070122e+01
2.267000006758846453e+01,5.875107440229558620e+01
2.268000006761828402e+01,5.877430311699912124e+01
2.269000006764809640e+01,5.880248013154978537e+01
2.270000006767790879e+01,5.882033929565504593e+01
2.271000006770772117e+01,5.884685796713731776e+01
2.272000006773754066e+01,5.886958343573190433e+01
2.273000006776735304e+01,5.889528424139609797e+01
2.274000006779716543e+01,5.891545263414802491e+01
2.275000006782697781e+01,5.894827559991578170e+01
2.276000006785679375e+01,5.897935684384634669e+01
2.277000006788660968e+01,5.900056539275381340e+01
2.278000006791642207e+01,5.902846938582813863e+01
2.279000006794623445e+01,5.904812082816884100e+01
2.280000006797604684e+01,5.907836220592144372e+01
2.281000006800586632e+01,5.909640408857580240e+01
2.282000006803567871e+01,5.912155125015503643e+01
2.283000006806549109e+01,5.915162686437422224e+01
2.284000006809530348e+01,5.917339430173536385e+01
2.285000006812511941e+01,5.920106235248526616e+01
2.286000006815493535e+01,5.923108683215284742e+01
2.287000006818474773e+01,5.926718308680615621e+01
2.288000006821456012e+01,5.928807179127413463e+01
2.289000006824437605e+01,5.931848070472532441e+01
2.290000006827419199e+01,5.935182221233558408e+01
2.291000006830400437e+01,5.938044834398420591e+01
2.292000006833381676e+01,5.941037014839123032e+01
2.293000006836363269e+01,5.945084400547841597e+01
2.294000006839344863e+01,5.948426748881233550e+01
2.295000006842326101e+01,5.953063665778144298e+01
2.296000006845307340e+01,5.956422498923432585e+01
2.297000006848288933e+01,5.959144402382789707e+01
2.298000006851270172e+01,5.961763501306408131e+01
2.299000006854251765e+01,5.964719564710301114e+01
2.300000006857233004e+01,5.968800065087214080e+01
2.301000006860214597e+01,5.971407930890647719e+01
2.302000006863195836e+01,5.974445661497366444e+01
2.303000006866177429e+01,5.977380415765517085e+01
2.304000006869158668e+01,5.979946017295303307e+01
2.305000006872140261e+01,5.982645584417165452e+01
2.306000006875121500e+01,5.985735972217323564e+01
2.307000006878102738e+01,5.988738052515419952e+01
2.308000006881084332e+01,5.991204254013784691e+01
2.309000006884065925e+01,5.994023055994605187e+01
2.310000006887047164e+01,5.996229977314104787e+01
2.311000006890028402e+01,5.998433710790165918e+01
2.312000006893009996e+01,6.001727445490480051e+01
2.313000006895991589e+01,6.004788943778532229e+01
2.314000006898972828e+01,6.007649253115814503e+01
2.315000006901954066e+01,6.010197219410691361e+01
2.316000006904935304e+01,6.013000883290486343e+01
2.317000006907917253e+01,6.015776263537459556e+01
2.318000006910898492e+01,6.018213850779761032e+01
2.319000006913879730e+01,6.021081191899973106e+01
2.320000006916860968e+01,6.023998743461933003e+01
2.321000006919842917e+01,6.026882653835018289e+01
2.322000006922824156e+01,6.030568100415449351e+01
2.323000006925805394e+01,6.032187335427229158e+01
2.324000006928786632e+01,6.034921106438461891e+01
2.325000006931768581e+01,6.037117273479634605e+01
2.326000006934749820e+01,6.039656806412151013e+01
2.327000006937731058e+01,6.042497393059319677e+01
2.328000006940712296e+01,6.044773900659892973e+01
2.329000006943693890e+01,6.047848505338593839e+01
2.330000006946675484e+01,6.049994858423981725e+01
2.331000006949656722e+01,6.053054846215017193e+01
2.332000006952637960e+01,6.056122783291228018e+01
2.333000006955619199e+01,6.059282923981970725e+01
2.334000006958601148e+01,6.062124011989920547e+01
2.335000006961582386e+01,6.064593159916287846e+01
2.336000006964563624e+01,6.067687698375120675e+01
2.337000006967544863e+01,6.070298812533734889e+01
2.338000006970526456e+01,6.073618490600707531e+01
2.339000006973508050e+01,6.076199840929347573e+01
2.340000006976489288e+01,6.079666563990615913e+01
2.341000006979470527e+01,6.083212871410864153e+01
2.342000006982452120e+01,6.086014099416807710e+01
2.343000006985433714e+01,6.089159525785528615e+01
2.344000006988414953e+01,6.092961745194955370e+01
2.345000006991396191e+01,6.095688375127235759e+01
2.346000006994377785e+01,6.098215891659290122e+01
2.347000006997359023e+01,6.101006246959574497e+01
2.348000007000340617e+01,6.104080400761814929e+01
2.349000007003321855e+01,6.107692290596641982e+01
2.350000007006303449e+01,6.111004097822220871e+01
2.351000007009284687e+01,6.114645855956872111e+01
2.352000007012266281e+01,6.117913580323707379e+01
2.353000007015247519e+01,6.121503113512745387e+01
2.354000007018229113e+01,6.124583294884716622e+01
2.355000007021210351e+01,6.127382888209661616e+01
2.356000007024191589e+01,6.130795000237913683e+01
2.357000007027173183e+01,6.134886676483039736e+01
2.358000007030154777e+01,6.137652860528703513e+01
2.359000007033136015e+01,6.140748370982344539e+01
2.360000007036117253e+01,6.144199358397671062e+01
2.361000007039098847e+01,6.147955232613431065e+01
2.362000007042080441e+01,6.150799840130358831e+01
2.363000007045061679e+01,6.153333089848673865e+01
2.364000007048042917e+01,6.156137519881416154e+01
2.365000007051024511e+01,6.159210432315602191e+01
2.366000007054006105e+01,6.163144188053964712e+01
2.367000007056987343e+01,6.166553478041431191e+01
2.368000007059968581e+01,6.170876376121359641e+01
2.369000007062949820e+01,6.173680078091273771e+01
2.370000007065931769e+01,6.176880160475288761e+01
2.371000007068913007e+01,6.179701046014154997e+01
2.372000007071894245e+01,6.182686179360010215e+01
2.373000007074875484e+01,6.185112965793341289e+01
2.374000007077857433e+01,6.187836284988634361e+01
2.375000007080838671e+01,6.190461471603349963e+01
2.376000007083819909e+01,6.194575983580340761e+01
2.377000007086801148e+01,6.198028256961911353e+01
2.378000007089782741e+01,6.201115255679810190e+01
2.379000007092764335e+01,6.204369500821615446e+01
2.380000007095745573e+01,6.207928950366905951e+01
2.381000007098726812e+01,6.211004992669566604e+01
2.382000007101708405e+01,6.214782634338698131e+01
2.383000007104689999e+01,6.217510835003510294e+01
2.384000007107671237e+01,6.220856742210482082e+01
2.385000007110652476e+01,6.223581270533728826e+01
2.386000007113634069e+01,6.227125085524280479e+01
2.387000007116615308e+01,6.230630245066862472e+01
2.388000007119596901e+01,6.233570812474285816e+01
2.389000007122578140e+01,6.237080122464922738e+01
2.390000007125559378e+01,6.240243720067875444e+01
2.391000007128540972e+01,6.243383763323112845e+01
2.392000007131522565e+01,6.246891771082999156e+01
2.393000007134503804e+01,6.250924087755664971e+01
2.394000007137485042e+01,6.253762052687139317e+01
2.395000007140466636e+01,6.257227767167167798e+01
2.396000007143448229e+01,6.261052842241962679e+01
2.397000007146429468e+01,6.263866214282920453e+01
2.398000007149410706e+01,6.267266867627508731e+01
2.399000007152392300e+01,6.270666991523823697e+01
2.400000007155373538e+01,6.273881964903247166e+01
2.401000007158355132e+01,6.276999714268725938e+01
2.402000007161336370e+01,6.280587002912749028e+01
2.403000007164317964e+01,6.282634944371056207e+01
2.404000007167299202e+01,6.286102313589759660e+01
2.405000007170280796e+01,6.289621180955046498e+01
2.406000007173262034e+01,6.292176303554904138e+01
2.407000007176243628e+01,6.296099029993235519e+01
2.408000007179224866e+01,6.299151966232809485e+01
2.409000007182206105e+01,6.302114753161747984e+01
2.410000007185187698e+01,6.305865258839481413e+01
2.411000007188169292e+01,6.308613995065974223e+01
2.412000007191150530e+01,6.311795333201663283e+01
2.413000007194131769e+01,6.315030649608033286e+01
2.414000007197113362e+01,6.318758356709385282e+01
2.415000007200094956e+01,6.321956642779941404e+01
2.416000007203076194e+01,6.325737604398253211e+01
2.417000007206057433e+01,6.329364152150935752e+01
2.418000007209038671e+01,6.332792232986059844e+01
2.419000007212020620e+01,6.336412201624327878e+01
2.420000007215001858e+01,6.340121117548021346e+01
2.421000007217983097e+01,6.344288779407271051e+01
2.422000007220964335e+01,6.347802585978391221e+01
2.423000007223946284e+01,6.350822070479620152e+01
2.424000007226927522e+01,6.354404349709862032e+01
2.425000007229908761e+01,6.357322944213540694e+01
2.426000007232889999e+01,6.360201964237847250e+01
2.427000007235871948e+01,6.362736701068575940e+01
2.428000007238853186e+01,6.365862894237429259e+01
2.429000007241834425e+01,6.369322991419419111e+01
2.430000007244815663e+01,6.372158736740881579e+01
2.431000007247797257e+01,6.375755401643014153e+01
2.432000007250778850e+01,6.377528275255281898e+01
2.433000007253760089e+01,6.380394533284707137e+01
2.434000007256741327e+01,6.382706590618168718e+01
2.435000007259722921e+01,6.385540561889308719e+01
2.436000007262704514e+01,6.387270218052083948e+01
2.437000007265685753e+01,6.389851919617218812e+01
2.438000007268666991e+01,6.392570983583802047e+01
2.439000007271648585e+01,6.393140968816267389e+01
2.440000007274629823e+01,6.395615601362073477e+01
2.441000007277611417e+01,6.397133303755057909e+01
2.442000007280592655e+01,6.399522828815823772e+01
2.443000007283573893e+01,6.401978426518790855e+01
2.444000007286555487e+01,6.403376082110294476e+01
2.445000007289537081e+01,6.406742687653525081e+01
2.446000007292518319e+01,6.409130264889762429e+01
2.447000007295499557e+01,6.411014987140576693e+01
2.448000007298481151e+01,6.413691738399015208e+01
2.449000007301462389e+01,6.416050611806640802e+01
2.450000007304443983e+01,6.417769276304296966e+01
2.451000007307425221e+01,6.420209546616098351e+01
2.452000007310406815e+01,6.420703639104073090e+01
2.453000007313388053e+01,6.422935774252442798e+01
2.454000007316369647e+01,6.424071617757444130e+01
2.455000007319350885e+01,6.427205270126280823e+01
2.456000007322332479e+01,6.428628969156306994e+01
2.457000007325313717e+01,6.430715573358041581e+01
2.458000007328295311e+01,6.432802116484324984e+01
2.459000007331276549e+01,6.434859226673127353e+01
2.460000007334258143e+01,6.437188523122050299e+01
2.461000007337239381e+01,6.439416261618021053e+01
2.462000007340220620e+01,6.441334030604861027e+01
2.463000007343202213e+01,6.442620214851666560e+01
2.464000007346183807e+01,6.445174767493095658e+01
2.465000007349165045e+01,6.446849205988296205e+01
2.466000007352146284e+01,6.449855541462534347e+01
2.467000007355127877e+01,6.450730588126150167e+01
2.468000007358109471e+01,6.453138719793984990e+01
2.469000007361090709e+01,6.455580691080606925e+01
2.470000007364071948e+01,6.457395429414906118e+01
2.471000007367053186e+01,6.459245223279980053e+01
2.472000007370035135e+01,6.460567962039455381e+01
2.473000007373016373e+01,6.462164155881282568e+01
2.474000007375997612e+01,6.462818472227785094e+01
2.475000007378978850e+01,6.465155383987635673e+01
2.476000007381960799e+01,6.466828380295361001e+01
2.477000007384942037e+01,6.468546033348683011e+01
2.478000007387923276e+01,6.471313180074631077e+01
2.479000007390904514e+01,6.473349194153144026e+01
2.480000007393886108e+01,6.475918784774763992e+01
2.481000007396867701e+01,6.477935884950473167e+01
2.482000007399848940e+01,6.480772691555081622e+01
2.483000007402830178e+01,6.483852312970755349e+01
2.484000007405811772e+01,6.487078952069522586e+01
2.485000007408793365e+01,6.489924436390718654e+01
2.486000007411774604e+01,6.492760328034357542e+01
2.487000007414755842e+01,6.494543424732145809e+01
2.488000007417737436e+01,6.497588786914016623e+01
2.489000007420719029e+01,6.500034236140520250e+01
2.490000007423700268e+01,6.503027599699724703e+01
2.491000007426681506e+01,6.504875408416917537e+01
2.492000007429663100e+01,6.507465445925969050e+01
2.493000007432644338e+01,6.510388938440235052e+01
2.494000007435625932e+01,6.512110318463909664e+01
2.495000007438607170e+01,6.514265173584848867e+01
2.496000007441588764e+01,6.516248820772679551e+01
2.497000007444570002e+01,6.519552439782869158e+01
2.498000007447551596e+01,6.522123160287699761e+01
2.499000007450532834e+01,6.524286215613041406e+01

# D = 3.4106e-12 m2/s = 3.4106e-08 cm2/s
# R2 = 0.9562
