time_ns,n_channel_water,n_ww_hbonds
0.000000000000000000e+00,1.600000000000000000e+01,1.700000000000000000e+01
1.000000002981405768e-02,1.600000000000000000e+01,1.600000000000000000e+01
2.000000005962811536e-02,1.300000000000000000e+01,1.500000000000000000e+01
3.000000008944217478e-02,1.400000000000000000e+01,1.200000000000000000e+01
4.000000011925623072e-02,1.400000000000000000e+01,1.600000000000000000e+01
5.000000014907028667e-02,1.600000000000000000e+01,1.800000000000000000e+01
6.000000017888434956e-02,1.700000000000000000e+01,1.800000000000000000e+01
7.000000020869839856e-02,1.600000000000000000e+01,1.400000000000000000e+01
8.000000023851246145e-02,1.400000000000000000e+01,1.100000000000000000e+01
9.000000026832652433e-02,1.600000000000000000e+01,1.300000000000000000e+01
1.000000002981405733e-01,1.400000000000000000e+01,1.500000000000000000e+01
1.100000003279546362e-01,1.600000000000000000e+01,1.500000000000000000e+01
1.200000003577686991e-01,1.600000000000000000e+01,1.600000000000000000e+01
1.300000003875827481e-01,1.300000000000000000e+01,1.300000000000000000e+01
1.400000004173967971e-01,1.400000000000000000e+01,1.200000000000000000e+01
1.500000004472108739e-01,1.500000000000000000e+01,1.600000000000000000e+01
1.600000004770249229e-01,1.500000000000000000e+01,1.700000000000000000e+01
1.700000005068389719e-01,1.500000000000000000e+01,1.600000000000000000e+01
1.800000005366530487e-01,1.300000000000000000e+01,1.400000000000000000e+01
1.900000005664670977e-01,1.700000000000000000e+01,1.700000000000000000e+01
2.000000005962811467e-01,1.500000000000000000e+01,1.600000000000000000e+01
2.100000006260952234e-01,1.500000000000000000e+01,1.900000000000000000e+01
2.200000006559092725e-01,1.600000000000000000e+01,1.800000000000000000e+01
2.300000006857233215e-01,1.700000000000000000e+01,1.700000000000000000e+01
2.400000007155373982e-01,1.800000000000000000e+01,2.000000000000000000e+01
2.500000007453514472e-01,1.800000000000000000e+01,1.800000000000000000e+01
2.600000007751654962e-01,1.700000000000000000e+01,2.200000000000000000e+01
2.700000008049795452e-01,1.900000000000000000e+01,2.400000000000000000e+01
2.800000008347935943e-01,1.900000000000000000e+01,2.100000000000000000e+01
2.900000008646076988e-01,2.100000000000000000e+01,2.600000000000000000e+01
3.000000008944217478e-01,1.500000000000000000e+01,1.700000000000000000e+01
3.100000009242357968e-01,1.600000000000000000e+01,1.900000000000000000e+01
3.200000009540498458e-01,1.600000000000000000e+01,1.900000000000000000e+01
3.300000009838638948e-01,1.600000000000000000e+01,1.900000000000000000e+01
3.400000010136779438e-01,1.900000000000000000e+01,2.400000000000000000e+01
3.500000010434919928e-01,1.800000000000000000e+01,2.000000000000000000e+01
3.600000010733060973e-01,1.800000000000000000e+01,2.200000000000000000e+01
3.700000011031201463e-01,1.700000000000000000e+01,2.100000000000000000e+01
3.800000011329341953e-01,1.600000000000000000e+01,2.200000000000000000e+01
3.900000011627482444e-01,1.800000000000000000e+01,1.700000000000000000e+01
4.000000011925622934e-01,1.800000000000000000e+01,1.900000000000000000e+01
4.100000012223763424e-01,1.600000000000000000e+01,1.600000000000000000e+01
4.200000012521904469e-01,1.800000000000000000e+01,1.900000000000000000e+01
4.300000012820044959e-01,1.600000000000000000e+01,2.000000000000000000e+01
4.400000013118185449e-01,1.600000000000000000e+01,1.400000000000000000e+01
4.500000013416325939e-01,1.300000000000000000e+01,1.200000000000000000e+01
4.600000013714466429e-01,1.400000000000000000e+01,1.600000000000000000e+01
4.700000014012606919e-01,1.500000000000000000e+01,1.600000000000000000e+01
4.800000014310747964e-01,1.500000000000000000e+01,1.800000000000000000e+01
4.900000014608888455e-01,1.700000000000000000e+01,2.500000000000000000e+01
5.000000014907028945e-01,1.700000000000000000e+01,2.200000000000000000e+01
5.100000015205169435e-01,1.700000000000000000e+01,1.600000000000000000e+01
5.200000015503309925e-01,1.500000000000000000e+01,1.700000000000000000e+01
5.300000015801450415e-01,1.700000000000000000e+01,1.800000000000000000e+01
5.400000016099590905e-01,1.500000000000000000e+01,1.400000000000000000e+01
5.500000016397731395e-01,1.700000000000000000e+01,1.100000000000000000e+01
5.600000016695871885e-01,1.200000000000000000e+01,1.000000000000000000e+01
5.700000016994012375e-01,1.600000000000000000e+01,1.800000000000000000e+01
5.800000017292153975e-01,1.500000000000000000e+01,2.200000000000000000e+01
5.900000017590294465e-01,1.600000000000000000e+01,2.000000000000000000e+01
6.000000017888434956e-01,1.500000000000000000e+01,1.900000000000000000e+01
6.100000018186575446e-01,1.600000000000000000e+01,1.800000000000000000e+01
6.200000018484715936e-01,1.800000000000000000e+01,2.000000000000000000e+01
6.300000018782856426e-01,1.700000000000000000e+01,1.800000000000000000e+01
6.400000019080996916e-01,1.800000000000000000e+01,2.100000000000000000e+01
6.500000019379137406e-01,1.600000000000000000e+01,1.800000000000000000e+01
6.600000019677277896e-01,1.500000000000000000e+01,1.300000000000000000e+01
6.700000019975418386e-01,1.200000000000000000e+01,1.300000000000000000e+01
6.800000020273558876e-01,1.600000000000000000e+01,1.400000000000000000e+01
6.900000020571699366e-01,1.500000000000000000e+01,1.300000000000000000e+01
7.000000020869839856e-01,1.300000000000000000e+01,1.400000000000000000e+01
7.100000021167981457e-01,1.300000000000000000e+01,1.200000000000000000e+01
7.200000021466121947e-01,1.400000000000000000e+01,1.400000000000000000e+01
7.300000021764262437e-01,1.400000000000000000e+01,1.300000000000000000e+01
7.400000022062402927e-01,1.300000000000000000e+01,1.000000000000000000e+01
7.500000022360543417e-01,1.400000000000000000e+01,1.300000000000000000e+01
7.600000022658683907e-01,1.600000000000000000e+01,1.700000000000000000e+01
7.700000022956824397e-01,1.500000000000000000e+01,1.400000000000000000e+01
7.800000023254964887e-01,1.500000000000000000e+01,1.600000000000000000e+01
7.900000023553105377e-01,1.700000000000000000e+01,1.700000000000000000e+01
8.000000023851245867e-01,1.600000000000000000e+01,1.900000000000000000e+01
8.100000024149386357e-01,1.400000000000000000e+01,1.000000000000000000e+01
8.200000024447526847e-01,1.600000000000000000e+01,1.200000000000000000e+01
8.300000024745667337e-01,1.600000000000000000e+01,1.600000000000000000e+01
8.400000025043808938e-01,1.200000000000000000e+01,1.300000000000000000e+01
8.500000025341949428e-01,1.500000000000000000e+01,1.400000000000000000e+01
8.600000025640089918e-01,1.300000000000000000e+01,1.200000000000000000e+01
8.700000025938230408e-01,1.600000000000000000e+01,1.600000000000000000e+01
8.800000026236370898e-01,1.200000000000000000e+01,1.200000000000000000e+01
8.900000026534511388e-01,1.300000000000000000e+01,1.100000000000000000e+01
9.000000026832651878e-01,1.200000000000000000e+01,7.000000000000000000e+00
9.100000027130792368e-01,1.200000000000000000e+01,1.200000000000000000e+01
9.200000027428932858e-01,1.100000000000000000e+01,1.100000000000000000e+01
9.300000027727073348e-01,1.200000000000000000e+01,1.000000000000000000e+01
9.400000028025213838e-01,1.200000000000000000e+01,1.300000000000000000e+01
9.500000028323354329e-01,1.100000000000000000e+01,9.000000000000000000e+00
9.600000028621495929e-01,1.200000000000000000e+01,8.000000000000000000e+00
9.700000028919636419e-01,1.300000000000000000e+01,1.000000000000000000e+01
9.800000029217776909e-01,1.300000000000000000e+01,1.200000000000000000e+01
9.900000029515917399e-01,1.400000000000000000e+01,1.100000000000000000e+01
1.000000002981405789e+00,1.200000000000000000e+01,9.000000000000000000e+00
1.010000003011219727e+00,1.500000000000000000e+01,1.200000000000000000e+01
1.020000003041033887e+00,1.500000000000000000e+01,1.600000000000000000e+01
1.030000003070848047e+00,1.200000000000000000e+01,1.400000000000000000e+01
1.040000003100661985e+00,1.100000000000000000e+01,8.000000000000000000e+00
1.050000003130476145e+00,1.500000000000000000e+01,1.400000000000000000e+01
1.060000003160290083e+00,1.300000000000000000e+01,1.400000000000000000e+01
1.070000003190104243e+00,1.300000000000000000e+01,1.100000000000000000e+01
1.080000003219918181e+00,1.100000000000000000e+01,1.100000000000000000e+01
1.090000003249732341e+00,1.300000000000000000e+01,1.300000000000000000e+01
1.100000003279546279e+00,1.300000000000000000e+01,1.400000000000000000e+01
1.110000003309360439e+00,1.400000000000000000e+01,1.400000000000000000e+01
1.120000003339174377e+00,1.500000000000000000e+01,1.700000000000000000e+01
1.130000003368988537e+00,1.300000000000000000e+01,1.300000000000000000e+01
1.140000003398802475e+00,1.500000000000000000e+01,1.100000000000000000e+01
1.150000003428616635e+00,1.400000000000000000e+01,1.300000000000000000e+01
1.160000003458430795e+00,1.400000000000000000e+01,1.500000000000000000e+01
1.170000003488244733e+00,1.400000000000000000e+01,1.400000000000000000e+01
1.180000003518058893e+00,1.400000000000000000e+01,1.600000000000000000e+01
1.190000003547872831e+00,1.600000000000000000e+01,1.900000000000000000e+01
1.200000003577686991e+00,1.600000000000000000e+01,1.700000000000000000e+01
1.210000003607500929e+00,1.700000000000000000e+01,1.900000000000000000e+01
1.220000003637315089e+00,1.500000000000000000e+01,1.300000000000000000e+01
1.230000003667129027e+00,1.500000000000000000e+01,1.900000000000000000e+01
1.240000003696943187e+00,1.600000000000000000e+01,1.700000000000000000e+01
1.250000003726757125e+00,1.500000000000000000e+01,1.500000000000000000e+01
1.260000003756571285e+00,1.600000000000000000e+01,1.800000000000000000e+01
1.270000003786385223e+00,1.500000000000000000e+01,1.300000000000000000e+01
1.280000003816199383e+00,1.600000000000000000e+01,1.300000000000000000e+01
1.290000003846013543e+00,1.500000000000000000e+01,1.600000000000000000e+01
1.300000003875827481e+00,1.600000000000000000e+01,1.900000000000000000e+01
1.310000003905641641e+00,1.500000000000000000e+01,1.500000000000000000e+01
1.320000003935455579e+00,1.400000000000000000e+01,1.400000000000000000e+01
1.330000003965269739e+00,1.500000000000000000e+01,1.600000000000000000e+01
1.340000003995083677e+00,1.500000000000000000e+01,1.300000000000000000e+01
1.350000004024897837e+00,1.500000000000000000e+01,1.400000000000000000e+01
1.360000004054711775e+00,1.500000000000000000e+01,2.000000000000000000e+01
1.370000004084525935e+00,1.300000000000000000e+01,1.300000000000000000e+01
1.380000004114339873e+00,1.500000000000000000e+01,1.400000000000000000e+01
1.390000004144154033e+00,1.500000000000000000e+01,1.300000000000000000e+01
1.400000004173967971e+00,1.200000000000000000e+01,1.200000000000000000e+01
1.410000004203782131e+00,1.500000000000000000e+01,1.900000000000000000e+01
1.420000004233596291e+00,1.600000000000000000e+01,1.500000000000000000e+01
1.430000004263410229e+00,1.600000000000000000e+01,1.900000000000000000e+01
1.440000004293224389e+00,1.600000000000000000e+01,1.600000000000000000e+01
1.450000004323038327e+00,1.400000000000000000e+01,1.500000000000000000e+01
1.460000004352852487e+00,1.500000000000000000e+01,1.800000000000000000e+01
1.470000004382666425e+00,1.500000000000000000e+01,2.000000000000000000e+01
1.480000004412480585e+00,1.400000000000000000e+01,1.200000000000000000e+01
1.490000004442294523e+00,1.300000000000000000e+01,1.400000000000000000e+01
1.500000004472108683e+00,1.400000000000000000e+01,1.600000000000000000e+01
1.510000004501922621e+00,1.500000000000000000e+01,1.600000000000000000e+01
1.520000004531736781e+00,1.600000000000000000e+01,1.700000000000000000e+01
1.530000004561550719e+00,1.500000000000000000e+01,1.500000000000000000e+01
1.540000004591364879e+00,1.500000000000000000e+01,1.700000000000000000e+01
1.550000004621179039e+00,1.500000000000000000e+01,1.500000000000000000e+01
1.560000004650992977e+00,1.200000000000000000e+01,1.100000000000000000e+01
1.570000004680807137e+00,1.300000000000000000e+01,1.300000000000000000e+01
1.580000004710621075e+00,1.400000000000000000e+01,1.000000000000000000e+01
1.590000004740435235e+00,1.400000000000000000e+01,1.500000000000000000e+01
1.600000004770249173e+00,1.300000000000000000e+01,1.600000000000000000e+01
1.610000004800063333e+00,1.700000000000000000e+01,1.500000000000000000e+01
1.620000004829877271e+00,1.500000000000000000e+01,1.000000000000000000e+01
1.630000004859691431e+00,1.400000000000000000e+01,9.000000000000000000e+00
1.640000004889505369e+00,1.200000000000000000e+01,1.000000000000000000e+01
1.650000004919319530e+00,1.300000000000000000e+01,1.300000000000000000e+01
1.660000004949133467e+00,1.500000000000000000e+01,1.700000000000000000e+01
1.670000004978947628e+00,1.700000000000000000e+01,2.000000000000000000e+01
1.680000005008761788e+00,1.800000000000000000e+01,2.100000000000000000e+01
1.690000005038575726e+00,1.600000000000000000e+01,1.800000000000000000e+01
1.700000005068389886e+00,1.400000000000000000e+01,1.600000000000000000e+01
1.710000005098203824e+00,1.700000000000000000e+01,2.100000000000000000e+01
1.720000005128017984e+00,1.500000000000000000e+01,1.400000000000000000e+01
1.730000005157831922e+00,2.000000000000000000e+01,2.500000000000000000e+01
1.740000005187646082e+00,1.600000000000000000e+01,2.100000000000000000e+01
1.750000005217460020e+00,1.600000000000000000e+01,1.400000000000000000e+01
1.760000005247274180e+00,1.300000000000000000e+01,1.400000000000000000e+01
1.770000005277088118e+00,1.400000000000000000e+01,1.100000000000000000e+01
1.780000005306902278e+00,1.700000000000000000e+01,1.800000000000000000e+01
1.790000005336716216e+00,1.600000000000000000e+01,1.600000000000000000e+01
1.800000005366530376e+00,1.400000000000000000e+01,1.400000000000000000e+01
1.810000005396344536e+00,1.500000000000000000e+01,1.700000000000000000e+01
1.820000005426158474e+00,1.400000000000000000e+01,1.600000000000000000e+01
1.830000005455972634e+00,1.900000000000000000e+01,2.300000000000000000e+01
1.840000005485786572e+00,1.600000000000000000e+01,1.500000000000000000e+01
1.850000005515600732e+00,1.400000000000000000e+01,1.600000000000000000e+01
1.860000005545414670e+00,1.400000000000000000e+01,1.200000000000000000e+01
1.870000005575228830e+00,1.600000000000000000e+01,1.800000000000000000e+01
1.880000005605042768e+00,1.500000000000000000e+01,1.400000000000000000e+01
1.890000005634856928e+00,1.300000000000000000e+01,1.200000000000000000e+01
1.900000005664670866e+00,1.300000000000000000e+01,1.400000000000000000e+01
1.910000005694485026e+00,1.400000000000000000e+01,1.600000000000000000e+01
1.920000005724299186e+00,1.300000000000000000e+01,1.300000000000000000e+01
1.930000005754113124e+00,1.600000000000000000e+01,1.900000000000000000e+01
1.940000005783927284e+00,1.300000000000000000e+01,9.000000000000000000e+00
1.950000005813741222e+00,1.300000000000000000e+01,1.200000000000000000e+01
1.960000005843555382e+00,1.200000000000000000e+01,7.000000000000000000e+00
1.970000005873369320e+00,1.500000000000000000e+01,1.800000000000000000e+01
1.980000005903183480e+00,1.100000000000000000e+01,8.000000000000000000e+00
1.990000005932997418e+00,1.400000000000000000e+01,1.300000000000000000e+01
2.000000005962811578e+00,1.700000000000000000e+01,1.300000000000000000e+01
2.010000005992625738e+00,1.400000000000000000e+01,1.500000000000000000e+01
2.020000006022439454e+00,1.500000000000000000e+01,1.700000000000000000e+01
2.030000006052253614e+00,1.500000000000000000e+01,1.600000000000000000e+01
2.040000006082067774e+00,1.300000000000000000e+01,9.000000000000000000e+00
2.050000006111881934e+00,1.500000000000000000e+01,1.200000000000000000e+01
2.060000006141696094e+00,1.400000000000000000e+01,7.000000000000000000e+00
2.070000006171509810e+00,1.400000000000000000e+01,1.100000000000000000e+01
2.080000006201323970e+00,1.400000000000000000e+01,1.100000000000000000e+01
2.090000006231138130e+00,1.400000000000000000e+01,1.100000000000000000e+01
2.100000006260952290e+00,1.400000000000000000e+01,1.500000000000000000e+01
2.110000006290766006e+00,1.600000000000000000e+01,1.600000000000000000e+01
2.120000006320580166e+00,1.800000000000000000e+01,1.900000000000000000e+01
2.130000006350394326e+00,1.700000000000000000e+01,1.600000000000000000e+01
2.140000006380208486e+00,1.700000000000000000e+01,1.800000000000000000e+01
2.150000006410022202e+00,1.700000000000000000e+01,1.800000000000000000e+01
2.160000006439836362e+00,1.600000000000000000e+01,1.800000000000000000e+01
2.170000006469650522e+00,1.700000000000000000e+01,1.700000000000000000e+01
2.180000006499464682e+00,1.700000000000000000e+01,1.800000000000000000e+01
2.190000006529278842e+00,1.700000000000000000e+01,1.400000000000000000e+01
2.200000006559092558e+00,1.800000000000000000e+01,1.900000000000000000e+01
2.210000006588906718e+00,1.700000000000000000e+01,1.400000000000000000e+01
2.220000006618720878e+00,2.000000000000000000e+01,2.700000000000000000e+01
2.230000006648535038e+00,1.800000000000000000e+01,2.000000000000000000e+01
2.240000006678348754e+00,1.700000000000000000e+01,1.400000000000000000e+01
2.250000006708162914e+00,1.800000000000000000e+01,1.900000000000000000e+01
2.260000006737977074e+00,1.600000000000000000e+01,1.300000000000000000e+01
2.270000006767791234e+00,1.300000000000000000e+01,9.000000000000000000e+00
2.280000006797604950e+00,1.600000000000000000e+01,1.300000000000000000e+01
2.290000006827419110e+00,2.000000000000000000e+01,1.800000000000000000e+01
2.300000006857233270e+00,2.000000000000000000e+01,2.300000000000000000e+01
2.310000006887047430e+00,2.300000000000000000e+01,3.400000000000000000e+01
2.320000006916861590e+00,2.200000000000000000e+01,2.600000000000000000e+01
2.330000006946675306e+00,2.100000000000000000e+01,2.000000000000000000e+01
2.340000006976489466e+00,1.900000000000000000e+01,1.800000000000000000e+01
2.350000007006303626e+00,1.900000000000000000e+01,1.700000000000000000e+01
2.360000007036117786e+00,1.800000000000000000e+01,1.800000000000000000e+01
2.370000007065931502e+00,1.700000000000000000e+01,1.600000000000000000e+01
2.380000007095745662e+00,1.900000000000000000e+01,2.000000000000000000e+01
2.390000007125559822e+00,1.800000000000000000e+01,1.500000000000000000e+01
2.400000007155373982e+00,1.900000000000000000e+01,2.000000000000000000e+01
2.410000007185187698e+00,1.900000000000000000e+01,1.800000000000000000e+01
2.420000007215001858e+00,2.200000000000000000e+01,2.200000000000000000e+01
2.430000007244816018e+00,1.800000000000000000e+01,2.100000000000000000e+01
2.440000007274630178e+00,2.000000000000000000e+01,2.300000000000000000e+01
2.450000007304444338e+00,2.000000000000000000e+01,1.700000000000000000e+01
2.460000007334258054e+00,2.100000000000000000e+01,1.800000000000000000e+01
2.470000007364072214e+00,2.000000000000000000e+01,1.800000000000000000e+01
2.480000007393886374e+00,2.200000000000000000e+01,1.800000000000000000e+01
2.490000007423700534e+00,1.900000000000000000e+01,1.700000000000000000e+01
2.500000007453514250e+00,2.000000000000000000e+01,1.800000000000000000e+01
2.510000007483328410e+00,2.000000000000000000e+01,1.500000000000000000e+01
2.520000007513142570e+00,2.000000000000000000e+01,1.900000000000000000e+01
2.530000007542956730e+00,1.900000000000000000e+01,1.700000000000000000e+01
2.540000007572770446e+00,2.200000000000000000e+01,2.700000000000000000e+01
2.550000007602584606e+00,1.900000000000000000e+01,2.000000000000000000e+01
2.560000007632398766e+00,1.900000000000000000e+01,1.700000000000000000e+01
2.570000007662212926e+00,2.100000000000000000e+01,1.600000000000000000e+01
2.580000007692027086e+00,2.300000000000000000e+01,2.000000000000000000e+01
2.590000007721840802e+00,2.300000000000000000e+01,2.600000000000000000e+01
2.600000007751654962e+00,2.300000000000000000e+01,2.300000000000000000e+01
2.610000007781469122e+00,2.100000000000000000e+01,2.100000000000000000e+01
2.620000007811283282e+00,2.400000000000000000e+01,3.100000000000000000e+01
2.630000007841096998e+00,2.400000000000000000e+01,3.200000000000000000e+01
2.640000007870911158e+00,2.300000000000000000e+01,2.400000000000000000e+01
2.650000007900725318e+00,2.200000000000000000e+01,2.100000000000000000e+01
2.660000007930539478e+00,2.200000000000000000e+01,2.400000000000000000e+01
2.670000007960353194e+00,2.200000000000000000e+01,2.400000000000000000e+01
2.680000007990167354e+00,2.300000000000000000e+01,2.100000000000000000e+01
2.690000008019981514e+00,2.100000000000000000e+01,1.900000000000000000e+01
2.700000008049795674e+00,2.200000000000000000e+01,2.200000000000000000e+01
2.710000008079609835e+00,2.300000000000000000e+01,3.200000000000000000e+01
2.720000008109423550e+00,2.200000000000000000e+01,2.600000000000000000e+01
2.730000008139237710e+00,2.300000000000000000e+01,2.300000000000000000e+01
2.740000008169051871e+00,2.500000000000000000e+01,2.900000000000000000e+01
2.750000008198866031e+00,2.400000000000000000e+01,2.700000000000000000e+01
2.760000008228679746e+00,2.200000000000000000e+01,2.200000000000000000e+01
2.770000008258493907e+00,2.500000000000000000e+01,3.400000000000000000e+01
2.780000008288308067e+00,2.600000000000000000e+01,3.500000000000000000e+01
2.790000008318122227e+00,2.500000000000000000e+01,2.400000000000000000e+01
2.800000008347935943e+00,2.400000000000000000e+01,2.800000000000000000e+01
2.810000008377750103e+00,2.100000000000000000e+01,2.700000000000000000e+01
2.820000008407564263e+00,2.100000000000000000e+01,2.000000000000000000e+01
2.830000008437378423e+00,1.900000000000000000e+01,2.100000000000000000e+01
2.840000008467192583e+00,2.200000000000000000e+01,2.200000000000000000e+01
2.850000008497006299e+00,2.300000000000000000e+01,2.200000000000000000e+01
2.860000008526820459e+00,1.900000000000000000e+01,2.000000000000000000e+01
2.870000008556634619e+00,2.400000000000000000e+01,2.800000000000000000e+01
2.880000008586448779e+00,2.300000000000000000e+01,2.800000000000000000e+01
2.890000008616262495e+00,2.300000000000000000e+01,3.000000000000000000e+01
2.900000008646076655e+00,2.200000000000000000e+01,2.700000000000000000e+01
2.910000008675890815e+00,2.400000000000000000e+01,3.000000000000000000e+01
2.920000008705704975e+00,2.200000000000000000e+01,2.700000000000000000e+01
2.930000008735518691e+00,2.300000000000000000e+01,2.700000000000000000e+01
2.940000008765332851e+00,2.300000000000000000e+01,2.600000000000000000e+01
2.950000008795147011e+00,2.300000000000000000e+01,2.900000000000000000e+01
2.960000008824961171e+00,2.600000000000000000e+01,3.900000000000000000e+01
2.970000008854775331e+00,2.500000000000000000e+01,3.200000000000000000e+01
2.980000008884589047e+00,2.600000000000000000e+01,3.700000000000000000e+01
2.990000008914403207e+00,2.500000000000000000e+01,2.900000000000000000e+01
3.000000008944217367e+00,2.500000000000000000e+01,2.600000000000000000e+01
3.010000008974031527e+00,2.400000000000000000e+01,3.000000000000000000e+01
3.020000009003845243e+00,2.700000000000000000e+01,3.400000000000000000e+01
3.030000009033659403e+00,2.600000000000000000e+01,3.300000000000000000e+01
3.040000009063473563e+00,2.400000000000000000e+01,2.700000000000000000e+01
3.050000009093287723e+00,2.700000000000000000e+01,3.700000000000000000e+01
3.060000009123101439e+00,2.500000000000000000e+01,2.800000000000000000e+01
3.070000009152915599e+00,2.400000000000000000e+01,3.100000000000000000e+01
3.080000009182729759e+00,2.500000000000000000e+01,2.900000000000000000e+01
3.090000009212543919e+00,2.100000000000000000e+01,2.000000000000000000e+01
3.100000009242358079e+00,2.300000000000000000e+01,2.900000000000000000e+01
3.110000009272171795e+00,2.300000000000000000e+01,2.200000000000000000e+01
3.120000009301985955e+00,2.300000000000000000e+01,2.200000000000000000e+01
3.130000009331800115e+00,2.300000000000000000e+01,2.900000000000000000e+01
3.140000009361614275e+00,2.200000000000000000e+01,2.600000000000000000e+01
3.150000009391427991e+00,2.400000000000000000e+01,3.100000000000000000e+01
3.160000009421242151e+00,2.500000000000000000e+01,2.400000000000000000e+01
3.170000009451056311e+00,2.500000000000000000e+01,3.300000000000000000e+01
3.180000009480870471e+00,2.200000000000000000e+01,2.700000000000000000e+01
3.190000009510684187e+00,2.200000000000000000e+01,2.600000000000000000e+01
3.200000009540498347e+00,2.300000000000000000e+01,2.600000000000000000e+01
3.210000009570312507e+00,2.500000000000000000e+01,3.100000000000000000e+01
3.220000009600126667e+00,2.500000000000000000e+01,3.000000000000000000e+01
3.230000009629940827e+00,2.200000000000000000e+01,2.400000000000000000e+01
3.240000009659754543e+00,2.200000000000000000e+01,2.300000000000000000e+01
3.250000009689568703e+00,2.300000000000000000e+01,2.900000000000000000e+01
3.260000009719382863e+00,2.400000000000000000e+01,3.600000000000000000e+01
3.270000009749197023e+00,2.500000000000000000e+01,3.300000000000000000e+01
3.280000009779010739e+00,2.700000000000000000e+01,3.200000000000000000e+01
3.290000009808824899e+00,2.400000000000000000e+01,2.500000000000000000e+01
3.300000009838639059e+00,2.800000000000000000e+01,3.500000000000000000e+01
3.310000009868453219e+00,2.700000000000000000e+01,3.500000000000000000e+01
3.320000009898266935e+00,2.900000000000000000e+01,4.200000000000000000e+01
3.330000009928081095e+00,2.400000000000000000e+01,3.100000000000000000e+01
3.340000009957895255e+00,2.800000000000000000e+01,3.800000000000000000e+01
3.350000009987709415e+00,2.900000000000000000e+01,3.700000000000000000e+01
3.360000010017523575e+00,2.700000000000000000e+01,3.300000000000000000e+01
3.370000010047337291e+00,2.700000000000000000e+01,3.000000000000000000e+01
3.380000010077151451e+00,2.300000000000000000e+01,2.400000000000000000e+01
3.390000010106965611e+00,2.600000000000000000e+01,3.300000000000000000e+01
3.400000010136779771e+00,2.800000000000000000e+01,3.700000000000000000e+01
3.410000010166593487e+00,2.700000000000000000e+01,3.200000000000000000e+01
3.420000010196407647e+00,2.600000000000000000e+01,3.000000000000000000e+01
3.430000010226221807e+00,2.600000000000000000e+01,3.200000000000000000e+01
3.440000010256035967e+00,2.600000000000000000e+01,2.900000000000000000e+01
3.450000010285849683e+00,2.600000000000000000e+01,3.000000000000000000e+01
3.460000010315663843e+00,2.600000000000000000e+01,2.700000000000000000e+01
3.470000010345478003e+00,2.500000000000000000e+01,2.700000000000000000e+01
3.480000010375292163e+00,2.700000000000000000e+01,2.500000000000000000e+01
3.490000010405106323e+00,2.500000000000000000e+01,2.200000000000000000e+01
3.500000010434920039e+00,2.700000000000000000e+01,2.800000000000000000e+01
3.510000010464734199e+00,2.400000000000000000e+01,3.000000000000000000e+01
3.520000010494548359e+00,2.400000000000000000e+01,2.500000000000000000e+01
3.530000010524362519e+00,2.300000000000000000e+01,2.500000000000000000e+01
3.540000010554176235e+00,2.500000000000000000e+01,2.800000000000000000e+01
3.550000010583990395e+00,2.700000000000000000e+01,2.800000000000000000e+01
3.560000010613804555e+00,2.400000000000000000e+01,2.500000000000000000e+01
3.570000010643618715e+00,2.500000000000000000e+01,2.100000000000000000e+01
3.580000010673432431e+00,2.400000000000000000e+01,2.900000000000000000e+01
3.590000010703246591e+00,2.600000000000000000e+01,2.900000000000000000e+01
3.600000010733060751e+00,2.600000000000000000e+01,3.200000000000000000e+01
3.610000010762874911e+00,2.500000000000000000e+01,3.100000000000000000e+01
3.620000010792689071e+00,2.800000000000000000e+01,3.400000000000000000e+01
3.630000010822502787e+00,2.700000000000000000e+01,2.900000000000000000e+01
3.640000010852316947e+00,2.500000000000000000e+01,3.000000000000000000e+01
3.650000010882131107e+00,2.700000000000000000e+01,3.200000000000000000e+01
3.660000010911945267e+00,2.700000000000000000e+01,2.700000000000000000e+01
3.670000010941758983e+00,2.700000000000000000e+01,3.400000000000000000e+01
3.680000010971573143e+00,2.600000000000000000e+01,3.000000000000000000e+01
3.690000011001387303e+00,2.700000000000000000e+01,3.400000000000000000e+01
3.700000011031201463e+00,2.700000000000000000e+01,2.800000000000000000e+01
3.710000011061015179e+00,2.600000000000000000e+01,3.000000000000000000e+01
3.720000011090829339e+00,2.500000000000000000e+01,2.700000000000000000e+01
3.730000011120643499e+00,2.400000000000000000e+01,2.800000000000000000e+01
3.740000011150457659e+00,3.000000000000000000e+01,3.700000000000000000e+01
3.750000011180271819e+00,2.400000000000000000e+01,2.600000000000000000e+01
3.760000011210085535e+00,2.600000000000000000e+01,3.000000000000000000e+01
3.770000011239899695e+00,2.700000000000000000e+01,3.000000000000000000e+01
3.780000011269713855e+00,2.900000000000000000e+01,3.600000000000000000e+01
3.790000011299528015e+00,2.400000000000000000e+01,2.800000000000000000e+01
3.800000011329341731e+00,2.700000000000000000e+01,3.100000000000000000e+01
3.810000011359155891e+00,2.700000000000000000e+01,3.100000000000000000e+01
3.820000011388970051e+00,2.700000000000000000e+01,3.800000000000000000e+01
3.830000011418784212e+00,2.500000000000000000e+01,3.300000000000000000e+01
3.840000011448598372e+00,2.600000000000000000e+01,3.500000000000000000e+01
3.850000011478412087e+00,2.700000000000000000e+01,3.500000000000000000e+01
3.860000011508226248e+00,3.000000000000000000e+01,3.900000000000000000e+01
3.870000011538040408e+00,3.100000000000000000e+01,4.200000000000000000e+01
3.880000011567854568e+00,3.300000000000000000e+01,5.000000000000000000e+01
3.890000011597668284e+00,3.300000000000000000e+01,4.200000000000000000e+01
3.900000011627482444e+00,2.700000000000000000e+01,3.300000000000000000e+01
3.910000011657296604e+00,2.800000000000000000e+01,3.500000000000000000e+01
3.920000011687110764e+00,2.900000000000000000e+01,3.800000000000000000e+01
3.930000011716924480e+00,2.900000000000000000e+01,3.600000000000000000e+01
3.940000011746738640e+00,3.000000000000000000e+01,4.700000000000000000e+01
3.950000011776552800e+00,3.000000000000000000e+01,3.700000000000000000e+01
3.960000011806366960e+00,3.100000000000000000e+01,4.200000000000000000e+01
3.970000011836181120e+00,3.000000000000000000e+01,4.100000000000000000e+01
3.980000011865994836e+00,3.000000000000000000e+01,3.500000000000000000e+01
3.990000011895808996e+00,2.800000000000000000e+01,3.800000000000000000e+01
4.000000011925623156e+00,3.000000000000000000e+01,3.200000000000000000e+01
4.010000011955437316e+00,3.100000000000000000e+01,3.700000000000000000e+01
4.020000011985251476e+00,2.900000000000000000e+01,3.000000000000000000e+01
4.030000012015065636e+00,2.800000000000000000e+01,3.100000000000000000e+01
4.040000012044878908e+00,2.600000000000000000e+01,3.200000000000000000e+01
4.050000012074693068e+00,3.000000000000000000e+01,3.800000000000000000e+01
4.060000012104507228e+00,2.800000000000000000e+01,3.400000000000000000e+01
4.070000012134321388e+00,2.900000000000000000e+01,3.400000000000000000e+01
4.080000012164135548e+00,2.800000000000000000e+01,3.300000000000000000e+01
4.090000012193949708e+00,2.500000000000000000e+01,2.800000000000000000e+01
4.100000012223763868e+00,2.700000000000000000e+01,3.500000000000000000e+01
4.110000012253578028e+00,2.900000000000000000e+01,3.400000000000000000e+01
4.120000012283392188e+00,2.800000000000000000e+01,3.200000000000000000e+01
4.130000012313205460e+00,3.000000000000000000e+01,4.200000000000000000e+01
4.140000012343019620e+00,2.900000000000000000e+01,3.200000000000000000e+01
4.150000012372833780e+00,2.700000000000000000e+01,3.400000000000000000e+01
4.160000012402647940e+00,2.800000000000000000e+01,3.400000000000000000e+01
4.170000012432462100e+00,2.900000000000000000e+01,3.700000000000000000e+01
4.180000012462276260e+00,2.800000000000000000e+01,3.200000000000000000e+01
4.190000012492090420e+00,2.800000000000000000e+01,3.200000000000000000e+01
4.200000012521904580e+00,2.800000000000000000e+01,3.100000000000000000e+01
4.210000012551717852e+00,2.700000000000000000e+01,3.400000000000000000e+01
4.220000012581532012e+00,2.800000000000000000e+01,3.100000000000000000e+01
4.230000012611346172e+00,2.700000000000000000e+01,3.200000000000000000e+01
4.240000012641160332e+00,2.700000000000000000e+01,3.300000000000000000e+01
4.250000012670974492e+00,2.700000000000000000e+01,3.300000000000000000e+01
4.260000012700788652e+00,2.600000000000000000e+01,2.900000000000000000e+01
4.270000012730602812e+00,2.300000000000000000e+01,2.700000000000000000e+01
4.280000012760416972e+00,2.600000000000000000e+01,3.000000000000000000e+01
4.290000012790231132e+00,2.400000000000000000e+01,2.300000000000000000e+01
4.300000012820044404e+00,2.000000000000000000e+01,2.200000000000000000e+01
4.310000012849858564e+00,2.700000000000000000e+01,3.300000000000000000e+01
4.320000012879672724e+00,2.600000000000000000e+01,3.100000000000000000e+01
4.330000012909486884e+00,2.700000000000000000e+01,3.400000000000000000e+01
4.340000012939301044e+00,2.400000000000000000e+01,2.800000000000000000e+01
4.350000012969115204e+00,2.600000000000000000e+01,3.000000000000000000e+01
4.360000012998929364e+00,2.400000000000000000e+01,2.700000000000000000e+01
4.370000013028743524e+00,2.200000000000000000e+01,2.300000000000000000e+01
4.380000013058557684e+00,2.400000000000000000e+01,2.500000000000000000e+01
4.390000013088370956e+00,2.300000000000000000e+01,2.200000000000000000e+01
4.400000013118185116e+00,2.500000000000000000e+01,2.600000000000000000e+01
4.410000013147999276e+00,2.500000000000000000e+01,3.100000000000000000e+01
4.420000013177813436e+00,2.500000000000000000e+01,2.900000000000000000e+01
4.430000013207627596e+00,2.300000000000000000e+01,2.600000000000000000e+01
4.440000013237441756e+00,2.500000000000000000e+01,3.000000000000000000e+01
4.450000013267255916e+00,2.500000000000000000e+01,3.100000000000000000e+01
4.460000013297070076e+00,2.300000000000000000e+01,2.400000000000000000e+01
4.470000013326883348e+00,2.000000000000000000e+01,1.800000000000000000e+01
4.480000013356697508e+00,1.900000000000000000e+01,2.200000000000000000e+01
4.490000013386511668e+00,1.800000000000000000e+01,2.000000000000000000e+01
4.500000013416325828e+00,1.900000000000000000e+01,1.500000000000000000e+01
4.510000013446139988e+00,2.000000000000000000e+01,1.700000000000000000e+01
4.520000013475954148e+00,2.100000000000000000e+01,2.200000000000000000e+01
4.530000013505768308e+00,1.900000000000000000e+01,1.900000000000000000e+01
4.540000013535582468e+00,2.000000000000000000e+01,2.000000000000000000e+01
4.550000013565396628e+00,2.200000000000000000e+01,2.000000000000000000e+01
4.560000013595209900e+00,2.400000000000000000e+01,2.300000000000000000e+01
4.570000013625024060e+00,2.000000000000000000e+01,1.900000000000000000e+01
4.580000013654838220e+00,2.300000000000000000e+01,2.600000000000000000e+01
4.590000013684652380e+00,2.400000000000000000e+01,2.800000000000000000e+01
4.600000013714466540e+00,2.300000000000000000e+01,2.400000000000000000e+01
4.610000013744280700e+00,2.100000000000000000e+01,1.700000000000000000e+01
4.620000013774094860e+00,2.500000000000000000e+01,2.900000000000000000e+01
4.630000013803909020e+00,2.400000000000000000e+01,2.700000000000000000e+01
4.640000013833723180e+00,2.600000000000000000e+01,3.300000000000000000e+01
4.650000013863536452e+00,2.900000000000000000e+01,3.200000000000000000e+01
4.660000013893350612e+00,2.500000000000000000e+01,3.000000000000000000e+01
4.670000013923164772e+00,2.500000000000000000e+01,2.800000000000000000e+01
4.680000013952978932e+00,2.500000000000000000e+01,2.800000000000000000e+01
4.690000013982793092e+00,2.900000000000000000e+01,3.800000000000000000e+01
4.700000014012607252e+00,2.600000000000000000e+01,3.200000000000000000e+01
4.710000014042421412e+00,2.500000000000000000e+01,2.800000000000000000e+01
4.720000014072235572e+00,2.700000000000000000e+01,3.200000000000000000e+01
4.730000014102048844e+00,2.400000000000000000e+01,2.600000000000000000e+01
4.740000014131863004e+00,2.700000000000000000e+01,3.000000000000000000e+01
4.750000014161677164e+00,2.400000000000000000e+01,3.300000000000000000e+01
4.760000014191491324e+00,2.900000000000000000e+01,3.400000000000000000e+01
4.770000014221305484e+00,3.000000000000000000e+01,3.900000000000000000e+01
4.780000014251119644e+00,2.700000000000000000e+01,3.200000000000000000e+01
4.790000014280933804e+00,2.800000000000000000e+01,3.700000000000000000e+01
4.800000014310747964e+00,3.000000000000000000e+01,3.600000000000000000e+01
4.810000014340562124e+00,2.600000000000000000e+01,2.900000000000000000e+01
4.820000014370375396e+00,2.800000000000000000e+01,3.400000000000000000e+01
4.830000014400189556e+00,2.700000000000000000e+01,3.400000000000000000e+01
4.840000014430003716e+00,2.500000000000000000e+01,3.200000000000000000e+01
4.850000014459817876e+00,2.400000000000000000e+01,2.300000000000000000e+01
4.860000014489632036e+00,2.600000000000000000e+01,2.500000000000000000e+01
4.870000014519446196e+00,2.600000000000000000e+01,2.900000000000000000e+01
4.880000014549260356e+00,2.500000000000000000e+01,3.100000000000000000e+01
4.890000014579074517e+00,2.800000000000000000e+01,3.500000000000000000e+01
4.900000014608888677e+00,3.000000000000000000e+01,4.000000000000000000e+01
4.910000014638701948e+00,2.800000000000000000e+01,3.500000000000000000e+01
4.920000014668516108e+00,2.400000000000000000e+01,3.100000000000000000e+01
4.930000014698330268e+00,2.600000000000000000e+01,2.900000000000000000e+01
4.940000014728144428e+00,2.600000000000000000e+01,2.900000000000000000e+01
4.950000014757958589e+00,2.500000000000000000e+01,2.900000000000000000e+01
4.960000014787772749e+00,2.600000000000000000e+01,3.300000000000000000e+01
4.970000014817586909e+00,2.800000000000000000e+01,2.800000000000000000e+01
4.980000014847401069e+00,2.400000000000000000e+01,2.300000000000000000e+01
4.990000014877214340e+00,2.400000000000000000e+01,2.900000000000000000e+01
5.000000014907028500e+00,2.700000000000000000e+01,3.000000000000000000e+01
5.010000014936842661e+00,2.400000000000000000e+01,3.000000000000000000e+01
5.020000014966656821e+00,2.800000000000000000e+01,3.200000000000000000e+01
5.030000014996470981e+00,2.400000000000000000e+01,2.500000000000000000e+01
5.040000015026285141e+00,2.600000000000000000e+01,2.900000000000000000e+01
5.050000015056099301e+00,2.400000000000000000e+01,2.300000000000000000e+01
5.060000015085913461e+00,2.700000000000000000e+01,3.100000000000000000e+01
5.070000015115727621e+00,2.600000000000000000e+01,3.000000000000000000e+01
5.080000015145540893e+00,2.200000000000000000e+01,2.400000000000000000e+01
5.090000015175355053e+00,2.600000000000000000e+01,2.700000000000000000e+01
5.100000015205169213e+00,2.700000000000000000e+01,3.200000000000000000e+01
5.110000015234983373e+00,2.500000000000000000e+01,3.000000000000000000e+01
5.120000015264797533e+00,2.600000000000000000e+01,2.500000000000000000e+01
5.130000015294611693e+00,2.500000000000000000e+01,3.000000000000000000e+01
5.140000015324425853e+00,2.700000000000000000e+01,3.200000000000000000e+01
5.150000015354240013e+00,2.600000000000000000e+01,3.400000000000000000e+01
5.160000015384054173e+00,2.500000000000000000e+01,2.500000000000000000e+01
5.170000015413867445e+00,2.500000000000000000e+01,2.600000000000000000e+01
5.180000015443681605e+00,2.500000000000000000e+01,3.000000000000000000e+01
5.190000015473495765e+00,2.800000000000000000e+01,2.900000000000000000e+01
5.200000015503309925e+00,2.500000000000000000e+01,2.900000000000000000e+01
5.210000015533124085e+00,2.900000000000000000e+01,3.400000000000000000e+01
5.220000015562938245e+00,2.900000000000000000e+01,3.700000000000000000e+01
5.230000015592752405e+00,2.800000000000000000e+01,4.100000000000000000e+01
5.240000015622566565e+00,2.800000000000000000e+01,3.400000000000000000e+01
5.250000015652380725e+00,2.700000000000000000e+01,3.100000000000000000e+01
5.260000015682193997e+00,3.300000000000000000e+01,4.500000000000000000e+01
5.270000015712008157e+00,2.700000000000000000e+01,3.500000000000000000e+01
5.280000015741822317e+00,2.700000000000000000e+01,3.500000000000000000e+01
5.290000015771636477e+00,2.500000000000000000e+01,3.200000000000000000e+01
5.300000015801450637e+00,2.600000000000000000e+01,3.000000000000000000e+01
5.310000015831264797e+00,3.000000000000000000e+01,3.400000000000000000e+01
5.320000015861078957e+00,2.600000000000000000e+01,2.700000000000000000e+01
5.330000015890893117e+00,2.700000000000000000e+01,3.600000000000000000e+01
5.340000015920706389e+00,2.500000000000000000e+01,3.000000000000000000e+01
5.350000015950520549e+00,2.800000000000000000e+01,3.100000000000000000e+01
5.360000015980334709e+00,2.600000000000000000e+01,3.300000000000000000e+01
5.370000016010148869e+00,2.900000000000000000e+01,3.300000000000000000e+01
5.380000016039963029e+00,2.700000000000000000e+01,3.600000000000000000e+01
5.390000016069777189e+00,2.400000000000000000e+01,2.300000000000000000e+01
5.400000016099591349e+00,2.300000000000000000e+01,2.200000000000000000e+01
5.410000016129405509e+00,2.500000000000000000e+01,3.100000000000000000e+01
5.420000016159219669e+00,2.400000000000000000e+01,3.300000000000000000e+01
5.430000016189032941e+00,2.600000000000000000e+01,3.100000000000000000e+01
5.440000016218847101e+00,2.400000000000000000e+01,2.800000000000000000e+01
5.450000016248661261e+00,2.900000000000000000e+01,3.600000000000000000e+01
5.460000016278475421e+00,2.600000000000000000e+01,2.600000000000000000e+01
5.470000016308289581e+00,2.300000000000000000e+01,2.400000000000000000e+01
5.480000016338103741e+00,2.600000000000000000e+01,2.400000000000000000e+01
5.490000016367917901e+00,2.500000000000000000e+01,3.000000000000000000e+01
5.500000016397732061e+00,2.700000000000000000e+01,3.200000000000000000e+01
5.510000016427546221e+00,2.700000000000000000e+01,3.100000000000000000e+01
5.520000016457359493e+00,2.300000000000000000e+01,2.700000000000000000e+01
5.530000016487173653e+00,2.700000000000000000e+01,3.800000000000000000e+01
5.540000016516987813e+00,2.600000000000000000e+01,3.000000000000000000e+01
5.550000016546801973e+00,2.900000000000000000e+01,3.700000000000000000e+01
5.560000016576616133e+00,2.600000000000000000e+01,3.300000000000000000e+01
5.570000016606430293e+00,2.600000000000000000e+01,2.600000000000000000e+01
5.580000016636244453e+00,2.900000000000000000e+01,3.000000000000000000e+01
5.590000016666058613e+00,2.800000000000000000e+01,3.500000000000000000e+01
5.600000016695871885e+00,2.600000000000000000e+01,2.800000000000000000e+01
5.610000016725686045e+00,2.400000000000000000e+01,2.600000000000000000e+01
5.620000016755500205e+00,2.400000000000000000e+01,2.700000000000000000e+01
5.630000016785314365e+00,2.500000000000000000e+01,2.300000000000000000e+01
5.640000016815128525e+00,2.800000000000000000e+01,3.700000000000000000e+01
5.650000016844942685e+00,2.800000000000000000e+01,3.100000000000000000e+01
5.660000016874756845e+00,2.600000000000000000e+01,3.100000000000000000e+01
5.670000016904571005e+00,2.800000000000000000e+01,3.100000000000000000e+01
5.680000016934385165e+00,2.500000000000000000e+01,2.800000000000000000e+01
5.690000016964198437e+00,2.400000000000000000e+01,2.600000000000000000e+01
5.700000016994012597e+00,2.400000000000000000e+01,2.900000000000000000e+01
5.710000017023826757e+00,2.400000000000000000e+01,2.900000000000000000e+01
5.720000017053640917e+00,2.400000000000000000e+01,2.400000000000000000e+01
5.730000017083455077e+00,2.400000000000000000e+01,3.300000000000000000e+01
5.740000017113269237e+00,2.700000000000000000e+01,3.100000000000000000e+01
5.750000017143083397e+00,2.500000000000000000e+01,3.300000000000000000e+01
5.760000017172897557e+00,2.700000000000000000e+01,3.800000000000000000e+01
5.770000017202711717e+00,2.400000000000000000e+01,2.600000000000000000e+01
5.780000017232524989e+00,2.700000000000000000e+01,3.900000000000000000e+01
5.790000017262339149e+00,2.800000000000000000e+01,3.300000000000000000e+01
5.800000017292153309e+00,3.000000000000000000e+01,4.100000000000000000e+01
5.810000017321967469e+00,2.700000000000000000e+01,2.900000000000000000e+01
5.820000017351781629e+00,2.600000000000000000e+01,2.600000000000000000e+01
5.830000017381595789e+00,2.300000000000000000e+01,2.400000000000000000e+01
5.840000017411409949e+00,2.500000000000000000e+01,2.900000000000000000e+01
5.850000017441224109e+00,2.700000000000000000e+01,2.700000000000000000e+01
5.860000017471037381e+00,2.800000000000000000e+01,3.100000000000000000e+01
5.870000017500851541e+00,3.000000000000000000e+01,4.000000000000000000e+01
5.880000017530665701e+00,2.700000000000000000e+01,3.300000000000000000e+01
5.890000017560479861e+00,2.900000000000000000e+01,3.500000000000000000e+01
5.900000017590294021e+00,2.800000000000000000e+01,4.100000000000000000e+01
5.910000017620108181e+00,2.400000000000000000e+01,3.500000000000000000e+01
5.920000017649922341e+00,2.700000000000000000e+01,3.300000000000000000e+01
5.930000017679736501e+00,2.600000000000000000e+01,3.500000000000000000e+01
5.940000017709550661e+00,2.600000000000000000e+01,3.100000000000000000e+01
5.950000017739363933e+00,2.700000000000000000e+01,3.300000000000000000e+01
5.960000017769178093e+00,2.900000000000000000e+01,3.500000000000000000e+01
5.970000017798992253e+00,2.800000000000000000e+01,3.400000000000000000e+01
5.980000017828806413e+00,3.000000000000000000e+01,3.900000000000000000e+01
5.990000017858620573e+00,3.300000000000000000e+01,3.900000000000000000e+01
6.000000017888434733e+00,3.100000000000000000e+01,4.200000000000000000e+01
6.010000017918248894e+00,3.200000000000000000e+01,4.000000000000000000e+01
6.020000017948063054e+00,2.900000000000000000e+01,3.200000000000000000e+01
6.030000017977877214e+00,3.300000000000000000e+01,4.100000000000000000e+01
6.040000018007690485e+00,2.900000000000000000e+01,3.700000000000000000e+01
6.050000018037504645e+00,2.900000000000000000e+01,3.900000000000000000e+01
6.060000018067318805e+00,2.700000000000000000e+01,3.800000000000000000e+01
6.070000018097132966e+00,2.900000000000000000e+01,3.900000000000000000e+01
6.080000018126947126e+00,2.700000000000000000e+01,3.800000000000000000e+01
6.090000018156761286e+00,3.400000000000000000e+01,4.200000000000000000e+01
6.100000018186575446e+00,2.900000000000000000e+01,3.800000000000000000e+01
6.110000018216389606e+00,2.800000000000000000e+01,3.500000000000000000e+01
6.120000018246202877e+00,2.800000000000000000e+01,3.700000000000000000e+01
6.130000018276017038e+00,2.900000000000000000e+01,3.400000000000000000e+01
6.140000018305831198e+00,2.900000000000000000e+01,4.700000000000000000e+01
6.150000018335645358e+00,2.700000000000000000e+01,3.600000000000000000e+01
6.160000018365459518e+00,2.700000000000000000e+01,3.400000000000000000e+01
6.170000018395273678e+00,2.900000000000000000e+01,3.600000000000000000e+01
6.180000018425087838e+00,2.900000000000000000e+01,3.500000000000000000e+01
6.190000018454901998e+00,2.800000000000000000e+01,3.200000000000000000e+01
6.200000018484716158e+00,2.900000000000000000e+01,3.200000000000000000e+01
6.210000018514529430e+00,2.900000000000000000e+01,4.000000000000000000e+01
6.220000018544343590e+00,2.600000000000000000e+01,3.100000000000000000e+01
6.230000018574157750e+00,3.000000000000000000e+01,3.700000000000000000e+01
6.240000018603971910e+00,3.100000000000000000e+01,3.900000000000000000e+01
6.250000018633786070e+00,2.700000000000000000e+01,3.200000000000000000e+01
6.260000018663600230e+00,2.500000000000000000e+01,2.900000000000000000e+01
6.270000018693414390e+00,2.600000000000000000e+01,3.200000000000000000e+01
6.280000018723228550e+00,2.800000000000000000e+01,3.400000000000000000e+01
6.290000018753042710e+00,2.500000000000000000e+01,3.300000000000000000e+01
6.300000018782855982e+00,2.500000000000000000e+01,2.800000000000000000e+01
6.310000018812670142e+00,2.600000000000000000e+01,2.800000000000000000e+01
6.320000018842484302e+00,3.000000000000000000e+01,4.000000000000000000e+01
6.330000018872298462e+00,2.600000000000000000e+01,3.000000000000000000e+01
6.340000018902112622e+00,2.500000000000000000e+01,3.000000000000000000e+01
6.350000018931926782e+00,2.800000000000000000e+01,3.400000000000000000e+01
6.360000018961740942e+00,2.800000000000000000e+01,3.300000000000000000e+01
6.370000018991555102e+00,3.000000000000000000e+01,4.400000000000000000e+01
6.380000019021368374e+00,2.900000000000000000e+01,4.300000000000000000e+01
6.390000019051182534e+00,2.800000000000000000e+01,3.300000000000000000e+01
6.400000019080996694e+00,2.500000000000000000e+01,3.100000000000000000e+01
6.410000019110810854e+00,2.800000000000000000e+01,3.700000000000000000e+01
6.420000019140625014e+00,2.900000000000000000e+01,3.500000000000000000e+01
6.430000019170439174e+00,2.600000000000000000e+01,3.600000000000000000e+01
6.440000019200253334e+00,2.700000000000000000e+01,3.100000000000000000e+01
6.450000019230067494e+00,2.600000000000000000e+01,2.400000000000000000e+01
6.460000019259881654e+00,3.000000000000000000e+01,3.300000000000000000e+01
6.470000019289694926e+00,2.600000000000000000e+01,3.000000000000000000e+01
6.480000019319509086e+00,2.300000000000000000e+01,2.500000000000000000e+01
6.490000019349323246e+00,2.300000000000000000e+01,2.200000000000000000e+01
6.500000019379137406e+00,2.600000000000000000e+01,2.300000000000000000e+01
6.510000019408951566e+00,2.500000000000000000e+01,2.400000000000000000e+01
6.520000019438765726e+00,2.600000000000000000e+01,2.900000000000000000e+01
6.530000019468579886e+00,2.500000000000000000e+01,2.800000000000000000e+01
6.540000019498394046e+00,2.200000000000000000e+01,2.000000000000000000e+01
6.550000019528208206e+00,2.200000000000000000e+01,2.100000000000000000e+01
6.560000019558021478e+00,2.300000000000000000e+01,2.500000000000000000e+01
6.570000019587835638e+00,2.300000000000000000e+01,2.800000000000000000e+01
6.580000019617649798e+00,2.500000000000000000e+01,2.500000000000000000e+01
6.590000019647463958e+00,2.200000000000000000e+01,2.000000000000000000e+01
6.600000019677278118e+00,2.300000000000000000e+01,2.200000000000000000e+01
6.610000019707092278e+00,2.400000000000000000e+01,2.100000000000000000e+01
6.620000019736906438e+00,2.200000000000000000e+01,2.300000000000000000e+01
6.630000019766720598e+00,2.500000000000000000e+01,2.400000000000000000e+01
6.640000019796533870e+00,2.400000000000000000e+01,2.400000000000000000e+01
6.650000019826348030e+00,2.200000000000000000e+01,2.000000000000000000e+01
6.660000019856162190e+00,2.400000000000000000e+01,2.100000000000000000e+01
6.670000019885976350e+00,2.500000000000000000e+01,2.900000000000000000e+01
6.680000019915790510e+00,2.600000000000000000e+01,2.900000000000000000e+01
6.690000019945604670e+00,2.300000000000000000e+01,2.300000000000000000e+01
6.700000019975418830e+00,2.400000000000000000e+01,2.300000000000000000e+01
6.710000020005232990e+00,2.600000000000000000e+01,2.800000000000000000e+01
6.720000020035047150e+00,2.700000000000000000e+01,2.800000000000000000e+01
6.730000020064860422e+00,2.700000000000000000e+01,2.700000000000000000e+01
6.740000020094674582e+00,2.600000000000000000e+01,2.400000000000000000e+01
6.750000020124488742e+00,2.600000000000000000e+01,3.000000000000000000e+01
6.760000020154302902e+00,2.700000000000000000e+01,3.200000000000000000e+01
6.770000020184117062e+00,2.600000000000000000e+01,3.000000000000000000e+01
6.780000020213931222e+00,2.500000000000000000e+01,2.700000000000000000e+01
6.790000020243745382e+00,2.400000000000000000e+01,2.300000000000000000e+01
6.800000020273559542e+00,2.500000000000000000e+01,3.000000000000000000e+01
6.810000020303373702e+00,2.300000000000000000e+01,2.600000000000000000e+01
6.820000020333186974e+00,2.600000000000000000e+01,2.700000000000000000e+01
6.830000020363001134e+00,2.500000000000000000e+01,2.900000000000000000e+01
6.840000020392815294e+00,2.600000000000000000e+01,3.000000000000000000e+01
6.850000020422629454e+00,2.600000000000000000e+01,2.900000000000000000e+01
6.860000020452443614e+00,2.600000000000000000e+01,3.300000000000000000e+01
6.870000020482257774e+00,2.700000000000000000e+01,3.400000000000000000e+01
6.880000020512071934e+00,2.800000000000000000e+01,3.700000000000000000e+01
6.890000020541886094e+00,2.400000000000000000e+01,2.700000000000000000e+01
6.900000020571699366e+00,2.200000000000000000e+01,1.800000000000000000e+01
6.910000020601513526e+00,2.300000000000000000e+01,2.100000000000000000e+01
6.920000020631327686e+00,2.400000000000000000e+01,2.700000000000000000e+01
6.930000020661141846e+00,2.300000000000000000e+01,2.400000000000000000e+01
6.940000020690956006e+00,2.500000000000000000e+01,2.700000000000000000e+01
6.950000020720770166e+00,2.800000000000000000e+01,3.200000000000000000e+01
6.960000020750584326e+00,2.800000000000000000e+01,3.200000000000000000e+01
6.970000020780398486e+00,3.100000000000000000e+01,3.800000000000000000e+01
6.980000020810212646e+00,3.200000000000000000e+01,4.800000000000000000e+01
6.990000020840025918e+00,2.800000000000000000e+01,3.200000000000000000e+01
7.000000020869840078e+00,3.000000000000000000e+01,3.800000000000000000e+01
7.010000020899654238e+00,2.500000000000000000e+01,2.900000000000000000e+01
7.020000020929468398e+00,3.100000000000000000e+01,3.600000000000000000e+01
7.030000020959282558e+00,2.800000000000000000e+01,3.000000000000000000e+01
7.040000020989096718e+00,3.100000000000000000e+01,3.600000000000000000e+01
7.050000021018910878e+00,3.000000000000000000e+01,3.100000000000000000e+01
7.060000021048725038e+00,2.800000000000000000e+01,3.500000000000000000e+01
7.070000021078539199e+00,3.000000000000000000e+01,3.400000000000000000e+01
7.080000021108352470e+00,3.000000000000000000e+01,3.500000000000000000e+01
7.090000021138166630e+00,2.700000000000000000e+01,3.300000000000000000e+01
7.100000021167980790e+00,2.500000000000000000e+01,2.800000000000000000e+01
7.110000021197794950e+00,2.600000000000000000e+01,3.400000000000000000e+01
7.120000021227609110e+00,2.400000000000000000e+01,2.600000000000000000e+01
7.130000021257423271e+00,2.500000000000000000e+01,3.000000000000000000e+01
7.140000021287237431e+00,2.700000000000000000e+01,3.100000000000000000e+01
7.150000021317051591e+00,2.700000000000000000e+01,3.200000000000000000e+01
7.160000021346864862e+00,2.700000000000000000e+01,3.100000000000000000e+01
7.170000021376679022e+00,2.600000000000000000e+01,2.500000000000000000e+01
7.180000021406493182e+00,2.700000000000000000e+01,2.800000000000000000e+01
7.190000021436307343e+00,2.600000000000000000e+01,2.500000000000000000e+01
7.200000021466121503e+00,2.400000000000000000e+01,2.300000000000000000e+01
7.210000021495935663e+00,2.700000000000000000e+01,3.300000000000000000e+01
7.220000021525749823e+00,2.900000000000000000e+01,3.100000000000000000e+01
7.230000021555563983e+00,2.600000000000000000e+01,2.600000000000000000e+01
7.240000021585378143e+00,2.700000000000000000e+01,2.800000000000000000e+01
7.250000021615191415e+00,2.900000000000000000e+01,3.800000000000000000e+01
7.260000021645005575e+00,3.100000000000000000e+01,4.000000000000000000e+01
7.270000021674819735e+00,2.900000000000000000e+01,3.100000000000000000e+01
7.280000021704633895e+00,3.200000000000000000e+01,4.400000000000000000e+01
7.290000021734448055e+00,3.600000000000000000e+01,4.800000000000000000e+01
7.300000021764262215e+00,3.300000000000000000e+01,3.900000000000000000e+01
7.310000021794076375e+00,3.300000000000000000e+01,4.900000000000000000e+01
7.320000021823890535e+00,3.300000000000000000e+01,4.500000000000000000e+01
7.330000021853704695e+00,3.400000000000000000e+01,5.000000000000000000e+01
7.340000021883517967e+00,3.300000000000000000e+01,4.000000000000000000e+01
7.350000021913332127e+00,3.100000000000000000e+01,3.700000000000000000e+01
7.360000021943146287e+00,3.000000000000000000e+01,3.300000000000000000e+01
7.370000021972960447e+00,3.100000000000000000e+01,3.600000000000000000e+01
7.380000022002774607e+00,3.200000000000000000e+01,4.100000000000000000e+01
7.390000022032588767e+00,2.800000000000000000e+01,3.000000000000000000e+01
7.400000022062402927e+00,2.600000000000000000e+01,3.300000000000000000e+01
7.410000022092217087e+00,2.600000000000000000e+01,3.100000000000000000e+01
7.420000022122030359e+00,2.700000000000000000e+01,2.700000000000000000e+01
7.430000022151844519e+00,3.100000000000000000e+01,3.300000000000000000e+01
7.440000022181658679e+00,2.900000000000000000e+01,3.200000000000000000e+01
7.450000022211472839e+00,3.100000000000000000e+01,3.900000000000000000e+01
7.460000022241286999e+00,3.100000000000000000e+01,3.400000000000000000e+01
7.470000022271101159e+00,3.300000000000000000e+01,4.100000000000000000e+01
7.480000022300915319e+00,2.900000000000000000e+01,3.000000000000000000e+01
7.490000022330729479e+00,2.800000000000000000e+01,2.800000000000000000e+01
7.500000022360543639e+00,3.100000000000000000e+01,3.400000000000000000e+01
7.510000022390356911e+00,3.200000000000000000e+01,4.000000000000000000e+01
7.520000022420171071e+00,2.900000000000000000e+01,3.600000000000000000e+01
7.530000022449985231e+00,3.300000000000000000e+01,4.100000000000000000e+01
7.540000022479799391e+00,3.400000000000000000e+01,4.100000000000000000e+01
7.550000022509613551e+00,3.000000000000000000e+01,4.200000000000000000e+01
7.560000022539427711e+00,2.900000000000000000e+01,3.200000000000000000e+01
7.570000022569241871e+00,3.000000000000000000e+01,4.300000000000000000e+01
7.580000022599056031e+00,3.300000000000000000e+01,3.800000000000000000e+01
7.590000022628870191e+00,3.300000000000000000e+01,4.300000000000000000e+01
7.600000022658683463e+00,3.200000000000000000e+01,3.500000000000000000e+01
7.610000022688497623e+00,3.300000000000000000e+01,4.200000000000000000e+01
7.620000022718311783e+00,3.400000000000000000e+01,4.200000000000000000e+01
7.630000022748125943e+00,3.300000000000000000e+01,3.800000000000000000e+01
7.640000022777940103e+00,3.400000000000000000e+01,4.300000000000000000e+01
7.650000022807754263e+00,3.000000000000000000e+01,3.500000000000000000e+01
7.660000022837568423e+00,3.200000000000000000e+01,4.200000000000000000e+01
7.670000022867382583e+00,2.900000000000000000e+01,3.700000000000000000e+01
7.680000022897196743e+00,3.000000000000000000e+01,4.000000000000000000e+01
7.690000022927010015e+00,3.100000000000000000e+01,3.700000000000000000e+01
7.700000022956824175e+00,3.100000000000000000e+01,4.400000000000000000e+01
7.710000022986638335e+00,3.000000000000000000e+01,3.800000000000000000e+01
7.720000023016452495e+00,3.200000000000000000e+01,4.200000000000000000e+01
7.730000023046266655e+00,3.000000000000000000e+01,3.900000000000000000e+01
7.740000023076080815e+00,3.100000000000000000e+01,3.800000000000000000e+01
7.750000023105894975e+00,3.100000000000000000e+01,3.600000000000000000e+01
7.760000023135709135e+00,3.000000000000000000e+01,3.100000000000000000e+01
7.770000023165522407e+00,3.100000000000000000e+01,3.300000000000000000e+01
7.780000023195336567e+00,3.400000000000000000e+01,4.100000000000000000e+01
7.790000023225150727e+00,3.200000000000000000e+01,3.900000000000000000e+01
7.800000023254964887e+00,3.200000000000000000e+01,4.700000000000000000e+01
7.810000023284779047e+00,3.100000000000000000e+01,4.100000000000000000e+01
7.820000023314593207e+00,3.200000000000000000e+01,4.500000000000000000e+01
7.830000023344407367e+00,3.000000000000000000e+01,3.300000000000000000e+01
7.840000023374221527e+00,3.200000000000000000e+01,3.400000000000000000e+01
7.850000023404035687e+00,3.000000000000000000e+01,3.500000000000000000e+01
7.860000023433848959e+00,3.300000000000000000e+01,3.800000000000000000e+01
7.870000023463663119e+00,3.200000000000000000e+01,3.900000000000000000e+01
7.880000023493477279e+00,3.600000000000000000e+01,4.800000000000000000e+01
7.890000023523291439e+00,3.100000000000000000e+01,3.800000000000000000e+01
7.900000023553105599e+00,3.300000000000000000e+01,4.100000000000000000e+01
7.910000023582919759e+00,3.400000000000000000e+01,4.500000000000000000e+01
7.920000023612733919e+00,3.200000000000000000e+01,4.200000000000000000e+01
7.930000023642548079e+00,3.500000000000000000e+01,5.200000000000000000e+01
7.940000023672362239e+00,3.600000000000000000e+01,4.600000000000000000e+01
7.950000023702175511e+00,3.600000000000000000e+01,5.000000000000000000e+01
7.960000023731989671e+00,3.300000000000000000e+01,4.300000000000000000e+01
7.970000023761803831e+00,3.400000000000000000e+01,4.200000000000000000e+01
7.980000023791617991e+00,3.500000000000000000e+01,4.600000000000000000e+01
7.990000023821432151e+00,3.300000000000000000e+01,4.200000000000000000e+01
8.000000023851246311e+00,3.200000000000000000e+01,3.800000000000000000e+01
8.010000023881060471e+00,3.300000000000000000e+01,3.600000000000000000e+01
8.020000023910874631e+00,3.300000000000000000e+01,3.600000000000000000e+01
8.030000023940688791e+00,3.300000000000000000e+01,3.600000000000000000e+01
8.040000023970502951e+00,3.000000000000000000e+01,3.600000000000000000e+01
8.050000024000317111e+00,3.200000000000000000e+01,4.100000000000000000e+01
8.060000024030131272e+00,2.800000000000000000e+01,3.500000000000000000e+01
8.070000024059945432e+00,3.300000000000000000e+01,4.100000000000000000e+01
8.080000024089757815e+00,3.000000000000000000e+01,3.400000000000000000e+01
8.090000024119571975e+00,3.500000000000000000e+01,4.300000000000000000e+01
8.100000024149386135e+00,3.400000000000000000e+01,3.500000000000000000e+01
8.110000024179200295e+00,3.400000000000000000e+01,4.400000000000000000e+01
8.120000024209014455e+00,3.300000000000000000e+01,4.100000000000000000e+01
8.130000024238828615e+00,3.200000000000000000e+01,4.200000000000000000e+01
8.140000024268642775e+00,2.900000000000000000e+01,3.700000000000000000e+01
8.150000024298456935e+00,3.200000000000000000e+01,4.000000000000000000e+01
8.160000024328271095e+00,3.100000000000000000e+01,3.900000000000000000e+01
8.170000024358085255e+00,2.700000000000000000e+01,3.800000000000000000e+01
8.180000024387899416e+00,3.300000000000000000e+01,4.000000000000000000e+01
8.190000024417713576e+00,3.200000000000000000e+01,3.400000000000000000e+01
8.200000024447527736e+00,3.500000000000000000e+01,4.700000000000000000e+01
8.210000024477341896e+00,3.400000000000000000e+01,3.900000000000000000e+01
8.220000024507156056e+00,3.400000000000000000e+01,4.500000000000000000e+01
8.230000024536970216e+00,3.600000000000000000e+01,5.400000000000000000e+01
8.240000024566784376e+00,3.700000000000000000e+01,4.800000000000000000e+01
8.250000024596596759e+00,3.600000000000000000e+01,4.900000000000000000e+01
8.260000024626410919e+00,3.500000000000000000e+01,4.000000000000000000e+01
8.270000024656225079e+00,3.500000000000000000e+01,4.200000000000000000e+01
8.280000024686039239e+00,3.500000000000000000e+01,4.400000000000000000e+01
8.290000024715853399e+00,3.200000000000000000e+01,3.700000000000000000e+01
8.300000024745667560e+00,3.300000000000000000e+01,4.400000000000000000e+01
8.310000024775481720e+00,3.000000000000000000e+01,2.900000000000000000e+01
8.320000024805295880e+00,3.700000000000000000e+01,4.900000000000000000e+01
8.330000024835110040e+00,3.800000000000000000e+01,5.400000000000000000e+01
8.340000024864924200e+00,3.400000000000000000e+01,4.300000000000000000e+01
8.350000024894738360e+00,3.500000000000000000e+01,4.800000000000000000e+01
8.360000024924552520e+00,3.400000000000000000e+01,4.600000000000000000e+01
8.370000024954366680e+00,3.200000000000000000e+01,3.800000000000000000e+01
8.380000024984180840e+00,3.200000000000000000e+01,3.600000000000000000e+01
8.390000025013995000e+00,3.200000000000000000e+01,3.800000000000000000e+01
8.400000025043809160e+00,3.300000000000000000e+01,4.200000000000000000e+01
8.410000025073623320e+00,3.600000000000000000e+01,4.600000000000000000e+01
8.420000025103435703e+00,3.500000000000000000e+01,3.800000000000000000e+01
8.430000025133249864e+00,3.100000000000000000e+01,3.500000000000000000e+01
8.440000025163064024e+00,3.300000000000000000e+01,4.200000000000000000e+01
8.450000025192878184e+00,3.400000000000000000e+01,4.200000000000000000e+01
8.460000025222692344e+00,2.900000000000000000e+01,3.900000000000000000e+01
8.470000025252506504e+00,3.100000000000000000e+01,4.200000000000000000e+01
8.480000025282320664e+00,3.200000000000000000e+01,4.100000000000000000e+01
8.490000025312134824e+00,3.300000000000000000e+01,4.100000000000000000e+01
8.500000025341948984e+00,3.600000000000000000e+01,5.000000000000000000e+01
8.510000025371763144e+00,3.100000000000000000e+01,3.700000000000000000e+01
8.520000025401577304e+00,3.600000000000000000e+01,4.900000000000000000e+01
8.530000025431391464e+00,3.500000000000000000e+01,4.900000000000000000e+01
8.540000025461205624e+00,3.700000000000000000e+01,4.700000000000000000e+01
8.550000025491019784e+00,3.300000000000000000e+01,3.900000000000000000e+01
8.560000025520833944e+00,3.400000000000000000e+01,4.300000000000000000e+01
8.570000025550648104e+00,3.200000000000000000e+01,4.300000000000000000e+01
8.580000025580462264e+00,3.500000000000000000e+01,4.400000000000000000e+01
8.590000025610276424e+00,3.100000000000000000e+01,2.900000000000000000e+01
8.600000025640088808e+00,3.400000000000000000e+01,4.600000000000000000e+01
8.610000025669902968e+00,3.400000000000000000e+01,4.300000000000000000e+01
8.620000025699717128e+00,3.400000000000000000e+01,3.900000000000000000e+01
8.630000025729531288e+00,3.500000000000000000e+01,4.700000000000000000e+01
8.640000025759345448e+00,3.400000000000000000e+01,4.400000000000000000e+01
8.650000025789159608e+00,3.300000000000000000e+01,3.900000000000000000e+01
8.660000025818973768e+00,3.400000000000000000e+01,3.900000000000000000e+01
8.670000025848787928e+00,3.300000000000000000e+01,4.100000000000000000e+01
8.680000025878602088e+00,3.500000000000000000e+01,4.900000000000000000e+01
8.690000025908416248e+00,2.900000000000000000e+01,3.300000000000000000e+01
8.700000025938230408e+00,3.100000000000000000e+01,3.700000000000000000e+01
8.710000025968044568e+00,3.300000000000000000e+01,3.800000000000000000e+01
8.720000025997858728e+00,3.300000000000000000e+01,4.400000000000000000e+01
8.730000026027672888e+00,3.300000000000000000e+01,4.300000000000000000e+01
8.740000026057487048e+00,3.500000000000000000e+01,4.500000000000000000e+01
8.750000026087301208e+00,3.400000000000000000e+01,3.800000000000000000e+01
8.760000026117115368e+00,3.000000000000000000e+01,3.500000000000000000e+01
8.770000026146927752e+00,3.200000000000000000e+01,4.000000000000000000e+01
8.780000026176741912e+00,3.200000000000000000e+01,3.900000000000000000e+01
8.790000026206556072e+00,3.500000000000000000e+01,4.500000000000000000e+01
8.800000026236370232e+00,3.400000000000000000e+01,4.100000000000000000e+01
8.810000026266184392e+00,3.600000000000000000e+01,4.600000000000000000e+01
8.820000026295998552e+00,3.900000000000000000e+01,5.600000000000000000e+01
8.830000026325812712e+00,3.400000000000000000e+01,4.100000000000000000e+01
8.840000026355626872e+00,3.400000000000000000e+01,5.300000000000000000e+01
8.850000026385441032e+00,3.700000000000000000e+01,5.300000000000000000e+01
8.860000026415255192e+00,3.900000000000000000e+01,5.900000000000000000e+01
8.870000026445069352e+00,3.100000000000000000e+01,3.800000000000000000e+01
8.880000026474883512e+00,3.600000000000000000e+01,4.300000000000000000e+01
8.890000026504697672e+00,3.300000000000000000e+01,4.500000000000000000e+01
8.900000026534511832e+00,3.500000000000000000e+01,4.300000000000000000e+01
8.910000026564325992e+00,4.000000000000000000e+01,5.100000000000000000e+01
8.920000026594140152e+00,3.700000000000000000e+01,5.300000000000000000e+01
8.930000026623954312e+00,3.500000000000000000e+01,4.800000000000000000e+01
8.940000026653766696e+00,3.900000000000000000e+01,5.000000000000000000e+01
8.950000026683580856e+00,3.600000000000000000e+01,4.000000000000000000e+01
8.960000026713395016e+00,3.700000000000000000e+01,4.800000000000000000e+01
8.970000026743209176e+00,3.400000000000000000e+01,4.100000000000000000e+01
8.980000026773023336e+00,3.900000000000000000e+01,5.600000000000000000e+01
8.990000026802837496e+00,3.400000000000000000e+01,4.300000000000000000e+01
9.000000026832651656e+00,3.800000000000000000e+01,4.300000000000000000e+01
9.010000026862465816e+00,3.900000000000000000e+01,5.500000000000000000e+01
9.020000026892279976e+00,3.900000000000000000e+01,4.900000000000000000e+01
9.030000026922094136e+00,3.300000000000000000e+01,4.000000000000000000e+01
9.040000026951908296e+00,3.600000000000000000e+01,4.400000000000000000e+01
9.050000026981722456e+00,3.400000000000000000e+01,3.700000000000000000e+01
9.060000027011536616e+00,3.700000000000000000e+01,4.800000000000000000e+01
9.070000027041350776e+00,3.700000000000000000e+01,4.900000000000000000e+01
9.080000027071164936e+00,3.700000000000000000e+01,4.900000000000000000e+01
9.090000027100979096e+00,3.200000000000000000e+01,4.000000000000000000e+01
9.100000027130793256e+00,3.000000000000000000e+01,4.000000000000000000e+01
9.110000027160607416e+00,3.500000000000000000e+01,4.100000000000000000e+01
9.120000027190419800e+00,3.300000000000000000e+01,4.200000000000000000e+01
9.130000027220233960e+00,3.100000000000000000e+01,3.700000000000000000e+01
9.140000027250048120e+00,3.400000000000000000e+01,4.200000000000000000e+01
9.150000027279862280e+00,3.100000000000000000e+01,3.600000000000000000e+01
9.160000027309676440e+00,3.000000000000000000e+01,3.600000000000000000e+01
9.170000027339490600e+00,3.400000000000000000e+01,4.200000000000000000e+01
9.180000027369304760e+00,3.200000000000000000e+01,3.800000000000000000e+01
9.190000027399118920e+00,3.200000000000000000e+01,3.700000000000000000e+01
9.200000027428933080e+00,2.800000000000000000e+01,2.800000000000000000e+01
9.210000027458747240e+00,2.900000000000000000e+01,3.500000000000000000e+01
9.220000027488561400e+00,2.900000000000000000e+01,2.900000000000000000e+01
9.230000027518375560e+00,3.100000000000000000e+01,3.500000000000000000e+01
9.240000027548189721e+00,3.100000000000000000e+01,3.400000000000000000e+01
9.250000027578003881e+00,3.200000000000000000e+01,4.100000000000000000e+01
9.260000027607818041e+00,2.900000000000000000e+01,3.300000000000000000e+01
9.270000027637632201e+00,2.900000000000000000e+01,3.700000000000000000e+01
9.280000027667446361e+00,3.000000000000000000e+01,3.600000000000000000e+01
9.290000027697258744e+00,3.200000000000000000e+01,4.100000000000000000e+01
9.300000027727072904e+00,2.800000000000000000e+01,3.200000000000000000e+01
9.310000027756887064e+00,3.300000000000000000e+01,4.400000000000000000e+01
9.320000027786701224e+00,3.600000000000000000e+01,4.900000000000000000e+01
9.330000027816515384e+00,3.500000000000000000e+01,5.100000000000000000e+01
9.340000027846329544e+00,3.600000000000000000e+01,4.900000000000000000e+01
9.350000027876143704e+00,3.500000000000000000e+01,5.300000000000000000e+01
9.360000027905957865e+00,3.900000000000000000e+01,5.500000000000000000e+01
9.370000027935772025e+00,3.900000000000000000e+01,4.800000000000000000e+01
9.380000027965586185e+00,4.000000000000000000e+01,6.500000000000000000e+01
9.390000027995400345e+00,3.500000000000000000e+01,4.900000000000000000e+01
9.400000028025214505e+00,3.500000000000000000e+01,4.600000000000000000e+01
9.410000028055028665e+00,3.600000000000000000e+01,5.100000000000000000e+01
9.420000028084842825e+00,3.500000000000000000e+01,4.600000000000000000e+01
9.430000028114656985e+00,3.500000000000000000e+01,4.800000000000000000e+01
9.440000028144471145e+00,3.700000000000000000e+01,4.500000000000000000e+01
9.450000028174285305e+00,3.000000000000000000e+01,4.400000000000000000e+01
9.460000028204097688e+00,3.500000000000000000e+01,4.400000000000000000e+01
9.470000028233911848e+00,3.600000000000000000e+01,4.900000000000000000e+01
9.480000028263726009e+00,3.200000000000000000e+01,4.200000000000000000e+01
9.490000028293540169e+00,2.900000000000000000e+01,3.700000000000000000e+01
9.500000028323354329e+00,3.200000000000000000e+01,3.800000000000000000e+01
9.510000028353168489e+00,3.100000000000000000e+01,3.400000000000000000e+01
9.520000028382982649e+00,3.000000000000000000e+01,4.100000000000000000e+01
9.530000028412796809e+00,2.900000000000000000e+01,3.900000000000000000e+01
9.540000028442610969e+00,2.500000000000000000e+01,2.900000000000000000e+01
9.550000028472425129e+00,3.000000000000000000e+01,3.900000000000000000e+01
9.560000028502239289e+00,2.900000000000000000e+01,4.100000000000000000e+01
9.570000028532053449e+00,3.000000000000000000e+01,3.900000000000000000e+01
9.580000028561867609e+00,2.800000000000000000e+01,3.400000000000000000e+01
9.590000028591681769e+00,3.100000000000000000e+01,4.300000000000000000e+01
9.600000028621495929e+00,3.200000000000000000e+01,4.400000000000000000e+01
9.610000028651310089e+00,2.900000000000000000e+01,3.900000000000000000e+01
9.620000028681124249e+00,2.700000000000000000e+01,3.500000000000000000e+01
9.630000028710938409e+00,2.900000000000000000e+01,3.800000000000000000e+01
9.640000028740750793e+00,2.700000000000000000e+01,3.200000000000000000e+01
9.650000028770564953e+00,3.200000000000000000e+01,4.300000000000000000e+01
9.660000028800379113e+00,3.000000000000000000e+01,4.300000000000000000e+01
9.670000028830193273e+00,2.900000000000000000e+01,3.500000000000000000e+01
9.680000028860007433e+00,2.900000000000000000e+01,3.900000000000000000e+01
9.690000028889821593e+00,3.100000000000000000e+01,4.300000000000000000e+01
9.700000028919635753e+00,3.000000000000000000e+01,3.500000000000000000e+01
9.710000028949449913e+00,2.700000000000000000e+01,3.200000000000000000e+01
9.720000028979264073e+00,3.000000000000000000e+01,4.000000000000000000e+01
9.730000029009078233e+00,3.200000000000000000e+01,5.200000000000000000e+01
9.740000029038892393e+00,2.900000000000000000e+01,3.600000000000000000e+01
9.750000029068706553e+00,2.900000000000000000e+01,3.300000000000000000e+01
9.760000029098520713e+00,2.600000000000000000e+01,3.300000000000000000e+01
9.770000029128334873e+00,2.500000000000000000e+01,3.800000000000000000e+01
9.780000029158149033e+00,2.700000000000000000e+01,3.300000000000000000e+01
9.790000029187963193e+00,2.800000000000000000e+01,3.500000000000000000e+01
9.800000029217777353e+00,2.800000000000000000e+01,3.500000000000000000e+01
9.810000029247589737e+00,2.900000000000000000e+01,4.200000000000000000e+01
9.820000029277403897e+00,3.100000000000000000e+01,4.300000000000000000e+01
9.830000029307218057e+00,2.600000000000000000e+01,3.300000000000000000e+01
9.840000029337032217e+00,2.700000000000000000e+01,3.600000000000000000e+01
9.850000029366846377e+00,2.700000000000000000e+01,3.600000000000000000e+01
9.860000029396660537e+00,3.000000000000000000e+01,3.800000000000000000e+01
9.870000029426474697e+00,2.800000000000000000e+01,3.200000000000000000e+01
9.880000029456288857e+00,2.500000000000000000e+01,3.000000000000000000e+01
9.890000029486103017e+00,2.800000000000000000e+01,3.700000000000000000e+01
9.900000029515917177e+00,2.900000000000000000e+01,4.000000000000000000e+01
9.910000029545731337e+00,3.000000000000000000e+01,4.000000000000000000e+01
9.920000029575545497e+00,3.100000000000000000e+01,3.900000000000000000e+01
9.930000029605359657e+00,3.100000000000000000e+01,3.600000000000000000e+01
9.940000029635173817e+00,2.700000000000000000e+01,3.100000000000000000e+01
9.950000029664987977e+00,2.700000000000000000e+01,3.500000000000000000e+01
9.960000029694802137e+00,2.800000000000000000e+01,3.300000000000000000e+01
9.970000029724616297e+00,2.800000000000000000e+01,3.500000000000000000e+01
9.980000029754428681e+00,2.900000000000000000e+01,4.100000000000000000e+01
9.990000029784242841e+00,2.800000000000000000e+01,3.700000000000000000e+01
1.000000002981405700e+01,3.100000000000000000e+01,4.000000000000000000e+01
1.001000002984387116e+01,3.200000000000000000e+01,3.900000000000000000e+01
1.002000002987368532e+01,3.000000000000000000e+01,3.600000000000000000e+01
1.003000002990349948e+01,2.800000000000000000e+01,4.000000000000000000e+01
1.004000002993331364e+01,2.700000000000000000e+01,2.800000000000000000e+01
1.005000002996312780e+01,2.300000000000000000e+01,2.300000000000000000e+01
1.006000002999294196e+01,2.600000000000000000e+01,2.700000000000000000e+01
1.007000003002275612e+01,2.400000000000000000e+01,2.400000000000000000e+01
1.008000003005257028e+01,2.600000000000000000e+01,3.100000000000000000e+01
1.009000003008238444e+01,2.800000000000000000e+01,3.100000000000000000e+01
1.010000003011219860e+01,2.200000000000000000e+01,2.100000000000000000e+01
1.011000003014201276e+01,2.900000000000000000e+01,3.800000000000000000e+01
1.012000003017182692e+01,2.700000000000000000e+01,3.300000000000000000e+01
1.013000003020164108e+01,2.900000000000000000e+01,3.500000000000000000e+01
1.014000003023145524e+01,3.100000000000000000e+01,4.700000000000000000e+01
1.015000003026126940e+01,3.200000000000000000e+01,3.800000000000000000e+01
1.016000003029108179e+01,2.900000000000000000e+01,4.400000000000000000e+01
1.017000003032089595e+01,2.900000000000000000e+01,3.500000000000000000e+01
1.018000003035071011e+01,3.100000000000000000e+01,4.000000000000000000e+01
1.019000003038052427e+01,3.200000000000000000e+01,3.700000000000000000e+01
1.020000003041033843e+01,3.100000000000000000e+01,3.500000000000000000e+01
1.021000003044015259e+01,2.700000000000000000e+01,3.000000000000000000e+01
1.022000003046996675e+01,2.700000000000000000e+01,3.200000000000000000e+01
1.023000003049978091e+01,2.600000000000000000e+01,3.400000000000000000e+01
1.024000003052959507e+01,2.900000000000000000e+01,3.100000000000000000e+01
1.025000003055940923e+01,2.500000000000000000e+01,3.000000000000000000e+01
1.026000003058922339e+01,2.700000000000000000e+01,2.900000000000000000e+01
1.027000003061903755e+01,2.300000000000000000e+01,2.700000000000000000e+01
1.028000003064885171e+01,2.300000000000000000e+01,2.600000000000000000e+01
1.029000003067866587e+01,2.400000000000000000e+01,3.100000000000000000e+01
1.030000003070848003e+01,1.900000000000000000e+01,1.800000000000000000e+01
1.031000003073829419e+01,2.300000000000000000e+01,2.600000000000000000e+01
1.032000003076810835e+01,2.100000000000000000e+01,2.300000000000000000e+01
1.033000003079792073e+01,2.600000000000000000e+01,3.100000000000000000e+01
1.034000003082773489e+01,2.200000000000000000e+01,2.800000000000000000e+01
1.035000003085754905e+01,2.300000000000000000e+01,3.000000000000000000e+01
1.036000003088736321e+01,2.300000000000000000e+01,2.600000000000000000e+01
1.037000003091717737e+01,2.200000000000000000e+01,2.400000000000000000e+01
1.038000003094699153e+01,1.800000000000000000e+01,1.800000000000000000e+01
1.039000003097680569e+01,1.800000000000000000e+01,1.900000000000000000e+01
1.040000003100661985e+01,2.200000000000000000e+01,2.400000000000000000e+01
1.041000003103643401e+01,2.500000000000000000e+01,2.800000000000000000e+01
1.042000003106624817e+01,2.100000000000000000e+01,2.200000000000000000e+01
1.043000003109606233e+01,2.100000000000000000e+01,2.600000000000000000e+01
1.044000003112587649e+01,2.400000000000000000e+01,3.200000000000000000e+01
1.045000003115569065e+01,2.500000000000000000e+01,2.600000000000000000e+01
1.046000003118550481e+01,2.200000000000000000e+01,2.200000000000000000e+01
1.047000003121531897e+01,2.400000000000000000e+01,2.700000000000000000e+01
1.048000003124513313e+01,2.300000000000000000e+01,2.500000000000000000e+01
1.049000003127494729e+01,2.100000000000000000e+01,1.800000000000000000e+01
1.050000003130476145e+01,2.500000000000000000e+01,2.900000000000000000e+01
1.051000003133457383e+01,2.300000000000000000e+01,3.100000000000000000e+01
1.052000003136438799e+01,2.500000000000000000e+01,2.100000000000000000e+01
1.053000003139420215e+01,2.300000000000000000e+01,2.900000000000000000e+01
1.054000003142401631e+01,2.600000000000000000e+01,3.400000000000000000e+01
1.055000003145383047e+01,2.400000000000000000e+01,3.100000000000000000e+01
1.056000003148364463e+01,2.400000000000000000e+01,2.800000000000000000e+01
1.057000003151345879e+01,2.300000000000000000e+01,2.500000000000000000e+01
1.058000003154327295e+01,2.400000000000000000e+01,3.100000000000000000e+01
1.059000003157308711e+01,2.300000000000000000e+01,2.300000000000000000e+01
1.060000003160290127e+01,2.500000000000000000e+01,3.700000000000000000e+01
1.061000003163271543e+01,2.600000000000000000e+01,2.700000000000000000e+01
1.062000003166252959e+01,2.300000000000000000e+01,2.800000000000000000e+01
1.063000003169234375e+01,2.400000000000000000e+01,3.500000000000000000e+01
1.064000003172215791e+01,2.300000000000000000e+01,2.700000000000000000e+01
1.065000003175197207e+01,2.400000000000000000e+01,2.500000000000000000e+01
1.066000003178178623e+01,2.900000000000000000e+01,3.700000000000000000e+01
1.067000003181160039e+01,2.500000000000000000e+01,3.000000000000000000e+01
1.068000003184141278e+01,2.400000000000000000e+01,3.000000000000000000e+01
1.069000003187122694e+01,2.300000000000000000e+01,2.500000000000000000e+01
1.070000003190104110e+01,2.300000000000000000e+01,2.900000000000000000e+01
1.071000003193085526e+01,2.200000000000000000e+01,2.500000000000000000e+01
1.072000003196066942e+01,2.300000000000000000e+01,2.400000000000000000e+01
1.073000003199048358e+01,2.200000000000000000e+01,2.600000000000000000e+01
1.074000003202029774e+01,2.600000000000000000e+01,3.600000000000000000e+01
1.075000003205011190e+01,3.000000000000000000e+01,3.600000000000000000e+01
1.076000003207992606e+01,2.900000000000000000e+01,3.000000000000000000e+01
1.077000003210974022e+01,2.700000000000000000e+01,3.000000000000000000e+01
1.078000003213955438e+01,2.700000000000000000e+01,3.300000000000000000e+01
1.079000003216936854e+01,3.200000000000000000e+01,3.300000000000000000e+01
1.080000003219918270e+01,3.000000000000000000e+01,4.800000000000000000e+01
1.081000003222899686e+01,2.900000000000000000e+01,4.200000000000000000e+01
1.082000003225881102e+01,3.000000000000000000e+01,3.400000000000000000e+01
1.083000003228862518e+01,3.300000000000000000e+01,4.300000000000000000e+01
1.084000003231843934e+01,3.000000000000000000e+01,3.800000000000000000e+01
1.085000003234825172e+01,3.100000000000000000e+01,4.300000000000000000e+01
1.086000003237806588e+01,3.000000000000000000e+01,4.300000000000000000e+01
1.087000003240788004e+01,3.100000000000000000e+01,4.300000000000000000e+01
1.088000003243769420e+01,3.100000000000000000e+01,4.500000000000000000e+01
1.089000003246750836e+01,2.700000000000000000e+01,3.500000000000000000e+01
1.090000003249732252e+01,3.000000000000000000e+01,3.800000000000000000e+01
1.091000003252713668e+01,2.700000000000000000e+01,3.900000000000000000e+01
1.092000003255695084e+01,2.700000000000000000e+01,3.500000000000000000e+01
1.093000003258676500e+01,2.900000000000000000e+01,4.200000000000000000e+01
1.094000003261657916e+01,3.000000000000000000e+01,4.200000000000000000e+01
1.095000003264639332e+01,3.000000000000000000e+01,3.500000000000000000e+01
1.096000003267620748e+01,2.500000000000000000e+01,2.900000000000000000e+01
1.097000003270602164e+01,2.500000000000000000e+01,2.800000000000000000e+01
1.098000003273583580e+01,2.500000000000000000e+01,2.900000000000000000e+01
1.099000003276564996e+01,2.600000000000000000e+01,3.100000000000000000e+01
1.100000003279546412e+01,2.700000000000000000e+01,3.500000000000000000e+01
1.101000003282527828e+01,2.700000000000000000e+01,3.600000000000000000e+01
1.102000003285509244e+01,2.700000000000000000e+01,3.800000000000000000e+01
1.103000003288490483e+01,2.900000000000000000e+01,3.600000000000000000e+01
1.104000003291471899e+01,2.900000000000000000e+01,3.700000000000000000e+01
1.105000003294453315e+01,2.700000000000000000e+01,3.300000000000000000e+01
1.106000003297434731e+01,2.700000000000000000e+01,2.700000000000000000e+01
1.107000003300416147e+01,2.400000000000000000e+01,2.700000000000000000e+01
1.108000003303397563e+01,2.500000000000000000e+01,2.800000000000000000e+01
1.109000003306378979e+01,2.500000000000000000e+01,2.800000000000000000e+01
1.110000003309360395e+01,2.400000000000000000e+01,2.500000000000000000e+01
1.111000003312341811e+01,2.500000000000000000e+01,2.800000000000000000e+01
1.112000003315323227e+01,2.600000000000000000e+01,2.900000000000000000e+01
1.113000003318304643e+01,2.700000000000000000e+01,3.200000000000000000e+01
1.114000003321286059e+01,2.100000000000000000e+01,2.800000000000000000e+01
1.115000003324267475e+01,2.400000000000000000e+01,2.500000000000000000e+01
1.116000003327248891e+01,2.600000000000000000e+01,3.500000000000000000e+01
1.117000003330230307e+01,2.600000000000000000e+01,3.600000000000000000e+01
1.118000003333211723e+01,2.300000000000000000e+01,2.200000000000000000e+01
1.119000003336193139e+01,2.600000000000000000e+01,3.000000000000000000e+01
1.120000003339174377e+01,2.800000000000000000e+01,3.900000000000000000e+01
1.121000003342155793e+01,2.500000000000000000e+01,2.500000000000000000e+01
1.122000003345137209e+01,2.300000000000000000e+01,2.500000000000000000e+01
1.123000003348118625e+01,2.500000000000000000e+01,2.800000000000000000e+01
1.124000003351100041e+01,2.300000000000000000e+01,2.300000000000000000e+01
1.125000003354081457e+01,2.000000000000000000e+01,2.100000000000000000e+01
1.126000003357062873e+01,2.500000000000000000e+01,3.300000000000000000e+01
1.127000003360044289e+01,2.800000000000000000e+01,3.400000000000000000e+01
1.128000003363025705e+01,2.300000000000000000e+01,3.000000000000000000e+01
1.129000003366007121e+01,2.400000000000000000e+01,2.700000000000000000e+01
1.130000003368988537e+01,2.500000000000000000e+01,2.700000000000000000e+01
1.131000003371969953e+01,2.600000000000000000e+01,2.900000000000000000e+01
1.132000003374951369e+01,2.600000000000000000e+01,2.600000000000000000e+01
1.133000003377932785e+01,2.700000000000000000e+01,2.500000000000000000e+01
1.134000003380914201e+01,2.400000000000000000e+01,2.800000000000000000e+01
1.135000003383895617e+01,2.700000000000000000e+01,3.200000000000000000e+01
1.136000003386877033e+01,2.800000000000000000e+01,3.500000000000000000e+01
1.137000003389858271e+01,2.500000000000000000e+01,3.100000000000000000e+01
1.138000003392839687e+01,2.700000000000000000e+01,3.400000000000000000e+01
1.139000003395821103e+01,2.400000000000000000e+01,2.800000000000000000e+01
1.140000003398802519e+01,2.900000000000000000e+01,3.200000000000000000e+01
1.141000003401783935e+01,2.700000000000000000e+01,3.500000000000000000e+01
1.142000003404765351e+01,2.900000000000000000e+01,3.300000000000000000e+01
1.143000003407746767e+01,2.800000000000000000e+01,3.600000000000000000e+01
1.144000003410728183e+01,2.800000000000000000e+01,3.400000000000000000e+01
1.145000003413709599e+01,2.600000000000000000e+01,2.600000000000000000e+01
1.146000003416691015e+01,2.400000000000000000e+01,2.800000000000000000e+01
1.147000003419672431e+01,2.500000000000000000e+01,3.100000000000000000e+01
1.148000003422653847e+01,2.700000000000000000e+01,3.000000000000000000e+01
1.149000003425635263e+01,3.100000000000000000e+01,4.500000000000000000e+01
1.150000003428616679e+01,3.000000000000000000e+01,3.800000000000000000e+01
1.151000003431598095e+01,3.100000000000000000e+01,3.600000000000000000e+01
1.152000003434579511e+01,2.700000000000000000e+01,3.200000000000000000e+01
1.153000003437560927e+01,2.700000000000000000e+01,2.900000000000000000e+01
1.154000003440542343e+01,2.400000000000000000e+01,3.100000000000000000e+01
1.155000003443523582e+01,2.900000000000000000e+01,3.200000000000000000e+01
1.156000003446504998e+01,2.800000000000000000e+01,3.500000000000000000e+01
1.157000003449486414e+01,2.700000000000000000e+01,2.600000000000000000e+01
1.158000003452467830e+01,2.700000000000000000e+01,3.500000000000000000e+01
1.159000003455449246e+01,2.700000000000000000e+01,3.200000000000000000e+01
1.160000003458430662e+01,2.900000000000000000e+01,3.200000000000000000e+01
1.161000003461412078e+01,2.900000000000000000e+01,3.000000000000000000e+01
1.162000003464393494e+01,2.900000000000000000e+01,3.500000000000000000e+01
1.163000003467374910e+01,2.400000000000000000e+01,2.700000000000000000e+01
1.164000003470356326e+01,2.600000000000000000e+01,3.000000000000000000e+01
1.165000003473337742e+01,2.600000000000000000e+01,3.900000000000000000e+01
1.166000003476319158e+01,2.200000000000000000e+01,2.700000000000000000e+01
1.167000003479300574e+01,2.400000000000000000e+01,2.200000000000000000e+01
1.168000003482281990e+01,2.400000000000000000e+01,2.500000000000000000e+01
1.169000003485263406e+01,2.300000000000000000e+01,2.500000000000000000e+01
1.170000003488244822e+01,2.500000000000000000e+01,3.200000000000000000e+01
1.171000003491226238e+01,2.300000000000000000e+01,2.200000000000000000e+01
1.172000003494207476e+01,2.400000000000000000e+01,2.700000000000000000e+01
1.173000003497188892e+01,2.500000000000000000e+01,2.400000000000000000e+01
1.174000003500170308e+01,2.700000000000000000e+01,2.400000000000000000e+01
1.175000003503151724e+01,2.500000000000000000e+01,2.600000000000000000e+01
1.176000003506133140e+01,2.500000000000000000e+01,2.800000000000000000e+01
1.177000003509114556e+01,2.400000000000000000e+01,2.500000000000000000e+01
1.178000003512095972e+01,2.100000000000000000e+01,2.200000000000000000e+01
1.179000003515077388e+01,2.300000000000000000e+01,2.500000000000000000e+01
1.180000003518058804e+01,2.400000000000000000e+01,2.300000000000000000e+01
1.181000003521040220e+01,2.400000000000000000e+01,2.400000000000000000e+01
1.182000003524021636e+01,2.200000000000000000e+01,2.300000000000000000e+01
1.183000003527003052e+01,2.400000000000000000e+01,2.600000000000000000e+01
1.184000003529984468e+01,2.900000000000000000e+01,3.500000000000000000e+01
1.185000003532965884e+01,2.800000000000000000e+01,3.300000000000000000e+01
1.186000003535947300e+01,2.600000000000000000e+01,2.900000000000000000e+01
1.187000003538928716e+01,2.500000000000000000e+01,3.100000000000000000e+01
1.188000003541910132e+01,2.600000000000000000e+01,2.800000000000000000e+01
1.189000003544891371e+01,2.000000000000000000e+01,1.800000000000000000e+01
1.190000003547872787e+01,2.500000000000000000e+01,2.200000000000000000e+01
1.191000003550854203e+01,2.800000000000000000e+01,2.800000000000000000e+01
1.192000003553835619e+01,2.600000000000000000e+01,2.600000000000000000e+01
1.193000003556817035e+01,2.800000000000000000e+01,2.800000000000000000e+01
1.194000003559798451e+01,2.500000000000000000e+01,2.500000000000000000e+01
1.195000003562779867e+01,2.600000000000000000e+01,2.600000000000000000e+01
1.196000003565761283e+01,2.400000000000000000e+01,2.600000000000000000e+01
1.197000003568742699e+01,2.600000000000000000e+01,2.900000000000000000e+01
1.198000003571724115e+01,2.400000000000000000e+01,2.500000000000000000e+01
1.199000003574705531e+01,2.300000000000000000e+01,2.500000000000000000e+01
1.200000003577686947e+01,2.700000000000000000e+01,3.000000000000000000e+01
1.201000003580668363e+01,2.500000000000000000e+01,2.600000000000000000e+01
1.202000003583649779e+01,2.500000000000000000e+01,2.500000000000000000e+01
1.203000003586631195e+01,2.600000000000000000e+01,2.900000000000000000e+01
1.204000003589612611e+01,2.900000000000000000e+01,2.900000000000000000e+01
1.205000003592594027e+01,2.700000000000000000e+01,3.500000000000000000e+01
1.206000003595575443e+01,2.800000000000000000e+01,2.800000000000000000e+01
1.207000003598556681e+01,2.900000000000000000e+01,2.900000000000000000e+01
1.208000003601538097e+01,3.000000000000000000e+01,3.600000000000000000e+01
1.209000003604519513e+01,2.900000000000000000e+01,3.000000000000000000e+01
1.210000003607500929e+01,2.400000000000000000e+01,2.400000000000000000e+01
1.211000003610482345e+01,2.600000000000000000e+01,2.800000000000000000e+01
1.212000003613463761e+01,2.800000000000000000e+01,3.400000000000000000e+01
1.213000003616445177e+01,2.600000000000000000e+01,2.700000000000000000e+01
1.214000003619426593e+01,2.800000000000000000e+01,2.900000000000000000e+01
1.215000003622408009e+01,2.600000000000000000e+01,2.700000000000000000e+01
1.216000003625389425e+01,2.500000000000000000e+01,2.400000000000000000e+01
1.217000003628370841e+01,2.300000000000000000e+01,2.700000000000000000e+01
1.218000003631352257e+01,2.300000000000000000e+01,2.200000000000000000e+01
1.219000003634333673e+01,2.500000000000000000e+01,2.600000000000000000e+01
1.220000003637315089e+01,2.500000000000000000e+01,2.500000000000000000e+01
1.221000003640296505e+01,2.200000000000000000e+01,2.000000000000000000e+01
1.222000003643277921e+01,2.300000000000000000e+01,2.000000000000000000e+01
1.223000003646259337e+01,2.000000000000000000e+01,1.800000000000000000e+01
1.224000003649240575e+01,2.000000000000000000e+01,1.400000000000000000e+01
1.225000003652221992e+01,2.200000000000000000e+01,2.000000000000000000e+01
1.226000003655203408e+01,2.500000000000000000e+01,2.400000000000000000e+01
1.227000003658184824e+01,2.300000000000000000e+01,2.400000000000000000e+01
1.228000003661166240e+01,2.400000000000000000e+01,2.400000000000000000e+01
1.229000003664147656e+01,2.300000000000000000e+01,2.000000000000000000e+01
1.230000003667129072e+01,2.600000000000000000e+01,2.100000000000000000e+01
1.231000003670110488e+01,2.400000000000000000e+01,2.300000000000000000e+01
1.232000003673091904e+01,2.500000000000000000e+01,2.300000000000000000e+01
1.233000003676073320e+01,2.600000000000000000e+01,2.100000000000000000e+01
1.234000003679054736e+01,2.300000000000000000e+01,2.100000000000000000e+01
1.235000003682036152e+01,2.100000000000000000e+01,1.700000000000000000e+01
1.236000003685017568e+01,2.000000000000000000e+01,1.500000000000000000e+01
1.237000003687998984e+01,2.200000000000000000e+01,1.900000000000000000e+01
1.238000003690980400e+01,2.200000000000000000e+01,2.000000000000000000e+01
1.239000003693961816e+01,2.400000000000000000e+01,2.200000000000000000e+01
1.240000003696943232e+01,2.500000000000000000e+01,2.400000000000000000e+01
1.241000003699924470e+01,2.400000000000000000e+01,2.200000000000000000e+01
1.242000003702905886e+01,2.400000000000000000e+01,2.100000000000000000e+01
1.243000003705887302e+01,2.400000000000000000e+01,2.000000000000000000e+01
1.244000003708868718e+01,2.300000000000000000e+01,2.700000000000000000e+01
1.245000003711850134e+01,2.500000000000000000e+01,2.500000000000000000e+01
1.246000003714831550e+01,2.400000000000000000e+01,2.200000000000000000e+01
1.247000003717812966e+01,2.400000000000000000e+01,2.500000000000000000e+01
1.248000003720794382e+01,2.600000000000000000e+01,2.500000000000000000e+01
1.249000003723775798e+01,2.400000000000000000e+01,2.900000000000000000e+01
1.250000003726757214e+01,2.500000000000000000e+01,2.900000000000000000e+01
1.251000003729738630e+01,2.500000000000000000e+01,2.600000000000000000e+01
1.252000003732720046e+01,2.600000000000000000e+01,2.200000000000000000e+01
1.253000003735701462e+01,2.400000000000000000e+01,2.400000000000000000e+01
1.254000003738682878e+01,2.700000000000000000e+01,2.700000000000000000e+01
1.255000003741664294e+01,2.400000000000000000e+01,2.500000000000000000e+01
1.256000003744645710e+01,2.200000000000000000e+01,2.500000000000000000e+01
1.257000003747627126e+01,2.200000000000000000e+01,2.200000000000000000e+01
1.258000003750608542e+01,2.400000000000000000e+01,2.200000000000000000e+01
1.259000003753589780e+01,2.400000000000000000e+01,2.200000000000000000e+01
1.260000003756571196e+01,2.400000000000000000e+01,2.000000000000000000e+01
1.261000003759552612e+01,2.300000000000000000e+01,2.000000000000000000e+01
1.262000003762534028e+01,2.600000000000000000e+01,1.900000000000000000e+01
1.263000003765515444e+01,2.300000000000000000e+01,2.000000000000000000e+01
1.264000003768496860e+01,2.300000000000000000e+01,1.900000000000000000e+01
1.265000003771478276e+01,2.100000000000000000e+01,2.000000000000000000e+01
1.266000003774459692e+01,2.200000000000000000e+01,1.700000000000000000e+01
1.267000003777441108e+01,2.100000000000000000e+01,1.900000000000000000e+01
1.268000003780422524e+01,2.400000000000000000e+01,2.000000000000000000e+01
1.269000003783403940e+01,2.200000000000000000e+01,1.900000000000000000e+01
1.270000003786385356e+01,2.400000000000000000e+01,2.100000000000000000e+01
1.271000003789366772e+01,2.300000000000000000e+01,2.000000000000000000e+01
1.272000003792348188e+01,2.300000000000000000e+01,2.100000000000000000e+01
1.273000003795329604e+01,2.300000000000000000e+01,2.200000000000000000e+01
1.274000003798311020e+01,2.200000000000000000e+01,1.700000000000000000e+01
1.275000003801292436e+01,2.100000000000000000e+01,1.900000000000000000e+01
1.276000003804273675e+01,2.200000000000000000e+01,2.000000000000000000e+01
1.277000003807255091e+01,2.200000000000000000e+01,2.000000000000000000e+01
1.278000003810236507e+01,2.000000000000000000e+01,1.900000000000000000e+01
1.279000003813217923e+01,2.400000000000000000e+01,2.300000000000000000e+01
1.280000003816199339e+01,2.400000000000000000e+01,2.100000000000000000e+01
1.281000003819180755e+01,2.400000000000000000e+01,1.900000000000000000e+01
1.282000003822162171e+01,2.500000000000000000e+01,2.400000000000000000e+01
1.283000003825143587e+01,2.400000000000000000e+01,2.400000000000000000e+01
1.284000003828125003e+01,2.200000000000000000e+01,2.000000000000000000e+01
1.285000003831106419e+01,2.400000000000000000e+01,2.300000000000000000e+01
1.286000003834087835e+01,2.100000000000000000e+01,2.000000000000000000e+01
1.287000003837069251e+01,2.300000000000000000e+01,1.800000000000000000e+01
1.288000003840050667e+01,2.300000000000000000e+01,2.000000000000000000e+01
1.289000003843032083e+01,2.100000000000000000e+01,2.100000000000000000e+01
1.290000003846013499e+01,2.500000000000000000e+01,2.600000000000000000e+01
1.291000003848994915e+01,2.500000000000000000e+01,2.500000000000000000e+01
1.292000003851976331e+01,2.300000000000000000e+01,2.300000000000000000e+01
1.293000003854957747e+01,2.500000000000000000e+01,2.100000000000000000e+01
1.294000003857938985e+01,2.700000000000000000e+01,2.600000000000000000e+01
1.295000003860920401e+01,2.600000000000000000e+01,3.200000000000000000e+01
1.296000003863901817e+01,2.700000000000000000e+01,2.400000000000000000e+01
1.297000003866883233e+01,2.600000000000000000e+01,2.700000000000000000e+01
1.298000003869864649e+01,2.200000000000000000e+01,2.100000000000000000e+01
1.299000003872846065e+01,2.400000000000000000e+01,2.900000000000000000e+01
1.300000003875827481e+01,2.400000000000000000e+01,2.000000000000000000e+01
1.301000003878808897e+01,2.300000000000000000e+01,2.000000000000000000e+01
1.302000003881790313e+01,2.500000000000000000e+01,2.700000000000000000e+01
1.303000003884771729e+01,2.700000000000000000e+01,2.800000000000000000e+01
1.304000003887753145e+01,2.600000000000000000e+01,2.600000000000000000e+01
1.305000003890734561e+01,2.700000000000000000e+01,2.600000000000000000e+01
1.306000003893715977e+01,2.500000000000000000e+01,2.300000000000000000e+01
1.307000003896697393e+01,2.800000000000000000e+01,2.600000000000000000e+01
1.308000003899678809e+01,2.500000000000000000e+01,2.700000000000000000e+01
1.309000003902660225e+01,2.300000000000000000e+01,2.600000000000000000e+01
1.310000003905641641e+01,2.500000000000000000e+01,2.100000000000000000e+01
1.311000003908622880e+01,2.500000000000000000e+01,2.500000000000000000e+01
1.312000003911604296e+01,2.300000000000000000e+01,2.700000000000000000e+01
1.313000003914585712e+01,2.500000000000000000e+01,2.800000000000000000e+01
1.314000003917567128e+01,2.300000000000000000e+01,2.800000000000000000e+01
1.315000003920548544e+01,2.400000000000000000e+01,2.900000000000000000e+01
1.316000003923529960e+01,2.600000000000000000e+01,2.400000000000000000e+01
1.317000003926511376e+01,2.800000000000000000e+01,2.900000000000000000e+01
1.318000003929492792e+01,2.500000000000000000e+01,2.300000000000000000e+01
1.319000003932474208e+01,2.100000000000000000e+01,2.000000000000000000e+01
1.320000003935455624e+01,2.700000000000000000e+01,2.400000000000000000e+01
1.321000003938437040e+01,2.000000000000000000e+01,2.400000000000000000e+01
1.322000003941418456e+01,2.200000000000000000e+01,2.400000000000000000e+01
1.323000003944399872e+01,2.600000000000000000e+01,2.500000000000000000e+01
1.324000003947381288e+01,2.600000000000000000e+01,2.900000000000000000e+01
1.325000003950362704e+01,2.300000000000000000e+01,2.500000000000000000e+01
1.326000003953344120e+01,2.500000000000000000e+01,2.600000000000000000e+01
1.327000003956325536e+01,2.600000000000000000e+01,3.100000000000000000e+01
1.328000003959306774e+01,2.600000000000000000e+01,3.200000000000000000e+01
1.329000003962288190e+01,2.500000000000000000e+01,2.800000000000000000e+01
1.330000003965269606e+01,2.600000000000000000e+01,2.800000000000000000e+01
1.331000003968251022e+01,2.400000000000000000e+01,2.400000000000000000e+01
1.332000003971232438e+01,2.600000000000000000e+01,3.000000000000000000e+01
1.333000003974213854e+01,2.400000000000000000e+01,2.900000000000000000e+01
1.334000003977195270e+01,2.800000000000000000e+01,2.500000000000000000e+01
1.335000003980176686e+01,2.800000000000000000e+01,2.900000000000000000e+01
1.336000003983158102e+01,2.700000000000000000e+01,2.700000000000000000e+01
1.337000003986139518e+01,2.600000000000000000e+01,2.500000000000000000e+01
1.338000003989120934e+01,2.800000000000000000e+01,2.600000000000000000e+01
1.339000003992102350e+01,2.800000000000000000e+01,3.000000000000000000e+01
1.340000003995083766e+01,2.500000000000000000e+01,2.700000000000000000e+01
1.341000003998065182e+01,2.700000000000000000e+01,2.500000000000000000e+01
1.342000004001046598e+01,2.600000000000000000e+01,2.800000000000000000e+01
1.343000004004028014e+01,2.500000000000000000e+01,2.700000000000000000e+01
1.344000004007009430e+01,2.300000000000000000e+01,2.500000000000000000e+01
1.345000004009990846e+01,2.200000000000000000e+01,2.800000000000000000e+01
1.346000004012972084e+01,2.100000000000000000e+01,2.400000000000000000e+01
1.347000004015953500e+01,2.000000000000000000e+01,1.700000000000000000e+01
1.348000004018934916e+01,2.000000000000000000e+01,2.300000000000000000e+01
1.349000004021916332e+01,2.300000000000000000e+01,1.900000000000000000e+01
1.350000004024897748e+01,2.200000000000000000e+01,2.400000000000000000e+01
1.351000004027879164e+01,2.200000000000000000e+01,2.700000000000000000e+01
1.352000004030860580e+01,2.100000000000000000e+01,2.100000000000000000e+01
1.353000004033841996e+01,2.500000000000000000e+01,2.800000000000000000e+01
1.354000004036823412e+01,2.100000000000000000e+01,2.300000000000000000e+01
1.355000004039804828e+01,2.300000000000000000e+01,3.000000000000000000e+01
1.356000004042786244e+01,2.200000000000000000e+01,2.100000000000000000e+01
1.357000004045767660e+01,2.200000000000000000e+01,2.300000000000000000e+01
1.358000004048749076e+01,2.300000000000000000e+01,2.600000000000000000e+01
1.359000004051730492e+01,2.300000000000000000e+01,2.500000000000000000e+01
1.360000004054711908e+01,2.500000000000000000e+01,2.100000000000000000e+01
1.361000004057693324e+01,2.400000000000000000e+01,2.600000000000000000e+01
1.362000004060674740e+01,2.500000000000000000e+01,3.200000000000000000e+01
1.363000004063655979e+01,2.500000000000000000e+01,2.800000000000000000e+01
1.364000004066637395e+01,2.800000000000000000e+01,2.700000000000000000e+01
1.365000004069618811e+01,2.800000000000000000e+01,3.000000000000000000e+01
1.366000004072600227e+01,2.900000000000000000e+01,3.000000000000000000e+01
1.367000004075581643e+01,2.500000000000000000e+01,2.200000000000000000e+01
1.368000004078563059e+01,2.500000000000000000e+01,2.400000000000000000e+01
1.369000004081544475e+01,2.700000000000000000e+01,2.500000000000000000e+01
1.370000004084525891e+01,2.800000000000000000e+01,3.300000000000000000e+01
1.371000004087507307e+01,2.800000000000000000e+01,3.600000000000000000e+01
1.372000004090488723e+01,2.600000000000000000e+01,2.900000000000000000e+01
1.373000004093470139e+01,2.900000000000000000e+01,3.200000000000000000e+01
1.374000004096451555e+01,2.700000000000000000e+01,3.300000000000000000e+01
1.375000004099432971e+01,3.100000000000000000e+01,4.000000000000000000e+01
1.376000004102414387e+01,2.700000000000000000e+01,3.500000000000000000e+01
1.377000004105395803e+01,3.000000000000000000e+01,3.700000000000000000e+01
1.378000004108377219e+01,2.800000000000000000e+01,4.000000000000000000e+01
1.379000004111358635e+01,2.900000000000000000e+01,3.500000000000000000e+01
1.380000004114339873e+01,2.900000000000000000e+01,3.500000000000000000e+01
1.381000004117321289e+01,2.900000000000000000e+01,3.800000000000000000e+01
1.382000004120302705e+01,2.600000000000000000e+01,3.600000000000000000e+01
1.383000004123284121e+01,2.900000000000000000e+01,3.400000000000000000e+01
1.384000004126265537e+01,2.800000000000000000e+01,3.100000000000000000e+01
1.385000004129246953e+01,2.900000000000000000e+01,3.800000000000000000e+01
1.386000004132228369e+01,2.900000000000000000e+01,3.200000000000000000e+01
1.387000004135209785e+01,3.300000000000000000e+01,3.800000000000000000e+01
1.388000004138191201e+01,2.800000000000000000e+01,3.100000000000000000e+01
1.389000004141172617e+01,2.500000000000000000e+01,2.900000000000000000e+01
1.390000004144154033e+01,2.900000000000000000e+01,3.400000000000000000e+01
1.391000004147135449e+01,3.000000000000000000e+01,3.900000000000000000e+01
1.392000004150116865e+01,2.800000000000000000e+01,3.000000000000000000e+01
1.393000004153098281e+01,2.600000000000000000e+01,3.000000000000000000e+01
1.394000004156079697e+01,2.800000000000000000e+01,2.600000000000000000e+01
1.395000004159061113e+01,2.600000000000000000e+01,2.700000000000000000e+01
1.396000004162042529e+01,2.400000000000000000e+01,2.500000000000000000e+01
1.397000004165023945e+01,3.000000000000000000e+01,3.200000000000000000e+01
1.398000004168005184e+01,2.800000000000000000e+01,3.300000000000000000e+01
1.399000004170986600e+01,2.400000000000000000e+01,3.000000000000000000e+01
1.400000004173968016e+01,2.800000000000000000e+01,3.100000000000000000e+01
1.401000004176949432e+01,2.800000000000000000e+01,3.100000000000000000e+01
1.402000004179930848e+01,2.800000000000000000e+01,2.800000000000000000e+01
1.403000004182912264e+01,2.700000000000000000e+01,3.300000000000000000e+01
1.404000004185893680e+01,2.900000000000000000e+01,3.400000000000000000e+01
1.405000004188875096e+01,2.800000000000000000e+01,3.000000000000000000e+01
1.406000004191856512e+01,3.000000000000000000e+01,3.900000000000000000e+01
1.407000004194837928e+01,2.700000000000000000e+01,3.200000000000000000e+01
1.408000004197819344e+01,2.600000000000000000e+01,2.600000000000000000e+01
1.409000004200800760e+01,2.600000000000000000e+01,2.600000000000000000e+01
1.410000004203782176e+01,2.900000000000000000e+01,3.500000000000000000e+01
1.411000004206763592e+01,2.500000000000000000e+01,2.700000000000000000e+01
1.412000004209745008e+01,2.500000000000000000e+01,3.000000000000000000e+01
1.413000004212726424e+01,2.800000000000000000e+01,2.800000000000000000e+01
1.414000004215707840e+01,2.700000000000000000e+01,3.300000000000000000e+01
1.415000004218689078e+01,2.800000000000000000e+01,2.600000000000000000e+01
1.416000004221670494e+01,2.600000000000000000e+01,3.000000000000000000e+01
1.417000004224651910e+01,2.500000000000000000e+01,2.600000000000000000e+01
1.418000004227633326e+01,2.200000000000000000e+01,2.400000000000000000e+01
1.419000004230614742e+01,2.400000000000000000e+01,2.500000000000000000e+01
1.420000004233596158e+01,2.800000000000000000e+01,2.800000000000000000e+01
1.421000004236577574e+01,2.700000000000000000e+01,3.200000000000000000e+01
1.422000004239558990e+01,2.400000000000000000e+01,2.600000000000000000e+01
1.423000004242540406e+01,2.400000000000000000e+01,2.600000000000000000e+01
1.424000004245521822e+01,2.300000000000000000e+01,2.000000000000000000e+01
1.425000004248503238e+01,2.400000000000000000e+01,2.400000000000000000e+01
1.426000004251484654e+01,2.200000000000000000e+01,2.300000000000000000e+01
1.427000004254466070e+01,2.600000000000000000e+01,3.000000000000000000e+01
1.428000004257447486e+01,2.000000000000000000e+01,2.000000000000000000e+01
1.429000004260428902e+01,2.100000000000000000e+01,2.000000000000000000e+01
1.430000004263410318e+01,2.300000000000000000e+01,2.500000000000000000e+01
1.431000004266391734e+01,2.600000000000000000e+01,2.400000000000000000e+01
1.432000004269372972e+01,2.000000000000000000e+01,2.200000000000000000e+01
1.433000004272354388e+01,2.200000000000000000e+01,2.500000000000000000e+01
1.434000004275335804e+01,2.600000000000000000e+01,2.700000000000000000e+01
1.435000004278317220e+01,2.800000000000000000e+01,3.100000000000000000e+01
1.436000004281298636e+01,2.500000000000000000e+01,2.800000000000000000e+01
1.437000004284280053e+01,2.600000000000000000e+01,2.500000000000000000e+01
1.438000004287261469e+01,2.500000000000000000e+01,2.700000000000000000e+01
1.439000004290242885e+01,2.400000000000000000e+01,2.300000000000000000e+01
1.440000004293224301e+01,2.500000000000000000e+01,2.600000000000000000e+01
1.441000004296205717e+01,2.300000000000000000e+01,2.000000000000000000e+01
1.442000004299187133e+01,2.600000000000000000e+01,3.100000000000000000e+01
1.443000004302168549e+01,2.800000000000000000e+01,3.400000000000000000e+01
1.444000004305149965e+01,2.600000000000000000e+01,2.700000000000000000e+01
1.445000004308131381e+01,2.100000000000000000e+01,2.600000000000000000e+01
1.446000004311112797e+01,2.200000000000000000e+01,2.300000000000000000e+01
1.447000004314094213e+01,2.500000000000000000e+01,3.000000000000000000e+01
1.448000004317075629e+01,2.500000000000000000e+01,2.800000000000000000e+01
1.449000004320057045e+01,2.100000000000000000e+01,2.800000000000000000e+01
1.450000004323038283e+01,1.900000000000000000e+01,2.700000000000000000e+01
1.451000004326019699e+01,2.700000000000000000e+01,3.200000000000000000e+01
1.452000004329001115e+01,2.500000000000000000e+01,2.800000000000000000e+01
1.453000004331982531e+01,2.700000000000000000e+01,3.200000000000000000e+01
1.454000004334963947e+01,2.100000000000000000e+01,2.500000000000000000e+01
1.455000004337945363e+01,2.300000000000000000e+01,2.600000000000000000e+01
1.456000004340926779e+01,2.200000000000000000e+01,2.200000000000000000e+01
1.457000004343908195e+01,2.600000000000000000e+01,2.500000000000000000e+01
1.458000004346889611e+01,2.400000000000000000e+01,2.600000000000000000e+01
1.459000004349871027e+01,2.200000000000000000e+01,2.200000000000000000e+01
1.460000004352852443e+01,2.500000000000000000e+01,2.500000000000000000e+01
1.461000004355833859e+01,2.100000000000000000e+01,2.200000000000000000e+01
1.462000004358815275e+01,2.500000000000000000e+01,2.600000000000000000e+01
1.463000004361796691e+01,2.600000000000000000e+01,2.700000000000000000e+01
1.464000004364778107e+01,1.900000000000000000e+01,2.000000000000000000e+01
1.465000004367759523e+01,2.200000000000000000e+01,2.600000000000000000e+01
1.466000004370740939e+01,2.700000000000000000e+01,3.200000000000000000e+01
1.467000004373722177e+01,2.300000000000000000e+01,2.800000000000000000e+01
1.468000004376703593e+01,2.000000000000000000e+01,2.300000000000000000e+01
1.469000004379685009e+01,2.400000000000000000e+01,2.100000000000000000e+01
1.470000004382666425e+01,2.300000000000000000e+01,2.700000000000000000e+01
1.471000004385647841e+01,2.600000000000000000e+01,2.800000000000000000e+01
1.472000004388629257e+01,2.500000000000000000e+01,2.900000000000000000e+01
1.473000004391610673e+01,2.700000000000000000e+01,3.500000000000000000e+01
1.474000004394592089e+01,2.600000000000000000e+01,3.200000000000000000e+01
1.475000004397573505e+01,2.300000000000000000e+01,2.800000000000000000e+01
1.476000004400554921e+01,2.500000000000000000e+01,2.800000000000000000e+01
1.477000004403536337e+01,2.600000000000000000e+01,2.900000000000000000e+01
1.478000004406517753e+01,2.500000000000000000e+01,2.700000000000000000e+01
1.479000004409499169e+01,2.500000000000000000e+01,2.600000000000000000e+01
1.480000004412480585e+01,2.100000000000000000e+01,2.900000000000000000e+01
1.481000004415462001e+01,2.600000000000000000e+01,3.100000000000000000e+01
1.482000004418443417e+01,2.500000000000000000e+01,2.500000000000000000e+01
1.483000004421424833e+01,2.200000000000000000e+01,2.300000000000000000e+01
1.484000004424406072e+01,2.300000000000000000e+01,2.300000000000000000e+01
1.485000004427387488e+01,2.400000000000000000e+01,2.600000000000000000e+01
1.486000004430368904e+01,1.900000000000000000e+01,2.100000000000000000e+01
1.487000004433350320e+01,2.100000000000000000e+01,2.400000000000000000e+01
1.488000004436331736e+01,2.300000000000000000e+01,2.300000000000000000e+01
1.489000004439313152e+01,2.100000000000000000e+01,2.200000000000000000e+01
1.490000004442294568e+01,2.200000000000000000e+01,2.200000000000000000e+01
1.491000004445275984e+01,2.600000000000000000e+01,2.900000000000000000e+01
1.492000004448257400e+01,2.700000000000000000e+01,3.400000000000000000e+01
1.493000004451238816e+01,2.200000000000000000e+01,2.400000000000000000e+01
1.494000004454220232e+01,2.100000000000000000e+01,2.100000000000000000e+01
1.495000004457201648e+01,2.500000000000000000e+01,3.000000000000000000e+01
1.496000004460183064e+01,2.300000000000000000e+01,2.500000000000000000e+01
1.497000004463164480e+01,2.600000000000000000e+01,2.500000000000000000e+01
1.498000004466145896e+01,2.200000000000000000e+01,2.400000000000000000e+01
1.499000004469127312e+01,2.200000000000000000e+01,2.600000000000000000e+01
1.500000004472108728e+01,2.000000000000000000e+01,2.300000000000000000e+01
1.501000004475090144e+01,2.100000000000000000e+01,2.600000000000000000e+01
1.502000004478071382e+01,2.500000000000000000e+01,2.900000000000000000e+01
1.503000004481052798e+01,2.200000000000000000e+01,2.400000000000000000e+01
1.504000004484034214e+01,2.100000000000000000e+01,2.400000000000000000e+01
1.505000004487015630e+01,2.100000000000000000e+01,2.300000000000000000e+01
1.506000004489997046e+01,1.600000000000000000e+01,1.700000000000000000e+01
1.507000004492978462e+01,2.100000000000000000e+01,2.400000000000000000e+01
1.508000004495959878e+01,2.200000000000000000e+01,2.000000000000000000e+01
1.509000004498941294e+01,2.300000000000000000e+01,2.100000000000000000e+01
1.510000004501922710e+01,2.400000000000000000e+01,2.500000000000000000e+01
1.511000004504904126e+01,1.900000000000000000e+01,2.000000000000000000e+01
1.512000004507885542e+01,2.300000000000000000e+01,1.900000000000000000e+01
1.513000004510866958e+01,2.100000000000000000e+01,2.300000000000000000e+01
1.514000004513848374e+01,2.300000000000000000e+01,2.400000000000000000e+01
1.515000004516829790e+01,2.300000000000000000e+01,2.700000000000000000e+01
1.516000004519811206e+01,2.200000000000000000e+01,3.100000000000000000e+01
1.517000004522792622e+01,2.300000000000000000e+01,2.600000000000000000e+01
1.518000004525774038e+01,2.600000000000000000e+01,2.400000000000000000e+01
1.519000004528755277e+01,2.400000000000000000e+01,2.800000000000000000e+01
1.520000004531736693e+01,2.500000000000000000e+01,2.600000000000000000e+01
1.521000004534718109e+01,2.600000000000000000e+01,3.300000000000000000e+01
1.522000004537699525e+01,2.800000000000000000e+01,3.200000000000000000e+01
1.523000004540680941e+01,2.400000000000000000e+01,3.000000000000000000e+01
1.524000004543662357e+01,2.300000000000000000e+01,2.900000000000000000e+01
1.525000004546643773e+01,2.300000000000000000e+01,2.500000000000000000e+01
1.526000004549625189e+01,2.400000000000000000e+01,2.500000000000000000e+01
1.527000004552606605e+01,2.700000000000000000e+01,3.600000000000000000e+01
1.528000004555588021e+01,2.300000000000000000e+01,3.300000000000000000e+01
1.529000004558569437e+01,2.800000000000000000e+01,2.900000000000000000e+01
1.530000004561550853e+01,3.000000000000000000e+01,3.000000000000000000e+01
1.531000004564532269e+01,2.800000000000000000e+01,3.400000000000000000e+01
1.532000004567513685e+01,2.600000000000000000e+01,3.300000000000000000e+01
1.533000004570495101e+01,2.700000000000000000e+01,3.600000000000000000e+01
1.534000004573476517e+01,2.900000000000000000e+01,3.300000000000000000e+01
1.535000004576457933e+01,2.400000000000000000e+01,2.700000000000000000e+01
1.536000004579439349e+01,2.600000000000000000e+01,2.900000000000000000e+01
1.537000004582420587e+01,2.200000000000000000e+01,2.500000000000000000e+01
1.538000004585402003e+01,2.200000000000000000e+01,2.500000000000000000e+01
1.539000004588383419e+01,2.200000000000000000e+01,2.200000000000000000e+01
1.540000004591364835e+01,2.200000000000000000e+01,2.300000000000000000e+01
1.541000004594346251e+01,2.200000000000000000e+01,2.200000000000000000e+01
1.542000004597327667e+01,2.300000000000000000e+01,2.200000000000000000e+01
1.543000004600309083e+01,1.900000000000000000e+01,2.200000000000000000e+01
1.544000004603290499e+01,2.400000000000000000e+01,2.800000000000000000e+01
1.545000004606271915e+01,2.200000000000000000e+01,2.400000000000000000e+01
1.546000004609253331e+01,2.300000000000000000e+01,2.500000000000000000e+01
1.547000004612234747e+01,1.900000000000000000e+01,1.900000000000000000e+01
1.548000004615216163e+01,1.900000000000000000e+01,2.100000000000000000e+01
1.549000004618197579e+01,2.200000000000000000e+01,2.300000000000000000e+01
1.550000004621178995e+01,2.600000000000000000e+01,3.000000000000000000e+01
1.551000004624160411e+01,2.200000000000000000e+01,2.300000000000000000e+01
1.552000004627141827e+01,2.600000000000000000e+01,2.800000000000000000e+01
1.553000004630123243e+01,2.400000000000000000e+01,3.000000000000000000e+01
1.554000004633104481e+01,2.300000000000000000e+01,2.700000000000000000e+01
1.555000004636085897e+01,2.600000000000000000e+01,2.800000000000000000e+01
1.556000004639067313e+01,2.800000000000000000e+01,3.200000000000000000e+01
1.557000004642048729e+01,2.700000000000000000e+01,3.000000000000000000e+01
1.558000004645030145e+01,2.100000000000000000e+01,2.300000000000000000e+01
1.559000004648011561e+01,2.200000000000000000e+01,2.800000000000000000e+01
1.560000004650992977e+01,2.500000000000000000e+01,3.300000000000000000e+01
1.561000004653974393e+01,2.300000000000000000e+01,2.800000000000000000e+01
1.562000004656955809e+01,2.300000000000000000e+01,2.600000000000000000e+01
1.563000004659937225e+01,2.100000000000000000e+01,2.200000000000000000e+01
1.564000004662918641e+01,2.300000000000000000e+01,2.300000000000000000e+01
1.565000004665900057e+01,2.200000000000000000e+01,2.400000000000000000e+01
1.566000004668881473e+01,2.100000000000000000e+01,2.100000000000000000e+01
1.567000004671862889e+01,2.400000000000000000e+01,2.600000000000000000e+01
1.568000004674844305e+01,2.400000000000000000e+01,2.900000000000000000e+01
1.569000004677825721e+01,2.200000000000000000e+01,2.400000000000000000e+01
1.570000004680807137e+01,2.100000000000000000e+01,2.400000000000000000e+01
1.571000004683788376e+01,2.400000000000000000e+01,2.800000000000000000e+01
1.572000004686769792e+01,2.300000000000000000e+01,2.800000000000000000e+01
1.573000004689751208e+01,2.100000000000000000e+01,2.200000000000000000e+01
1.574000004692732624e+01,2.300000000000000000e+01,2.500000000000000000e+01
1.575000004695714040e+01,2.500000000000000000e+01,3.000000000000000000e+01
1.576000004698695456e+01,2.400000000000000000e+01,3.000000000000000000e+01
1.577000004701676872e+01,1.900000000000000000e+01,2.000000000000000000e+01
1.578000004704658288e+01,2.400000000000000000e+01,3.100000000000000000e+01
1.579000004707639704e+01,2.400000000000000000e+01,2.700000000000000000e+01
1.580000004710621120e+01,2.300000000000000000e+01,2.500000000000000000e+01
1.581000004713602536e+01,2.400000000000000000e+01,2.500000000000000000e+01
1.582000004716583952e+01,2.400000000000000000e+01,2.700000000000000000e+01
1.583000004719565368e+01,2.400000000000000000e+01,2.400000000000000000e+01
1.584000004722546784e+01,2.100000000000000000e+01,2.200000000000000000e+01
1.585000004725528200e+01,2.300000000000000000e+01,2.600000000000000000e+01
1.586000004728509616e+01,2.300000000000000000e+01,2.400000000000000000e+01
1.587000004731491032e+01,2.200000000000000000e+01,2.500000000000000000e+01
1.588000004734472448e+01,2.200000000000000000e+01,2.000000000000000000e+01
1.589000004737453686e+01,2.100000000000000000e+01,1.700000000000000000e+01
1.590000004740435102e+01,2.300000000000000000e+01,1.900000000000000000e+01
1.591000004743416518e+01,2.300000000000000000e+01,2.700000000000000000e+01
1.592000004746397934e+01,2.100000000000000000e+01,2.300000000000000000e+01
1.593000004749379350e+01,2.300000000000000000e+01,3.000000000000000000e+01
1.594000004752360766e+01,1.900000000000000000e+01,2.400000000000000000e+01
1.595000004755342182e+01,2.000000000000000000e+01,1.800000000000000000e+01
1.596000004758323598e+01,2.100000000000000000e+01,2.400000000000000000e+01
1.597000004761305014e+01,2.200000000000000000e+01,2.500000000000000000e+01
1.598000004764286430e+01,2.200000000000000000e+01,2.400000000000000000e+01
1.599000004767267846e+01,2.200000000000000000e+01,2.700000000000000000e+01
1.600000004770249262e+01,2.200000000000000000e+01,2.400000000000000000e+01
1.601000004773230501e+01,2.500000000000000000e+01,3.200000000000000000e+01
1.602000004776212094e+01,2.500000000000000000e+01,2.400000000000000000e+01
1.603000004779193333e+01,2.300000000000000000e+01,2.900000000000000000e+01
1.604000004782174926e+01,2.300000000000000000e+01,2.800000000000000000e+01
1.605000004785156165e+01,2.400000000000000000e+01,2.800000000000000000e+01
1.606000004788137758e+01,2.400000000000000000e+01,2.500000000000000000e+01
1.607000004791118997e+01,2.500000000000000000e+01,2.900000000000000000e+01
1.608000004794100590e+01,2.500000000000000000e+01,2.500000000000000000e+01
1.609000004797081829e+01,2.400000000000000000e+01,2.100000000000000000e+01
1.610000004800063422e+01,2.600000000000000000e+01,2.600000000000000000e+01
1.611000004803044661e+01,2.600000000000000000e+01,2.900000000000000000e+01
1.612000004806026254e+01,2.400000000000000000e+01,2.800000000000000000e+01
1.613000004809007493e+01,2.400000000000000000e+01,2.500000000000000000e+01
1.614000004811989086e+01,3.000000000000000000e+01,3.500000000000000000e+01
1.615000004814970325e+01,3.000000000000000000e+01,3.100000000000000000e+01
1.616000004817951563e+01,2.700000000000000000e+01,3.400000000000000000e+01
1.617000004820933157e+01,2.600000000000000000e+01,3.300000000000000000e+01
1.618000004823914395e+01,2.700000000000000000e+01,3.100000000000000000e+01
1.619000004826895989e+01,2.900000000000000000e+01,3.300000000000000000e+01
1.620000004829877227e+01,2.900000000000000000e+01,3.300000000000000000e+01
1.621000004832858821e+01,3.100000000000000000e+01,4.000000000000000000e+01
1.622000004835840059e+01,3.100000000000000000e+01,4.500000000000000000e+01
1.623000004838821653e+01,3.400000000000000000e+01,4.400000000000000000e+01
1.624000004841802891e+01,3.100000000000000000e+01,4.300000000000000000e+01
1.625000004844784485e+01,2.900000000000000000e+01,3.500000000000000000e+01
1.626000004847765723e+01,3.000000000000000000e+01,3.800000000000000000e+01
1.627000004850747317e+01,2.900000000000000000e+01,3.600000000000000000e+01
1.628000004853728555e+01,2.600000000000000000e+01,3.000000000000000000e+01
1.629000004856710149e+01,3.100000000000000000e+01,3.800000000000000000e+01
1.630000004859691387e+01,2.900000000000000000e+01,3.400000000000000000e+01
1.631000004862672981e+01,3.100000000000000000e+01,3.700000000000000000e+01
1.632000004865654219e+01,2.800000000000000000e+01,3.500000000000000000e+01
1.633000004868635457e+01,3.000000000000000000e+01,3.700000000000000000e+01
1.634000004871617051e+01,3.200000000000000000e+01,4.100000000000000000e+01
1.635000004874598289e+01,3.200000000000000000e+01,4.500000000000000000e+01
1.636000004877579883e+01,3.400000000000000000e+01,5.800000000000000000e+01
1.637000004880561121e+01,3.500000000000000000e+01,4.400000000000000000e+01
1.638000004883542715e+01,3.000000000000000000e+01,3.900000000000000000e+01
1.639000004886523953e+01,3.200000000000000000e+01,4.100000000000000000e+01
1.640000004889505547e+01,3.400000000000000000e+01,4.600000000000000000e+01
1.641000004892486785e+01,3.700000000000000000e+01,5.200000000000000000e+01
1.642000004895468379e+01,3.300000000000000000e+01,4.500000000000000000e+01
1.643000004898449617e+01,3.200000000000000000e+01,3.800000000000000000e+01
1.644000004901431211e+01,2.900000000000000000e+01,3.700000000000000000e+01
1.645000004904412449e+01,3.100000000000000000e+01,3.700000000000000000e+01
1.646000004907394043e+01,3.500000000000000000e+01,4.300000000000000000e+01
1.647000004910375281e+01,3.000000000000000000e+01,3.400000000000000000e+01
1.648000004913356875e+01,3.200000000000000000e+01,3.900000000000000000e+01
1.649000004916338114e+01,3.400000000000000000e+01,4.000000000000000000e+01
1.650000004919319352e+01,3.400000000000000000e+01,4.700000000000000000e+01
1.651000004922300946e+01,2.900000000000000000e+01,2.800000000000000000e+01
1.652000004925282184e+01,3.000000000000000000e+01,3.600000000000000000e+01
1.653000004928263778e+01,2.600000000000000000e+01,3.000000000000000000e+01
1.654000004931245016e+01,2.800000000000000000e+01,2.800000000000000000e+01
1.655000004934226610e+01,3.100000000000000000e+01,3.500000000000000000e+01
1.656000004937207848e+01,2.600000000000000000e+01,3.100000000000000000e+01
1.657000004940189442e+01,3.100000000000000000e+01,4.000000000000000000e+01
1.658000004943170680e+01,2.600000000000000000e+01,3.400000000000000000e+01
1.659000004946152274e+01,3.100000000000000000e+01,4.000000000000000000e+01
1.660000004949133512e+01,2.900000000000000000e+01,3.100000000000000000e+01
1.661000004952115106e+01,2.900000000000000000e+01,3.100000000000000000e+01
1.662000004955096344e+01,2.600000000000000000e+01,2.900000000000000000e+01
1.663000004958077938e+01,3.000000000000000000e+01,3.000000000000000000e+01
1.664000004961059176e+01,3.100000000000000000e+01,3.700000000000000000e+01
1.665000004964040770e+01,3.300000000000000000e+01,3.800000000000000000e+01
1.666000004967022008e+01,3.400000000000000000e+01,5.100000000000000000e+01
1.667000004970003246e+01,3.300000000000000000e+01,4.700000000000000000e+01
1.668000004972984840e+01,3.600000000000000000e+01,4.600000000000000000e+01
1.669000004975966078e+01,3.400000000000000000e+01,4.800000000000000000e+01
1.670000004978947672e+01,3.500000000000000000e+01,4.900000000000000000e+01
1.671000004981928910e+01,3.700000000000000000e+01,4.100000000000000000e+01
1.672000004984910504e+01,3.300000000000000000e+01,3.400000000000000000e+01
1.673000004987891742e+01,3.300000000000000000e+01,4.100000000000000000e+01
1.674000004990873336e+01,3.400000000000000000e+01,4.000000000000000000e+01
1.675000004993854574e+01,3.100000000000000000e+01,4.100000000000000000e+01
1.676000004996836168e+01,3.300000000000000000e+01,4.300000000000000000e+01
1.677000004999817406e+01,3.200000000000000000e+01,4.000000000000000000e+01
1.678000005002799000e+01,3.100000000000000000e+01,4.000000000000000000e+01
1.679000005005780238e+01,3.200000000000000000e+01,3.900000000000000000e+01
1.680000005008761832e+01,3.200000000000000000e+01,4.300000000000000000e+01
1.681000005011743070e+01,3.100000000000000000e+01,4.200000000000000000e+01
1.682000005014724664e+01,3.200000000000000000e+01,3.500000000000000000e+01
1.683000005017705902e+01,3.300000000000000000e+01,3.800000000000000000e+01
1.684000005020687141e+01,3.800000000000000000e+01,4.500000000000000000e+01
1.685000005023668734e+01,3.200000000000000000e+01,3.900000000000000000e+01
1.686000005026649973e+01,3.500000000000000000e+01,4.500000000000000000e+01
1.687000005029631566e+01,3.100000000000000000e+01,3.300000000000000000e+01
1.688000005032612805e+01,3.400000000000000000e+01,4.100000000000000000e+01
1.689000005035594398e+01,3.300000000000000000e+01,3.900000000000000000e+01
1.690000005038575637e+01,3.100000000000000000e+01,3.700000000000000000e+01
1.691000005041557230e+01,3.300000000000000000e+01,4.200000000000000000e+01
1.692000005044538469e+01,3.100000000000000000e+01,3.200000000000000000e+01
1.693000005047520062e+01,3.300000000000000000e+01,4.700000000000000000e+01
1.694000005050501301e+01,3.400000000000000000e+01,4.900000000000000000e+01
1.695000005053482894e+01,3.300000000000000000e+01,4.100000000000000000e+01
1.696000005056464133e+01,3.400000000000000000e+01,4.600000000000000000e+01
1.697000005059445726e+01,3.100000000000000000e+01,3.700000000000000000e+01
1.698000005062426965e+01,3.300000000000000000e+01,3.900000000000000000e+01
1.699000005065408558e+01,3.500000000000000000e+01,4.800000000000000000e+01
1.700000005068389797e+01,3.400000000000000000e+01,4.000000000000000000e+01
1.701000005071371035e+01,3.200000000000000000e+01,3.500000000000000000e+01
1.702000005074352629e+01,3.100000000000000000e+01,3.600000000000000000e+01
1.703000005077333867e+01,3.200000000000000000e+01,3.700000000000000000e+01
1.704000005080315461e+01,2.900000000000000000e+01,3.300000000000000000e+01
1.705000005083296699e+01,3.000000000000000000e+01,3.600000000000000000e+01
1.706000005086278293e+01,3.300000000000000000e+01,3.900000000000000000e+01
1.707000005089259531e+01,3.500000000000000000e+01,4.000000000000000000e+01
1.708000005092241125e+01,3.200000000000000000e+01,3.700000000000000000e+01
1.709000005095222363e+01,3.300000000000000000e+01,3.600000000000000000e+01
1.710000005098203957e+01,3.100000000000000000e+01,3.800000000000000000e+01
1.711000005101185195e+01,3.500000000000000000e+01,3.700000000000000000e+01
1.712000005104166789e+01,3.500000000000000000e+01,4.500000000000000000e+01
1.713000005107148027e+01,3.500000000000000000e+01,4.200000000000000000e+01
1.714000005110129621e+01,3.400000000000000000e+01,4.400000000000000000e+01
1.715000005113110859e+01,3.200000000000000000e+01,3.400000000000000000e+01
1.716000005116092453e+01,3.500000000000000000e+01,4.400000000000000000e+01
1.717000005119073691e+01,3.300000000000000000e+01,4.300000000000000000e+01
1.718000005122055285e+01,3.400000000000000000e+01,4.700000000000000000e+01
1.719000005125036523e+01,3.200000000000000000e+01,4.400000000000000000e+01
1.720000005128017762e+01,3.400000000000000000e+01,4.000000000000000000e+01
1.721000005130999355e+01,3.700000000000000000e+01,5.100000000000000000e+01
1.722000005133980594e+01,3.000000000000000000e+01,3.800000000000000000e+01
1.723000005136962187e+01,3.000000000000000000e+01,3.000000000000000000e+01
1.724000005139943426e+01,3.400000000000000000e+01,4.800000000000000000e+01
1.725000005142925019e+01,4.000000000000000000e+01,5.300000000000000000e+01
1.726000005145906258e+01,4.000000000000000000e+01,5.300000000000000000e+01
1.727000005148887851e+01,4.000000000000000000e+01,5.200000000000000000e+01
1.728000005151869090e+01,3.900000000000000000e+01,5.900000000000000000e+01
1.729000005154850683e+01,3.900000000000000000e+01,5.600000000000000000e+01
1.730000005157831922e+01,3.700000000000000000e+01,4.300000000000000000e+01
1.731000005160813515e+01,3.600000000000000000e+01,4.500000000000000000e+01
1.732000005163794754e+01,3.800000000000000000e+01,5.400000000000000000e+01
1.733000005166776347e+01,4.200000000000000000e+01,6.200000000000000000e+01
1.734000005169757586e+01,4.000000000000000000e+01,5.700000000000000000e+01
1.735000005172739179e+01,4.000000000000000000e+01,5.300000000000000000e+01
1.736000005175720418e+01,3.700000000000000000e+01,4.900000000000000000e+01
1.737000005178701656e+01,4.100000000000000000e+01,6.000000000000000000e+01
1.738000005181683250e+01,4.000000000000000000e+01,5.900000000000000000e+01
1.739000005184664488e+01,4.200000000000000000e+01,6.400000000000000000e+01
1.740000005187646082e+01,4.100000000000000000e+01,6.000000000000000000e+01
1.741000005190627320e+01,4.200000000000000000e+01,6.100000000000000000e+01
1.742000005193608914e+01,4.300000000000000000e+01,6.700000000000000000e+01
1.743000005196590152e+01,4.100000000000000000e+01,5.800000000000000000e+01
1.744000005199571746e+01,3.800000000000000000e+01,5.500000000000000000e+01
1.745000005202552984e+01,3.700000000000000000e+01,5.100000000000000000e+01
1.746000005205534578e+01,4.000000000000000000e+01,5.300000000000000000e+01
1.747000005208515816e+01,3.800000000000000000e+01,5.100000000000000000e+01
1.748000005211497410e+01,4.000000000000000000e+01,6.400000000000000000e+01
1.749000005214478648e+01,4.000000000000000000e+01,5.300000000000000000e+01
1.750000005217460242e+01,4.000000000000000000e+01,5.600000000000000000e+01
1.751000005220441480e+01,3.700000000000000000e+01,5.300000000000000000e+01
1.752000005223423074e+01,3.700000000000000000e+01,4.500000000000000000e+01
1.753000005226404312e+01,3.700000000000000000e+01,5.600000000000000000e+01
1.754000005229385550e+01,4.100000000000000000e+01,6.000000000000000000e+01
1.755000005232367144e+01,4.100000000000000000e+01,5.400000000000000000e+01
1.756000005235348382e+01,4.300000000000000000e+01,5.500000000000000000e+01
1.757000005238329976e+01,4.100000000000000000e+01,5.400000000000000000e+01
1.758000005241311214e+01,3.900000000000000000e+01,5.300000000000000000e+01
1.759000005244292808e+01,3.900000000000000000e+01,5.000000000000000000e+01
1.760000005247274046e+01,3.900000000000000000e+01,5.300000000000000000e+01
1.761000005250255640e+01,4.100000000000000000e+01,6.400000000000000000e+01
1.762000005253236878e+01,3.900000000000000000e+01,5.000000000000000000e+01
1.763000005256218472e+01,3.900000000000000000e+01,6.100000000000000000e+01
1.764000005259199710e+01,4.000000000000000000e+01,5.900000000000000000e+01
1.765000005262181304e+01,3.700000000000000000e+01,4.100000000000000000e+01
1.766000005265162542e+01,3.600000000000000000e+01,4.900000000000000000e+01
1.767000005268144136e+01,3.800000000000000000e+01,5.200000000000000000e+01
1.768000005271125374e+01,4.000000000000000000e+01,5.900000000000000000e+01
1.769000005274106968e+01,3.900000000000000000e+01,5.100000000000000000e+01
1.770000005277088206e+01,4.100000000000000000e+01,5.700000000000000000e+01
1.771000005280069445e+01,4.000000000000000000e+01,5.200000000000000000e+01
1.772000005283051038e+01,4.000000000000000000e+01,5.400000000000000000e+01
1.773000005286032277e+01,3.700000000000000000e+01,5.300000000000000000e+01
1.774000005289013870e+01,4.000000000000000000e+01,5.400000000000000000e+01
1.775000005291995109e+01,3.800000000000000000e+01,5.100000000000000000e+01
1.776000005294976702e+01,4.000000000000000000e+01,6.400000000000000000e+01
1.777000005297957941e+01,3.900000000000000000e+01,5.600000000000000000e+01
1.778000005300939534e+01,4.100000000000000000e+01,5.900000000000000000e+01
1.779000005303920773e+01,3.900000000000000000e+01,5.100000000000000000e+01
1.780000005306902366e+01,3.500000000000000000e+01,4.600000000000000000e+01
1.781000005309883605e+01,3.600000000000000000e+01,4.800000000000000000e+01
1.782000005312865198e+01,3.000000000000000000e+01,3.400000000000000000e+01
1.783000005315846437e+01,3.300000000000000000e+01,3.900000000000000000e+01
1.784000005318828030e+01,3.400000000000000000e+01,4.200000000000000000e+01
1.785000005321809269e+01,3.700000000000000000e+01,4.600000000000000000e+01
1.786000005324790862e+01,3.800000000000000000e+01,5.300000000000000000e+01
1.787000005327772101e+01,3.500000000000000000e+01,4.300000000000000000e+01
1.788000005330753339e+01,3.700000000000000000e+01,4.100000000000000000e+01
1.789000005333734933e+01,3.200000000000000000e+01,4.600000000000000000e+01
1.790000005336716171e+01,3.100000000000000000e+01,3.500000000000000000e+01
1.791000005339697765e+01,3.600000000000000000e+01,4.100000000000000000e+01
1.792000005342679003e+01,3.600000000000000000e+01,4.400000000000000000e+01
1.793000005345660597e+01,3.800000000000000000e+01,4.500000000000000000e+01
1.794000005348641835e+01,3.500000000000000000e+01,4.200000000000000000e+01
1.795000005351623429e+01,3.900000000000000000e+01,5.800000000000000000e+01
1.796000005354604667e+01,3.500000000000000000e+01,4.500000000000000000e+01
1.797000005357586261e+01,3.700000000000000000e+01,4.800000000000000000e+01
1.798000005360567499e+01,3.700000000000000000e+01,4.800000000000000000e+01
1.799000005363549093e+01,3.500000000000000000e+01,4.100000000000000000e+01
1.800000005366530331e+01,3.700000000000000000e+01,5.300000000000000000e+01
1.801000005369511925e+01,3.400000000000000000e+01,3.400000000000000000e+01
1.802000005372493163e+01,3.200000000000000000e+01,4.400000000000000000e+01
1.803000005375474757e+01,3.300000000000000000e+01,4.400000000000000000e+01
1.804000005378455995e+01,3.100000000000000000e+01,3.800000000000000000e+01
1.805000005381437589e+01,3.500000000000000000e+01,4.600000000000000000e+01
1.806000005384418827e+01,3.100000000000000000e+01,4.500000000000000000e+01
1.807000005387400066e+01,3.200000000000000000e+01,4.600000000000000000e+01
1.808000005390381659e+01,3.400000000000000000e+01,4.900000000000000000e+01
1.809000005393362898e+01,3.700000000000000000e+01,4.600000000000000000e+01
1.810000005396344491e+01,3.600000000000000000e+01,4.800000000000000000e+01
1.811000005399325730e+01,3.500000000000000000e+01,4.600000000000000000e+01
1.812000005402307323e+01,3.100000000000000000e+01,4.300000000000000000e+01
1.813000005405288562e+01,3.300000000000000000e+01,4.100000000000000000e+01
1.814000005408270155e+01,3.300000000000000000e+01,4.000000000000000000e+01
1.815000005411251394e+01,3.100000000000000000e+01,3.700000000000000000e+01
1.816000005414232987e+01,3.500000000000000000e+01,4.700000000000000000e+01
1.817000005417214226e+01,3.400000000000000000e+01,4.000000000000000000e+01
1.818000005420195819e+01,3.500000000000000000e+01,4.700000000000000000e+01
1.819000005423177058e+01,3.700000000000000000e+01,4.400000000000000000e+01
1.820000005426158651e+01,3.800000000000000000e+01,4.600000000000000000e+01
1.821000005429139890e+01,4.100000000000000000e+01,5.600000000000000000e+01
1.822000005432121483e+01,4.300000000000000000e+01,5.100000000000000000e+01
1.823000005435102722e+01,3.700000000000000000e+01,4.700000000000000000e+01
1.824000005438083960e+01,3.900000000000000000e+01,5.100000000000000000e+01
1.825000005441065554e+01,4.200000000000000000e+01,6.300000000000000000e+01
1.826000005444046792e+01,3.700000000000000000e+01,4.700000000000000000e+01
1.827000005447028386e+01,3.800000000000000000e+01,4.900000000000000000e+01
1.828000005450009624e+01,3.800000000000000000e+01,5.900000000000000000e+01
1.829000005452991218e+01,4.100000000000000000e+01,5.800000000000000000e+01
1.830000005455972456e+01,4.200000000000000000e+01,5.600000000000000000e+01
1.831000005458954050e+01,3.900000000000000000e+01,5.100000000000000000e+01
1.832000005461935288e+01,3.900000000000000000e+01,4.800000000000000000e+01
1.833000005464916882e+01,3.400000000000000000e+01,4.200000000000000000e+01
1.834000005467898120e+01,3.400000000000000000e+01,4.600000000000000000e+01
1.835000005470879714e+01,3.600000000000000000e+01,4.700000000000000000e+01
1.836000005473860952e+01,3.700000000000000000e+01,4.900000000000000000e+01
1.837000005476842546e+01,3.600000000000000000e+01,5.100000000000000000e+01
1.838000005479823784e+01,3.400000000000000000e+01,4.700000000000000000e+01
1.839000005482805378e+01,3.500000000000000000e+01,4.800000000000000000e+01
1.840000005485786616e+01,3.800000000000000000e+01,5.200000000000000000e+01
1.841000005488767854e+01,3.800000000000000000e+01,5.100000000000000000e+01
1.842000005491749448e+01,3.800000000000000000e+01,5.600000000000000000e+01
1.843000005494730686e+01,3.800000000000000000e+01,5.500000000000000000e+01
1.844000005497712280e+01,3.600000000000000000e+01,5.100000000000000000e+01
1.845000005500693518e+01,4.000000000000000000e+01,6.000000000000000000e+01
1.846000005503675112e+01,4.200000000000000000e+01,6.000000000000000000e+01
1.847000005506656350e+01,4.000000000000000000e+01,5.900000000000000000e+01
1.848000005509637944e+01,3.500000000000000000e+01,4.400000000000000000e+01
1.849000005512619182e+01,3.700000000000000000e+01,5.500000000000000000e+01
1.850000005515600776e+01,3.600000000000000000e+01,5.700000000000000000e+01
1.851000005518582014e+01,3.600000000000000000e+01,5.500000000000000000e+01
1.852000005521563608e+01,3.900000000000000000e+01,5.300000000000000000e+01
1.853000005524544846e+01,4.100000000000000000e+01,5.900000000000000000e+01
1.854000005527526440e+01,3.900000000000000000e+01,6.700000000000000000e+01
1.855000005530507678e+01,3.700000000000000000e+01,5.300000000000000000e+01
1.856000005533489272e+01,3.800000000000000000e+01,5.100000000000000000e+01
1.857000005536470510e+01,3.600000000000000000e+01,5.500000000000000000e+01
1.858000005539451749e+01,3.600000000000000000e+01,4.800000000000000000e+01
1.859000005542433342e+01,4.000000000000000000e+01,4.900000000000000000e+01
1.860000005545414581e+01,3.900000000000000000e+01,5.500000000000000000e+01
1.861000005548396175e+01,3.700000000000000000e+01,5.600000000000000000e+01
1.862000005551377413e+01,3.700000000000000000e+01,5.900000000000000000e+01
1.863000005554359007e+01,3.500000000000000000e+01,4.900000000000000000e+01
1.864000005557340245e+01,3.600000000000000000e+01,5.400000000000000000e+01
1.865000005560321839e+01,3.600000000000000000e+01,5.700000000000000000e+01
1.866000005563303077e+01,3.700000000000000000e+01,5.300000000000000000e+01
1.867000005566284671e+01,3.300000000000000000e+01,5.000000000000000000e+01
1.868000005569265909e+01,3.200000000000000000e+01,4.600000000000000000e+01
1.869000005572247503e+01,3.700000000000000000e+01,5.300000000000000000e+01
1.870000005575228741e+01,3.600000000000000000e+01,5.000000000000000000e+01
1.871000005578210335e+01,3.900000000000000000e+01,5.400000000000000000e+01
1.872000005581191573e+01,3.300000000000000000e+01,4.400000000000000000e+01
1.873000005584173167e+01,3.600000000000000000e+01,5.400000000000000000e+01
1.874000005587154405e+01,4.100000000000000000e+01,5.900000000000000000e+01
1.875000005590135643e+01,3.900000000000000000e+01,6.100000000000000000e+01
1.876000005593117237e+01,3.600000000000000000e+01,4.900000000000000000e+01
1.877000005596098475e+01,3.700000000000000000e+01,5.200000000000000000e+01
1.878000005599080069e+01,3.800000000000000000e+01,5.600000000000000000e+01
1.879000005602061307e+01,3.500000000000000000e+01,5.000000000000000000e+01
1.880000005605042901e+01,3.700000000000000000e+01,5.100000000000000000e+01
1.881000005608024139e+01,3.800000000000000000e+01,5.900000000000000000e+01
1.882000005611005733e+01,3.600000000000000000e+01,5.400000000000000000e+01
1.883000005613986971e+01,3.300000000000000000e+01,4.300000000000000000e+01
1.884000005616968565e+01,3.200000000000000000e+01,4.800000000000000000e+01
1.885000005619949803e+01,3.400000000000000000e+01,4.400000000000000000e+01
1.886000005622931397e+01,3.200000000000000000e+01,4.200000000000000000e+01
1.887000005625912635e+01,3.300000000000000000e+01,4.600000000000000000e+01
1.888000005628894229e+01,3.300000000000000000e+01,5.200000000000000000e+01
1.889000005631875467e+01,3.400000000000000000e+01,4.100000000000000000e+01
1.890000005634857061e+01,3.400000000000000000e+01,5.000000000000000000e+01
1.891000005637838299e+01,3.600000000000000000e+01,5.200000000000000000e+01
1.892000005640819538e+01,3.200000000000000000e+01,4.000000000000000000e+01
1.893000005643801131e+01,3.400000000000000000e+01,4.500000000000000000e+01
1.894000005646782370e+01,3.800000000000000000e+01,5.100000000000000000e+01
1.895000005649763963e+01,3.500000000000000000e+01,4.700000000000000000e+01
1.896000005652745202e+01,3.600000000000000000e+01,4.600000000000000000e+01
1.897000005655726795e+01,3.700000000000000000e+01,5.600000000000000000e+01
1.898000005658708034e+01,3.600000000000000000e+01,5.000000000000000000e+01
1.899000005661689627e+01,3.400000000000000000e+01,5.300000000000000000e+01
1.900000005664670866e+01,3.900000000000000000e+01,6.300000000000000000e+01
1.901000005667652459e+01,3.500000000000000000e+01,5.000000000000000000e+01
1.902000005670633698e+01,3.800000000000000000e+01,4.500000000000000000e+01
1.903000005673615291e+01,3.600000000000000000e+01,5.200000000000000000e+01
1.904000005676596530e+01,3.200000000000000000e+01,4.100000000000000000e+01
1.905000005679578123e+01,3.600000000000000000e+01,4.900000000000000000e+01
1.906000005682559362e+01,3.800000000000000000e+01,5.300000000000000000e+01
1.907000005685540955e+01,3.500000000000000000e+01,4.700000000000000000e+01
1.908000005688522194e+01,3.400000000000000000e+01,3.900000000000000000e+01
1.909000005691503787e+01,3.500000000000000000e+01,4.600000000000000000e+01
1.910000005694485026e+01,3.300000000000000000e+01,3.400000000000000000e+01
1.911000005697466264e+01,3.700000000000000000e+01,5.200000000000000000e+01
1.912000005700447858e+01,3.600000000000000000e+01,4.800000000000000000e+01
1.913000005703429096e+01,3.800000000000000000e+01,4.300000000000000000e+01
1.914000005706410690e+01,3.500000000000000000e+01,5.200000000000000000e+01
1.915000005709391928e+01,3.900000000000000000e+01,5.500000000000000000e+01
1.916000005712373522e+01,4.000000000000000000e+01,5.100000000000000000e+01
1.917000005715354760e+01,4.400000000000000000e+01,6.900000000000000000e+01
1.918000005718336354e+01,4.000000000000000000e+01,6.600000000000000000e+01
1.919000005721317592e+01,3.900000000000000000e+01,6.400000000000000000e+01
1.920000005724299186e+01,3.800000000000000000e+01,5.700000000000000000e+01
1.921000005727280424e+01,4.100000000000000000e+01,5.800000000000000000e+01
1.922000005730262018e+01,3.900000000000000000e+01,5.600000000000000000e+01
1.923000005733243256e+01,4.100000000000000000e+01,5.000000000000000000e+01
1.924000005736224850e+01,3.900000000000000000e+01,5.400000000000000000e+01
1.925000005739206088e+01,3.600000000000000000e+01,4.900000000000000000e+01
1.926000005742187682e+01,3.800000000000000000e+01,4.600000000000000000e+01
1.927000005745168920e+01,3.400000000000000000e+01,4.700000000000000000e+01
1.928000005748150159e+01,3.600000000000000000e+01,5.000000000000000000e+01
1.929000005751131752e+01,3.800000000000000000e+01,5.400000000000000000e+01
1.930000005754112991e+01,3.400000000000000000e+01,4.200000000000000000e+01
1.931000005757094584e+01,3.500000000000000000e+01,4.300000000000000000e+01
1.932000005760075823e+01,3.300000000000000000e+01,4.400000000000000000e+01
1.933000005763057416e+01,3.400000000000000000e+01,4.400000000000000000e+01
1.934000005766038655e+01,3.600000000000000000e+01,4.700000000000000000e+01
1.935000005769020248e+01,3.500000000000000000e+01,4.900000000000000000e+01
1.936000005772001487e+01,3.600000000000000000e+01,4.800000000000000000e+01
1.937000005774983080e+01,3.800000000000000000e+01,4.700000000000000000e+01
1.938000005777964319e+01,2.900000000000000000e+01,3.600000000000000000e+01
1.939000005780945912e+01,3.100000000000000000e+01,3.400000000000000000e+01
1.940000005783927151e+01,3.100000000000000000e+01,4.000000000000000000e+01
1.941000005786908744e+01,3.100000000000000000e+01,3.600000000000000000e+01
1.942000005789889983e+01,3.000000000000000000e+01,3.500000000000000000e+01
1.943000005792871576e+01,3.500000000000000000e+01,4.100000000000000000e+01
1.944000005795852815e+01,3.000000000000000000e+01,3.200000000000000000e+01
1.945000005798834053e+01,3.200000000000000000e+01,3.700000000000000000e+01
1.946000005801815647e+01,3.200000000000000000e+01,4.000000000000000000e+01
1.947000005804796885e+01,3.100000000000000000e+01,3.600000000000000000e+01
1.948000005807778479e+01,3.100000000000000000e+01,4.000000000000000000e+01
1.949000005810759717e+01,3.100000000000000000e+01,3.800000000000000000e+01
1.950000005813741311e+01,3.400000000000000000e+01,3.600000000000000000e+01
1.951000005816722549e+01,3.100000000000000000e+01,3.400000000000000000e+01
1.952000005819704143e+01,3.300000000000000000e+01,4.500000000000000000e+01
1.953000005822685381e+01,3.200000000000000000e+01,4.000000000000000000e+01
1.954000005825666975e+01,3.500000000000000000e+01,3.600000000000000000e+01
1.955000005828648213e+01,2.900000000000000000e+01,3.300000000000000000e+01
1.956000005831629807e+01,3.200000000000000000e+01,3.800000000000000000e+01
1.957000005834611045e+01,3.200000000000000000e+01,4.300000000000000000e+01
1.958000005837592639e+01,3.200000000000000000e+01,2.800000000000000000e+01
1.959000005840573877e+01,2.900000000000000000e+01,3.300000000000000000e+01
1.960000005843555471e+01,3.400000000000000000e+01,4.400000000000000000e+01
1.961000005846536709e+01,3.500000000000000000e+01,4.500000000000000000e+01
1.962000005849517947e+01,2.800000000000000000e+01,3.500000000000000000e+01
1.963000005852499541e+01,3.100000000000000000e+01,4.200000000000000000e+01
1.964000005855480779e+01,3.400000000000000000e+01,5.100000000000000000e+01
1.965000005858462373e+01,3.400000000000000000e+01,4.200000000000000000e+01
1.966000005861443611e+01,3.400000000000000000e+01,4.400000000000000000e+01
1.967000005864425205e+01,3.000000000000000000e+01,3.600000000000000000e+01
1.968000005867406443e+01,2.700000000000000000e+01,3.300000000000000000e+01
1.969000005870388037e+01,2.800000000000000000e+01,3.700000000000000000e+01
1.970000005873369275e+01,3.400000000000000000e+01,3.900000000000000000e+01
1.971000005876350869e+01,3.200000000000000000e+01,3.700000000000000000e+01
1.972000005879332107e+01,3.100000000000000000e+01,4.200000000000000000e+01
1.973000005882313701e+01,3.300000000000000000e+01,4.100000000000000000e+01
1.974000005885294939e+01,2.900000000000000000e+01,3.300000000000000000e+01
1.975000005888276533e+01,3.200000000000000000e+01,4.000000000000000000e+01
1.976000005891257771e+01,2.900000000000000000e+01,3.300000000000000000e+01
1.977000005894239365e+01,2.900000000000000000e+01,3.300000000000000000e+01
1.978000005897220603e+01,3.200000000000000000e+01,3.800000000000000000e+01
1.979000005900201842e+01,2.500000000000000000e+01,2.700000000000000000e+01
1.980000005903183435e+01,3.000000000000000000e+01,2.900000000000000000e+01
1.981000005906164674e+01,3.300000000000000000e+01,3.700000000000000000e+01
1.982000005909146267e+01,2.600000000000000000e+01,3.500000000000000000e+01
1.983000005912127506e+01,3.100000000000000000e+01,3.600000000000000000e+01
1.984000005915109099e+01,3.000000000000000000e+01,3.900000000000000000e+01
1.985000005918090338e+01,2.700000000000000000e+01,2.900000000000000000e+01
1.986000005921071931e+01,2.900000000000000000e+01,3.700000000000000000e+01
1.987000005924053170e+01,2.700000000000000000e+01,3.000000000000000000e+01
1.988000005927034763e+01,3.200000000000000000e+01,3.800000000000000000e+01
1.989000005930016002e+01,3.300000000000000000e+01,3.500000000000000000e+01
1.990000005932997595e+01,2.700000000000000000e+01,3.000000000000000000e+01
1.991000005935978834e+01,2.900000000000000000e+01,3.500000000000000000e+01
1.992000005938960427e+01,2.900000000000000000e+01,3.400000000000000000e+01
1.993000005941941666e+01,2.700000000000000000e+01,2.900000000000000000e+01
1.994000005944923259e+01,2.700000000000000000e+01,3.300000000000000000e+01
1.995000005947904498e+01,2.900000000000000000e+01,3.400000000000000000e+01
1.996000005950885736e+01,2.700000000000000000e+01,3.100000000000000000e+01
1.997000005953867330e+01,2.700000000000000000e+01,3.100000000000000000e+01
1.998000005956848568e+01,2.600000000000000000e+01,3.200000000000000000e+01
1.999000005959830162e+01,2.900000000000000000e+01,3.700000000000000000e+01
2.000000005962811400e+01,2.500000000000000000e+01,3.000000000000000000e+01
2.001000005965792994e+01,2.400000000000000000e+01,2.800000000000000000e+01
2.002000005968774232e+01,2.600000000000000000e+01,3.100000000000000000e+01
2.003000005971755826e+01,2.500000000000000000e+01,2.500000000000000000e+01
2.004000005974737064e+01,2.500000000000000000e+01,2.600000000000000000e+01
2.005000005977718658e+01,2.700000000000000000e+01,3.000000000000000000e+01
2.006000005980699896e+01,2.300000000000000000e+01,2.400000000000000000e+01
2.007000005983681490e+01,2.400000000000000000e+01,2.300000000000000000e+01
2.008000005986662728e+01,2.600000000000000000e+01,2.500000000000000000e+01
2.009000005989644322e+01,2.500000000000000000e+01,2.400000000000000000e+01
2.010000005992625560e+01,3.200000000000000000e+01,4.100000000000000000e+01
2.011000005995607154e+01,3.300000000000000000e+01,4.600000000000000000e+01
2.012000005998588392e+01,2.700000000000000000e+01,3.000000000000000000e+01
2.013000006001569986e+01,2.700000000000000000e+01,2.800000000000000000e+01
2.014000006004551224e+01,3.100000000000000000e+01,3.300000000000000000e+01
2.015000006007532463e+01,2.600000000000000000e+01,2.700000000000000000e+01
2.016000006010514056e+01,3.000000000000000000e+01,3.600000000000000000e+01
2.017000006013495295e+01,2.800000000000000000e+01,3.300000000000000000e+01
2.018000006016476888e+01,2.900000000000000000e+01,3.000000000000000000e+01
2.019000006019458127e+01,3.000000000000000000e+01,4.000000000000000000e+01
2.020000006022439720e+01,2.800000000000000000e+01,3.200000000000000000e+01
2.021000006025420959e+01,2.500000000000000000e+01,3.200000000000000000e+01
2.022000006028402552e+01,3.000000000000000000e+01,3.800000000000000000e+01
2.023000006031383791e+01,2.500000000000000000e+01,2.800000000000000000e+01
2.024000006034365384e+01,2.800000000000000000e+01,3.400000000000000000e+01
2.025000006037346623e+01,3.000000000000000000e+01,3.400000000000000000e+01
2.026000006040328216e+01,2.500000000000000000e+01,3.200000000000000000e+01
2.027000006043309455e+01,2.700000000000000000e+01,3.800000000000000000e+01
2.028000006046291048e+01,2.800000000000000000e+01,3.900000000000000000e+01
2.029000006049272287e+01,2.900000000000000000e+01,3.600000000000000000e+01
2.030000006052253880e+01,2.900000000000000000e+01,3.800000000000000000e+01
2.031000006055235119e+01,2.900000000000000000e+01,3.400000000000000000e+01
2.032000006058216357e+01,2.700000000000000000e+01,3.000000000000000000e+01
2.033000006061197951e+01,2.800000000000000000e+01,3.200000000000000000e+01
2.034000006064179189e+01,2.900000000000000000e+01,3.400000000000000000e+01
2.035000006067160783e+01,2.800000000000000000e+01,3.600000000000000000e+01
2.036000006070142021e+01,2.800000000000000000e+01,2.800000000000000000e+01
2.037000006073123615e+01,2.500000000000000000e+01,2.800000000000000000e+01
2.038000006076104853e+01,3.100000000000000000e+01,3.600000000000000000e+01
2.039000006079086447e+01,2.800000000000000000e+01,3.100000000000000000e+01
2.040000006082067685e+01,2.900000000000000000e+01,3.200000000000000000e+01
2.041000006085049279e+01,3.000000000000000000e+01,2.900000000000000000e+01
2.042000006088030517e+01,2.800000000000000000e+01,3.300000000000000000e+01
2.043000006091012111e+01,2.700000000000000000e+01,3.200000000000000000e+01
2.044000006093993349e+01,3.100000000000000000e+01,3.500000000000000000e+01
2.045000006096974943e+01,2.700000000000000000e+01,3.300000000000000000e+01
2.046000006099956181e+01,2.900000000000000000e+01,3.700000000000000000e+01
2.047000006102937775e+01,2.800000000000000000e+01,3.900000000000000000e+01
2.048000006105919013e+01,3.100000000000000000e+01,3.700000000000000000e+01
2.049000006108900251e+01,2.900000000000000000e+01,4.000000000000000000e+01
2.050000006111881845e+01,2.900000000000000000e+01,3.500000000000000000e+01
2.051000006114863083e+01,3.000000000000000000e+01,3.400000000000000000e+01
2.052000006117844677e+01,2.700000000000000000e+01,3.900000000000000000e+01
2.053000006120825915e+01,2.700000000000000000e+01,3.100000000000000000e+01
2.054000006123807509e+01,2.800000000000000000e+01,3.600000000000000000e+01
2.055000006126788747e+01,3.500000000000000000e+01,4.800000000000000000e+01
2.056000006129770341e+01,3.100000000000000000e+01,4.500000000000000000e+01
2.057000006132751579e+01,2.700000000000000000e+01,2.700000000000000000e+01
2.058000006135733173e+01,3.700000000000000000e+01,4.400000000000000000e+01
2.059000006138714411e+01,3.300000000000000000e+01,4.000000000000000000e+01
2.060000006141696005e+01,3.500000000000000000e+01,4.200000000000000000e+01
2.061000006144677243e+01,2.900000000000000000e+01,3.600000000000000000e+01
2.062000006147658837e+01,3.100000000000000000e+01,4.000000000000000000e+01
2.063000006150640075e+01,3.500000000000000000e+01,4.100000000000000000e+01
2.064000006153621669e+01,3.200000000000000000e+01,3.600000000000000000e+01
2.065000006156602907e+01,3.200000000000000000e+01,3.600000000000000000e+01
2.066000006159584146e+01,3.200000000000000000e+01,4.000000000000000000e+01
2.067000006162565739e+01,3.100000000000000000e+01,3.500000000000000000e+01
2.068000006165546978e+01,3.300000000000000000e+01,3.800000000000000000e+01
2.069000006168528571e+01,3.200000000000000000e+01,4.800000000000000000e+01
2.070000006171509810e+01,3.100000000000000000e+01,4.200000000000000000e+01
2.071000006174491403e+01,3.300000000000000000e+01,4.300000000000000000e+01
2.072000006177472642e+01,3.000000000000000000e+01,3.600000000000000000e+01
2.073000006180454236e+01,2.700000000000000000e+01,3.100000000000000000e+01
2.074000006183435474e+01,3.100000000000000000e+01,3.800000000000000000e+01
2.075000006186417068e+01,3.200000000000000000e+01,4.100000000000000000e+01
2.076000006189398306e+01,3.400000000000000000e+01,3.800000000000000000e+01
2.077000006192379900e+01,3.200000000000000000e+01,3.800000000000000000e+01
2.078000006195361138e+01,3.400000000000000000e+01,4.700000000000000000e+01
2.079000006198342732e+01,3.100000000000000000e+01,3.700000000000000000e+01
2.080000006201323970e+01,3.500000000000000000e+01,4.500000000000000000e+01
2.081000006204305564e+01,3.500000000000000000e+01,4.500000000000000000e+01
2.082000006207286802e+01,3.400000000000000000e+01,4.300000000000000000e+01
2.083000006210268040e+01,3.200000000000000000e+01,4.200000000000000000e+01
2.084000006213249634e+01,3.100000000000000000e+01,3.600000000000000000e+01
2.085000006216230872e+01,3.100000000000000000e+01,4.200000000000000000e+01
2.086000006219212466e+01,3.200000000000000000e+01,4.400000000000000000e+01
2.087000006222193704e+01,3.200000000000000000e+01,4.000000000000000000e+01
2.088000006225175298e+01,3.600000000000000000e+01,5.100000000000000000e+01
2.089000006228156536e+01,3.300000000000000000e+01,4.500000000000000000e+01
2.090000006231138130e+01,3.200000000000000000e+01,3.800000000000000000e+01
2.091000006234119368e+01,3.700000000000000000e+01,5.100000000000000000e+01
2.092000006237100962e+01,3.400000000000000000e+01,4.500000000000000000e+01
2.093000006240082200e+01,3.100000000000000000e+01,3.600000000000000000e+01
2.094000006243063794e+01,3.300000000000000000e+01,4.400000000000000000e+01
2.095000006246045032e+01,3.200000000000000000e+01,4.300000000000000000e+01
2.096000006249026626e+01,3.100000000000000000e+01,4.100000000000000000e+01
2.097000006252007864e+01,3.300000000000000000e+01,4.400000000000000000e+01
2.098000006254989458e+01,3.000000000000000000e+01,3.600000000000000000e+01
2.099000006257970696e+01,3.400000000000000000e+01,4.300000000000000000e+01
2.100000006260952290e+01,3.100000000000000000e+01,3.700000000000000000e+01
2.101000006263933528e+01,3.400000000000000000e+01,4.300000000000000000e+01
2.102000006266914767e+01,3.300000000000000000e+01,4.000000000000000000e+01
2.103000006269896360e+01,3.600000000000000000e+01,5.100000000000000000e+01
2.104000006272877599e+01,2.800000000000000000e+01,3.900000000000000000e+01
2.105000006275859192e+01,3.400000000000000000e+01,4.000000000000000000e+01
2.106000006278840431e+01,3.300000000000000000e+01,3.900000000000000000e+01
2.107000006281822024e+01,3.000000000000000000e+01,3.600000000000000000e+01
2.108000006284803263e+01,3.100000000000000000e+01,3.800000000000000000e+01
2.109000006287784856e+01,3.100000000000000000e+01,3.400000000000000000e+01
2.110000006290766095e+01,3.200000000000000000e+01,3.400000000000000000e+01
2.111000006293747688e+01,3.400000000000000000e+01,4.600000000000000000e+01
2.112000006296728927e+01,3.300000000000000000e+01,4.300000000000000000e+01
2.113000006299710520e+01,3.600000000000000000e+01,4.900000000000000000e+01
2.114000006302691759e+01,3.400000000000000000e+01,4.700000000000000000e+01
2.115000006305673352e+01,3.100000000000000000e+01,3.600000000000000000e+01
2.116000006308654591e+01,3.200000000000000000e+01,4.300000000000000000e+01
2.117000006311636184e+01,3.500000000000000000e+01,4.500000000000000000e+01
2.118000006314617423e+01,3.000000000000000000e+01,3.600000000000000000e+01
2.119000006317598661e+01,2.900000000000000000e+01,4.100000000000000000e+01
2.120000006320580255e+01,3.000000000000000000e+01,3.500000000000000000e+01
2.121000006323561493e+01,2.900000000000000000e+01,3.800000000000000000e+01
2.122000006326543087e+01,2.800000000000000000e+01,2.900000000000000000e+01
2.123000006329524325e+01,3.000000000000000000e+01,3.900000000000000000e+01
2.124000006332505919e+01,3.200000000000000000e+01,3.800000000000000000e+01
2.125000006335487157e+01,3.300000000000000000e+01,3.900000000000000000e+01
2.126000006338468751e+01,3.100000000000000000e+01,3.900000000000000000e+01
2.127000006341449989e+01,3.200000000000000000e+01,3.700000000000000000e+01
2.128000006344431583e+01,2.800000000000000000e+01,3.400000000000000000e+01
2.129000006347412821e+01,3.000000000000000000e+01,3.200000000000000000e+01
2.130000006350394415e+01,3.100000000000000000e+01,3.800000000000000000e+01
2.131000006353375653e+01,2.700000000000000000e+01,3.000000000000000000e+01
2.132000006356357247e+01,2.800000000000000000e+01,3.100000000000000000e+01
2.133000006359338485e+01,2.900000000000000000e+01,3.100000000000000000e+01
2.134000006362320079e+01,2.900000000000000000e+01,3.100000000000000000e+01
2.135000006365301317e+01,2.800000000000000000e+01,3.600000000000000000e+01
2.136000006368282556e+01,2.800000000000000000e+01,3.200000000000000000e+01
2.137000006371264149e+01,2.900000000000000000e+01,3.700000000000000000e+01
2.138000006374245388e+01,2.800000000000000000e+01,3.100000000000000000e+01
2.139000006377226981e+01,2.900000000000000000e+01,3.200000000000000000e+01
2.140000006380208220e+01,3.100000000000000000e+01,3.400000000000000000e+01
2.141000006383189813e+01,3.200000000000000000e+01,3.500000000000000000e+01
2.142000006386171052e+01,3.500000000000000000e+01,4.300000000000000000e+01
2.143000006389152645e+01,2.900000000000000000e+01,3.500000000000000000e+01
2.144000006392133884e+01,3.100000000000000000e+01,3.900000000000000000e+01
2.145000006395115477e+01,3.100000000000000000e+01,3.800000000000000000e+01
2.146000006398096716e+01,3.000000000000000000e+01,3.900000000000000000e+01
2.147000006401078309e+01,3.500000000000000000e+01,4.000000000000000000e+01
2.148000006404059548e+01,2.800000000000000000e+01,3.600000000000000000e+01
2.149000006407041141e+01,2.700000000000000000e+01,3.200000000000000000e+01
2.150000006410022380e+01,3.100000000000000000e+01,3.900000000000000000e+01
2.151000006413003973e+01,2.900000000000000000e+01,3.900000000000000000e+01
2.152000006415985212e+01,2.900000000000000000e+01,4.000000000000000000e+01
2.153000006418966450e+01,3.300000000000000000e+01,4.300000000000000000e+01
2.154000006421948044e+01,3.300000000000000000e+01,4.300000000000000000e+01
2.155000006424929282e+01,3.200000000000000000e+01,3.800000000000000000e+01
2.156000006427910876e+01,3.000000000000000000e+01,4.400000000000000000e+01
2.157000006430892114e+01,3.000000000000000000e+01,3.400000000000000000e+01
2.158000006433873708e+01,3.100000000000000000e+01,3.400000000000000000e+01
2.159000006436854946e+01,3.400000000000000000e+01,4.400000000000000000e+01
2.160000006439836540e+01,2.900000000000000000e+01,3.600000000000000000e+01
2.161000006442817778e+01,3.100000000000000000e+01,3.900000000000000000e+01
2.162000006445799372e+01,3.200000000000000000e+01,4.700000000000000000e+01
2.163000006448780610e+01,3.300000000000000000e+01,4.400000000000000000e+01
2.164000006451762204e+01,2.800000000000000000e+01,3.400000000000000000e+01
2.165000006454743442e+01,3.100000000000000000e+01,3.700000000000000000e+01
2.166000006457725036e+01,2.700000000000000000e+01,3.300000000000000000e+01
2.167000006460706274e+01,2.900000000000000000e+01,3.200000000000000000e+01
2.168000006463687868e+01,3.100000000000000000e+01,4.000000000000000000e+01
2.169000006466669106e+01,3.300000000000000000e+01,4.400000000000000000e+01
2.170000006469650344e+01,3.000000000000000000e+01,3.600000000000000000e+01
2.171000006472631938e+01,2.900000000000000000e+01,3.900000000000000000e+01
2.172000006475613176e+01,3.100000000000000000e+01,3.500000000000000000e+01
2.173000006478594770e+01,3.100000000000000000e+01,3.200000000000000000e+01
2.174000006481576008e+01,3.200000000000000000e+01,4.300000000000000000e+01
2.175000006484557602e+01,3.300000000000000000e+01,4.800000000000000000e+01
2.176000006487538840e+01,3.200000000000000000e+01,4.900000000000000000e+01
2.177000006490520434e+01,3.400000000000000000e+01,4.500000000000000000e+01
2.178000006493501672e+01,3.100000000000000000e+01,3.900000000000000000e+01
2.179000006496483266e+01,3.100000000000000000e+01,4.100000000000000000e+01
2.180000006499464504e+01,3.000000000000000000e+01,3.400000000000000000e+01
2.181000006502446098e+01,2.900000000000000000e+01,3.200000000000000000e+01
2.182000006505427336e+01,2.700000000000000000e+01,2.900000000000000000e+01
2.183000006508408930e+01,2.800000000000000000e+01,3.900000000000000000e+01
2.184000006511390168e+01,3.000000000000000000e+01,3.500000000000000000e+01
2.185000006514371762e+01,2.900000000000000000e+01,3.400000000000000000e+01
2.186000006517353000e+01,3.000000000000000000e+01,3.400000000000000000e+01
2.187000006520334239e+01,3.000000000000000000e+01,3.300000000000000000e+01
2.188000006523315832e+01,2.800000000000000000e+01,3.100000000000000000e+01
2.189000006526297071e+01,2.700000000000000000e+01,3.000000000000000000e+01
2.190000006529278664e+01,3.100000000000000000e+01,3.200000000000000000e+01
2.191000006532259903e+01,3.100000000000000000e+01,3.500000000000000000e+01
2.192000006535241496e+01,2.900000000000000000e+01,2.900000000000000000e+01
2.193000006538222735e+01,3.200000000000000000e+01,4.100000000000000000e+01
2.194000006541204328e+01,3.000000000000000000e+01,3.700000000000000000e+01
2.195000006544185567e+01,3.200000000000000000e+01,3.700000000000000000e+01
2.196000006547167160e+01,2.900000000000000000e+01,3.200000000000000000e+01
2.197000006550148399e+01,2.900000000000000000e+01,3.000000000000000000e+01
2.198000006553129992e+01,3.000000000000000000e+01,3.600000000000000000e+01
2.199000006556111231e+01,2.800000000000000000e+01,3.100000000000000000e+01
2.200000006559092824e+01,2.700000000000000000e+01,2.900000000000000000e+01
2.201000006562074063e+01,3.100000000000000000e+01,3.900000000000000000e+01
2.202000006565055656e+01,3.000000000000000000e+01,4.100000000000000000e+01
2.203000006568036895e+01,3.200000000000000000e+01,4.100000000000000000e+01
2.204000006571018488e+01,3.200000000000000000e+01,3.700000000000000000e+01
2.205000006573999727e+01,3.200000000000000000e+01,3.600000000000000000e+01
2.206000006576980965e+01,3.000000000000000000e+01,3.300000000000000000e+01
2.207000006579962559e+01,2.800000000000000000e+01,3.800000000000000000e+01
2.208000006582943797e+01,2.800000000000000000e+01,3.200000000000000000e+01
2.209000006585925391e+01,2.900000000000000000e+01,3.900000000000000000e+01
2.210000006588906629e+01,2.600000000000000000e+01,2.900000000000000000e+01
2.211000006591888223e+01,2.800000000000000000e+01,3.000000000000000000e+01
2.212000006594869461e+01,3.000000000000000000e+01,3.700000000000000000e+01
2.213000006597851055e+01,2.600000000000000000e+01,3.600000000000000000e+01
2.214000006600832293e+01,2.800000000000000000e+01,2.900000000000000000e+01
2.215000006603813887e+01,2.700000000000000000e+01,2.900000000000000000e+01
2.216000006606795125e+01,2.900000000000000000e+01,3.800000000000000000e+01
2.217000006609776719e+01,2.400000000000000000e+01,2.500000000000000000e+01
2.218000006612757957e+01,3.000000000000000000e+01,3.500000000000000000e+01
2.219000006615739551e+01,2.900000000000000000e+01,3.600000000000000000e+01
2.220000006618720789e+01,2.500000000000000000e+01,3.000000000000000000e+01
2.221000006621702383e+01,3.000000000000000000e+01,3.700000000000000000e+01
2.222000006624683621e+01,3.000000000000000000e+01,3.700000000000000000e+01
2.223000006627664860e+01,2.500000000000000000e+01,2.900000000000000000e+01
2.224000006630646453e+01,2.800000000000000000e+01,3.400000000000000000e+01
2.225000006633627692e+01,2.600000000000000000e+01,3.200000000000000000e+01
2.226000006636609285e+01,2.800000000000000000e+01,3.500000000000000000e+01
2.227000006639590524e+01,2.700000000000000000e+01,2.900000000000000000e+01
2.228000006642572117e+01,2.700000000000000000e+01,3.300000000000000000e+01
2.229000006645553356e+01,3.100000000000000000e+01,3.800000000000000000e+01
2.230000006648534949e+01,3.000000000000000000e+01,4.100000000000000000e+01
2.231000006651516188e+01,2.900000000000000000e+01,3.000000000000000000e+01
2.232000006654497781e+01,2.900000000000000000e+01,3.700000000000000000e+01
2.233000006657479020e+01,3.400000000000000000e+01,4.100000000000000000e+01
2.234000006660460613e+01,3.100000000000000000e+01,3.600000000000000000e+01
2.235000006663441852e+01,3.000000000000000000e+01,3.700000000000000000e+01
2.236000006666423445e+01,3.000000000000000000e+01,4.200000000000000000e+01
2.237000006669404684e+01,3.200000000000000000e+01,3.800000000000000000e+01
2.238000006672386277e+01,2.900000000000000000e+01,4.000000000000000000e+01
2.239000006675367516e+01,3.200000000000000000e+01,4.600000000000000000e+01
2.240000006678348754e+01,3.000000000000000000e+01,4.200000000000000000e+01
2.241000006681330348e+01,3.300000000000000000e+01,4.500000000000000000e+01
2.242000006684311586e+01,3.300000000000000000e+01,4.200000000000000000e+01
2.243000006687293180e+01,2.900000000000000000e+01,3.100000000000000000e+01
2.244000006690274418e+01,2.800000000000000000e+01,3.000000000000000000e+01
2.245000006693256012e+01,3.100000000000000000e+01,3.500000000000000000e+01
2.246000006696237250e+01,2.900000000000000000e+01,3.300000000000000000e+01
2.247000006699218844e+01,2.900000000000000000e+01,3.400000000000000000e+01
2.248000006702200082e+01,3.200000000000000000e+01,3.500000000000000000e+01
2.249000006705181676e+01,2.600000000000000000e+01,3.500000000000000000e+01
2.250000006708162914e+01,3.100000000000000000e+01,3.600000000000000000e+01
2.251000006711144508e+01,3.100000000000000000e+01,4.200000000000000000e+01
2.252000006714125746e+01,2.700000000000000000e+01,3.300000000000000000e+01
2.253000006717107340e+01,3.100000000000000000e+01,4.100000000000000000e+01
2.254000006720088578e+01,3.300000000000000000e+01,3.900000000000000000e+01
2.255000006723070172e+01,3.300000000000000000e+01,4.000000000000000000e+01
2.256000006726051410e+01,3.100000000000000000e+01,3.700000000000000000e+01
2.257000006729032648e+01,3.600000000000000000e+01,4.900000000000000000e+01
2.258000006732014242e+01,3.600000000000000000e+01,4.600000000000000000e+01
2.259000006734995480e+01,3.200000000000000000e+01,4.800000000000000000e+01
2.260000006737977074e+01,3.500000000000000000e+01,4.600000000000000000e+01
2.261000006740958312e+01,3.000000000000000000e+01,3.600000000000000000e+01
2.262000006743939906e+01,3.400000000000000000e+01,4.300000000000000000e+01
2.263000006746921144e+01,3.300000000000000000e+01,3.500000000000000000e+01
2.264000006749902738e+01,3.400000000000000000e+01,3.900000000000000000e+01
2.265000006752883976e+01,3.900000000000000000e+01,4.400000000000000000e+01
2.266000006755865570e+01,3.300000000000000000e+01,3.500000000000000000e+01
2.267000006758846808e+01,3.700000000000000000e+01,4.200000000000000000e+01
2.268000006761828402e+01,2.900000000000000000e+01,3.600000000000000000e+01
2.269000006764809640e+01,3.200000000000000000e+01,3.500000000000000000e+01
2.270000006767791234e+01,3.200000000000000000e+01,4.100000000000000000e+01
2.271000006770772472e+01,2.800000000000000000e+01,3.300000000000000000e+01
2.272000006773754066e+01,3.100000000000000000e+01,3.800000000000000000e+01
2.273000006776735304e+01,2.800000000000000000e+01,3.900000000000000000e+01
2.274000006779716543e+01,3.200000000000000000e+01,3.600000000000000000e+01
2.275000006782698136e+01,3.100000000000000000e+01,3.300000000000000000e+01
2.276000006785679375e+01,3.000000000000000000e+01,3.900000000000000000e+01
2.277000006788660968e+01,2.900000000000000000e+01,2.900000000000000000e+01
2.278000006791642207e+01,3.100000000000000000e+01,3.600000000000000000e+01
2.279000006794623800e+01,3.200000000000000000e+01,4.700000000000000000e+01
2.280000006797605039e+01,2.800000000000000000e+01,3.100000000000000000e+01
2.281000006800586632e+01,2.900000000000000000e+01,3.600000000000000000e+01
2.282000006803567871e+01,3.300000000000000000e+01,3.900000000000000000e+01
2.283000006806549464e+01,3.200000000000000000e+01,3.800000000000000000e+01
2.284000006809530703e+01,2.800000000000000000e+01,3.800000000000000000e+01
2.285000006812512297e+01,3.200000000000000000e+01,4.000000000000000000e+01
2.286000006815493535e+01,3.100000000000000000e+01,3.700000000000000000e+01
2.287000006818475129e+01,3.300000000000000000e+01,4.300000000000000000e+01
2.288000006821456367e+01,3.300000000000000000e+01,3.800000000000000000e+01
2.289000006824437961e+01,3.300000000000000000e+01,4.300000000000000000e+01
2.290000006827419199e+01,3.400000000000000000e+01,4.400000000000000000e+01
2.291000006830400437e+01,3.300000000000000000e+01,4.300000000000000000e+01
2.292000006833382031e+01,2.900000000000000000e+01,3.300000000000000000e+01
2.293000006836363269e+01,3.400000000000000000e+01,3.800000000000000000e+01
2.294000006839344863e+01,3.100000000000000000e+01,4.000000000000000000e+01
2.295000006842326101e+01,3.200000000000000000e+01,4.300000000000000000e+01
2.296000006845307695e+01,3.000000000000000000e+01,4.100000000000000000e+01
2.297000006848288933e+01,3.100000000000000000e+01,4.100000000000000000e+01
2.298000006851270527e+01,3.500000000000000000e+01,4.600000000000000000e+01
2.299000006854251765e+01,3.400000000000000000e+01,4.900000000000000000e+01
2.300000006857233359e+01,3.100000000000000000e+01,4.600000000000000000e+01
2.301000006860214597e+01,3.100000000000000000e+01,4.400000000000000000e+01
2.302000006863196191e+01,3.000000000000000000e+01,3.800000000000000000e+01
2.303000006866177429e+01,3.000000000000000000e+01,3.300000000000000000e+01
2.304000006869159023e+01,3.300000000000000000e+01,4.200000000000000000e+01
2.305000006872140261e+01,3.100000000000000000e+01,3.700000000000000000e+01
2.306000006875121855e+01,3.500000000000000000e+01,4.000000000000000000e+01
2.307000006878103093e+01,3.000000000000000000e+01,3.800000000000000000e+01
2.308000006881084687e+01,2.700000000000000000e+01,3.400000000000000000e+01
2.309000006884065925e+01,2.800000000000000000e+01,3.100000000000000000e+01
2.310000006887047164e+01,2.900000000000000000e+01,3.600000000000000000e+01
2.311000006890028757e+01,3.300000000000000000e+01,3.600000000000000000e+01
2.312000006893009996e+01,3.200000000000000000e+01,3.700000000000000000e+01
2.313000006895991589e+01,2.900000000000000000e+01,3.700000000000000000e+01
2.314000006898972828e+01,2.900000000000000000e+01,3.500000000000000000e+01
2.315000006901954421e+01,2.900000000000000000e+01,3.400000000000000000e+01
2.316000006904935660e+01,3.400000000000000000e+01,3.900000000000000000e+01
2.317000006907917253e+01,3.400000000000000000e+01,4.100000000000000000e+01
2.318000006910898492e+01,3.100000000000000000e+01,4.100000000000000000e+01
2.319000006913880085e+01,3.000000000000000000e+01,3.000000000000000000e+01
2.320000006916861324e+01,2.700000000000000000e+01,3.100000000000000000e+01
2.321000006919842917e+01,3.100000000000000000e+01,4.200000000000000000e+01
2.322000006922824156e+01,2.900000000000000000e+01,3.400000000000000000e+01
2.323000006925805749e+01,3.400000000000000000e+01,4.500000000000000000e+01
2.324000006928786988e+01,2.800000000000000000e+01,3.600000000000000000e+01
2.325000006931768581e+01,3.000000000000000000e+01,3.500000000000000000e+01
2.326000006934749820e+01,3.000000000000000000e+01,3.700000000000000000e+01
2.327000006937731058e+01,3.300000000000000000e+01,4.200000000000000000e+01
2.328000006940712652e+01,3.300000000000000000e+01,3.700000000000000000e+01
2.329000006943693890e+01,3.000000000000000000e+01,3.900000000000000000e+01
2.330000006946675484e+01,3.000000000000000000e+01,3.900000000000000000e+01
2.331000006949656722e+01,3.200000000000000000e+01,4.600000000000000000e+01
2.332000006952638316e+01,3.200000000000000000e+01,3.700000000000000000e+01
2.333000006955619554e+01,3.100000000000000000e+01,4.200000000000000000e+01
2.334000006958601148e+01,3.400000000000000000e+01,4.400000000000000000e+01
2.335000006961582386e+01,3.300000000000000000e+01,4.200000000000000000e+01
2.336000006964563980e+01,3.400000000000000000e+01,4.600000000000000000e+01
2.337000006967545218e+01,3.200000000000000000e+01,4.400000000000000000e+01
2.338000006970526812e+01,3.300000000000000000e+01,4.900000000000000000e+01
2.339000006973508050e+01,3.500000000000000000e+01,4.000000000000000000e+01
2.340000006976489644e+01,3.300000000000000000e+01,4.200000000000000000e+01
2.341000006979470882e+01,3.300000000000000000e+01,3.700000000000000000e+01
2.342000006982452476e+01,2.900000000000000000e+01,3.500000000000000000e+01
2.343000006985433714e+01,3.100000000000000000e+01,4.000000000000000000e+01
2.344000006988414953e+01,3.000000000000000000e+01,3.600000000000000000e+01
2.345000006991396546e+01,3.200000000000000000e+01,4.000000000000000000e+01
2.346000006994377785e+01,3.100000000000000000e+01,3.500000000000000000e+01
2.347000006997359378e+01,3.200000000000000000e+01,4.000000000000000000e+01
2.348000007000340617e+01,3.200000000000000000e+01,4.200000000000000000e+01
2.349000007003322210e+01,3.000000000000000000e+01,3.700000000000000000e+01
2.350000007006303449e+01,3.300000000000000000e+01,4.200000000000000000e+01
2.351000007009285042e+01,3.600000000000000000e+01,4.400000000000000000e+01
2.352000007012266281e+01,3.100000000000000000e+01,4.200000000000000000e+01
2.353000007015247874e+01,3.200000000000000000e+01,4.100000000000000000e+01
2.354000007018229113e+01,3.100000000000000000e+01,3.700000000000000000e+01
2.355000007021210706e+01,3.200000000000000000e+01,3.600000000000000000e+01
2.356000007024191945e+01,3.300000000000000000e+01,3.800000000000000000e+01
2.357000007027173538e+01,3.200000000000000000e+01,3.500000000000000000e+01
2.358000007030154777e+01,3.100000000000000000e+01,3.800000000000000000e+01
2.359000007033136370e+01,3.100000000000000000e+01,4.300000000000000000e+01
2.360000007036117609e+01,3.600000000000000000e+01,4.700000000000000000e+01
2.361000007039098847e+01,3.100000000000000000e+01,4.000000000000000000e+01
2.362000007042080441e+01,3.200000000000000000e+01,3.900000000000000000e+01
2.363000007045061679e+01,3.000000000000000000e+01,3.500000000000000000e+01
2.364000007048043273e+01,3.200000000000000000e+01,3.400000000000000000e+01
2.365000007051024511e+01,3.100000000000000000e+01,3.900000000000000000e+01
2.366000007054006105e+01,3.200000000000000000e+01,4.500000000000000000e+01
2.367000007056987343e+01,2.900000000000000000e+01,3.200000000000000000e+01
2.368000007059968937e+01,2.800000000000000000e+01,2.900000000000000000e+01
2.369000007062950175e+01,3.100000000000000000e+01,3.700000000000000000e+01
2.370000007065931769e+01,3.500000000000000000e+01,4.500000000000000000e+01
2.371000007068913007e+01,3.000000000000000000e+01,3.400000000000000000e+01
2.372000007071894601e+01,3.100000000000000000e+01,3.700000000000000000e+01
2.373000007074875839e+01,2.800000000000000000e+01,3.200000000000000000e+01
2.374000007077857433e+01,3.200000000000000000e+01,3.800000000000000000e+01
2.375000007080838671e+01,3.100000000000000000e+01,4.000000000000000000e+01
2.376000007083820265e+01,2.900000000000000000e+01,3.900000000000000000e+01
2.377000007086801503e+01,3.200000000000000000e+01,4.200000000000000000e+01
2.378000007089782741e+01,3.200000000000000000e+01,3.800000000000000000e+01
2.379000007092764335e+01,3.200000000000000000e+01,3.800000000000000000e+01
2.380000007095745573e+01,3.300000000000000000e+01,4.500000000000000000e+01
2.381000007098727167e+01,2.900000000000000000e+01,3.100000000000000000e+01
2.382000007101708405e+01,3.500000000000000000e+01,4.200000000000000000e+01
2.383000007104689999e+01,3.000000000000000000e+01,3.800000000000000000e+01
2.384000007107671237e+01,3.300000000000000000e+01,4.400000000000000000e+01
2.385000007110652831e+01,3.600000000000000000e+01,4.900000000000000000e+01
2.386000007113634069e+01,3.300000000000000000e+01,4.500000000000000000e+01
2.387000007116615663e+01,3.500000000000000000e+01,4.300000000000000000e+01
2.388000007119596901e+01,3.100000000000000000e+01,4.400000000000000000e+01
2.389000007122578495e+01,3.400000000000000000e+01,4.200000000000000000e+01
2.390000007125559733e+01,3.400000000000000000e+01,4.100000000000000000e+01
2.391000007128541327e+01,3.000000000000000000e+01,3.800000000000000000e+01
2.392000007131522565e+01,2.900000000000000000e+01,4.100000000000000000e+01
2.393000007134504159e+01,3.200000000000000000e+01,3.900000000000000000e+01
2.394000007137485397e+01,3.500000000000000000e+01,4.300000000000000000e+01
2.395000007140466991e+01,3.300000000000000000e+01,4.700000000000000000e+01
2.396000007143448229e+01,3.500000000000000000e+01,4.600000000000000000e+01
2.397000007146429468e+01,3.500000000000000000e+01,4.600000000000000000e+01
2.398000007149411061e+01,3.300000000000000000e+01,4.500000000000000000e+01
2.399000007152392300e+01,3.000000000000000000e+01,3.800000000000000000e+01
2.400000007155373893e+01,3.000000000000000000e+01,3.900000000000000000e+01
2.401000007158355132e+01,3.200000000000000000e+01,3.800000000000000000e+01
2.402000007161336725e+01,3.300000000000000000e+01,4.400000000000000000e+01
2.403000007164317964e+01,3.200000000000000000e+01,4.400000000000000000e+01
2.404000007167299557e+01,2.800000000000000000e+01,3.900000000000000000e+01
2.405000007170280796e+01,3.100000000000000000e+01,4.500000000000000000e+01
2.406000007173262389e+01,2.900000000000000000e+01,3.500000000000000000e+01
2.407000007176243628e+01,3.200000000000000000e+01,4.100000000000000000e+01
2.408000007179225221e+01,3.300000000000000000e+01,4.600000000000000000e+01
2.409000007182206460e+01,3.000000000000000000e+01,3.900000000000000000e+01
2.410000007185188053e+01,3.500000000000000000e+01,4.900000000000000000e+01
2.411000007188169292e+01,3.700000000000000000e+01,6.000000000000000000e+01
2.412000007191150885e+01,3.000000000000000000e+01,4.000000000000000000e+01
2.413000007194132124e+01,3.100000000000000000e+01,4.300000000000000000e+01
2.414000007197113362e+01,3.600000000000000000e+01,4.900000000000000000e+01
2.415000007200094956e+01,3.800000000000000000e+01,4.700000000000000000e+01
2.416000007203076194e+01,3.100000000000000000e+01,3.500000000000000000e+01
2.417000007206057788e+01,3.500000000000000000e+01,4.700000000000000000e+01
2.418000007209039026e+01,3.500000000000000000e+01,4.600000000000000000e+01
2.419000007212020620e+01,3.200000000000000000e+01,3.900000000000000000e+01
2.420000007215001858e+01,3.400000000000000000e+01,4.700000000000000000e+01
2.421000007217983452e+01,3.100000000000000000e+01,4.100000000000000000e+01
2.422000007220964690e+01,3.300000000000000000e+01,4.800000000000000000e+01
2.423000007223946284e+01,3.000000000000000000e+01,4.400000000000000000e+01
2.424000007226927522e+01,3.500000000000000000e+01,4.400000000000000000e+01
2.425000007229909116e+01,3.600000000000000000e+01,4.800000000000000000e+01
2.426000007232890354e+01,3.300000000000000000e+01,4.700000000000000000e+01
2.427000007235871948e+01,3.600000000000000000e+01,4.400000000000000000e+01
2.428000007238853186e+01,3.800000000000000000e+01,5.100000000000000000e+01
2.429000007241834780e+01,3.500000000000000000e+01,5.300000000000000000e+01
2.430000007244816018e+01,3.500000000000000000e+01,4.300000000000000000e+01
2.431000007247797257e+01,3.400000000000000000e+01,4.500000000000000000e+01
2.432000007250778850e+01,3.300000000000000000e+01,3.900000000000000000e+01
2.433000007253760089e+01,3.800000000000000000e+01,4.900000000000000000e+01
2.434000007256741682e+01,3.400000000000000000e+01,4.800000000000000000e+01
2.435000007259722921e+01,3.700000000000000000e+01,3.900000000000000000e+01
2.436000007262704514e+01,3.800000000000000000e+01,4.900000000000000000e+01
2.437000007265685753e+01,3.600000000000000000e+01,3.900000000000000000e+01
2.438000007268667346e+01,3.800000000000000000e+01,5.000000000000000000e+01
2.439000007271648585e+01,3.900000000000000000e+01,5.300000000000000000e+01
2.440000007274630178e+01,3.800000000000000000e+01,5.200000000000000000e+01
2.441000007277611417e+01,3.600000000000000000e+01,4.300000000000000000e+01
2.442000007280593010e+01,3.700000000000000000e+01,4.700000000000000000e+01
2.443000007283574249e+01,4.000000000000000000e+01,5.300000000000000000e+01
2.444000007286555842e+01,3.500000000000000000e+01,5.300000000000000000e+01
2.445000007289537081e+01,3.600000000000000000e+01,5.100000000000000000e+01
2.446000007292518674e+01,3.600000000000000000e+01,4.900000000000000000e+01
2.447000007295499913e+01,3.400000000000000000e+01,4.100000000000000000e+01
2.448000007298481151e+01,3.600000000000000000e+01,5.000000000000000000e+01
2.449000007301462745e+01,3.000000000000000000e+01,4.100000000000000000e+01
2.450000007304443983e+01,3.500000000000000000e+01,4.400000000000000000e+01
2.451000007307425577e+01,3.300000000000000000e+01,4.200000000000000000e+01
2.452000007310406815e+01,4.100000000000000000e+01,4.500000000000000000e+01
2.453000007313388409e+01,3.500000000000000000e+01,4.500000000000000000e+01
2.454000007316369647e+01,3.800000000000000000e+01,5.100000000000000000e+01
2.455000007319351241e+01,3.600000000000000000e+01,5.000000000000000000e+01
2.456000007322332479e+01,3.700000000000000000e+01,5.400000000000000000e+01
2.457000007325314073e+01,3.800000000000000000e+01,5.200000000000000000e+01
2.458000007328295311e+01,4.000000000000000000e+01,5.300000000000000000e+01
2.459000007331276905e+01,4.200000000000000000e+01,6.100000000000000000e+01
2.460000007334258143e+01,3.900000000000000000e+01,5.300000000000000000e+01
2.461000007337239737e+01,3.700000000000000000e+01,4.500000000000000000e+01
2.462000007340220975e+01,3.600000000000000000e+01,4.200000000000000000e+01
2.463000007343202569e+01,3.700000000000000000e+01,5.100000000000000000e+01
2.464000007346183807e+01,3.800000000000000000e+01,5.600000000000000000e+01
2.465000007349165045e+01,3.900000000000000000e+01,5.100000000000000000e+01
2.466000007352146639e+01,4.300000000000000000e+01,5.600000000000000000e+01
2.467000007355127877e+01,3.600000000000000000e+01,4.300000000000000000e+01
2.468000007358109471e+01,3.800000000000000000e+01,4.600000000000000000e+01
2.469000007361090709e+01,3.800000000000000000e+01,5.100000000000000000e+01
2.470000007364072303e+01,3.800000000000000000e+01,4.800000000000000000e+01
2.471000007367053541e+01,3.600000000000000000e+01,4.300000000000000000e+01
2.472000007370035135e+01,3.700000000000000000e+01,4.700000000000000000e+01
2.473000007373016373e+01,3.700000000000000000e+01,4.500000000000000000e+01
2.474000007375997967e+01,4.100000000000000000e+01,4.900000000000000000e+01
2.475000007378979205e+01,3.800000000000000000e+01,5.300000000000000000e+01
2.476000007381960799e+01,3.600000000000000000e+01,5.400000000000000000e+01
2.477000007384942037e+01,4.000000000000000000e+01,4.600000000000000000e+01
2.478000007387923631e+01,3.500000000000000000e+01,4.000000000000000000e+01
2.479000007390904869e+01,3.600000000000000000e+01,4.500000000000000000e+01
2.480000007393886463e+01,3.400000000000000000e+01,4.700000000000000000e+01
2.481000007396867701e+01,3.500000000000000000e+01,4.300000000000000000e+01
2.482000007399848940e+01,3.900000000000000000e+01,4.900000000000000000e+01
2.483000007402830533e+01,4.200000000000000000e+01,5.400000000000000000e+01
2.484000007405811772e+01,3.700000000000000000e+01,5.000000000000000000e+01
2.485000007408793365e+01,3.900000000000000000e+01,5.500000000000000000e+01
2.486000007411774604e+01,3.800000000000000000e+01,5.000000000000000000e+01
2.487000007414756197e+01,3.500000000000000000e+01,4.800000000000000000e+01
2.488000007417737436e+01,3.900000000000000000e+01,6.100000000000000000e+01
2.489000007420719029e+01,3.100000000000000000e+01,3.600000000000000000e+01
2.490000007423700268e+01,3.600000000000000000e+01,4.900000000000000000e+01
2.491000007426681861e+01,3.800000000000000000e+01,5.300000000000000000e+01
2.492000007429663100e+01,4.000000000000000000e+01,5.700000000000000000e+01
2.493000007432644693e+01,3.800000000000000000e+01,5.400000000000000000e+01
2.494000007435625932e+01,3.700000000000000000e+01,5.200000000000000000e+01
2.495000007438607526e+01,4.100000000000000000e+01,6.400000000000000000e+01
2.496000007441588764e+01,3.800000000000000000e+01,5.300000000000000000e+01
2.497000007444570358e+01,4.500000000000000000e+01,6.500000000000000000e+01
2.498000007447551596e+01,3.700000000000000000e+01,5.100000000000000000e+01
2.499000007450533190e+01,3.900000000000000000e+01,4.500000000000000000e+01
2.500000007453514428e+01,3.900000000000000000e+01,5.500000000000000000e+01
2.501000007456495666e+01,3.600000000000000000e+01,5.400000000000000000e+01
2.502000007459477260e+01,3.600000000000000000e+01,5.500000000000000000e+01
2.503000007462458498e+01,3.500000000000000000e+01,5.000000000000000000e+01
2.504000007465440092e+01,3.500000000000000000e+01,4.900000000000000000e+01
2.505000007468421330e+01,3.500000000000000000e+01,4.500000000000000000e+01
2.506000007471402924e+01,3.500000000000000000e+01,5.100000000000000000e+01
2.507000007474384162e+01,3.600000000000000000e+01,4.700000000000000000e+01
2.508000007477365756e+01,3.800000000000000000e+01,5.200000000000000000e+01
2.509000007480346994e+01,3.100000000000000000e+01,3.900000000000000000e+01
2.510000007483328588e+01,3.300000000000000000e+01,4.000000000000000000e+01
2.511000007486309826e+01,3.400000000000000000e+01,4.500000000000000000e+01
2.512000007489291420e+01,3.800000000000000000e+01,5.100000000000000000e+01
2.513000007492272658e+01,3.300000000000000000e+01,4.400000000000000000e+01
2.514000007495254252e+01,3.400000000000000000e+01,4.400000000000000000e+01
2.515000007498235490e+01,3.200000000000000000e+01,4.600000000000000000e+01
2.516000007501217084e+01,3.900000000000000000e+01,5.500000000000000000e+01
2.517000007504198322e+01,3.400000000000000000e+01,4.800000000000000000e+01
2.518000007507179561e+01,3.700000000000000000e+01,5.100000000000000000e+01
2.519000007510161154e+01,3.600000000000000000e+01,4.800000000000000000e+01
2.520000007513142393e+01,3.300000000000000000e+01,5.200000000000000000e+01
2.521000007516123986e+01,3.800000000000000000e+01,5.600000000000000000e+01
2.522000007519105225e+01,3.400000000000000000e+01,4.400000000000000000e+01
2.523000007522086818e+01,3.300000000000000000e+01,4.500000000000000000e+01
2.524000007525068057e+01,3.400000000000000000e+01,4.600000000000000000e+01
2.525000007528049650e+01,3.300000000000000000e+01,3.900000000000000000e+01
2.526000007531030889e+01,3.200000000000000000e+01,4.100000000000000000e+01
2.527000007534012482e+01,3.000000000000000000e+01,4.300000000000000000e+01
2.528000007536993721e+01,3.200000000000000000e+01,4.100000000000000000e+01
2.529000007539975314e+01,3.400000000000000000e+01,4.400000000000000000e+01
2.530000007542956553e+01,3.700000000000000000e+01,5.700000000000000000e+01
2.531000007545938146e+01,3.100000000000000000e+01,4.400000000000000000e+01
2.532000007548919385e+01,3.500000000000000000e+01,5.300000000000000000e+01
2.533000007551900978e+01,3.900000000000000000e+01,5.300000000000000000e+01
2.534000007554882217e+01,3.600000000000000000e+01,4.100000000000000000e+01
2.535000007557863455e+01,3.600000000000000000e+01,4.500000000000000000e+01
2.536000007560845049e+01,3.600000000000000000e+01,4.600000000000000000e+01
2.537000007563826287e+01,3.200000000000000000e+01,3.800000000000000000e+01
2.538000007566807881e+01,3.300000000000000000e+01,4.500000000000000000e+01
2.539000007569789119e+01,3.800000000000000000e+01,4.300000000000000000e+01
2.540000007572770713e+01,3.300000000000000000e+01,5.000000000000000000e+01
2.541000007575751951e+01,4.000000000000000000e+01,5.300000000000000000e+01
2.542000007578733545e+01,3.300000000000000000e+01,4.700000000000000000e+01
2.543000007581714783e+01,3.700000000000000000e+01,4.800000000000000000e+01
2.544000007584696377e+01,3.200000000000000000e+01,4.700000000000000000e+01
2.545000007587677615e+01,3.700000000000000000e+01,4.900000000000000000e+01
2.546000007590659209e+01,3.400000000000000000e+01,4.600000000000000000e+01
2.547000007593640447e+01,3.600000000000000000e+01,4.700000000000000000e+01
2.548000007596622041e+01,3.800000000000000000e+01,5.300000000000000000e+01
2.549000007599603279e+01,3.700000000000000000e+01,5.100000000000000000e+01
2.550000007602584873e+01,3.500000000000000000e+01,5.300000000000000000e+01
2.551000007605566111e+01,3.400000000000000000e+01,4.600000000000000000e+01
2.552000007608547349e+01,3.600000000000000000e+01,5.100000000000000000e+01
2.553000007611528943e+01,4.400000000000000000e+01,6.100000000000000000e+01
2.554000007614510181e+01,4.000000000000000000e+01,5.700000000000000000e+01
2.555000007617491775e+01,3.900000000000000000e+01,5.200000000000000000e+01
2.556000007620473014e+01,3.800000000000000000e+01,5.300000000000000000e+01
2.557000007623454607e+01,4.100000000000000000e+01,5.200000000000000000e+01
2.558000007626435846e+01,3.600000000000000000e+01,4.300000000000000000e+01
2.559000007629417439e+01,3.900000000000000000e+01,5.500000000000000000e+01
2.560000007632398678e+01,4.000000000000000000e+01,5.700000000000000000e+01
2.561000007635380271e+01,3.900000000000000000e+01,5.100000000000000000e+01
2.562000007638361510e+01,4.000000000000000000e+01,6.100000000000000000e+01
2.563000007641343103e+01,4.000000000000000000e+01,5.500000000000000000e+01
2.564000007644324342e+01,4.000000000000000000e+01,5.500000000000000000e+01
2.565000007647305935e+01,4.000000000000000000e+01,5.000000000000000000e+01
2.566000007650287174e+01,4.100000000000000000e+01,5.600000000000000000e+01
2.567000007653268767e+01,3.800000000000000000e+01,5.800000000000000000e+01
2.568000007656250006e+01,3.700000000000000000e+01,5.300000000000000000e+01
2.569000007659231244e+01,3.900000000000000000e+01,5.900000000000000000e+01
2.570000007662212838e+01,3.600000000000000000e+01,4.800000000000000000e+01
2.571000007665194076e+01,4.100000000000000000e+01,5.500000000000000000e+01
2.572000007668175670e+01,3.700000000000000000e+01,6.100000000000000000e+01
2.573000007671156908e+01,4.000000000000000000e+01,5.800000000000000000e+01
2.574000007674138502e+01,4.100000000000000000e+01,6.600000000000000000e+01
2.575000007677119740e+01,4.300000000000000000e+01,5.700000000000000000e+01
2.576000007680101334e+01,3.700000000000000000e+01,5.200000000000000000e+01
2.577000007683082572e+01,4.200000000000000000e+01,6.400000000000000000e+01
2.578000007686064166e+01,4.000000000000000000e+01,5.500000000000000000e+01
2.579000007689045404e+01,3.700000000000000000e+01,5.100000000000000000e+01
2.580000007692026998e+01,3.700000000000000000e+01,5.700000000000000000e+01
2.581000007695008236e+01,3.800000000000000000e+01,5.600000000000000000e+01
2.582000007697989830e+01,3.800000000000000000e+01,4.800000000000000000e+01
2.583000007700971068e+01,3.600000000000000000e+01,5.200000000000000000e+01
2.584000007703952662e+01,4.200000000000000000e+01,6.500000000000000000e+01
2.585000007706933900e+01,3.900000000000000000e+01,5.600000000000000000e+01
2.586000007709915494e+01,4.000000000000000000e+01,6.100000000000000000e+01
2.587000007712896732e+01,4.200000000000000000e+01,5.900000000000000000e+01
2.588000007715877970e+01,3.900000000000000000e+01,5.700000000000000000e+01
2.589000007718859564e+01,3.900000000000000000e+01,4.600000000000000000e+01
2.590000007721840802e+01,3.900000000000000000e+01,5.000000000000000000e+01
2.591000007724822396e+01,4.200000000000000000e+01,6.500000000000000000e+01
2.592000007727803634e+01,4.100000000000000000e+01,5.200000000000000000e+01
2.593000007730785228e+01,4.400000000000000000e+01,5.900000000000000000e+01
2.594000007733766466e+01,4.300000000000000000e+01,6.500000000000000000e+01
2.595000007736748060e+01,4.100000000000000000e+01,6.500000000000000000e+01
2.596000007739729298e+01,3.900000000000000000e+01,6.000000000000000000e+01
2.597000007742710892e+01,4.100000000000000000e+01,6.300000000000000000e+01
2.598000007745692130e+01,3.400000000000000000e+01,4.400000000000000000e+01
2.599000007748673724e+01,3.600000000000000000e+01,4.700000000000000000e+01
2.600000007751654962e+01,3.600000000000000000e+01,5.500000000000000000e+01
2.601000007754636556e+01,3.500000000000000000e+01,4.800000000000000000e+01
2.602000007757617794e+01,3.700000000000000000e+01,5.200000000000000000e+01
2.603000007760599388e+01,3.600000000000000000e+01,4.200000000000000000e+01
2.604000007763580626e+01,3.600000000000000000e+01,4.500000000000000000e+01
2.605000007766561865e+01,3.100000000000000000e+01,4.100000000000000000e+01
2.606000007769543458e+01,3.200000000000000000e+01,4.600000000000000000e+01
2.607000007772524697e+01,3.300000000000000000e+01,4.400000000000000000e+01
2.608000007775506290e+01,3.200000000000000000e+01,4.400000000000000000e+01
2.609000007778487529e+01,3.700000000000000000e+01,4.900000000000000000e+01
2.610000007781469122e+01,3.500000000000000000e+01,5.400000000000000000e+01
2.611000007784450361e+01,3.500000000000000000e+01,4.900000000000000000e+01
2.612000007787431954e+01,3.600000000000000000e+01,4.800000000000000000e+01
2.613000007790413193e+01,3.500000000000000000e+01,4.700000000000000000e+01
2.614000007793394786e+01,3.800000000000000000e+01,5.400000000000000000e+01
2.615000007796376025e+01,3.500000000000000000e+01,4.700000000000000000e+01
2.616000007799357618e+01,3.500000000000000000e+01,4.400000000000000000e+01
2.617000007802338857e+01,3.500000000000000000e+01,4.500000000000000000e+01
2.618000007805320450e+01,3.200000000000000000e+01,4.700000000000000000e+01
2.619000007808301689e+01,3.300000000000000000e+01,4.200000000000000000e+01
2.620000007811283282e+01,3.300000000000000000e+01,5.000000000000000000e+01
2.621000007814264521e+01,3.300000000000000000e+01,4.700000000000000000e+01
2.622000007817245759e+01,3.200000000000000000e+01,4.500000000000000000e+01
2.623000007820227353e+01,3.300000000000000000e+01,4.300000000000000000e+01
2.624000007823208591e+01,3.300000000000000000e+01,4.200000000000000000e+01
2.625000007826190185e+01,3.300000000000000000e+01,4.700000000000000000e+01
2.626000007829171423e+01,3.600000000000000000e+01,4.500000000000000000e+01
2.627000007832153017e+01,3.100000000000000000e+01,3.900000000000000000e+01
2.628000007835134255e+01,3.700000000000000000e+01,4.300000000000000000e+01
2.629000007838115849e+01,3.700000000000000000e+01,4.900000000000000000e+01
2.630000007841097087e+01,3.400000000000000000e+01,4.600000000000000000e+01
2.631000007844078681e+01,3.100000000000000000e+01,4.100000000000000000e+01
2.632000007847059919e+01,3.900000000000000000e+01,5.200000000000000000e+01
2.633000007850041513e+01,4.200000000000000000e+01,6.100000000000000000e+01
2.634000007853022751e+01,3.700000000000000000e+01,5.300000000000000000e+01
2.635000007856004345e+01,3.800000000000000000e+01,4.900000000000000000e+01
2.636000007858985583e+01,3.800000000000000000e+01,5.000000000000000000e+01
2.637000007861967177e+01,3.400000000000000000e+01,5.000000000000000000e+01
2.638000007864948415e+01,3.400000000000000000e+01,4.200000000000000000e+01
2.639000007867929654e+01,3.700000000000000000e+01,4.900000000000000000e+01
2.640000007870911247e+01,3.500000000000000000e+01,4.400000000000000000e+01
2.641000007873892486e+01,3.800000000000000000e+01,5.100000000000000000e+01
2.642000007876874079e+01,3.200000000000000000e+01,4.000000000000000000e+01
2.643000007879855318e+01,3.600000000000000000e+01,5.200000000000000000e+01
2.644000007882836911e+01,3.600000000000000000e+01,4.400000000000000000e+01
2.645000007885818150e+01,3.700000000000000000e+01,5.200000000000000000e+01
2.646000007888799743e+01,4.000000000000000000e+01,5.700000000000000000e+01
2.647000007891780982e+01,3.700000000000000000e+01,5.300000000000000000e+01
2.648000007894762575e+01,3.800000000000000000e+01,5.700000000000000000e+01
2.649000007897743814e+01,3.600000000000000000e+01,5.200000000000000000e+01
2.650000007900725407e+01,3.800000000000000000e+01,5.800000000000000000e+01
2.651000007903706646e+01,3.900000000000000000e+01,6.100000000000000000e+01
2.652000007906688239e+01,3.800000000000000000e+01,5.400000000000000000e+01
2.653000007909669478e+01,3.800000000000000000e+01,5.300000000000000000e+01
2.654000007912651071e+01,3.600000000000000000e+01,5.200000000000000000e+01
2.655000007915632310e+01,3.800000000000000000e+01,5.100000000000000000e+01
2.656000007918613548e+01,3.700000000000000000e+01,4.800000000000000000e+01
2.657000007921595142e+01,4.200000000000000000e+01,6.200000000000000000e+01
2.658000007924576380e+01,3.700000000000000000e+01,5.300000000000000000e+01
2.659000007927557974e+01,3.900000000000000000e+01,6.100000000000000000e+01
2.660000007930539212e+01,3.800000000000000000e+01,5.100000000000000000e+01
2.661000007933520806e+01,3.700000000000000000e+01,5.600000000000000000e+01
2.662000007936502044e+01,3.400000000000000000e+01,4.400000000000000000e+01
2.663000007939483638e+01,3.800000000000000000e+01,5.100000000000000000e+01
2.664000007942464876e+01,3.500000000000000000e+01,4.300000000000000000e+01
2.665000007945446470e+01,3.800000000000000000e+01,5.500000000000000000e+01
2.666000007948427708e+01,3.900000000000000000e+01,5.200000000000000000e+01
2.667000007951409302e+01,4.000000000000000000e+01,6.200000000000000000e+01
2.668000007954390540e+01,3.400000000000000000e+01,4.500000000000000000e+01
2.669000007957372134e+01,3.300000000000000000e+01,3.800000000000000000e+01
2.670000007960353372e+01,3.900000000000000000e+01,5.800000000000000000e+01
2.671000007963334966e+01,3.900000000000000000e+01,5.500000000000000000e+01
2.672000007966316204e+01,4.200000000000000000e+01,5.400000000000000000e+01
2.673000007969297442e+01,3.900000000000000000e+01,5.900000000000000000e+01
2.674000007972279036e+01,4.100000000000000000e+01,5.900000000000000000e+01
2.675000007975260274e+01,3.700000000000000000e+01,4.800000000000000000e+01
2.676000007978241868e+01,3.900000000000000000e+01,5.600000000000000000e+01
2.677000007981223106e+01,3.700000000000000000e+01,4.900000000000000000e+01
2.678000007984204700e+01,3.800000000000000000e+01,4.900000000000000000e+01
2.679000007987185938e+01,3.900000000000000000e+01,5.400000000000000000e+01
2.680000007990167532e+01,3.900000000000000000e+01,5.800000000000000000e+01
2.681000007993148770e+01,3.900000000000000000e+01,6.300000000000000000e+01
2.682000007996130364e+01,4.000000000000000000e+01,6.000000000000000000e+01
2.683000007999111602e+01,3.600000000000000000e+01,4.700000000000000000e+01
2.684000008002093196e+01,3.500000000000000000e+01,4.600000000000000000e+01
2.685000008005074434e+01,3.400000000000000000e+01,4.300000000000000000e+01
2.686000008008056028e+01,3.400000000000000000e+01,5.000000000000000000e+01
2.687000008011037266e+01,3.600000000000000000e+01,5.000000000000000000e+01
2.688000008014018860e+01,3.400000000000000000e+01,4.500000000000000000e+01
2.689000008017000098e+01,3.300000000000000000e+01,4.000000000000000000e+01
2.690000008019981692e+01,3.000000000000000000e+01,3.700000000000000000e+01
2.691000008022962930e+01,3.100000000000000000e+01,3.900000000000000000e+01
2.692000008025944169e+01,3.200000000000000000e+01,4.400000000000000000e+01
2.693000008028925762e+01,3.200000000000000000e+01,4.200000000000000000e+01
2.694000008031907001e+01,3.000000000000000000e+01,3.900000000000000000e+01
2.695000008034888594e+01,3.000000000000000000e+01,3.800000000000000000e+01
2.696000008037869833e+01,3.500000000000000000e+01,5.100000000000000000e+01
2.697000008040851426e+01,3.300000000000000000e+01,4.300000000000000000e+01
2.698000008043832665e+01,3.500000000000000000e+01,4.900000000000000000e+01
2.699000008046814258e+01,3.100000000000000000e+01,4.200000000000000000e+01
2.700000008049795497e+01,3.400000000000000000e+01,5.200000000000000000e+01
2.701000008052777090e+01,3.300000000000000000e+01,4.200000000000000000e+01
2.702000008055758329e+01,3.000000000000000000e+01,3.800000000000000000e+01
2.703000008058739922e+01,3.000000000000000000e+01,3.700000000000000000e+01
2.704000008061721161e+01,3.200000000000000000e+01,4.100000000000000000e+01
2.705000008064702754e+01,3.200000000000000000e+01,4.300000000000000000e+01
2.706000008067683993e+01,2.900000000000000000e+01,3.700000000000000000e+01
2.707000008070665587e+01,3.100000000000000000e+01,3.400000000000000000e+01
2.708000008073646825e+01,3.000000000000000000e+01,3.800000000000000000e+01
2.709000008076628063e+01,3.300000000000000000e+01,4.200000000000000000e+01
2.710000008079609657e+01,3.200000000000000000e+01,4.300000000000000000e+01
2.711000008082590895e+01,3.200000000000000000e+01,4.400000000000000000e+01
2.712000008085572489e+01,3.300000000000000000e+01,5.000000000000000000e+01
2.713000008088553727e+01,3.400000000000000000e+01,4.800000000000000000e+01
2.714000008091535321e+01,3.200000000000000000e+01,4.900000000000000000e+01
2.715000008094516559e+01,3.400000000000000000e+01,4.100000000000000000e+01
2.716000008097498153e+01,2.800000000000000000e+01,3.200000000000000000e+01
2.717000008100479391e+01,3.400000000000000000e+01,4.200000000000000000e+01
2.718000008103460985e+01,3.500000000000000000e+01,5.100000000000000000e+01
2.719000008106442223e+01,3.800000000000000000e+01,5.700000000000000000e+01
2.720000008109423817e+01,3.200000000000000000e+01,4.200000000000000000e+01
2.721000008112405055e+01,3.700000000000000000e+01,5.100000000000000000e+01
2.722000008115386649e+01,3.600000000000000000e+01,4.800000000000000000e+01
2.723000008118367887e+01,3.400000000000000000e+01,4.600000000000000000e+01
2.724000008121349481e+01,3.200000000000000000e+01,4.800000000000000000e+01
2.725000008124330719e+01,3.600000000000000000e+01,4.800000000000000000e+01
2.726000008127311958e+01,3.400000000000000000e+01,4.600000000000000000e+01
2.727000008130293551e+01,3.600000000000000000e+01,4.700000000000000000e+01
2.728000008133274790e+01,3.700000000000000000e+01,4.300000000000000000e+01
2.729000008136256383e+01,3.100000000000000000e+01,4.200000000000000000e+01
2.730000008139237622e+01,3.600000000000000000e+01,4.300000000000000000e+01
2.731000008142219215e+01,3.400000000000000000e+01,4.400000000000000000e+01
2.732000008145200454e+01,3.100000000000000000e+01,4.600000000000000000e+01
2.733000008148182047e+01,3.600000000000000000e+01,4.700000000000000000e+01
2.734000008151163286e+01,3.200000000000000000e+01,4.200000000000000000e+01
2.735000008154144879e+01,3.500000000000000000e+01,5.600000000000000000e+01
2.736000008157126118e+01,3.200000000000000000e+01,4.200000000000000000e+01
2.737000008160107711e+01,3.000000000000000000e+01,3.600000000000000000e+01
2.738000008163088950e+01,3.100000000000000000e+01,4.100000000000000000e+01
2.739000008166070543e+01,3.400000000000000000e+01,4.400000000000000000e+01
2.740000008169051782e+01,3.200000000000000000e+01,4.200000000000000000e+01
2.741000008172033375e+01,3.500000000000000000e+01,4.200000000000000000e+01
2.742000008175014614e+01,3.400000000000000000e+01,4.300000000000000000e+01
2.743000008177995852e+01,3.300000000000000000e+01,4.600000000000000000e+01
2.744000008180977446e+01,3.500000000000000000e+01,4.700000000000000000e+01
2.745000008183958684e+01,3.300000000000000000e+01,3.700000000000000000e+01
2.746000008186940278e+01,3.300000000000000000e+01,4.300000000000000000e+01
2.747000008189921516e+01,2.900000000000000000e+01,3.700000000000000000e+01
2.748000008192903110e+01,3.100000000000000000e+01,4.200000000000000000e+01
2.749000008195884348e+01,2.700000000000000000e+01,4.100000000000000000e+01
2.750000008198865942e+01,3.300000000000000000e+01,4.800000000000000000e+01
2.751000008201847180e+01,3.300000000000000000e+01,3.900000000000000000e+01
2.752000008204828774e+01,2.900000000000000000e+01,3.600000000000000000e+01
2.753000008207810012e+01,2.900000000000000000e+01,3.500000000000000000e+01
2.754000008210791606e+01,3.100000000000000000e+01,4.000000000000000000e+01
2.755000008213772844e+01,2.800000000000000000e+01,3.500000000000000000e+01
2.756000008216754438e+01,2.900000000000000000e+01,3.300000000000000000e+01
2.757000008219735676e+01,3.300000000000000000e+01,3.700000000000000000e+01
2.758000008222717270e+01,3.100000000000000000e+01,3.200000000000000000e+01
2.759000008225698508e+01,3.000000000000000000e+01,3.800000000000000000e+01
2.760000008228679746e+01,2.700000000000000000e+01,3.100000000000000000e+01
2.761000008231661340e+01,2.800000000000000000e+01,3.800000000000000000e+01
2.762000008234642578e+01,2.800000000000000000e+01,3.200000000000000000e+01
2.763000008237624172e+01,2.600000000000000000e+01,3.300000000000000000e+01
2.764000008240605410e+01,2.500000000000000000e+01,2.700000000000000000e+01
2.765000008243587004e+01,2.500000000000000000e+01,3.200000000000000000e+01
2.766000008246568242e+01,2.900000000000000000e+01,3.100000000000000000e+01
2.767000008249549836e+01,2.900000000000000000e+01,3.800000000000000000e+01
2.768000008252531075e+01,2.900000000000000000e+01,3.600000000000000000e+01
2.769000008255512668e+01,3.000000000000000000e+01,3.600000000000000000e+01
2.770000008258493907e+01,3.300000000000000000e+01,4.900000000000000000e+01
2.771000008261475500e+01,3.200000000000000000e+01,4.200000000000000000e+01
2.772000008264456739e+01,3.100000000000000000e+01,3.900000000000000000e+01
2.773000008267438332e+01,3.200000000000000000e+01,4.300000000000000000e+01
2.774000008270419571e+01,2.900000000000000000e+01,4.400000000000000000e+01
2.775000008273401164e+01,3.000000000000000000e+01,4.600000000000000000e+01
2.776000008276382403e+01,3.000000000000000000e+01,3.900000000000000000e+01
2.777000008279363641e+01,3.200000000000000000e+01,4.100000000000000000e+01
2.778000008282345235e+01,2.700000000000000000e+01,3.500000000000000000e+01
2.779000008285326473e+01,2.900000000000000000e+01,3.200000000000000000e+01
2.780000008288308067e+01,2.900000000000000000e+01,3.300000000000000000e+01
2.781000008291289305e+01,2.600000000000000000e+01,3.000000000000000000e+01
2.782000008294270899e+01,2.900000000000000000e+01,3.200000000000000000e+01
2.783000008297252137e+01,2.500000000000000000e+01,3.400000000000000000e+01
2.784000008300233731e+01,2.700000000000000000e+01,3.400000000000000000e+01
2.785000008303214969e+01,3.100000000000000000e+01,4.200000000000000000e+01
2.786000008306196563e+01,2.800000000000000000e+01,3.600000000000000000e+01
2.787000008309177801e+01,3.000000000000000000e+01,3.800000000000000000e+01
2.788000008312159395e+01,3.200000000000000000e+01,4.600000000000000000e+01
2.789000008315140633e+01,2.900000000000000000e+01,3.600000000000000000e+01
2.790000008318122227e+01,2.800000000000000000e+01,3.400000000000000000e+01
2.791000008321103465e+01,3.100000000000000000e+01,3.200000000000000000e+01
2.792000008324085059e+01,2.900000000000000000e+01,3.600000000000000000e+01
2.793000008327066297e+01,3.000000000000000000e+01,3.900000000000000000e+01
2.794000008330047891e+01,2.800000000000000000e+01,3.000000000000000000e+01
2.795000008333029129e+01,3.100000000000000000e+01,4.400000000000000000e+01
2.796000008336010367e+01,3.300000000000000000e+01,4.700000000000000000e+01
2.797000008338991961e+01,3.300000000000000000e+01,4.700000000000000000e+01
2.798000008341973199e+01,3.500000000000000000e+01,5.100000000000000000e+01
2.799000008344954793e+01,3.000000000000000000e+01,3.900000000000000000e+01
2.800000008347936031e+01,2.900000000000000000e+01,3.800000000000000000e+01
2.801000008350917625e+01,3.200000000000000000e+01,3.700000000000000000e+01
2.802000008353898863e+01,3.400000000000000000e+01,4.500000000000000000e+01
2.803000008356880457e+01,2.900000000000000000e+01,3.100000000000000000e+01
2.804000008359861695e+01,3.400000000000000000e+01,4.600000000000000000e+01
2.805000008362843289e+01,3.000000000000000000e+01,3.100000000000000000e+01
2.806000008365824527e+01,3.000000000000000000e+01,3.300000000000000000e+01
2.807000008368806121e+01,2.800000000000000000e+01,3.500000000000000000e+01
2.808000008371787359e+01,2.600000000000000000e+01,3.200000000000000000e+01
2.809000008374768953e+01,2.200000000000000000e+01,2.700000000000000000e+01
2.810000008377750191e+01,2.500000000000000000e+01,3.000000000000000000e+01
2.811000008380731785e+01,2.900000000000000000e+01,3.100000000000000000e+01
2.812000008383713023e+01,2.700000000000000000e+01,3.000000000000000000e+01
2.813000008386694262e+01,2.600000000000000000e+01,3.300000000000000000e+01
2.814000008389675855e+01,2.500000000000000000e+01,2.800000000000000000e+01
2.815000008392657094e+01,2.700000000000000000e+01,3.000000000000000000e+01
2.816000008395638687e+01,2.600000000000000000e+01,3.100000000000000000e+01
2.817000008398619926e+01,2.800000000000000000e+01,3.400000000000000000e+01
2.818000008401601519e+01,2.800000000000000000e+01,2.900000000000000000e+01
2.819000008404582758e+01,2.800000000000000000e+01,4.000000000000000000e+01
2.820000008407564351e+01,2.800000000000000000e+01,3.500000000000000000e+01
2.821000008410545590e+01,2.800000000000000000e+01,3.000000000000000000e+01
2.822000008413527183e+01,3.000000000000000000e+01,3.500000000000000000e+01
2.823000008416508422e+01,2.700000000000000000e+01,3.200000000000000000e+01
2.824000008419490015e+01,2.600000000000000000e+01,3.800000000000000000e+01
2.825000008422471254e+01,3.100000000000000000e+01,4.000000000000000000e+01
2.826000008425452847e+01,2.800000000000000000e+01,3.200000000000000000e+01
2.827000008428434086e+01,3.000000000000000000e+01,3.500000000000000000e+01
2.828000008431415679e+01,3.300000000000000000e+01,4.300000000000000000e+01
2.829000008434396918e+01,3.100000000000000000e+01,3.700000000000000000e+01
2.830000008437378156e+01,2.900000000000000000e+01,3.300000000000000000e+01
2.831000008440359750e+01,3.600000000000000000e+01,4.400000000000000000e+01
2.832000008443340988e+01,3.300000000000000000e+01,3.800000000000000000e+01
2.833000008446322582e+01,3.200000000000000000e+01,4.000000000000000000e+01
2.834000008449303820e+01,3.400000000000000000e+01,4.600000000000000000e+01
2.835000008452285414e+01,3.300000000000000000e+01,4.400000000000000000e+01
2.836000008455266652e+01,3.800000000000000000e+01,5.100000000000000000e+01
2.837000008458248246e+01,3.800000000000000000e+01,5.700000000000000000e+01
2.838000008461229484e+01,3.000000000000000000e+01,3.900000000000000000e+01
2.839000008464211078e+01,3.400000000000000000e+01,4.700000000000000000e+01
2.840000008467192316e+01,3.700000000000000000e+01,5.500000000000000000e+01
2.841000008470173910e+01,3.300000000000000000e+01,4.300000000000000000e+01
2.842000008473155148e+01,3.100000000000000000e+01,4.200000000000000000e+01
2.843000008476136742e+01,3.600000000000000000e+01,5.400000000000000000e+01
2.844000008479117980e+01,3.000000000000000000e+01,4.200000000000000000e+01
2.845000008482099574e+01,3.000000000000000000e+01,4.400000000000000000e+01
2.846000008485080812e+01,3.400000000000000000e+01,4.400000000000000000e+01
2.847000008488062051e+01,3.400000000000000000e+01,4.600000000000000000e+01
2.848000008491043644e+01,3.600000000000000000e+01,5.300000000000000000e+01
2.849000008494024883e+01,3.600000000000000000e+01,5.700000000000000000e+01
2.850000008497006476e+01,3.500000000000000000e+01,4.500000000000000000e+01
2.851000008499987715e+01,3.300000000000000000e+01,5.000000000000000000e+01
2.852000008502969308e+01,3.500000000000000000e+01,4.500000000000000000e+01
2.853000008505950547e+01,3.400000000000000000e+01,4.600000000000000000e+01
2.854000008508932140e+01,3.700000000000000000e+01,4.200000000000000000e+01
2.855000008511913379e+01,3.500000000000000000e+01,4.800000000000000000e+01
2.856000008514894972e+01,4.100000000000000000e+01,5.200000000000000000e+01
2.857000008517876211e+01,3.200000000000000000e+01,4.800000000000000000e+01
2.858000008520857804e+01,3.400000000000000000e+01,4.400000000000000000e+01
2.859000008523839043e+01,3.700000000000000000e+01,4.800000000000000000e+01
2.860000008526820636e+01,3.900000000000000000e+01,5.000000000000000000e+01
2.861000008529801875e+01,3.600000000000000000e+01,6.100000000000000000e+01
2.862000008532783468e+01,3.500000000000000000e+01,5.000000000000000000e+01
2.863000008535764707e+01,3.400000000000000000e+01,4.900000000000000000e+01
2.864000008538745945e+01,3.700000000000000000e+01,6.400000000000000000e+01
2.865000008541727539e+01,3.800000000000000000e+01,5.500000000000000000e+01
2.866000008544708777e+01,3.300000000000000000e+01,5.000000000000000000e+01
2.867000008547690371e+01,3.300000000000000000e+01,4.600000000000000000e+01
2.868000008550671609e+01,3.500000000000000000e+01,4.300000000000000000e+01
2.869000008553653203e+01,3.400000000000000000e+01,4.600000000000000000e+01
2.870000008556634441e+01,3.500000000000000000e+01,4.800000000000000000e+01
2.871000008559616035e+01,3.200000000000000000e+01,3.600000000000000000e+01
2.872000008562597273e+01,3.600000000000000000e+01,4.800000000000000000e+01
2.873000008565578867e+01,3.300000000000000000e+01,4.400000000000000000e+01
2.874000008568560105e+01,3.200000000000000000e+01,4.500000000000000000e+01
2.875000008571541699e+01,3.500000000000000000e+01,5.100000000000000000e+01
2.876000008574522937e+01,3.400000000000000000e+01,5.100000000000000000e+01
2.877000008577504531e+01,3.400000000000000000e+01,4.700000000000000000e+01
2.878000008580485769e+01,3.100000000000000000e+01,4.100000000000000000e+01
2.879000008583467363e+01,3.300000000000000000e+01,4.200000000000000000e+01
2.880000008586448601e+01,3.200000000000000000e+01,4.500000000000000000e+01
2.881000008589430195e+01,3.100000000000000000e+01,4.100000000000000000e+01
2.882000008592411433e+01,3.200000000000000000e+01,4.100000000000000000e+01
2.883000008595392671e+01,3.300000000000000000e+01,4.300000000000000000e+01
2.884000008598374265e+01,3.100000000000000000e+01,3.900000000000000000e+01
2.885000008601355503e+01,3.000000000000000000e+01,4.200000000000000000e+01
2.886000008604337097e+01,3.000000000000000000e+01,3.800000000000000000e+01
2.887000008607318335e+01,3.100000000000000000e+01,4.000000000000000000e+01
2.888000008610299929e+01,3.300000000000000000e+01,4.300000000000000000e+01
2.889000008613281167e+01,3.000000000000000000e+01,4.200000000000000000e+01
2.890000008616262761e+01,3.000000000000000000e+01,3.800000000000000000e+01
2.891000008619243999e+01,3.100000000000000000e+01,4.100000000000000000e+01
2.892000008622225593e+01,3.200000000000000000e+01,4.600000000000000000e+01
2.893000008625206831e+01,3.300000000000000000e+01,4.400000000000000000e+01
2.894000008628188425e+01,2.600000000000000000e+01,3.500000000000000000e+01
2.895000008631169663e+01,2.900000000000000000e+01,3.900000000000000000e+01
2.896000008634151257e+01,3.100000000000000000e+01,4.200000000000000000e+01
2.897000008637132495e+01,3.400000000000000000e+01,5.000000000000000000e+01
2.898000008640114089e+01,3.100000000000000000e+01,4.000000000000000000e+01
2.899000008643095327e+01,3.100000000000000000e+01,4.200000000000000000e+01
2.900000008646076566e+01,3.300000000000000000e+01,4.800000000000000000e+01
2.901000008649058159e+01,3.100000000000000000e+01,4.300000000000000000e+01
2.902000008652039398e+01,2.900000000000000000e+01,4.300000000000000000e+01
2.903000008655020991e+01,3.200000000000000000e+01,3.800000000000000000e+01
2.904000008658002230e+01,3.000000000000000000e+01,3.600000000000000000e+01
2.905000008660983823e+01,3.300000000000000000e+01,4.000000000000000000e+01
2.906000008663965062e+01,3.100000000000000000e+01,4.500000000000000000e+01
2.907000008666946655e+01,2.800000000000000000e+01,4.400000000000000000e+01
2.908000008669927894e+01,2.900000000000000000e+01,3.600000000000000000e+01
2.909000008672909487e+01,3.200000000000000000e+01,4.100000000000000000e+01
2.910000008675890726e+01,2.900000000000000000e+01,3.900000000000000000e+01
2.911000008678872319e+01,2.800000000000000000e+01,3.500000000000000000e+01
2.912000008681853558e+01,2.800000000000000000e+01,3.400000000000000000e+01
2.913000008684835151e+01,2.900000000000000000e+01,3.600000000000000000e+01
2.914000008687816390e+01,3.200000000000000000e+01,4.300000000000000000e+01
2.915000008690797983e+01,3.200000000000000000e+01,3.800000000000000000e+01
2.916000008693779222e+01,3.000000000000000000e+01,3.700000000000000000e+01
2.917000008696760460e+01,3.200000000000000000e+01,4.700000000000000000e+01
2.918000008699742054e+01,3.500000000000000000e+01,5.300000000000000000e+01
2.919000008702723292e+01,2.700000000000000000e+01,3.300000000000000000e+01
2.920000008705704886e+01,2.900000000000000000e+01,3.800000000000000000e+01
2.921000008708686124e+01,3.100000000000000000e+01,4.700000000000000000e+01
2.922000008711667718e+01,3.100000000000000000e+01,4.200000000000000000e+01
2.923000008714648956e+01,2.900000000000000000e+01,3.500000000000000000e+01
2.924000008717630550e+01,3.000000000000000000e+01,4.500000000000000000e+01
2.925000008720611788e+01,2.300000000000000000e+01,3.200000000000000000e+01
2.926000008723593382e+01,2.800000000000000000e+01,3.300000000000000000e+01
2.927000008726574620e+01,2.400000000000000000e+01,2.800000000000000000e+01
2.928000008729556214e+01,2.600000000000000000e+01,3.200000000000000000e+01
2.929000008732537452e+01,2.800000000000000000e+01,4.200000000000000000e+01
2.930000008735519046e+01,2.700000000000000000e+01,3.300000000000000000e+01
2.931000008738500284e+01,2.500000000000000000e+01,2.600000000000000000e+01
2.932000008741481878e+01,2.800000000000000000e+01,3.300000000000000000e+01
2.933000008744463116e+01,2.500000000000000000e+01,3.100000000000000000e+01
2.934000008747444355e+01,2.900000000000000000e+01,3.900000000000000000e+01
2.935000008750425948e+01,2.500000000000000000e+01,3.000000000000000000e+01
2.936000008753407187e+01,2.900000000000000000e+01,3.900000000000000000e+01
2.937000008756388780e+01,2.600000000000000000e+01,3.400000000000000000e+01
2.938000008759370019e+01,2.400000000000000000e+01,2.500000000000000000e+01
2.939000008762351612e+01,2.500000000000000000e+01,3.300000000000000000e+01
2.940000008765332851e+01,2.800000000000000000e+01,3.500000000000000000e+01
2.941000008768314444e+01,2.900000000000000000e+01,3.200000000000000000e+01
2.942000008771295683e+01,2.700000000000000000e+01,3.200000000000000000e+01
2.943000008774277276e+01,3.300000000000000000e+01,4.300000000000000000e+01
2.944000008777258515e+01,2.800000000000000000e+01,3.800000000000000000e+01
2.945000008780240108e+01,2.900000000000000000e+01,4.000000000000000000e+01
2.946000008783221347e+01,2.900000000000000000e+01,4.000000000000000000e+01
2.947000008786202940e+01,3.100000000000000000e+01,4.200000000000000000e+01
2.948000008789184179e+01,3.300000000000000000e+01,4.700000000000000000e+01
2.949000008792165772e+01,3.200000000000000000e+01,4.200000000000000000e+01
2.950000008795147011e+01,3.200000000000000000e+01,4.100000000000000000e+01
2.951000008798128249e+01,2.900000000000000000e+01,3.600000000000000000e+01
2.952000008801109843e+01,3.000000000000000000e+01,4.000000000000000000e+01
2.953000008804091081e+01,3.000000000000000000e+01,4.400000000000000000e+01
2.954000008807072675e+01,2.900000000000000000e+01,4.100000000000000000e+01
2.955000008810053913e+01,2.800000000000000000e+01,3.400000000000000000e+01
2.956000008813035507e+01,3.100000000000000000e+01,3.900000000000000000e+01
2.957000008816016745e+01,3.200000000000000000e+01,4.200000000000000000e+01
2.958000008818998339e+01,3.200000000000000000e+01,3.500000000000000000e+01
2.959000008821979577e+01,2.900000000000000000e+01,3.700000000000000000e+01
2.960000008824961171e+01,2.900000000000000000e+01,3.200000000000000000e+01
2.961000008827942409e+01,3.200000000000000000e+01,3.700000000000000000e+01
2.962000008830924003e+01,3.200000000000000000e+01,3.900000000000000000e+01
2.963000008833905241e+01,3.200000000000000000e+01,3.800000000000000000e+01
2.964000008836886835e+01,3.500000000000000000e+01,4.200000000000000000e+01
2.965000008839868073e+01,2.700000000000000000e+01,3.500000000000000000e+01
2.966000008842849667e+01,2.500000000000000000e+01,2.900000000000000000e+01
2.967000008845830905e+01,2.800000000000000000e+01,3.100000000000000000e+01
2.968000008848812143e+01,3.200000000000000000e+01,3.700000000000000000e+01
2.969000008851793737e+01,3.200000000000000000e+01,4.200000000000000000e+01
2.970000008854774975e+01,2.800000000000000000e+01,3.700000000000000000e+01
2.971000008857756569e+01,3.200000000000000000e+01,4.200000000000000000e+01
2.972000008860737807e+01,3.300000000000000000e+01,4.600000000000000000e+01
2.973000008863719401e+01,3.600000000000000000e+01,5.100000000000000000e+01
2.974000008866700639e+01,3.600000000000000000e+01,4.100000000000000000e+01
2.975000008869682233e+01,3.100000000000000000e+01,3.700000000000000000e+01
2.976000008872663471e+01,3.000000000000000000e+01,3.700000000000000000e+01
2.977000008875645065e+01,3.300000000000000000e+01,4.900000000000000000e+01
2.978000008878626303e+01,3.400000000000000000e+01,4.100000000000000000e+01
2.979000008881607897e+01,2.800000000000000000e+01,3.500000000000000000e+01
2.980000008884589136e+01,2.900000000000000000e+01,3.500000000000000000e+01
2.981000008887570729e+01,3.000000000000000000e+01,3.800000000000000000e+01
2.982000008890551968e+01,3.200000000000000000e+01,3.500000000000000000e+01
2.983000008893533561e+01,2.900000000000000000e+01,3.200000000000000000e+01
2.984000008896514800e+01,3.400000000000000000e+01,4.400000000000000000e+01
2.985000008899496393e+01,3.100000000000000000e+01,4.500000000000000000e+01
2.986000008902477632e+01,3.000000000000000000e+01,3.800000000000000000e+01
2.987000008905458870e+01,3.100000000000000000e+01,3.300000000000000000e+01
2.988000008908440464e+01,2.900000000000000000e+01,3.600000000000000000e+01
2.989000008911421702e+01,2.900000000000000000e+01,3.300000000000000000e+01
2.990000008914403296e+01,3.400000000000000000e+01,5.100000000000000000e+01
2.991000008917384534e+01,3.000000000000000000e+01,3.800000000000000000e+01
2.992000008920366128e+01,3.400000000000000000e+01,4.300000000000000000e+01
2.993000008923347366e+01,3.200000000000000000e+01,3.600000000000000000e+01
2.994000008926328960e+01,2.900000000000000000e+01,3.300000000000000000e+01
2.995000008929310198e+01,2.700000000000000000e+01,3.100000000000000000e+01
2.996000008932291792e+01,3.100000000000000000e+01,3.700000000000000000e+01
2.997000008935273030e+01,3.200000000000000000e+01,3.900000000000000000e+01
2.998000008938254624e+01,2.600000000000000000e+01,3.000000000000000000e+01
2.999000008941235862e+01,2.700000000000000000e+01,3.000000000000000000e+01
3.000000008944217456e+01,2.800000000000000000e+01,3.500000000000000000e+01
3.001000008947198694e+01,3.100000000000000000e+01,3.500000000000000000e+01
3.002000008950180288e+01,2.600000000000000000e+01,2.800000000000000000e+01
3.003000008953161526e+01,3.300000000000000000e+01,3.800000000000000000e+01
3.004000008956142764e+01,3.200000000000000000e+01,3.400000000000000000e+01
3.005000008959124358e+01,2.900000000000000000e+01,3.200000000000000000e+01
3.006000008962105596e+01,3.100000000000000000e+01,3.800000000000000000e+01
3.007000008965087190e+01,2.600000000000000000e+01,3.300000000000000000e+01
3.008000008968068428e+01,2.800000000000000000e+01,3.300000000000000000e+01
3.009000008971050022e+01,2.800000000000000000e+01,3.300000000000000000e+01
3.010000008974031260e+01,2.800000000000000000e+01,3.700000000000000000e+01
3.011000008977012854e+01,2.800000000000000000e+01,3.400000000000000000e+01
3.012000008979994092e+01,2.600000000000000000e+01,3.200000000000000000e+01
3.013000008982975686e+01,2.900000000000000000e+01,3.700000000000000000e+01
3.014000008985956924e+01,2.600000000000000000e+01,3.100000000000000000e+01
3.015000008988938518e+01,2.300000000000000000e+01,2.500000000000000000e+01
3.016000008991919756e+01,2.900000000000000000e+01,4.000000000000000000e+01
3.017000008994901350e+01,2.600000000000000000e+01,3.200000000000000000e+01
3.018000008997882588e+01,2.800000000000000000e+01,3.300000000000000000e+01
3.019000009000864182e+01,2.600000000000000000e+01,3.400000000000000000e+01
3.020000009003845420e+01,2.700000000000000000e+01,3.000000000000000000e+01
3.021000009006826659e+01,2.900000000000000000e+01,3.500000000000000000e+01
3.022000009009808252e+01,2.400000000000000000e+01,3.300000000000000000e+01
3.023000009012789491e+01,2.700000000000000000e+01,3.600000000000000000e+01
3.024000009015771084e+01,2.500000000000000000e+01,2.700000000000000000e+01
3.025000009018752323e+01,2.900000000000000000e+01,3.100000000000000000e+01
3.026000009021733916e+01,2.500000000000000000e+01,3.100000000000000000e+01
3.027000009024715155e+01,2.600000000000000000e+01,3.400000000000000000e+01
3.028000009027696748e+01,2.500000000000000000e+01,3.300000000000000000e+01
3.029000009030677987e+01,2.800000000000000000e+01,3.300000000000000000e+01
3.030000009033659580e+01,2.900000000000000000e+01,3.700000000000000000e+01
3.031000009036640819e+01,2.700000000000000000e+01,2.800000000000000000e+01
3.032000009039622412e+01,2.800000000000000000e+01,3.400000000000000000e+01
3.033000009042603651e+01,2.500000000000000000e+01,2.800000000000000000e+01
3.034000009045585244e+01,2.600000000000000000e+01,3.200000000000000000e+01
3.035000009048566483e+01,3.000000000000000000e+01,3.200000000000000000e+01
3.036000009051548076e+01,2.800000000000000000e+01,3.300000000000000000e+01
3.037000009054529315e+01,2.800000000000000000e+01,3.400000000000000000e+01
3.038000009057510553e+01,2.600000000000000000e+01,3.200000000000000000e+01
3.039000009060492147e+01,2.800000000000000000e+01,3.400000000000000000e+01
3.040000009063473385e+01,2.700000000000000000e+01,3.100000000000000000e+01
3.041000009066454979e+01,2.700000000000000000e+01,3.100000000000000000e+01
3.042000009069436217e+01,3.000000000000000000e+01,3.600000000000000000e+01
3.043000009072417811e+01,3.100000000000000000e+01,4.100000000000000000e+01
3.044000009075399049e+01,3.000000000000000000e+01,3.400000000000000000e+01
3.045000009078380643e+01,2.600000000000000000e+01,3.100000000000000000e+01
3.046000009081361881e+01,2.600000000000000000e+01,2.900000000000000000e+01
3.047000009084343475e+01,2.700000000000000000e+01,3.700000000000000000e+01
3.048000009087324713e+01,2.600000000000000000e+01,3.600000000000000000e+01
3.049000009090306307e+01,2.800000000000000000e+01,3.300000000000000000e+01
3.050000009093287545e+01,2.900000000000000000e+01,3.500000000000000000e+01
3.051000009096269139e+01,2.800000000000000000e+01,4.100000000000000000e+01
3.052000009099250377e+01,3.000000000000000000e+01,3.800000000000000000e+01
3.053000009102231971e+01,2.800000000000000000e+01,3.900000000000000000e+01
3.054000009105213209e+01,3.100000000000000000e+01,3.600000000000000000e+01
3.055000009108194448e+01,2.900000000000000000e+01,4.200000000000000000e+01
3.056000009111176041e+01,2.800000000000000000e+01,3.000000000000000000e+01
3.057000009114157280e+01,2.800000000000000000e+01,3.500000000000000000e+01
3.058000009117138873e+01,2.700000000000000000e+01,3.100000000000000000e+01
3.059000009120120112e+01,2.700000000000000000e+01,3.300000000000000000e+01
3.060000009123101705e+01,2.700000000000000000e+01,3.100000000000000000e+01
3.061000009126082944e+01,2.900000000000000000e+01,3.600000000000000000e+01
3.062000009129064537e+01,2.800000000000000000e+01,3.400000000000000000e+01
3.063000009132045776e+01,2.500000000000000000e+01,3.400000000000000000e+01
3.064000009135027369e+01,2.600000000000000000e+01,3.300000000000000000e+01
3.065000009138008608e+01,2.800000000000000000e+01,3.700000000000000000e+01
3.066000009140990201e+01,2.800000000000000000e+01,3.900000000000000000e+01
3.067000009143971440e+01,2.700000000000000000e+01,3.500000000000000000e+01
3.068000009146953033e+01,2.600000000000000000e+01,3.200000000000000000e+01
3.069000009149934272e+01,2.800000000000000000e+01,3.200000000000000000e+01
3.070000009152915865e+01,2.500000000000000000e+01,2.500000000000000000e+01
3.071000009155897104e+01,2.500000000000000000e+01,3.100000000000000000e+01
3.072000009158878697e+01,2.500000000000000000e+01,2.900000000000000000e+01
3.073000009161859936e+01,2.900000000000000000e+01,3.600000000000000000e+01
3.074000009164841174e+01,3.000000000000000000e+01,3.900000000000000000e+01
3.075000009167822768e+01,3.000000000000000000e+01,3.600000000000000000e+01
3.076000009170804006e+01,3.200000000000000000e+01,4.400000000000000000e+01
3.077000009173785600e+01,3.100000000000000000e+01,4.200000000000000000e+01
3.078000009176766838e+01,3.100000000000000000e+01,4.700000000000000000e+01
3.079000009179748432e+01,3.400000000000000000e+01,4.900000000000000000e+01
3.080000009182729670e+01,3.500000000000000000e+01,5.200000000000000000e+01
3.081000009185711264e+01,3.300000000000000000e+01,4.400000000000000000e+01
3.082000009188692502e+01,3.000000000000000000e+01,4.100000000000000000e+01
3.083000009191674096e+01,3.200000000000000000e+01,3.900000000000000000e+01
3.084000009194655334e+01,2.800000000000000000e+01,3.600000000000000000e+01
3.085000009197636928e+01,2.900000000000000000e+01,3.300000000000000000e+01
3.086000009200618166e+01,2.900000000000000000e+01,3.300000000000000000e+01
3.087000009203599760e+01,2.800000000000000000e+01,3.200000000000000000e+01
3.088000009206580998e+01,3.000000000000000000e+01,3.400000000000000000e+01
3.089000009209562592e+01,2.600000000000000000e+01,3.100000000000000000e+01
3.090000009212543830e+01,3.400000000000000000e+01,5.100000000000000000e+01
3.091000009215525068e+01,2.800000000000000000e+01,4.100000000000000000e+01
3.092000009218506662e+01,2.600000000000000000e+01,3.400000000000000000e+01
3.093000009221487900e+01,3.500000000000000000e+01,4.700000000000000000e+01
3.094000009224469494e+01,3.000000000000000000e+01,3.800000000000000000e+01
3.095000009227450732e+01,3.300000000000000000e+01,4.000000000000000000e+01
3.096000009230432326e+01,3.300000000000000000e+01,4.100000000000000000e+01
3.097000009233413564e+01,3.000000000000000000e+01,3.700000000000000000e+01
3.098000009236395158e+01,3.200000000000000000e+01,4.300000000000000000e+01
3.099000009239376396e+01,3.000000000000000000e+01,3.600000000000000000e+01
3.100000009242357990e+01,2.700000000000000000e+01,3.100000000000000000e+01
3.101000009245339228e+01,3.400000000000000000e+01,5.000000000000000000e+01
3.102000009248320822e+01,3.000000000000000000e+01,3.900000000000000000e+01
3.103000009251302060e+01,3.000000000000000000e+01,4.000000000000000000e+01
3.104000009254283654e+01,3.000000000000000000e+01,3.600000000000000000e+01
3.105000009257264892e+01,2.700000000000000000e+01,3.000000000000000000e+01
3.106000009260246486e+01,3.100000000000000000e+01,3.900000000000000000e+01
3.107000009263227724e+01,2.900000000000000000e+01,3.700000000000000000e+01
3.108000009266208963e+01,3.100000000000000000e+01,3.700000000000000000e+01
3.109000009269190556e+01,2.900000000000000000e+01,3.200000000000000000e+01
3.110000009272171795e+01,2.800000000000000000e+01,3.300000000000000000e+01
3.111000009275153388e+01,3.100000000000000000e+01,3.800000000000000000e+01
3.112000009278134627e+01,3.100000000000000000e+01,4.100000000000000000e+01
3.113000009281116220e+01,2.900000000000000000e+01,3.200000000000000000e+01
3.114000009284097459e+01,2.800000000000000000e+01,3.300000000000000000e+01
3.115000009287079052e+01,3.200000000000000000e+01,4.000000000000000000e+01
3.116000009290060291e+01,3.000000000000000000e+01,4.000000000000000000e+01
3.117000009293041884e+01,2.700000000000000000e+01,2.800000000000000000e+01
3.118000009296023123e+01,2.700000000000000000e+01,3.300000000000000000e+01
3.119000009299004716e+01,3.400000000000000000e+01,4.000000000000000000e+01
3.120000009301985955e+01,3.000000000000000000e+01,4.300000000000000000e+01
3.121000009304967548e+01,3.100000000000000000e+01,4.100000000000000000e+01
3.122000009307948787e+01,2.600000000000000000e+01,3.200000000000000000e+01
3.123000009310930380e+01,2.900000000000000000e+01,3.800000000000000000e+01
3.124000009313911619e+01,2.700000000000000000e+01,3.200000000000000000e+01
3.125000009316892857e+01,3.000000000000000000e+01,3.900000000000000000e+01
3.126000009319874451e+01,2.800000000000000000e+01,2.900000000000000000e+01
3.127000009322855689e+01,2.700000000000000000e+01,2.900000000000000000e+01
3.128000009325837283e+01,3.000000000000000000e+01,3.100000000000000000e+01
3.129000009328818521e+01,2.900000000000000000e+01,3.700000000000000000e+01
3.130000009331800115e+01,2.700000000000000000e+01,3.000000000000000000e+01
3.131000009334781353e+01,2.800000000000000000e+01,4.000000000000000000e+01
3.132000009337762947e+01,3.200000000000000000e+01,3.700000000000000000e+01
3.133000009340744185e+01,3.400000000000000000e+01,4.200000000000000000e+01
3.134000009343725779e+01,2.900000000000000000e+01,3.600000000000000000e+01
3.135000009346707017e+01,3.100000000000000000e+01,3.900000000000000000e+01
3.136000009349688611e+01,3.300000000000000000e+01,4.400000000000000000e+01
3.137000009352669849e+01,3.200000000000000000e+01,4.200000000000000000e+01
3.138000009355651443e+01,2.700000000000000000e+01,3.100000000000000000e+01
3.139000009358632681e+01,3.200000000000000000e+01,4.800000000000000000e+01
3.140000009361614275e+01,2.900000000000000000e+01,3.700000000000000000e+01
3.141000009364595513e+01,3.200000000000000000e+01,4.300000000000000000e+01
3.142000009367576752e+01,3.000000000000000000e+01,4.100000000000000000e+01
3.143000009370558345e+01,2.500000000000000000e+01,3.400000000000000000e+01
3.144000009373539584e+01,2.400000000000000000e+01,2.700000000000000000e+01
3.145000009376521177e+01,2.700000000000000000e+01,3.600000000000000000e+01
3.146000009379502416e+01,3.100000000000000000e+01,4.000000000000000000e+01
3.147000009382484009e+01,2.600000000000000000e+01,2.900000000000000000e+01
3.148000009385465248e+01,2.500000000000000000e+01,2.700000000000000000e+01
3.149000009388446841e+01,2.700000000000000000e+01,2.900000000000000000e+01
3.150000009391428080e+01,2.500000000000000000e+01,2.200000000000000000e+01
3.151000009394409673e+01,2.700000000000000000e+01,3.600000000000000000e+01
3.152000009397390912e+01,2.700000000000000000e+01,3.000000000000000000e+01
3.153000009400372505e+01,2.700000000000000000e+01,2.800000000000000000e+01
3.154000009403353744e+01,3.000000000000000000e+01,3.200000000000000000e+01
3.155000009406335337e+01,2.800000000000000000e+01,4.200000000000000000e+01
3.156000009409316576e+01,2.600000000000000000e+01,3.100000000000000000e+01
3.157000009412298169e+01,2.700000000000000000e+01,2.800000000000000000e+01
3.158000009415279408e+01,2.800000000000000000e+01,3.100000000000000000e+01
3.159000009418260646e+01,2.900000000000000000e+01,3.400000000000000000e+01
3.160000009421242240e+01,2.400000000000000000e+01,2.700000000000000000e+01
3.161000009424223478e+01,2.600000000000000000e+01,2.800000000000000000e+01
3.162000009427205072e+01,3.200000000000000000e+01,4.100000000000000000e+01
3.163000009430186310e+01,2.700000000000000000e+01,3.000000000000000000e+01
3.164000009433167904e+01,2.800000000000000000e+01,3.100000000000000000e+01
3.165000009436149142e+01,2.800000000000000000e+01,3.100000000000000000e+01
3.166000009439130736e+01,2.900000000000000000e+01,3.900000000000000000e+01
3.167000009442111974e+01,2.800000000000000000e+01,3.100000000000000000e+01
3.168000009445093568e+01,2.800000000000000000e+01,3.000000000000000000e+01
3.169000009448074806e+01,3.100000000000000000e+01,4.200000000000000000e+01
3.170000009451056400e+01,2.800000000000000000e+01,3.800000000000000000e+01
3.171000009454037638e+01,2.900000000000000000e+01,3.600000000000000000e+01
3.172000009457019232e+01,3.100000000000000000e+01,4.000000000000000000e+01
3.173000009460000470e+01,3.100000000000000000e+01,3.400000000000000000e+01
3.174000009462982064e+01,3.100000000000000000e+01,4.000000000000000000e+01
3.175000009465963302e+01,3.300000000000000000e+01,4.300000000000000000e+01
3.176000009468944896e+01,3.200000000000000000e+01,4.000000000000000000e+01
3.177000009471926134e+01,2.800000000000000000e+01,3.100000000000000000e+01
3.178000009474907372e+01,2.700000000000000000e+01,2.500000000000000000e+01
3.179000009477888966e+01,2.800000000000000000e+01,3.700000000000000000e+01
3.180000009480870204e+01,3.100000000000000000e+01,3.800000000000000000e+01
3.181000009483851798e+01,2.800000000000000000e+01,3.200000000000000000e+01
3.182000009486833036e+01,3.000000000000000000e+01,3.900000000000000000e+01
3.183000009489814630e+01,2.900000000000000000e+01,3.500000000000000000e+01
3.184000009492795868e+01,2.900000000000000000e+01,3.000000000000000000e+01
3.185000009495777462e+01,2.600000000000000000e+01,2.700000000000000000e+01
3.186000009498758700e+01,2.200000000000000000e+01,2.400000000000000000e+01
3.187000009501740294e+01,2.700000000000000000e+01,3.100000000000000000e+01
3.188000009504721532e+01,2.300000000000000000e+01,2.000000000000000000e+01
3.189000009507703126e+01,2.800000000000000000e+01,2.800000000000000000e+01
3.190000009510684364e+01,2.900000000000000000e+01,3.400000000000000000e+01
3.191000009513665958e+01,2.900000000000000000e+01,3.500000000000000000e+01
3.192000009516647197e+01,2.600000000000000000e+01,3.000000000000000000e+01
3.193000009519628790e+01,2.900000000000000000e+01,3.100000000000000000e+01
3.194000009522610029e+01,2.600000000000000000e+01,2.700000000000000000e+01
3.195000009525591267e+01,2.600000000000000000e+01,2.800000000000000000e+01
3.196000009528572861e+01,2.500000000000000000e+01,3.000000000000000000e+01
3.197000009531554099e+01,2.400000000000000000e+01,2.600000000000000000e+01
3.198000009534535693e+01,2.900000000000000000e+01,3.500000000000000000e+01
3.199000009537516931e+01,2.700000000000000000e+01,4.000000000000000000e+01
3.200000009540498525e+01,2.700000000000000000e+01,3.400000000000000000e+01
3.201000009543479763e+01,2.500000000000000000e+01,3.100000000000000000e+01
3.202000009546461001e+01,2.600000000000000000e+01,2.800000000000000000e+01
3.203000009549442950e+01,2.700000000000000000e+01,3.000000000000000000e+01
3.204000009552424189e+01,2.700000000000000000e+01,3.100000000000000000e+01
3.205000009555405427e+01,2.700000000000000000e+01,2.700000000000000000e+01
3.206000009558386665e+01,3.100000000000000000e+01,3.300000000000000000e+01
3.207000009561368614e+01,2.800000000000000000e+01,2.900000000000000000e+01
3.208000009564349853e+01,3.000000000000000000e+01,3.800000000000000000e+01
3.209000009567331091e+01,3.500000000000000000e+01,5.200000000000000000e+01
3.210000009570312329e+01,3.100000000000000000e+01,3.600000000000000000e+01
3.211000009573293568e+01,3.200000000000000000e+01,3.700000000000000000e+01
3.212000009576275517e+01,3.000000000000000000e+01,4.100000000000000000e+01
3.213000009579256755e+01,3.000000000000000000e+01,3.500000000000000000e+01
3.214000009582237993e+01,2.800000000000000000e+01,3.200000000000000000e+01
3.215000009585219232e+01,3.000000000000000000e+01,3.800000000000000000e+01
3.216000009588201181e+01,2.700000000000000000e+01,3.300000000000000000e+01
3.217000009591182419e+01,2.700000000000000000e+01,3.300000000000000000e+01
3.218000009594163657e+01,2.600000000000000000e+01,2.900000000000000000e+01
3.219000009597144896e+01,2.700000000000000000e+01,3.200000000000000000e+01
3.220000009600126845e+01,3.100000000000000000e+01,3.900000000000000000e+01
3.221000009603108083e+01,2.900000000000000000e+01,3.400000000000000000e+01
3.222000009606089321e+01,2.700000000000000000e+01,3.500000000000000000e+01
3.223000009609070560e+01,2.800000000000000000e+01,3.000000000000000000e+01
3.224000009612052509e+01,3.000000000000000000e+01,3.600000000000000000e+01
3.225000009615033747e+01,2.900000000000000000e+01,3.500000000000000000e+01
3.226000009618014985e+01,2.800000000000000000e+01,3.200000000000000000e+01
3.227000009620996224e+01,3.000000000000000000e+01,4.100000000000000000e+01
3.228000009623978173e+01,2.700000000000000000e+01,2.700000000000000000e+01
3.229000009626959411e+01,2.500000000000000000e+01,2.900000000000000000e+01
3.230000009629940649e+01,2.800000000000000000e+01,3.100000000000000000e+01
3.231000009632921888e+01,3.000000000000000000e+01,3.700000000000000000e+01
3.232000009635903126e+01,2.800000000000000000e+01,3.500000000000000000e+01
3.233000009638885075e+01,3.100000000000000000e+01,3.900000000000000000e+01
3.234000009641866313e+01,3.100000000000000000e+01,3.600000000000000000e+01
3.235000009644847552e+01,2.700000000000000000e+01,3.400000000000000000e+01
3.236000009647828790e+01,3.100000000000000000e+01,4.100000000000000000e+01
3.237000009650810739e+01,2.900000000000000000e+01,3.200000000000000000e+01
3.238000009653791977e+01,3.200000000000000000e+01,4.100000000000000000e+01
3.239000009656773216e+01,3.000000000000000000e+01,3.500000000000000000e+01
3.240000009659754454e+01,2.900000000000000000e+01,3.700000000000000000e+01
3.241000009662736403e+01,2.800000000000000000e+01,3.400000000000000000e+01
3.242000009665717641e+01,2.800000000000000000e+01,3.600000000000000000e+01
3.243000009668698880e+01,2.800000000000000000e+01,3.500000000000000000e+01
3.244000009671680118e+01,2.600000000000000000e+01,3.000000000000000000e+01
3.245000009674662067e+01,2.800000000000000000e+01,2.900000000000000000e+01
3.246000009677643305e+01,2.600000000000000000e+01,3.300000000000000000e+01
3.247000009680624544e+01,2.800000000000000000e+01,2.700000000000000000e+01
3.248000009683605782e+01,3.100000000000000000e+01,3.500000000000000000e+01
3.249000009686587020e+01,3.100000000000000000e+01,4.100000000000000000e+01
3.250000009689568969e+01,2.800000000000000000e+01,3.300000000000000000e+01
3.251000009692550208e+01,2.600000000000000000e+01,3.600000000000000000e+01
3.252000009695531446e+01,3.000000000000000000e+01,3.700000000000000000e+01
3.253000009698512685e+01,2.900000000000000000e+01,3.500000000000000000e+01
3.254000009701494633e+01,3.100000000000000000e+01,3.600000000000000000e+01
3.255000009704475872e+01,3.000000000000000000e+01,4.000000000000000000e+01
3.256000009707457110e+01,3.200000000000000000e+01,4.600000000000000000e+01
3.257000009710438349e+01,3.000000000000000000e+01,3.700000000000000000e+01
3.258000009713420297e+01,3.000000000000000000e+01,3.800000000000000000e+01
3.259000009716401536e+01,3.100000000000000000e+01,4.100000000000000000e+01
3.260000009719382774e+01,3.100000000000000000e+01,3.800000000000000000e+01
3.261000009722364013e+01,3.000000000000000000e+01,3.500000000000000000e+01
3.262000009725345961e+01,3.000000000000000000e+01,3.500000000000000000e+01
3.263000009728327200e+01,2.800000000000000000e+01,3.100000000000000000e+01
3.264000009731308438e+01,3.000000000000000000e+01,3.800000000000000000e+01
3.265000009734289677e+01,2.700000000000000000e+01,3.400000000000000000e+01
3.266000009737270915e+01,2.600000000000000000e+01,2.900000000000000000e+01
3.267000009740252864e+01,2.600000000000000000e+01,3.400000000000000000e+01
3.268000009743234102e+01,2.700000000000000000e+01,3.100000000000000000e+01
3.269000009746215341e+01,2.500000000000000000e+01,2.700000000000000000e+01
3.270000009749196579e+01,2.700000000000000000e+01,3.200000000000000000e+01
3.271000009752178528e+01,2.800000000000000000e+01,3.400000000000000000e+01
3.272000009755159766e+01,2.700000000000000000e+01,2.900000000000000000e+01
3.273000009758141005e+01,2.500000000000000000e+01,2.800000000000000000e+01
3.274000009761122243e+01,2.800000000000000000e+01,3.500000000000000000e+01
3.275000009764104192e+01,3.100000000000000000e+01,3.500000000000000000e+01
3.276000009767085430e+01,2.900000000000000000e+01,3.700000000000000000e+01
3.277000009770066669e+01,2.900000000000000000e+01,3.300000000000000000e+01
3.278000009773047907e+01,3.000000000000000000e+01,4.400000000000000000e+01
3.279000009776029856e+01,3.000000000000000000e+01,4.100000000000000000e+01
3.280000009779011094e+01,2.800000000000000000e+01,3.800000000000000000e+01
3.281000009781992333e+01,2.700000000000000000e+01,2.800000000000000000e+01
3.282000009784973571e+01,2.700000000000000000e+01,3.500000000000000000e+01
3.283000009787954809e+01,2.900000000000000000e+01,3.800000000000000000e+01
3.284000009790936758e+01,2.300000000000000000e+01,2.700000000000000000e+01
3.285000009793917997e+01,2.400000000000000000e+01,2.600000000000000000e+01
3.286000009796899235e+01,2.600000000000000000e+01,3.600000000000000000e+01
3.287000009799880473e+01,2.600000000000000000e+01,3.300000000000000000e+01
3.288000009802862422e+01,2.700000000000000000e+01,3.400000000000000000e+01
3.289000009805843661e+01,2.600000000000000000e+01,3.100000000000000000e+01
3.290000009808824899e+01,3.000000000000000000e+01,4.100000000000000000e+01
3.291000009811806137e+01,3.100000000000000000e+01,3.700000000000000000e+01
3.292000009814788086e+01,2.600000000000000000e+01,3.200000000000000000e+01
3.293000009817769325e+01,2.700000000000000000e+01,3.100000000000000000e+01
3.294000009820750563e+01,2.700000000000000000e+01,3.100000000000000000e+01
3.295000009823731801e+01,2.900000000000000000e+01,3.800000000000000000e+01
3.296000009826713750e+01,2.600000000000000000e+01,3.600000000000000000e+01
3.297000009829694989e+01,2.700000000000000000e+01,3.900000000000000000e+01
3.298000009832676227e+01,2.500000000000000000e+01,3.500000000000000000e+01
3.299000009835657465e+01,2.600000000000000000e+01,3.300000000000000000e+01
3.300000009838638704e+01,2.900000000000000000e+01,3.500000000000000000e+01
3.301000009841620653e+01,2.800000000000000000e+01,3.500000000000000000e+01
3.302000009844601891e+01,2.700000000000000000e+01,3.400000000000000000e+01
3.303000009847583129e+01,2.900000000000000000e+01,3.400000000000000000e+01
3.304000009850564368e+01,3.100000000000000000e+01,3.800000000000000000e+01
3.305000009853546317e+01,3.000000000000000000e+01,3.900000000000000000e+01
3.306000009856527555e+01,3.200000000000000000e+01,4.300000000000000000e+01
3.307000009859508793e+01,3.300000000000000000e+01,4.100000000000000000e+01
3.308000009862490032e+01,2.900000000000000000e+01,4.200000000000000000e+01
3.309000009865471981e+01,3.400000000000000000e+01,5.400000000000000000e+01
3.310000009868453219e+01,3.000000000000000000e+01,4.500000000000000000e+01
3.311000009871434457e+01,3.200000000000000000e+01,4.300000000000000000e+01
3.312000009874415696e+01,3.400000000000000000e+01,4.700000000000000000e+01
3.313000009877397645e+01,3.300000000000000000e+01,4.100000000000000000e+01
3.314000009880378883e+01,2.700000000000000000e+01,3.300000000000000000e+01
3.315000009883360121e+01,3.200000000000000000e+01,3.900000000000000000e+01
3.316000009886341360e+01,3.500000000000000000e+01,4.700000000000000000e+01
3.317000009889322598e+01,3.200000000000000000e+01,4.800000000000000000e+01
3.318000009892304547e+01,2.900000000000000000e+01,3.800000000000000000e+01
3.319000009895285785e+01,3.100000000000000000e+01,4.900000000000000000e+01
3.320000009898267024e+01,3.600000000000000000e+01,5.000000000000000000e+01
3.321000009901248262e+01,4.000000000000000000e+01,5.900000000000000000e+01
3.322000009904230211e+01,3.600000000000000000e+01,4.500000000000000000e+01
3.323000009907211449e+01,3.500000000000000000e+01,5.400000000000000000e+01
3.324000009910192688e+01,3.400000000000000000e+01,4.300000000000000000e+01
3.325000009913173926e+01,3.300000000000000000e+01,4.400000000000000000e+01
3.326000009916155875e+01,3.500000000000000000e+01,4.600000000000000000e+01
3.327000009919137113e+01,3.800000000000000000e+01,5.300000000000000000e+01
3.328000009922118352e+01,3.500000000000000000e+01,4.700000000000000000e+01
3.329000009925099590e+01,3.800000000000000000e+01,5.400000000000000000e+01
3.330000009928081539e+01,3.600000000000000000e+01,4.100000000000000000e+01
3.331000009931062777e+01,3.300000000000000000e+01,4.600000000000000000e+01
3.332000009934044016e+01,3.000000000000000000e+01,3.500000000000000000e+01
3.333000009937025254e+01,3.300000000000000000e+01,4.000000000000000000e+01
3.334000009940006493e+01,3.300000000000000000e+01,3.900000000000000000e+01
3.335000009942988441e+01,2.900000000000000000e+01,3.100000000000000000e+01
3.336000009945969680e+01,3.600000000000000000e+01,4.200000000000000000e+01
3.337000009948950918e+01,3.100000000000000000e+01,4.200000000000000000e+01
3.338000009951932157e+01,3.100000000000000000e+01,3.700000000000000000e+01
3.339000009954914105e+01,3.400000000000000000e+01,5.200000000000000000e+01
3.340000009957895344e+01,3.000000000000000000e+01,3.400000000000000000e+01
3.341000009960876582e+01,3.600000000000000000e+01,5.300000000000000000e+01
3.342000009963857821e+01,3.100000000000000000e+01,4.400000000000000000e+01
3.343000009966839770e+01,2.600000000000000000e+01,3.300000000000000000e+01
3.344000009969821008e+01,3.100000000000000000e+01,4.000000000000000000e+01
3.345000009972802246e+01,3.200000000000000000e+01,3.900000000000000000e+01
3.346000009975783485e+01,3.200000000000000000e+01,4.300000000000000000e+01
3.347000009978765434e+01,3.000000000000000000e+01,3.900000000000000000e+01
3.348000009981746672e+01,3.600000000000000000e+01,4.600000000000000000e+01
3.349000009984727910e+01,2.800000000000000000e+01,3.600000000000000000e+01
3.350000009987709149e+01,3.000000000000000000e+01,4.200000000000000000e+01
3.351000009990690387e+01,2.900000000000000000e+01,4.000000000000000000e+01
3.352000009993672336e+01,2.800000000000000000e+01,4.200000000000000000e+01
3.353000009996653574e+01,2.700000000000000000e+01,3.600000000000000000e+01
3.354000009999634813e+01,3.200000000000000000e+01,3.900000000000000000e+01
3.355000010002616051e+01,2.400000000000000000e+01,2.700000000000000000e+01
3.356000010005598000e+01,2.800000000000000000e+01,3.800000000000000000e+01
3.357000010008579238e+01,3.100000000000000000e+01,4.000000000000000000e+01
3.358000010011560477e+01,3.500000000000000000e+01,4.300000000000000000e+01
3.359000010014541715e+01,2.900000000000000000e+01,3.600000000000000000e+01
3.360000010017523664e+01,3.000000000000000000e+01,4.000000000000000000e+01
3.361000010020504902e+01,2.800000000000000000e+01,3.900000000000000000e+01
3.362000010023486141e+01,2.800000000000000000e+01,3.200000000000000000e+01
3.363000010026467379e+01,2.700000000000000000e+01,3.500000000000000000e+01
3.364000010029449328e+01,2.700000000000000000e+01,3.600000000000000000e+01
3.365000010032430566e+01,2.900000000000000000e+01,3.400000000000000000e+01
3.366000010035411805e+01,2.800000000000000000e+01,3.400000000000000000e+01
3.367000010038393043e+01,2.700000000000000000e+01,3.500000000000000000e+01
3.368000010041374281e+01,3.100000000000000000e+01,3.800000000000000000e+01
3.369000010044356230e+01,2.800000000000000000e+01,3.100000000000000000e+01
3.370000010047337469e+01,2.900000000000000000e+01,3.500000000000000000e+01
3.371000010050318707e+01,2.800000000000000000e+01,3.500000000000000000e+01
3.372000010053299945e+01,3.000000000000000000e+01,3.900000000000000000e+01
3.373000010056281894e+01,3.000000000000000000e+01,3.600000000000000000e+01
3.374000010059263133e+01,2.700000000000000000e+01,3.500000000000000000e+01
3.375000010062244371e+01,2.900000000000000000e+01,4.200000000000000000e+01
3.376000010065225609e+01,3.200000000000000000e+01,5.300000000000000000e+01
3.377000010068207558e+01,2.400000000000000000e+01,3.600000000000000000e+01
3.378000010071188797e+01,2.400000000000000000e+01,2.900000000000000000e+01
3.379000010074170035e+01,2.400000000000000000e+01,3.100000000000000000e+01
3.380000010077151273e+01,2.800000000000000000e+01,3.400000000000000000e+01
3.381000010080133222e+01,2.700000000000000000e+01,3.800000000000000000e+01
3.382000010083114461e+01,2.400000000000000000e+01,3.100000000000000000e+01
3.383000010086095699e+01,2.700000000000000000e+01,3.400000000000000000e+01
3.384000010089076937e+01,2.800000000000000000e+01,3.800000000000000000e+01
3.385000010092058176e+01,3.100000000000000000e+01,4.300000000000000000e+01
3.386000010095040125e+01,2.500000000000000000e+01,3.100000000000000000e+01
3.387000010098021363e+01,3.000000000000000000e+01,4.500000000000000000e+01
3.388000010101002601e+01,3.000000000000000000e+01,3.700000000000000000e+01
3.389000010103983840e+01,2.900000000000000000e+01,3.200000000000000000e+01
3.390000010106965789e+01,2.800000000000000000e+01,3.900000000000000000e+01
3.391000010109947027e+01,2.900000000000000000e+01,3.800000000000000000e+01
3.392000010112928265e+01,3.000000000000000000e+01,3.600000000000000000e+01
3.393000010115909504e+01,3.100000000000000000e+01,4.200000000000000000e+01
3.394000010118891453e+01,2.900000000000000000e+01,3.400000000000000000e+01
3.395000010121872691e+01,2.600000000000000000e+01,3.800000000000000000e+01
3.396000010124853929e+01,2.600000000000000000e+01,3.200000000000000000e+01
3.397000010127835168e+01,2.900000000000000000e+01,3.500000000000000000e+01
3.398000010130817117e+01,2.800000000000000000e+01,4.000000000000000000e+01
3.399000010133798355e+01,2.900000000000000000e+01,3.600000000000000000e+01
3.400000010136779593e+01,2.800000000000000000e+01,3.400000000000000000e+01
3.401000010139760832e+01,2.700000000000000000e+01,3.400000000000000000e+01
3.402000010142742070e+01,2.800000000000000000e+01,3.800000000000000000e+01
3.403000010145724019e+01,2.900000000000000000e+01,3.500000000000000000e+01
3.404000010148705258e+01,3.000000000000000000e+01,3.400000000000000000e+01
3.405000010151686496e+01,2.900000000000000000e+01,4.000000000000000000e+01
3.406000010154667734e+01,3.300000000000000000e+01,4.200000000000000000e+01
3.407000010157649683e+01,2.700000000000000000e+01,3.700000000000000000e+01
3.408000010160630922e+01,2.700000000000000000e+01,3.300000000000000000e+01
3.409000010163612160e+01,2.700000000000000000e+01,3.000000000000000000e+01
3.410000010166593398e+01,2.800000000000000000e+01,3.000000000000000000e+01
3.411000010169575347e+01,3.000000000000000000e+01,4.200000000000000000e+01
3.412000010172556586e+01,2.400000000000000000e+01,2.700000000000000000e+01
3.413000010175537824e+01,3.000000000000000000e+01,4.100000000000000000e+01
3.414000010178519062e+01,3.000000000000000000e+01,3.900000000000000000e+01
3.415000010181501011e+01,3.000000000000000000e+01,4.100000000000000000e+01
3.416000010184482250e+01,3.400000000000000000e+01,4.200000000000000000e+01
3.417000010187463488e+01,3.200000000000000000e+01,4.100000000000000000e+01
3.418000010190444726e+01,2.900000000000000000e+01,4.100000000000000000e+01
3.419000010193426675e+01,3.000000000000000000e+01,4.000000000000000000e+01
3.420000010196407914e+01,2.800000000000000000e+01,3.600000000000000000e+01
3.421000010199389152e+01,3.100000000000000000e+01,3.500000000000000000e+01
3.422000010202370390e+01,3.300000000000000000e+01,3.900000000000000000e+01
3.423000010205351629e+01,3.200000000000000000e+01,3.700000000000000000e+01
3.424000010208333578e+01,3.200000000000000000e+01,4.100000000000000000e+01
3.425000010211314816e+01,3.000000000000000000e+01,3.900000000000000000e+01
3.426000010214296054e+01,3.300000000000000000e+01,4.700000000000000000e+01
3.427000010217277293e+01,3.000000000000000000e+01,4.200000000000000000e+01
3.428000010220259242e+01,3.500000000000000000e+01,4.600000000000000000e+01
3.429000010223240480e+01,3.100000000000000000e+01,4.300000000000000000e+01
3.430000010226221718e+01,3.000000000000000000e+01,4.000000000000000000e+01
3.431000010229202957e+01,3.300000000000000000e+01,4.800000000000000000e+01
3.432000010232184906e+01,2.800000000000000000e+01,3.900000000000000000e+01
3.433000010235166144e+01,3.300000000000000000e+01,4.700000000000000000e+01
3.434000010238147382e+01,3.100000000000000000e+01,4.200000000000000000e+01
3.435000010241128621e+01,3.100000000000000000e+01,3.700000000000000000e+01
3.436000010244110570e+01,3.000000000000000000e+01,3.800000000000000000e+01
3.437000010247091808e+01,3.000000000000000000e+01,3.700000000000000000e+01
3.438000010250073046e+01,2.800000000000000000e+01,3.600000000000000000e+01
3.439000010253054285e+01,2.800000000000000000e+01,4.200000000000000000e+01
3.440000010256035523e+01,2.800000000000000000e+01,4.400000000000000000e+01
3.441000010259017472e+01,3.000000000000000000e+01,4.100000000000000000e+01
3.442000010261998710e+01,2.900000000000000000e+01,3.600000000000000000e+01
3.443000010264979949e+01,3.000000000000000000e+01,4.700000000000000000e+01
3.444000010267961187e+01,2.600000000000000000e+01,3.600000000000000000e+01
3.445000010270943136e+01,3.000000000000000000e+01,3.800000000000000000e+01
3.446000010273924374e+01,3.100000000000000000e+01,3.900000000000000000e+01
3.447000010276905613e+01,2.700000000000000000e+01,3.600000000000000000e+01
3.448000010279886851e+01,2.600000000000000000e+01,3.400000000000000000e+01
3.449000010282868800e+01,2.800000000000000000e+01,3.700000000000000000e+01
3.450000010285850038e+01,2.700000000000000000e+01,4.100000000000000000e+01
3.451000010288831277e+01,2.500000000000000000e+01,3.100000000000000000e+01
3.452000010291812515e+01,2.500000000000000000e+01,3.500000000000000000e+01
3.453000010294794464e+01,2.600000000000000000e+01,3.400000000000000000e+01
3.454000010297775702e+01,2.500000000000000000e+01,3.100000000000000000e+01
3.455000010300756941e+01,2.500000000000000000e+01,2.900000000000000000e+01
3.456000010303738179e+01,2.800000000000000000e+01,2.800000000000000000e+01
3.457000010306719417e+01,2.700000000000000000e+01,3.200000000000000000e+01
3.458000010309701366e+01,3.000000000000000000e+01,3.300000000000000000e+01
3.459000010312682605e+01,2.600000000000000000e+01,3.000000000000000000e+01
3.460000010315663843e+01,2.800000000000000000e+01,3.700000000000000000e+01
3.461000010318645081e+01,2.600000000000000000e+01,3.200000000000000000e+01
3.462000010321627030e+01,2.600000000000000000e+01,2.900000000000000000e+01
3.463000010324608269e+01,2.700000000000000000e+01,3.300000000000000000e+01
3.464000010327589507e+01,2.700000000000000000e+01,2.800000000000000000e+01
3.465000010330570746e+01,2.300000000000000000e+01,2.500000000000000000e+01
3.466000010333552694e+01,2.300000000000000000e+01,3.000000000000000000e+01
3.467000010336533933e+01,2.500000000000000000e+01,2.800000000000000000e+01
3.468000010339515171e+01,2.800000000000000000e+01,2.900000000000000000e+01
3.469000010342496410e+01,2.800000000000000000e+01,3.300000000000000000e+01
3.470000010345478358e+01,3.000000000000000000e+01,3.100000000000000000e+01
3.471000010348459597e+01,3.100000000000000000e+01,3.900000000000000000e+01
3.472000010351440835e+01,3.000000000000000000e+01,3.800000000000000000e+01
3.473000010354422074e+01,3.200000000000000000e+01,3.900000000000000000e+01
3.474000010357403312e+01,2.900000000000000000e+01,3.200000000000000000e+01
3.475000010360385261e+01,2.900000000000000000e+01,3.700000000000000000e+01
3.476000010363366499e+01,2.500000000000000000e+01,2.500000000000000000e+01
3.477000010366347738e+01,3.200000000000000000e+01,3.800000000000000000e+01
3.478000010369328976e+01,3.000000000000000000e+01,3.600000000000000000e+01
3.479000010372310925e+01,2.900000000000000000e+01,3.100000000000000000e+01
3.480000010375292163e+01,2.800000000000000000e+01,3.200000000000000000e+01
3.481000010378273402e+01,2.700000000000000000e+01,3.100000000000000000e+01
3.482000010381254640e+01,2.600000000000000000e+01,2.700000000000000000e+01
3.483000010384236589e+01,2.600000000000000000e+01,3.100000000000000000e+01
3.484000010387217827e+01,2.800000000000000000e+01,3.000000000000000000e+01
3.485000010390199066e+01,2.900000000000000000e+01,3.300000000000000000e+01
3.486000010393180304e+01,2.800000000000000000e+01,3.600000000000000000e+01
3.487000010396162253e+01,2.500000000000000000e+01,3.000000000000000000e+01
3.488000010399143491e+01,2.800000000000000000e+01,3.400000000000000000e+01
3.489000010402124730e+01,2.700000000000000000e+01,3.100000000000000000e+01
3.490000010405105968e+01,2.500000000000000000e+01,2.400000000000000000e+01
3.491000010408087206e+01,2.700000000000000000e+01,3.300000000000000000e+01
3.492000010411069155e+01,2.800000000000000000e+01,3.400000000000000000e+01
3.493000010414050394e+01,2.800000000000000000e+01,3.500000000000000000e+01
3.494000010417031632e+01,2.800000000000000000e+01,3.300000000000000000e+01
3.495000010420012870e+01,2.600000000000000000e+01,2.800000000000000000e+01
3.496000010422994819e+01,2.600000000000000000e+01,2.700000000000000000e+01
3.497000010425976058e+01,2.700000000000000000e+01,3.800000000000000000e+01
3.498000010428957296e+01,2.500000000000000000e+01,3.000000000000000000e+01
3.499000010431938534e+01,2.700000000000000000e+01,2.600000000000000000e+01
3.500000010434920483e+01,2.700000000000000000e+01,3.000000000000000000e+01
3.501000010437901722e+01,2.700000000000000000e+01,3.400000000000000000e+01
3.502000010440882960e+01,2.700000000000000000e+01,3.800000000000000000e+01
3.503000010443864198e+01,2.800000000000000000e+01,3.400000000000000000e+01
3.504000010446846147e+01,2.900000000000000000e+01,3.400000000000000000e+01
3.505000010449827386e+01,2.700000000000000000e+01,3.400000000000000000e+01
3.506000010452808624e+01,2.600000000000000000e+01,2.600000000000000000e+01
3.507000010455789862e+01,2.900000000000000000e+01,3.300000000000000000e+01
3.508000010458771101e+01,2.700000000000000000e+01,2.600000000000000000e+01
3.509000010461753050e+01,3.100000000000000000e+01,3.600000000000000000e+01
3.510000010464734288e+01,2.900000000000000000e+01,3.700000000000000000e+01
3.511000010467715526e+01,2.600000000000000000e+01,3.300000000000000000e+01
3.512000010470696765e+01,3.200000000000000000e+01,4.300000000000000000e+01
3.513000010473678714e+01,2.900000000000000000e+01,4.200000000000000000e+01
3.514000010476659952e+01,3.000000000000000000e+01,4.000000000000000000e+01
3.515000010479641190e+01,3.400000000000000000e+01,4.300000000000000000e+01
3.516000010482622429e+01,2.900000000000000000e+01,3.300000000000000000e+01
3.517000010485604378e+01,2.700000000000000000e+01,3.500000000000000000e+01
3.518000010488585616e+01,2.900000000000000000e+01,3.300000000000000000e+01
3.519000010491566854e+01,2.900000000000000000e+01,3.400000000000000000e+01
3.520000010494548093e+01,2.900000000000000000e+01,3.800000000000000000e+01
3.521000010497530042e+01,3.000000000000000000e+01,3.300000000000000000e+01
3.522000010500511280e+01,2.800000000000000000e+01,3.300000000000000000e+01
3.523000010503492518e+01,3.400000000000000000e+01,3.700000000000000000e+01
3.524000010506473757e+01,3.000000000000000000e+01,4.100000000000000000e+01
3.525000010509454995e+01,3.100000000000000000e+01,3.900000000000000000e+01
3.526000010512436944e+01,3.400000000000000000e+01,4.500000000000000000e+01
3.527000010515418182e+01,3.300000000000000000e+01,4.500000000000000000e+01
3.528000010518399421e+01,2.900000000000000000e+01,3.400000000000000000e+01
3.529000010521380659e+01,3.300000000000000000e+01,4.700000000000000000e+01
3.530000010524362608e+01,3.000000000000000000e+01,3.300000000000000000e+01
3.531000010527343846e+01,3.000000000000000000e+01,3.900000000000000000e+01
3.532000010530325085e+01,3.000000000000000000e+01,3.600000000000000000e+01
3.533000010533306323e+01,2.900000000000000000e+01,3.300000000000000000e+01
3.534000010536288272e+01,3.100000000000000000e+01,4.000000000000000000e+01
3.535000010539269510e+01,3.000000000000000000e+01,3.800000000000000000e+01
3.536000010542250749e+01,2.900000000000000000e+01,3.800000000000000000e+01
3.537000010545231987e+01,3.000000000000000000e+01,3.500000000000000000e+01
3.538000010548213936e+01,2.900000000000000000e+01,3.500000000000000000e+01
3.539000010551195174e+01,2.900000000000000000e+01,3.400000000000000000e+01
3.540000010554176413e+01,2.900000000000000000e+01,3.300000000000000000e+01
3.541000010557157651e+01,2.600000000000000000e+01,3.400000000000000000e+01
3.542000010560138890e+01,2.800000000000000000e+01,2.600000000000000000e+01
3.543000010563120838e+01,3.100000000000000000e+01,3.600000000000000000e+01
3.544000010566102077e+01,2.600000000000000000e+01,2.800000000000000000e+01
3.545000010569083315e+01,2.800000000000000000e+01,3.100000000000000000e+01
3.546000010572064554e+01,2.800000000000000000e+01,3.000000000000000000e+01
3.547000010575046502e+01,2.900000000000000000e+01,3.200000000000000000e+01
3.548000010578027741e+01,2.800000000000000000e+01,2.600000000000000000e+01
3.549000010581008979e+01,2.900000000000000000e+01,3.300000000000000000e+01
3.550000010583990218e+01,2.600000000000000000e+01,3.300000000000000000e+01
3.551000010586972166e+01,2.700000000000000000e+01,2.800000000000000000e+01
3.552000010589953405e+01,2.600000000000000000e+01,2.900000000000000000e+01
3.553000010592934643e+01,2.900000000000000000e+01,3.300000000000000000e+01
3.554000010595915882e+01,2.900000000000000000e+01,3.500000000000000000e+01
3.555000010598897831e+01,3.000000000000000000e+01,3.700000000000000000e+01
3.556000010601879069e+01,3.100000000000000000e+01,3.400000000000000000e+01
3.557000010604860307e+01,3.300000000000000000e+01,4.000000000000000000e+01
3.558000010607841546e+01,3.200000000000000000e+01,3.900000000000000000e+01
3.559000010610822784e+01,3.400000000000000000e+01,4.000000000000000000e+01
3.560000010613804733e+01,3.400000000000000000e+01,3.900000000000000000e+01
3.561000010616785971e+01,3.300000000000000000e+01,4.200000000000000000e+01
3.562000010619767210e+01,3.200000000000000000e+01,4.100000000000000000e+01
3.563000010622748448e+01,3.400000000000000000e+01,3.800000000000000000e+01
3.564000010625730397e+01,3.200000000000000000e+01,4.200000000000000000e+01
3.565000010628711635e+01,3.100000000000000000e+01,3.700000000000000000e+01
3.566000010631692874e+01,3.000000000000000000e+01,3.600000000000000000e+01
3.567000010634674112e+01,3.200000000000000000e+01,4.300000000000000000e+01
3.568000010637656061e+01,3.100000000000000000e+01,4.300000000000000000e+01
3.569000010640637299e+01,3.200000000000000000e+01,4.500000000000000000e+01
3.570000010643618538e+01,3.200000000000000000e+01,4.200000000000000000e+01
3.571000010646599776e+01,3.300000000000000000e+01,4.100000000000000000e+01
3.572000010649581725e+01,3.400000000000000000e+01,4.000000000000000000e+01
3.573000010652562963e+01,3.600000000000000000e+01,4.500000000000000000e+01
3.574000010655544202e+01,3.200000000000000000e+01,4.600000000000000000e+01
3.575000010658525440e+01,3.200000000000000000e+01,4.300000000000000000e+01
3.576000010661506678e+01,3.200000000000000000e+01,4.100000000000000000e+01
3.577000010664488627e+01,2.900000000000000000e+01,3.500000000000000000e+01
3.578000010667469866e+01,2.900000000000000000e+01,3.300000000000000000e+01
3.579000010670451104e+01,3.000000000000000000e+01,4.200000000000000000e+01
3.580000010673432342e+01,2.900000000000000000e+01,3.500000000000000000e+01
3.581000010676414291e+01,2.900000000000000000e+01,3.300000000000000000e+01
3.582000010679395530e+01,2.900000000000000000e+01,3.700000000000000000e+01
3.583000010682376768e+01,2.900000000000000000e+01,3.600000000000000000e+01
3.584000010685358006e+01,2.800000000000000000e+01,3.400000000000000000e+01
3.585000010688339955e+01,3.000000000000000000e+01,3.500000000000000000e+01
3.586000010691321194e+01,3.200000000000000000e+01,4.600000000000000000e+01
3.587000010694302432e+01,3.100000000000000000e+01,4.300000000000000000e+01
3.588000010697283670e+01,3.300000000000000000e+01,4.400000000000000000e+01
3.589000010700265619e+01,3.300000000000000000e+01,4.500000000000000000e+01
3.590000010703246858e+01,3.300000000000000000e+01,4.200000000000000000e+01
3.591000010706228096e+01,3.300000000000000000e+01,4.500000000000000000e+01
3.592000010709209334e+01,3.000000000000000000e+01,3.500000000000000000e+01
3.593000010712190573e+01,3.300000000000000000e+01,4.000000000000000000e+01
3.594000010715172522e+01,3.300000000000000000e+01,4.000000000000000000e+01
3.595000010718153760e+01,3.200000000000000000e+01,3.400000000000000000e+01
3.596000010721134998e+01,3.100000000000000000e+01,3.600000000000000000e+01
3.597000010724116237e+01,3.000000000000000000e+01,4.200000000000000000e+01
3.598000010727098186e+01,3.100000000000000000e+01,3.700000000000000000e+01
3.599000010730079424e+01,3.000000000000000000e+01,3.500000000000000000e+01
3.600000010733060662e+01,3.100000000000000000e+01,3.800000000000000000e+01
3.601000010736041901e+01,3.000000000000000000e+01,3.500000000000000000e+01
3.602000010739023850e+01,2.900000000000000000e+01,3.600000000000000000e+01
3.603000010742005088e+01,3.100000000000000000e+01,3.900000000000000000e+01
3.604000010744986326e+01,3.200000000000000000e+01,4.000000000000000000e+01
3.605000010747967565e+01,3.300000000000000000e+01,4.500000000000000000e+01
3.606000010750949514e+01,3.100000000000000000e+01,4.100000000000000000e+01
3.607000010753930752e+01,3.200000000000000000e+01,3.800000000000000000e+01
3.608000010756911990e+01,3.300000000000000000e+01,4.300000000000000000e+01
3.609000010759893229e+01,3.400000000000000000e+01,4.900000000000000000e+01
3.610000010762875178e+01,3.100000000000000000e+01,3.800000000000000000e+01
3.611000010765856416e+01,3.000000000000000000e+01,3.000000000000000000e+01
3.612000010768837654e+01,3.100000000000000000e+01,3.500000000000000000e+01
3.613000010771818893e+01,2.900000000000000000e+01,3.800000000000000000e+01
3.614000010774800131e+01,3.100000000000000000e+01,4.000000000000000000e+01
3.615000010777782080e+01,3.000000000000000000e+01,3.400000000000000000e+01
3.616000010780763319e+01,3.100000000000000000e+01,3.200000000000000000e+01
3.617000010783744557e+01,2.900000000000000000e+01,3.700000000000000000e+01
3.618000010786725795e+01,3.000000000000000000e+01,3.500000000000000000e+01
3.619000010789707744e+01,3.200000000000000000e+01,3.900000000000000000e+01
3.620000010792688983e+01,2.700000000000000000e+01,3.500000000000000000e+01
3.621000010795670221e+01,3.200000000000000000e+01,4.200000000000000000e+01
3.622000010798651459e+01,2.800000000000000000e+01,3.300000000000000000e+01
3.623000010801633408e+01,3.100000000000000000e+01,3.800000000000000000e+01
3.624000010804614647e+01,2.900000000000000000e+01,3.500000000000000000e+01
3.625000010807595885e+01,3.100000000000000000e+01,4.300000000000000000e+01
3.626000010810577123e+01,3.000000000000000000e+01,4.000000000000000000e+01
3.627000010813559072e+01,2.900000000000000000e+01,3.600000000000000000e+01
3.628000010816540311e+01,2.800000000000000000e+01,3.300000000000000000e+01
3.629000010819521549e+01,2.900000000000000000e+01,3.200000000000000000e+01
3.630000010822502787e+01,2.500000000000000000e+01,3.400000000000000000e+01
3.631000010825484026e+01,3.100000000000000000e+01,3.500000000000000000e+01
3.632000010828465975e+01,3.000000000000000000e+01,3.600000000000000000e+01
3.633000010831447213e+01,3.100000000000000000e+01,3.900000000000000000e+01
3.634000010834428451e+01,3.300000000000000000e+01,5.300000000000000000e+01
3.635000010837409690e+01,2.900000000000000000e+01,4.000000000000000000e+01
3.636000010840391639e+01,2.800000000000000000e+01,3.500000000000000000e+01
3.637000010843372877e+01,2.900000000000000000e+01,4.000000000000000000e+01
3.638000010846354115e+01,3.200000000000000000e+01,3.800000000000000000e+01
3.639000010849335354e+01,2.900000000000000000e+01,3.600000000000000000e+01
3.640000010852317303e+01,3.000000000000000000e+01,3.300000000000000000e+01
3.641000010855298541e+01,3.000000000000000000e+01,3.800000000000000000e+01
3.642000010858279779e+01,3.100000000000000000e+01,3.500000000000000000e+01
3.643000010861261018e+01,2.800000000000000000e+01,3.200000000000000000e+01
3.644000010864242967e+01,3.000000000000000000e+01,3.600000000000000000e+01
3.645000010867224205e+01,2.800000000000000000e+01,3.000000000000000000e+01
3.646000010870205443e+01,3.300000000000000000e+01,4.300000000000000000e+01
3.647000010873186682e+01,2.900000000000000000e+01,3.500000000000000000e+01
3.648000010876167920e+01,3.000000000000000000e+01,4.000000000000000000e+01
3.649000010879149869e+01,2.900000000000000000e+01,3.400000000000000000e+01
3.650000010882131107e+01,3.000000000000000000e+01,3.900000000000000000e+01
3.651000010885112346e+01,3.100000000000000000e+01,4.200000000000000000e+01
3.652000010888093584e+01,2.700000000000000000e+01,3.300000000000000000e+01
3.653000010891075533e+01,3.300000000000000000e+01,4.200000000000000000e+01
3.654000010894056771e+01,3.000000000000000000e+01,3.400000000000000000e+01
3.655000010897038010e+01,2.800000000000000000e+01,3.300000000000000000e+01
3.656000010900019248e+01,2.600000000000000000e+01,3.700000000000000000e+01
3.657000010903001197e+01,2.800000000000000000e+01,3.700000000000000000e+01
3.658000010905982435e+01,2.900000000000000000e+01,3.600000000000000000e+01
3.659000010908963674e+01,3.100000000000000000e+01,4.200000000000000000e+01
3.660000010911944912e+01,2.500000000000000000e+01,2.700000000000000000e+01
3.661000010914926861e+01,3.100000000000000000e+01,4.300000000000000000e+01
3.662000010917908099e+01,3.100000000000000000e+01,4.900000000000000000e+01
3.663000010920889338e+01,2.800000000000000000e+01,4.100000000000000000e+01
3.664000010923870576e+01,2.900000000000000000e+01,3.700000000000000000e+01
3.665000010926851814e+01,2.700000000000000000e+01,3.000000000000000000e+01
3.666000010929833763e+01,2.800000000000000000e+01,4.200000000000000000e+01
3.667000010932815002e+01,2.700000000000000000e+01,3.900000000000000000e+01
3.668000010935796240e+01,2.700000000000000000e+01,3.100000000000000000e+01
3.669000010938777478e+01,3.000000000000000000e+01,3.000000000000000000e+01
3.670000010941759427e+01,2.700000000000000000e+01,3.300000000000000000e+01
3.671000010944740666e+01,3.100000000000000000e+01,4.400000000000000000e+01
3.672000010947721904e+01,2.800000000000000000e+01,3.400000000000000000e+01
3.673000010950703142e+01,2.200000000000000000e+01,2.900000000000000000e+01
3.674000010953685091e+01,2.600000000000000000e+01,3.100000000000000000e+01
3.675000010956666330e+01,2.500000000000000000e+01,2.900000000000000000e+01
3.676000010959647568e+01,2.600000000000000000e+01,3.500000000000000000e+01
3.677000010962628807e+01,2.500000000000000000e+01,3.300000000000000000e+01
3.678000010965610755e+01,2.800000000000000000e+01,3.600000000000000000e+01
3.679000010968591994e+01,3.000000000000000000e+01,3.900000000000000000e+01
3.680000010971573232e+01,2.600000000000000000e+01,3.200000000000000000e+01
3.681000010974554471e+01,3.000000000000000000e+01,3.400000000000000000e+01
3.682000010977535709e+01,2.700000000000000000e+01,3.000000000000000000e+01
3.683000010980517658e+01,3.100000000000000000e+01,4.100000000000000000e+01
3.684000010983498896e+01,3.000000000000000000e+01,3.800000000000000000e+01
3.685000010986480135e+01,2.900000000000000000e+01,3.500000000000000000e+01
3.686000010989461373e+01,2.700000000000000000e+01,3.100000000000000000e+01
3.687000010992443322e+01,3.000000000000000000e+01,3.300000000000000000e+01
3.688000010995424560e+01,2.900000000000000000e+01,3.500000000000000000e+01
3.689000010998405799e+01,2.900000000000000000e+01,3.600000000000000000e+01
3.690000011001387037e+01,2.800000000000000000e+01,3.300000000000000000e+01
3.691000011004368986e+01,2.900000000000000000e+01,3.800000000000000000e+01
3.692000011007350224e+01,3.000000000000000000e+01,4.100000000000000000e+01
3.693000011010331463e+01,2.700000000000000000e+01,3.000000000000000000e+01
3.694000011013312701e+01,2.200000000000000000e+01,2.300000000000000000e+01
3.695000011016294650e+01,2.800000000000000000e+01,3.300000000000000000e+01
3.696000011019275888e+01,2.500000000000000000e+01,3.000000000000000000e+01
3.697000011022257127e+01,2.600000000000000000e+01,3.200000000000000000e+01
3.698000011025238365e+01,2.600000000000000000e+01,3.300000000000000000e+01
3.699000011028219603e+01,2.800000000000000000e+01,3.300000000000000000e+01
3.700000011031201552e+01,2.400000000000000000e+01,2.900000000000000000e+01
3.701000011034182791e+01,2.600000000000000000e+01,3.200000000000000000e+01
3.702000011037164029e+01,2.600000000000000000e+01,3.100000000000000000e+01
3.703000011040145267e+01,3.000000000000000000e+01,4.500000000000000000e+01
3.704000011043127216e+01,2.900000000000000000e+01,3.300000000000000000e+01
3.705000011046108455e+01,2.900000000000000000e+01,4.000000000000000000e+01
3.706000011049089693e+01,3.000000000000000000e+01,3.700000000000000000e+01
3.707000011052070931e+01,2.900000000000000000e+01,3.100000000000000000e+01
3.708000011055052880e+01,2.900000000000000000e+01,3.800000000000000000e+01
3.709000011058034119e+01,2.700000000000000000e+01,3.100000000000000000e+01
3.710000011061015357e+01,2.800000000000000000e+01,3.500000000000000000e+01
3.711000011063996595e+01,2.500000000000000000e+01,2.600000000000000000e+01
3.712000011066978544e+01,2.500000000000000000e+01,3.400000000000000000e+01
3.713000011069959783e+01,2.300000000000000000e+01,2.500000000000000000e+01
3.714000011072941021e+01,2.500000000000000000e+01,3.100000000000000000e+01
3.715000011075922259e+01,2.300000000000000000e+01,2.800000000000000000e+01
3.716000011078903498e+01,2.300000000000000000e+01,2.400000000000000000e+01
3.717000011081885447e+01,2.500000000000000000e+01,2.900000000000000000e+01
3.718000011084866685e+01,2.300000000000000000e+01,2.400000000000000000e+01
3.719000011087847923e+01,2.500000000000000000e+01,2.400000000000000000e+01
3.720000011090829162e+01,2.300000000000000000e+01,2.800000000000000000e+01
3.721000011093811111e+01,2.600000000000000000e+01,3.200000000000000000e+01
3.722000011096792349e+01,2.600000000000000000e+01,2.600000000000000000e+01
3.723000011099773587e+01,2.500000000000000000e+01,2.800000000000000000e+01
3.724000011102754826e+01,2.600000000000000000e+01,2.600000000000000000e+01
3.725000011105736775e+01,3.100000000000000000e+01,3.900000000000000000e+01
3.726000011108718013e+01,2.700000000000000000e+01,3.400000000000000000e+01
3.727000011111699251e+01,2.900000000000000000e+01,3.900000000000000000e+01
3.728000011114680490e+01,2.700000000000000000e+01,3.700000000000000000e+01
3.729000011117662439e+01,2.800000000000000000e+01,3.400000000000000000e+01
3.730000011120643677e+01,2.500000000000000000e+01,2.700000000000000000e+01
3.731000011123624915e+01,2.700000000000000000e+01,2.900000000000000000e+01
3.732000011126606154e+01,2.900000000000000000e+01,4.100000000000000000e+01
3.733000011129587392e+01,2.500000000000000000e+01,2.900000000000000000e+01
3.734000011132569341e+01,2.600000000000000000e+01,3.200000000000000000e+01
3.735000011135550579e+01,2.600000000000000000e+01,2.800000000000000000e+01
3.736000011138531818e+01,2.600000000000000000e+01,3.200000000000000000e+01
3.737000011141513056e+01,2.500000000000000000e+01,2.800000000000000000e+01
3.738000011144495005e+01,2.700000000000000000e+01,3.300000000000000000e+01
3.739000011147476243e+01,2.800000000000000000e+01,3.400000000000000000e+01
3.740000011150457482e+01,2.600000000000000000e+01,2.800000000000000000e+01
3.741000011153438720e+01,2.200000000000000000e+01,2.400000000000000000e+01
3.742000011156420669e+01,2.700000000000000000e+01,3.000000000000000000e+01
3.743000011159401907e+01,2.800000000000000000e+01,3.400000000000000000e+01
3.744000011162383146e+01,2.500000000000000000e+01,3.700000000000000000e+01
3.745000011165364384e+01,2.600000000000000000e+01,3.500000000000000000e+01
3.746000011168346333e+01,2.200000000000000000e+01,2.900000000000000000e+01
3.747000011171327571e+01,2.200000000000000000e+01,2.400000000000000000e+01
3.748000011174308810e+01,2.100000000000000000e+01,2.400000000000000000e+01
3.749000011177290048e+01,2.100000000000000000e+01,2.800000000000000000e+01
3.750000011180271287e+01,2.000000000000000000e+01,2.500000000000000000e+01
3.751000011183253235e+01,2.000000000000000000e+01,2.700000000000000000e+01
3.752000011186234474e+01,1.900000000000000000e+01,2.300000000000000000e+01
3.753000011189215712e+01,1.900000000000000000e+01,2.100000000000000000e+01
3.754000011192196951e+01,2.000000000000000000e+01,2.900000000000000000e+01
3.755000011195178899e+01,2.100000000000000000e+01,2.700000000000000000e+01
3.756000011198160138e+01,2.100000000000000000e+01,3.000000000000000000e+01
3.757000011201141376e+01,2.100000000000000000e+01,2.400000000000000000e+01
3.758000011204122615e+01,1.800000000000000000e+01,2.200000000000000000e+01
3.759000011207104563e+01,1.700000000000000000e+01,1.900000000000000000e+01
3.760000011210085802e+01,2.200000000000000000e+01,2.500000000000000000e+01
3.761000011213067040e+01,2.100000000000000000e+01,2.700000000000000000e+01
3.762000011216048279e+01,2.200000000000000000e+01,2.900000000000000000e+01
3.763000011219030227e+01,1.900000000000000000e+01,2.400000000000000000e+01
3.764000011222011466e+01,2.300000000000000000e+01,2.400000000000000000e+01
3.765000011224992704e+01,2.200000000000000000e+01,3.000000000000000000e+01
3.766000011227973943e+01,2.500000000000000000e+01,3.400000000000000000e+01
3.767000011230955181e+01,2.400000000000000000e+01,2.600000000000000000e+01
3.768000011233937130e+01,2.400000000000000000e+01,2.900000000000000000e+01
3.769000011236918368e+01,2.200000000000000000e+01,2.600000000000000000e+01
3.770000011239899607e+01,2.400000000000000000e+01,3.000000000000000000e+01
3.771000011242880845e+01,2.300000000000000000e+01,2.600000000000000000e+01
3.772000011245862794e+01,2.400000000000000000e+01,3.000000000000000000e+01
3.773000011248844032e+01,2.500000000000000000e+01,2.800000000000000000e+01
3.774000011251825271e+01,2.600000000000000000e+01,3.400000000000000000e+01
3.775000011254806509e+01,2.200000000000000000e+01,2.400000000000000000e+01
3.776000011257788458e+01,2.500000000000000000e+01,2.700000000000000000e+01
3.777000011260769696e+01,2.400000000000000000e+01,3.100000000000000000e+01
3.778000011263750935e+01,2.600000000000000000e+01,3.000000000000000000e+01
3.779000011266732173e+01,2.700000000000000000e+01,3.400000000000000000e+01
3.780000011269714122e+01,2.300000000000000000e+01,3.000000000000000000e+01
3.781000011272695360e+01,2.000000000000000000e+01,2.500000000000000000e+01
3.782000011275676599e+01,2.500000000000000000e+01,3.400000000000000000e+01
3.783000011278657837e+01,2.300000000000000000e+01,2.600000000000000000e+01
3.784000011281639075e+01,2.100000000000000000e+01,2.500000000000000000e+01
3.785000011284621024e+01,2.000000000000000000e+01,2.400000000000000000e+01
3.786000011287602263e+01,1.600000000000000000e+01,1.800000000000000000e+01
3.787000011290583501e+01,1.800000000000000000e+01,2.000000000000000000e+01
3.788000011293564739e+01,1.700000000000000000e+01,1.600000000000000000e+01
3.789000011296546688e+01,1.800000000000000000e+01,2.000000000000000000e+01
3.790000011299527927e+01,1.700000000000000000e+01,1.600000000000000000e+01
3.791000011302509165e+01,1.700000000000000000e+01,1.500000000000000000e+01
3.792000011305490403e+01,1.800000000000000000e+01,2.500000000000000000e+01
3.793000011308472352e+01,1.900000000000000000e+01,2.400000000000000000e+01
3.794000011311453591e+01,1.700000000000000000e+01,1.700000000000000000e+01
3.795000011314434829e+01,1.700000000000000000e+01,2.300000000000000000e+01
3.796000011317416067e+01,1.500000000000000000e+01,2.100000000000000000e+01
3.797000011320398016e+01,1.400000000000000000e+01,1.700000000000000000e+01
3.798000011323379255e+01,1.700000000000000000e+01,2.300000000000000000e+01
3.799000011326360493e+01,1.600000000000000000e+01,2.100000000000000000e+01
3.800000011329341731e+01,1.700000000000000000e+01,1.700000000000000000e+01
3.801000011332322970e+01,1.700000000000000000e+01,1.900000000000000000e+01
3.802000011335304919e+01,1.400000000000000000e+01,1.600000000000000000e+01
3.803000011338286157e+01,1.600000000000000000e+01,1.700000000000000000e+01
3.804000011341267395e+01,1.300000000000000000e+01,1.800000000000000000e+01
3.805000011344248634e+01,1.400000000000000000e+01,1.900000000000000000e+01
3.806000011347230583e+01,1.400000000000000000e+01,1.400000000000000000e+01
3.807000011350211821e+01,1.600000000000000000e+01,1.600000000000000000e+01
3.808000011353193059e+01,1.400000000000000000e+01,1.300000000000000000e+01
3.809000011356174298e+01,1.300000000000000000e+01,1.400000000000000000e+01
3.810000011359156247e+01,1.600000000000000000e+01,1.400000000000000000e+01
3.811000011362137485e+01,1.600000000000000000e+01,1.900000000000000000e+01
3.812000011365118723e+01,1.600000000000000000e+01,1.800000000000000000e+01
3.813000011368099962e+01,1.700000000000000000e+01,1.900000000000000000e+01
3.814000011371081911e+01,1.600000000000000000e+01,2.200000000000000000e+01
3.815000011374063149e+01,1.800000000000000000e+01,2.300000000000000000e+01
3.816000011377044387e+01,1.900000000000000000e+01,2.100000000000000000e+01
3.817000011380025626e+01,1.900000000000000000e+01,2.300000000000000000e+01
3.818000011383007575e+01,1.500000000000000000e+01,1.300000000000000000e+01
3.819000011385988813e+01,1.600000000000000000e+01,1.900000000000000000e+01
3.820000011388970051e+01,1.600000000000000000e+01,1.500000000000000000e+01
3.821000011391951290e+01,1.900000000000000000e+01,2.100000000000000000e+01
3.822000011394932528e+01,2.300000000000000000e+01,2.600000000000000000e+01
3.823000011397914477e+01,1.900000000000000000e+01,1.900000000000000000e+01
3.824000011400895715e+01,1.600000000000000000e+01,1.600000000000000000e+01
3.825000011403876954e+01,1.900000000000000000e+01,2.500000000000000000e+01
3.826000011406858192e+01,2.200000000000000000e+01,2.500000000000000000e+01
3.827000011409840141e+01,2.200000000000000000e+01,2.100000000000000000e+01
3.828000011412821380e+01,2.000000000000000000e+01,2.200000000000000000e+01
3.829000011415802618e+01,2.200000000000000000e+01,2.200000000000000000e+01
3.830000011418783856e+01,2.200000000000000000e+01,2.000000000000000000e+01
3.831000011421765805e+01,2.200000000000000000e+01,2.600000000000000000e+01
3.832000011424747044e+01,2.300000000000000000e+01,2.700000000000000000e+01
3.833000011427728282e+01,1.800000000000000000e+01,2.600000000000000000e+01
3.834000011430709520e+01,1.800000000000000000e+01,1.800000000000000000e+01
3.835000011433691469e+01,2.100000000000000000e+01,2.200000000000000000e+01
3.836000011436672708e+01,1.900000000000000000e+01,2.200000000000000000e+01
3.837000011439653946e+01,2.000000000000000000e+01,2.500000000000000000e+01
3.838000011442635184e+01,2.300000000000000000e+01,2.700000000000000000e+01
3.839000011445616423e+01,2.100000000000000000e+01,2.600000000000000000e+01
3.840000011448598372e+01,2.400000000000000000e+01,2.700000000000000000e+01
3.841000011451579610e+01,1.800000000000000000e+01,2.000000000000000000e+01
3.842000011454560848e+01,1.500000000000000000e+01,1.700000000000000000e+01
3.843000011457542087e+01,2.000000000000000000e+01,2.400000000000000000e+01
3.844000011460524036e+01,1.900000000000000000e+01,2.500000000000000000e+01
3.845000011463505274e+01,1.800000000000000000e+01,2.000000000000000000e+01
3.846000011466486512e+01,1.500000000000000000e+01,1.700000000000000000e+01
3.847000011469467751e+01,1.900000000000000000e+01,2.200000000000000000e+01
3.848000011472449700e+01,1.800000000000000000e+01,1.500000000000000000e+01
3.849000011475430938e+01,1.800000000000000000e+01,1.700000000000000000e+01
3.850000011478412176e+01,1.900000000000000000e+01,2.700000000000000000e+01
3.851000011481393415e+01,1.600000000000000000e+01,1.600000000000000000e+01
3.852000011484375364e+01,2.000000000000000000e+01,2.300000000000000000e+01
3.853000011487356602e+01,1.900000000000000000e+01,1.900000000000000000e+01
3.854000011490337840e+01,1.900000000000000000e+01,2.300000000000000000e+01
3.855000011493319079e+01,2.200000000000000000e+01,2.600000000000000000e+01
3.856000011496300317e+01,2.100000000000000000e+01,2.200000000000000000e+01
3.857000011499282266e+01,1.700000000000000000e+01,1.800000000000000000e+01
3.858000011502263504e+01,2.000000000000000000e+01,2.300000000000000000e+01
3.859000011505244743e+01,2.000000000000000000e+01,1.700000000000000000e+01
3.860000011508225981e+01,2.100000000000000000e+01,1.800000000000000000e+01
3.861000011511207930e+01,2.200000000000000000e+01,2.300000000000000000e+01
3.862000011514189168e+01,2.100000000000000000e+01,2.200000000000000000e+01
3.863000011517170407e+01,2.200000000000000000e+01,2.800000000000000000e+01
3.864000011520151645e+01,2.200000000000000000e+01,2.800000000000000000e+01
3.865000011523133594e+01,2.000000000000000000e+01,2.100000000000000000e+01
3.866000011526114832e+01,2.400000000000000000e+01,2.800000000000000000e+01
3.867000011529096071e+01,2.000000000000000000e+01,2.400000000000000000e+01
3.868000011532077309e+01,2.100000000000000000e+01,2.300000000000000000e+01
3.869000011535059258e+01,2.100000000000000000e+01,2.500000000000000000e+01
3.870000011538040496e+01,2.200000000000000000e+01,2.700000000000000000e+01
3.871000011541021735e+01,2.100000000000000000e+01,2.500000000000000000e+01
3.872000011544002973e+01,2.300000000000000000e+01,2.600000000000000000e+01
3.873000011546984211e+01,2.100000000000000000e+01,2.300000000000000000e+01
3.874000011549966160e+01,2.000000000000000000e+01,2.400000000000000000e+01
3.875000011552947399e+01,2.100000000000000000e+01,2.700000000000000000e+01
3.876000011555928637e+01,1.900000000000000000e+01,1.900000000000000000e+01
3.877000011558909875e+01,2.200000000000000000e+01,2.600000000000000000e+01
3.878000011561891824e+01,2.400000000000000000e+01,2.700000000000000000e+01
3.879000011564873063e+01,2.100000000000000000e+01,2.600000000000000000e+01
3.880000011567854301e+01,2.100000000000000000e+01,2.800000000000000000e+01
3.881000011570835539e+01,2.200000000000000000e+01,2.700000000000000000e+01
3.882000011573817488e+01,2.100000000000000000e+01,2.400000000000000000e+01
3.883000011576798727e+01,2.000000000000000000e+01,1.900000000000000000e+01
3.884000011579779965e+01,2.100000000000000000e+01,2.300000000000000000e+01
3.885000011582761203e+01,2.100000000000000000e+01,2.300000000000000000e+01
3.886000011585743152e+01,2.300000000000000000e+01,2.600000000000000000e+01
3.887000011588724391e+01,2.300000000000000000e+01,2.600000000000000000e+01
3.888000011591705629e+01,2.000000000000000000e+01,2.300000000000000000e+01
3.889000011594686868e+01,2.600000000000000000e+01,2.700000000000000000e+01
3.890000011597668106e+01,2.300000000000000000e+01,2.000000000000000000e+01
3.891000011600650055e+01,2.200000000000000000e+01,2.000000000000000000e+01
3.892000011603631293e+01,2.100000000000000000e+01,2.300000000000000000e+01
3.893000011606612532e+01,2.200000000000000000e+01,2.100000000000000000e+01
3.894000011609593770e+01,2.000000000000000000e+01,2.000000000000000000e+01
3.895000011612575719e+01,2.300000000000000000e+01,2.500000000000000000e+01
3.896000011615556957e+01,2.400000000000000000e+01,2.400000000000000000e+01
3.897000011618538196e+01,2.100000000000000000e+01,2.200000000000000000e+01
3.898000011621519434e+01,2.100000000000000000e+01,2.600000000000000000e+01
3.899000011624501383e+01,2.000000000000000000e+01,1.900000000000000000e+01
3.900000011627482621e+01,2.300000000000000000e+01,2.300000000000000000e+01
3.901000011630463860e+01,2.200000000000000000e+01,2.400000000000000000e+01
3.902000011633445098e+01,2.100000000000000000e+01,2.400000000000000000e+01
3.903000011636427047e+01,2.200000000000000000e+01,2.000000000000000000e+01
3.904000011639408285e+01,1.700000000000000000e+01,1.700000000000000000e+01
3.905000011642389524e+01,2.200000000000000000e+01,2.700000000000000000e+01
3.906000011645370762e+01,1.500000000000000000e+01,1.100000000000000000e+01
3.907000011648352000e+01,1.700000000000000000e+01,1.800000000000000000e+01
3.908000011651333949e+01,1.600000000000000000e+01,1.200000000000000000e+01
3.909000011654315188e+01,1.500000000000000000e+01,1.600000000000000000e+01
3.910000011657296426e+01,1.500000000000000000e+01,1.400000000000000000e+01
3.911000011660277664e+01,1.700000000000000000e+01,1.700000000000000000e+01
3.912000011663259613e+01,1.600000000000000000e+01,1.800000000000000000e+01
3.913000011666240852e+01,1.800000000000000000e+01,1.500000000000000000e+01
3.914000011669222090e+01,2.100000000000000000e+01,2.100000000000000000e+01
3.915000011672203328e+01,1.900000000000000000e+01,1.600000000000000000e+01
3.916000011675185277e+01,2.100000000000000000e+01,2.300000000000000000e+01
3.917000011678166516e+01,2.000000000000000000e+01,2.100000000000000000e+01
3.918000011681147754e+01,1.900000000000000000e+01,1.600000000000000000e+01
3.919000011684128992e+01,1.800000000000000000e+01,1.800000000000000000e+01
3.920000011687110941e+01,2.000000000000000000e+01,2.200000000000000000e+01
3.921000011690092180e+01,2.300000000000000000e+01,2.600000000000000000e+01
3.922000011693073418e+01,2.000000000000000000e+01,2.100000000000000000e+01
3.923000011696054656e+01,2.000000000000000000e+01,1.800000000000000000e+01
3.924000011699035895e+01,2.100000000000000000e+01,2.400000000000000000e+01
3.925000011702017844e+01,2.000000000000000000e+01,1.900000000000000000e+01
3.926000011704999082e+01,2.200000000000000000e+01,2.100000000000000000e+01
3.927000011707980320e+01,2.200000000000000000e+01,2.500000000000000000e+01
3.928000011710961559e+01,2.100000000000000000e+01,2.300000000000000000e+01
3.929000011713943508e+01,2.300000000000000000e+01,3.000000000000000000e+01
3.930000011716924746e+01,2.100000000000000000e+01,2.600000000000000000e+01
3.931000011719905984e+01,2.300000000000000000e+01,2.300000000000000000e+01
3.932000011722887223e+01,2.200000000000000000e+01,2.500000000000000000e+01
3.933000011725869172e+01,2.100000000000000000e+01,2.200000000000000000e+01
3.934000011728850410e+01,2.300000000000000000e+01,2.400000000000000000e+01
3.935000011731831648e+01,2.500000000000000000e+01,2.400000000000000000e+01
3.936000011734812887e+01,2.200000000000000000e+01,2.400000000000000000e+01
3.937000011737794836e+01,2.300000000000000000e+01,2.400000000000000000e+01
3.938000011740776074e+01,2.300000000000000000e+01,2.300000000000000000e+01
3.939000011743757312e+01,2.000000000000000000e+01,2.100000000000000000e+01
3.940000011746738551e+01,2.200000000000000000e+01,1.700000000000000000e+01
3.941000011749719789e+01,2.200000000000000000e+01,2.100000000000000000e+01
3.942000011752701738e+01,2.100000000000000000e+01,2.400000000000000000e+01
3.943000011755682976e+01,1.700000000000000000e+01,1.600000000000000000e+01
3.944000011758664215e+01,1.800000000000000000e+01,1.700000000000000000e+01
3.945000011761645453e+01,1.900000000000000000e+01,1.500000000000000000e+01
3.946000011764627402e+01,2.000000000000000000e+01,2.000000000000000000e+01
3.947000011767608640e+01,2.100000000000000000e+01,1.800000000000000000e+01
3.948000011770589879e+01,2.000000000000000000e+01,2.000000000000000000e+01
3.949000011773571117e+01,2.100000000000000000e+01,2.400000000000000000e+01
3.950000011776553066e+01,1.900000000000000000e+01,2.200000000000000000e+01
3.951000011779534304e+01,1.700000000000000000e+01,2.200000000000000000e+01
3.952000011782515543e+01,1.900000000000000000e+01,2.200000000000000000e+01
3.953000011785496781e+01,2.200000000000000000e+01,2.500000000000000000e+01
3.954000011788478730e+01,2.200000000000000000e+01,2.800000000000000000e+01
3.955000011791459968e+01,2.100000000000000000e+01,1.900000000000000000e+01
3.956000011794441207e+01,2.500000000000000000e+01,2.500000000000000000e+01
3.957000011797422445e+01,2.000000000000000000e+01,2.700000000000000000e+01
3.958000011800403684e+01,2.100000000000000000e+01,2.400000000000000000e+01
3.959000011803385632e+01,2.200000000000000000e+01,2.100000000000000000e+01
3.960000011806366871e+01,1.600000000000000000e+01,1.900000000000000000e+01
3.961000011809348109e+01,1.900000000000000000e+01,2.100000000000000000e+01
3.962000011812329348e+01,2.200000000000000000e+01,2.500000000000000000e+01
3.963000011815311296e+01,1.700000000000000000e+01,1.900000000000000000e+01
3.964000011818292535e+01,2.200000000000000000e+01,2.800000000000000000e+01
3.965000011821273773e+01,2.200000000000000000e+01,2.700000000000000000e+01
3.966000011824255012e+01,2.100000000000000000e+01,2.100000000000000000e+01
3.967000011827236960e+01,1.800000000000000000e+01,2.200000000000000000e+01
3.968000011830218199e+01,1.800000000000000000e+01,1.900000000000000000e+01
3.969000011833199437e+01,1.900000000000000000e+01,2.200000000000000000e+01
3.970000011836180676e+01,2.200000000000000000e+01,2.700000000000000000e+01
3.971000011839162624e+01,2.300000000000000000e+01,2.600000000000000000e+01
3.972000011842143863e+01,2.300000000000000000e+01,2.700000000000000000e+01
3.973000011845125101e+01,2.400000000000000000e+01,2.600000000000000000e+01
3.974000011848106340e+01,2.600000000000000000e+01,3.300000000000000000e+01
3.975000011851087578e+01,2.200000000000000000e+01,2.200000000000000000e+01
3.976000011854069527e+01,2.300000000000000000e+01,2.800000000000000000e+01
3.977000011857050765e+01,2.400000000000000000e+01,3.000000000000000000e+01
3.978000011860032004e+01,2.200000000000000000e+01,3.200000000000000000e+01
3.979000011863013242e+01,2.100000000000000000e+01,2.100000000000000000e+01
3.980000011865995191e+01,2.100000000000000000e+01,2.900000000000000000e+01
3.981000011868976429e+01,2.000000000000000000e+01,2.500000000000000000e+01
3.982000011871957668e+01,2.400000000000000000e+01,2.700000000000000000e+01
3.983000011874938906e+01,2.100000000000000000e+01,2.300000000000000000e+01
3.984000011877920855e+01,2.600000000000000000e+01,3.000000000000000000e+01
3.985000011880902093e+01,2.200000000000000000e+01,2.400000000000000000e+01
3.986000011883883332e+01,2.700000000000000000e+01,3.600000000000000000e+01
3.987000011886864570e+01,2.400000000000000000e+01,2.700000000000000000e+01
3.988000011889846519e+01,2.400000000000000000e+01,2.300000000000000000e+01
3.989000011892827757e+01,2.500000000000000000e+01,2.900000000000000000e+01
3.990000011895808996e+01,2.800000000000000000e+01,3.700000000000000000e+01
3.991000011898790234e+01,2.500000000000000000e+01,2.700000000000000000e+01
3.992000011901771472e+01,2.600000000000000000e+01,2.700000000000000000e+01
3.993000011904753421e+01,2.500000000000000000e+01,2.900000000000000000e+01
3.994000011907734660e+01,2.700000000000000000e+01,3.000000000000000000e+01
3.995000011910715898e+01,2.800000000000000000e+01,3.400000000000000000e+01
3.996000011913697136e+01,2.600000000000000000e+01,3.300000000000000000e+01
3.997000011916679085e+01,2.400000000000000000e+01,2.700000000000000000e+01
3.998000011919660324e+01,2.400000000000000000e+01,2.600000000000000000e+01
3.999000011922641562e+01,2.500000000000000000e+01,3.000000000000000000e+01
4.000000011925622800e+01,2.700000000000000000e+01,3.100000000000000000e+01
4.001000011928604749e+01,2.500000000000000000e+01,2.700000000000000000e+01
4.002000011931585988e+01,2.500000000000000000e+01,2.400000000000000000e+01
4.003000011934567226e+01,2.700000000000000000e+01,3.300000000000000000e+01
4.004000011937548464e+01,2.800000000000000000e+01,3.300000000000000000e+01
4.005000011940530413e+01,2.500000000000000000e+01,2.300000000000000000e+01
4.006000011943511652e+01,2.700000000000000000e+01,3.400000000000000000e+01
4.007000011946492890e+01,2.800000000000000000e+01,3.300000000000000000e+01
4.008000011949474128e+01,2.600000000000000000e+01,2.500000000000000000e+01
4.009000011952456077e+01,2.600000000000000000e+01,3.300000000000000000e+01
4.010000011955437316e+01,2.900000000000000000e+01,4.100000000000000000e+01
4.011000011958418554e+01,2.900000000000000000e+01,3.700000000000000000e+01
4.012000011961399792e+01,2.900000000000000000e+01,2.800000000000000000e+01
4.013000011964381031e+01,3.000000000000000000e+01,4.200000000000000000e+01
4.014000011967362980e+01,2.400000000000000000e+01,2.500000000000000000e+01
4.015000011970344218e+01,3.000000000000000000e+01,2.900000000000000000e+01
4.016000011973325456e+01,2.700000000000000000e+01,3.400000000000000000e+01
4.017000011976306695e+01,2.800000000000000000e+01,3.700000000000000000e+01
4.018000011979288644e+01,3.000000000000000000e+01,3.200000000000000000e+01
4.019000011982269882e+01,3.100000000000000000e+01,4.000000000000000000e+01
4.020000011985251120e+01,2.500000000000000000e+01,2.800000000000000000e+01
4.021000011988232359e+01,2.800000000000000000e+01,3.700000000000000000e+01
4.022000011991214308e+01,2.700000000000000000e+01,3.200000000000000000e+01
4.023000011994195546e+01,2.600000000000000000e+01,3.200000000000000000e+01
4.024000011997176784e+01,2.800000000000000000e+01,3.300000000000000000e+01
4.025000012000158023e+01,2.700000000000000000e+01,3.300000000000000000e+01
4.026000012003139972e+01,2.900000000000000000e+01,3.300000000000000000e+01
4.027000012006121210e+01,2.700000000000000000e+01,3.000000000000000000e+01
4.028000012009102448e+01,2.800000000000000000e+01,3.100000000000000000e+01
4.029000012012083687e+01,2.600000000000000000e+01,2.900000000000000000e+01
4.030000012015064925e+01,2.900000000000000000e+01,3.500000000000000000e+01
4.031000012018046874e+01,2.800000000000000000e+01,3.600000000000000000e+01
4.032000012021028112e+01,2.800000000000000000e+01,3.300000000000000000e+01
4.033000012024009351e+01,2.900000000000000000e+01,3.800000000000000000e+01
4.034000012026990589e+01,3.000000000000000000e+01,3.900000000000000000e+01
4.035000012029972538e+01,2.600000000000000000e+01,3.500000000000000000e+01
4.036000012032953776e+01,2.800000000000000000e+01,3.800000000000000000e+01
4.037000012035935015e+01,2.700000000000000000e+01,3.600000000000000000e+01
4.038000012038916253e+01,2.500000000000000000e+01,3.000000000000000000e+01
4.039000012041898202e+01,2.400000000000000000e+01,2.700000000000000000e+01
4.040000012044879441e+01,2.500000000000000000e+01,2.800000000000000000e+01
4.041000012047860679e+01,2.600000000000000000e+01,3.300000000000000000e+01
4.042000012050841917e+01,2.200000000000000000e+01,2.600000000000000000e+01
4.043000012053823866e+01,2.400000000000000000e+01,2.300000000000000000e+01
4.044000012056805105e+01,2.300000000000000000e+01,3.000000000000000000e+01
4.045000012059786343e+01,2.700000000000000000e+01,3.300000000000000000e+01
4.046000012062767581e+01,2.600000000000000000e+01,3.500000000000000000e+01
4.047000012065748820e+01,2.700000000000000000e+01,3.100000000000000000e+01
4.048000012068730769e+01,2.700000000000000000e+01,3.700000000000000000e+01
4.049000012071712007e+01,2.400000000000000000e+01,3.300000000000000000e+01
4.050000012074693245e+01,2.400000000000000000e+01,3.000000000000000000e+01
4.051000012077674484e+01,2.700000000000000000e+01,3.800000000000000000e+01
4.052000012080656433e+01,2.900000000000000000e+01,3.500000000000000000e+01
4.053000012083637671e+01,2.700000000000000000e+01,3.300000000000000000e+01
4.054000012086618909e+01,2.800000000000000000e+01,3.800000000000000000e+01
4.055000012089600148e+01,3.000000000000000000e+01,3.400000000000000000e+01
4.056000012092582097e+01,2.700000000000000000e+01,3.200000000000000000e+01
4.057000012095563335e+01,2.900000000000000000e+01,3.400000000000000000e+01
4.058000012098544573e+01,2.800000000000000000e+01,3.300000000000000000e+01
4.059000012101525812e+01,2.600000000000000000e+01,3.400000000000000000e+01
4.060000012104507761e+01,2.900000000000000000e+01,3.500000000000000000e+01
4.061000012107488999e+01,3.100000000000000000e+01,3.500000000000000000e+01
4.062000012110470237e+01,3.200000000000000000e+01,3.300000000000000000e+01
4.063000012113451476e+01,2.900000000000000000e+01,4.000000000000000000e+01
4.064000012116432714e+01,2.800000000000000000e+01,3.200000000000000000e+01
4.065000012119414663e+01,2.800000000000000000e+01,3.800000000000000000e+01
4.066000012122395901e+01,2.800000000000000000e+01,2.900000000000000000e+01
4.067000012125377140e+01,3.200000000000000000e+01,3.800000000000000000e+01
4.068000012128358378e+01,3.300000000000000000e+01,3.900000000000000000e+01
4.069000012131340327e+01,3.300000000000000000e+01,4.100000000000000000e+01
4.070000012134321565e+01,2.700000000000000000e+01,3.400000000000000000e+01
4.071000012137302804e+01,2.700000000000000000e+01,3.200000000000000000e+01
4.072000012140284042e+01,2.800000000000000000e+01,3.500000000000000000e+01
4.073000012143265991e+01,3.100000000000000000e+01,3.600000000000000000e+01
4.074000012146247229e+01,2.800000000000000000e+01,3.900000000000000000e+01
4.075000012149228468e+01,2.800000000000000000e+01,3.900000000000000000e+01
4.076000012152209706e+01,2.800000000000000000e+01,3.200000000000000000e+01
4.077000012155191655e+01,3.000000000000000000e+01,4.200000000000000000e+01
4.078000012158172893e+01,2.800000000000000000e+01,3.500000000000000000e+01
4.079000012161154132e+01,2.600000000000000000e+01,3.500000000000000000e+01
4.080000012164135370e+01,3.200000000000000000e+01,3.800000000000000000e+01
4.081000012167116608e+01,2.800000000000000000e+01,3.800000000000000000e+01
4.082000012170098557e+01,2.800000000000000000e+01,3.100000000000000000e+01
4.083000012173079796e+01,2.700000000000000000e+01,3.000000000000000000e+01
4.084000012176061034e+01,3.100000000000000000e+01,3.500000000000000000e+01
4.085000012179042272e+01,2.500000000000000000e+01,2.900000000000000000e+01
4.086000012182024221e+01,2.800000000000000000e+01,3.300000000000000000e+01
4.087000012185005460e+01,3.100000000000000000e+01,3.600000000000000000e+01
4.088000012187986698e+01,2.900000000000000000e+01,3.500000000000000000e+01
4.089000012190967936e+01,2.700000000000000000e+01,3.400000000000000000e+01
4.090000012193949885e+01,3.200000000000000000e+01,3.800000000000000000e+01
4.091000012196931124e+01,2.800000000000000000e+01,3.400000000000000000e+01
4.092000012199912362e+01,2.900000000000000000e+01,3.800000000000000000e+01
4.093000012202893600e+01,3.100000000000000000e+01,3.700000000000000000e+01
4.094000012205875549e+01,2.900000000000000000e+01,3.700000000000000000e+01
4.095000012208856788e+01,3.100000000000000000e+01,4.200000000000000000e+01
4.096000012211838026e+01,2.900000000000000000e+01,3.500000000000000000e+01
4.097000012214819264e+01,2.900000000000000000e+01,3.700000000000000000e+01
4.098000012217800503e+01,2.700000000000000000e+01,3.400000000000000000e+01
4.099000012220782452e+01,2.900000000000000000e+01,3.500000000000000000e+01
4.100000012223763690e+01,3.000000000000000000e+01,3.600000000000000000e+01
4.101000012226744929e+01,3.000000000000000000e+01,3.700000000000000000e+01
4.102000012229726167e+01,3.300000000000000000e+01,4.000000000000000000e+01
4.103000012232708116e+01,3.300000000000000000e+01,4.000000000000000000e+01
4.104000012235689354e+01,3.300000000000000000e+01,4.400000000000000000e+01
4.105000012238670593e+01,2.800000000000000000e+01,3.700000000000000000e+01
4.106000012241651831e+01,3.300000000000000000e+01,4.600000000000000000e+01
4.107000012244633780e+01,3.100000000000000000e+01,3.900000000000000000e+01
4.108000012247615018e+01,3.300000000000000000e+01,3.900000000000000000e+01
4.109000012250596257e+01,3.200000000000000000e+01,4.500000000000000000e+01
4.110000012253577495e+01,3.300000000000000000e+01,4.300000000000000000e+01
4.111000012256559444e+01,3.200000000000000000e+01,4.000000000000000000e+01
4.112000012259540682e+01,3.200000000000000000e+01,3.900000000000000000e+01
4.113000012262521921e+01,3.100000000000000000e+01,4.300000000000000000e+01
4.114000012265503159e+01,3.100000000000000000e+01,3.700000000000000000e+01
4.115000012268484397e+01,3.200000000000000000e+01,3.900000000000000000e+01
4.116000012271466346e+01,3.100000000000000000e+01,4.400000000000000000e+01
4.117000012274447585e+01,3.300000000000000000e+01,4.500000000000000000e+01
4.118000012277428823e+01,3.000000000000000000e+01,3.900000000000000000e+01
4.119000012280410061e+01,3.200000000000000000e+01,4.200000000000000000e+01
4.120000012283392010e+01,3.200000000000000000e+01,4.500000000000000000e+01
4.121000012286373249e+01,3.200000000000000000e+01,4.600000000000000000e+01
4.122000012289354487e+01,2.900000000000000000e+01,3.900000000000000000e+01
4.123000012292335725e+01,3.000000000000000000e+01,3.600000000000000000e+01
4.124000012295317674e+01,3.100000000000000000e+01,3.900000000000000000e+01
4.125000012298298913e+01,3.200000000000000000e+01,4.000000000000000000e+01
4.126000012301280151e+01,3.100000000000000000e+01,4.300000000000000000e+01
4.127000012304261389e+01,2.700000000000000000e+01,2.900000000000000000e+01
4.128000012307243338e+01,3.000000000000000000e+01,3.600000000000000000e+01
4.129000012310224577e+01,2.900000000000000000e+01,3.600000000000000000e+01
4.130000012313205815e+01,2.900000000000000000e+01,3.400000000000000000e+01
4.131000012316187053e+01,2.900000000000000000e+01,3.300000000000000000e+01
4.132000012319168292e+01,3.000000000000000000e+01,3.700000000000000000e+01
4.133000012322150241e+01,3.100000000000000000e+01,4.000000000000000000e+01
4.134000012325131479e+01,2.900000000000000000e+01,3.800000000000000000e+01
4.135000012328112717e+01,2.700000000000000000e+01,3.400000000000000000e+01
4.136000012331093956e+01,2.600000000000000000e+01,3.100000000000000000e+01
4.137000012334075905e+01,2.800000000000000000e+01,3.300000000000000000e+01
4.138000012337057143e+01,2.800000000000000000e+01,3.500000000000000000e+01
4.139000012340038381e+01,2.600000000000000000e+01,2.900000000000000000e+01
4.140000012343019620e+01,2.800000000000000000e+01,3.500000000000000000e+01
4.141000012346001569e+01,2.500000000000000000e+01,2.400000000000000000e+01
4.142000012348982807e+01,2.600000000000000000e+01,3.000000000000000000e+01
4.143000012351964045e+01,2.700000000000000000e+01,3.000000000000000000e+01
4.144000012354945284e+01,2.700000000000000000e+01,2.900000000000000000e+01
4.145000012357927233e+01,2.700000000000000000e+01,3.000000000000000000e+01
4.146000012360908471e+01,2.400000000000000000e+01,2.600000000000000000e+01
4.147000012363889709e+01,2.500000000000000000e+01,3.400000000000000000e+01
4.148000012366870948e+01,2.800000000000000000e+01,3.600000000000000000e+01
4.149000012369852186e+01,2.600000000000000000e+01,3.200000000000000000e+01
4.150000012372834135e+01,2.600000000000000000e+01,3.300000000000000000e+01
4.151000012375815373e+01,2.900000000000000000e+01,3.500000000000000000e+01
4.152000012378796612e+01,2.900000000000000000e+01,3.600000000000000000e+01
4.153000012381777850e+01,2.600000000000000000e+01,2.900000000000000000e+01
4.154000012384759799e+01,2.600000000000000000e+01,3.300000000000000000e+01
4.155000012387741037e+01,2.700000000000000000e+01,3.000000000000000000e+01
4.156000012390722276e+01,2.700000000000000000e+01,2.800000000000000000e+01
4.157000012393703514e+01,2.700000000000000000e+01,2.900000000000000000e+01
4.158000012396685463e+01,2.900000000000000000e+01,3.000000000000000000e+01
4.159000012399666701e+01,2.800000000000000000e+01,3.900000000000000000e+01
4.160000012402647940e+01,3.000000000000000000e+01,4.400000000000000000e+01
4.161000012405629178e+01,2.900000000000000000e+01,3.800000000000000000e+01
4.162000012408611127e+01,2.900000000000000000e+01,3.800000000000000000e+01
4.163000012411592365e+01,2.800000000000000000e+01,3.000000000000000000e+01
4.164000012414573604e+01,2.800000000000000000e+01,3.000000000000000000e+01
4.165000012417554842e+01,2.900000000000000000e+01,3.300000000000000000e+01
4.166000012420536081e+01,2.900000000000000000e+01,3.600000000000000000e+01
4.167000012423518029e+01,2.800000000000000000e+01,3.300000000000000000e+01
4.168000012426499268e+01,2.700000000000000000e+01,3.200000000000000000e+01
4.169000012429480506e+01,2.600000000000000000e+01,2.900000000000000000e+01
4.170000012432461745e+01,2.500000000000000000e+01,2.800000000000000000e+01
4.171000012435443693e+01,2.800000000000000000e+01,3.200000000000000000e+01
4.172000012438424932e+01,2.600000000000000000e+01,3.500000000000000000e+01
4.173000012441406170e+01,2.800000000000000000e+01,3.100000000000000000e+01
4.174000012444387409e+01,3.000000000000000000e+01,3.800000000000000000e+01
4.175000012447369357e+01,3.000000000000000000e+01,3.400000000000000000e+01
4.176000012450350596e+01,2.900000000000000000e+01,3.500000000000000000e+01
4.177000012453331834e+01,3.000000000000000000e+01,3.600000000000000000e+01
4.178000012456313073e+01,2.600000000000000000e+01,3.000000000000000000e+01
4.179000012459295021e+01,2.800000000000000000e+01,3.200000000000000000e+01
4.180000012462276260e+01,2.600000000000000000e+01,3.000000000000000000e+01
4.181000012465257498e+01,2.900000000000000000e+01,3.000000000000000000e+01
4.182000012468238737e+01,2.900000000000000000e+01,2.800000000000000000e+01
4.183000012471219975e+01,3.100000000000000000e+01,3.500000000000000000e+01
4.184000012474201924e+01,3.000000000000000000e+01,4.200000000000000000e+01
4.185000012477183162e+01,3.100000000000000000e+01,4.400000000000000000e+01
4.186000012480164401e+01,2.900000000000000000e+01,3.400000000000000000e+01
4.187000012483145639e+01,3.100000000000000000e+01,3.700000000000000000e+01
4.188000012486127588e+01,3.100000000000000000e+01,4.100000000000000000e+01
4.189000012489108826e+01,2.900000000000000000e+01,4.100000000000000000e+01
4.190000012492090065e+01,2.900000000000000000e+01,3.300000000000000000e+01
4.191000012495071303e+01,3.100000000000000000e+01,4.100000000000000000e+01
4.192000012498053252e+01,2.900000000000000000e+01,3.700000000000000000e+01
4.193000012501034490e+01,3.200000000000000000e+01,3.800000000000000000e+01
4.194000012504015729e+01,3.000000000000000000e+01,4.000000000000000000e+01
4.195000012506996967e+01,3.100000000000000000e+01,4.200000000000000000e+01
4.196000012509978916e+01,2.800000000000000000e+01,3.000000000000000000e+01
4.197000012512960154e+01,3.100000000000000000e+01,3.900000000000000000e+01
4.198000012515941393e+01,3.000000000000000000e+01,4.100000000000000000e+01
4.199000012518922631e+01,2.900000000000000000e+01,3.400000000000000000e+01
4.200000012521904580e+01,3.000000000000000000e+01,3.600000000000000000e+01
4.201000012524885818e+01,2.600000000000000000e+01,3.300000000000000000e+01
4.202000012527867057e+01,2.900000000000000000e+01,4.000000000000000000e+01
4.203000012530848295e+01,3.000000000000000000e+01,3.800000000000000000e+01
4.204000012533829533e+01,3.000000000000000000e+01,3.800000000000000000e+01
4.205000012536811482e+01,3.100000000000000000e+01,4.400000000000000000e+01
4.206000012539792721e+01,3.200000000000000000e+01,4.000000000000000000e+01
4.207000012542773959e+01,3.300000000000000000e+01,4.400000000000000000e+01
4.208000012545755197e+01,3.300000000000000000e+01,3.500000000000000000e+01
4.209000012548737146e+01,3.300000000000000000e+01,4.400000000000000000e+01
4.210000012551718385e+01,3.400000000000000000e+01,3.900000000000000000e+01
4.211000012554699623e+01,3.300000000000000000e+01,4.400000000000000000e+01
4.212000012557680861e+01,3.300000000000000000e+01,4.100000000000000000e+01
4.213000012560662810e+01,3.400000000000000000e+01,4.400000000000000000e+01
4.214000012563644049e+01,3.200000000000000000e+01,4.600000000000000000e+01
4.215000012566625287e+01,3.600000000000000000e+01,5.000000000000000000e+01
4.216000012569606525e+01,3.400000000000000000e+01,3.800000000000000000e+01
4.217000012572588474e+01,3.200000000000000000e+01,4.100000000000000000e+01
4.218000012575569713e+01,3.300000000000000000e+01,4.300000000000000000e+01
4.219000012578550951e+01,3.200000000000000000e+01,3.600000000000000000e+01
4.220000012581532189e+01,3.500000000000000000e+01,4.500000000000000000e+01
4.221000012584513428e+01,3.400000000000000000e+01,4.600000000000000000e+01
4.222000012587495377e+01,3.100000000000000000e+01,3.700000000000000000e+01
4.223000012590476615e+01,3.100000000000000000e+01,4.100000000000000000e+01
4.224000012593457853e+01,3.200000000000000000e+01,4.800000000000000000e+01
4.225000012596439092e+01,2.900000000000000000e+01,3.700000000000000000e+01
4.226000012599421041e+01,3.200000000000000000e+01,3.900000000000000000e+01
4.227000012602402279e+01,2.900000000000000000e+01,3.500000000000000000e+01
4.228000012605383517e+01,3.200000000000000000e+01,3.800000000000000000e+01
4.229000012608364756e+01,3.100000000000000000e+01,4.300000000000000000e+01
4.230000012611346705e+01,3.100000000000000000e+01,4.600000000000000000e+01
4.231000012614327943e+01,2.700000000000000000e+01,3.300000000000000000e+01
4.232000012617309181e+01,2.900000000000000000e+01,3.200000000000000000e+01
4.233000012620290420e+01,2.800000000000000000e+01,3.300000000000000000e+01
4.234000012623272369e+01,2.900000000000000000e+01,3.600000000000000000e+01
4.235000012626253607e+01,2.600000000000000000e+01,3.600000000000000000e+01
4.236000012629234845e+01,2.900000000000000000e+01,3.800000000000000000e+01
4.237000012632216084e+01,2.600000000000000000e+01,2.800000000000000000e+01
4.238000012635197322e+01,2.600000000000000000e+01,3.100000000000000000e+01
4.239000012638179271e+01,2.600000000000000000e+01,3.400000000000000000e+01
4.240000012641160509e+01,2.400000000000000000e+01,2.700000000000000000e+01
4.241000012644141748e+01,2.700000000000000000e+01,3.200000000000000000e+01
4.242000012647122986e+01,2.400000000000000000e+01,2.900000000000000000e+01
4.243000012650104935e+01,2.600000000000000000e+01,3.500000000000000000e+01
4.244000012653086173e+01,2.600000000000000000e+01,3.400000000000000000e+01
4.245000012656067412e+01,2.400000000000000000e+01,2.900000000000000000e+01
4.246000012659048650e+01,2.600000000000000000e+01,3.600000000000000000e+01
4.247000012662030599e+01,2.500000000000000000e+01,3.300000000000000000e+01
4.248000012665011837e+01,2.700000000000000000e+01,3.900000000000000000e+01
4.249000012667993076e+01,2.500000000000000000e+01,2.900000000000000000e+01
4.250000012670974314e+01,2.800000000000000000e+01,3.300000000000000000e+01
4.251000012673956263e+01,2.800000000000000000e+01,3.100000000000000000e+01
4.252000012676937502e+01,2.800000000000000000e+01,3.100000000000000000e+01
4.253000012679918740e+01,2.800000000000000000e+01,3.700000000000000000e+01
4.254000012682899978e+01,2.700000000000000000e+01,3.300000000000000000e+01
4.255000012685881217e+01,2.700000000000000000e+01,3.600000000000000000e+01
4.256000012688863166e+01,2.800000000000000000e+01,3.500000000000000000e+01
4.257000012691844404e+01,2.700000000000000000e+01,3.300000000000000000e+01
4.258000012694825642e+01,2.800000000000000000e+01,3.900000000000000000e+01
4.259000012697806881e+01,2.500000000000000000e+01,3.700000000000000000e+01
4.260000012700788830e+01,2.600000000000000000e+01,3.100000000000000000e+01
4.261000012703770068e+01,2.400000000000000000e+01,2.900000000000000000e+01
4.262000012706751306e+01,2.700000000000000000e+01,3.100000000000000000e+01
4.263000012709732545e+01,2.600000000000000000e+01,2.700000000000000000e+01
4.264000012712714494e+01,2.600000000000000000e+01,3.600000000000000000e+01
4.265000012715695732e+01,2.600000000000000000e+01,2.700000000000000000e+01
4.266000012718676970e+01,2.700000000000000000e+01,3.500000000000000000e+01
4.267000012721658209e+01,2.700000000000000000e+01,3.500000000000000000e+01
4.268000012724640158e+01,2.600000000000000000e+01,3.100000000000000000e+01
4.269000012727621396e+01,2.400000000000000000e+01,2.500000000000000000e+01
4.270000012730602634e+01,2.400000000000000000e+01,3.100000000000000000e+01
4.271000012733583873e+01,2.700000000000000000e+01,3.300000000000000000e+01
4.272000012736565111e+01,2.800000000000000000e+01,3.400000000000000000e+01
4.273000012739547060e+01,2.800000000000000000e+01,3.200000000000000000e+01
4.274000012742528298e+01,2.800000000000000000e+01,3.700000000000000000e+01
4.275000012745509537e+01,3.100000000000000000e+01,3.800000000000000000e+01
4.276000012748490775e+01,2.800000000000000000e+01,3.700000000000000000e+01
4.277000012751472724e+01,2.800000000000000000e+01,3.500000000000000000e+01
4.278000012754453962e+01,2.600000000000000000e+01,3.000000000000000000e+01
4.279000012757435201e+01,2.500000000000000000e+01,3.000000000000000000e+01
4.280000012760416439e+01,2.500000000000000000e+01,3.000000000000000000e+01
4.281000012763398388e+01,2.600000000000000000e+01,3.000000000000000000e+01
4.282000012766379626e+01,3.100000000000000000e+01,3.900000000000000000e+01
4.283000012769360865e+01,2.700000000000000000e+01,2.900000000000000000e+01
4.284000012772342103e+01,2.300000000000000000e+01,2.400000000000000000e+01
4.285000012775324052e+01,2.600000000000000000e+01,2.800000000000000000e+01
4.286000012778305290e+01,2.700000000000000000e+01,3.100000000000000000e+01
4.287000012781286529e+01,2.900000000000000000e+01,3.600000000000000000e+01
4.288000012784267767e+01,2.600000000000000000e+01,2.700000000000000000e+01
4.289000012787249005e+01,2.400000000000000000e+01,2.600000000000000000e+01
4.290000012790230954e+01,2.700000000000000000e+01,3.300000000000000000e+01
4.291000012793212193e+01,2.900000000000000000e+01,3.900000000000000000e+01
4.292000012796193431e+01,3.000000000000000000e+01,4.300000000000000000e+01
4.293000012799174669e+01,2.800000000000000000e+01,3.700000000000000000e+01
4.294000012802156618e+01,3.300000000000000000e+01,4.300000000000000000e+01
4.295000012805137857e+01,2.900000000000000000e+01,3.500000000000000000e+01
4.296000012808119095e+01,3.200000000000000000e+01,3.900000000000000000e+01
4.297000012811100333e+01,3.000000000000000000e+01,3.400000000000000000e+01
4.298000012814082282e+01,3.000000000000000000e+01,4.200000000000000000e+01
4.299000012817063521e+01,2.900000000000000000e+01,3.700000000000000000e+01
4.300000012820044759e+01,3.200000000000000000e+01,4.000000000000000000e+01
4.301000012823025997e+01,3.100000000000000000e+01,4.000000000000000000e+01
4.302000012826007946e+01,2.900000000000000000e+01,3.500000000000000000e+01
4.303000012828989185e+01,3.000000000000000000e+01,3.400000000000000000e+01
4.304000012831970423e+01,2.800000000000000000e+01,2.900000000000000000e+01
4.305000012834951661e+01,2.800000000000000000e+01,3.400000000000000000e+01
4.306000012837932900e+01,3.100000000000000000e+01,3.300000000000000000e+01
4.307000012840914849e+01,2.700000000000000000e+01,2.800000000000000000e+01
4.308000012843896087e+01,2.400000000000000000e+01,2.500000000000000000e+01
4.309000012846877326e+01,2.700000000000000000e+01,2.600000000000000000e+01
4.310000012849858564e+01,2.400000000000000000e+01,2.800000000000000000e+01
4.311000012852840513e+01,2.600000000000000000e+01,2.800000000000000000e+01
4.312000012855821751e+01,2.700000000000000000e+01,4.000000000000000000e+01
4.313000012858802990e+01,3.200000000000000000e+01,3.600000000000000000e+01
4.314000012861784228e+01,3.300000000000000000e+01,3.800000000000000000e+01
4.315000012864766177e+01,2.800000000000000000e+01,3.000000000000000000e+01
4.316000012867747415e+01,2.300000000000000000e+01,2.300000000000000000e+01
4.317000012870728654e+01,2.600000000000000000e+01,2.700000000000000000e+01
4.318000012873709892e+01,2.700000000000000000e+01,2.500000000000000000e+01
4.319000012876691841e+01,2.300000000000000000e+01,2.600000000000000000e+01
4.320000012879673079e+01,2.700000000000000000e+01,3.000000000000000000e+01
4.321000012882654318e+01,2.700000000000000000e+01,3.200000000000000000e+01
4.322000012885635556e+01,2.900000000000000000e+01,3.400000000000000000e+01
4.323000012888616794e+01,2.600000000000000000e+01,2.900000000000000000e+01
4.324000012891598743e+01,2.500000000000000000e+01,3.200000000000000000e+01
4.325000012894579982e+01,2.300000000000000000e+01,3.500000000000000000e+01
4.326000012897561220e+01,2.600000000000000000e+01,3.300000000000000000e+01
4.327000012900542458e+01,2.600000000000000000e+01,3.200000000000000000e+01
4.328000012903524407e+01,2.500000000000000000e+01,2.900000000000000000e+01
4.329000012906505646e+01,2.600000000000000000e+01,3.300000000000000000e+01
4.330000012909486884e+01,2.600000000000000000e+01,2.900000000000000000e+01
4.331000012912468122e+01,2.600000000000000000e+01,3.300000000000000000e+01
4.332000012915450071e+01,2.700000000000000000e+01,3.400000000000000000e+01
4.333000012918431310e+01,2.700000000000000000e+01,3.300000000000000000e+01
4.334000012921412548e+01,2.700000000000000000e+01,3.000000000000000000e+01
4.335000012924393786e+01,2.400000000000000000e+01,2.800000000000000000e+01
4.336000012927375735e+01,2.700000000000000000e+01,3.100000000000000000e+01
4.337000012930356974e+01,2.800000000000000000e+01,3.300000000000000000e+01
4.338000012933338212e+01,2.700000000000000000e+01,3.400000000000000000e+01
4.339000012936319450e+01,2.900000000000000000e+01,3.500000000000000000e+01
4.340000012939300689e+01,2.700000000000000000e+01,2.700000000000000000e+01
4.341000012942282638e+01,2.800000000000000000e+01,3.300000000000000000e+01
4.342000012945263876e+01,2.600000000000000000e+01,2.700000000000000000e+01
4.343000012948245114e+01,2.700000000000000000e+01,3.300000000000000000e+01
4.344000012951226353e+01,2.500000000000000000e+01,2.800000000000000000e+01
4.345000012954208302e+01,2.800000000000000000e+01,3.400000000000000000e+01
4.346000012957189540e+01,2.800000000000000000e+01,3.500000000000000000e+01
4.347000012960170778e+01,2.700000000000000000e+01,3.000000000000000000e+01
4.348000012963152017e+01,2.800000000000000000e+01,3.300000000000000000e+01
4.349000012966133966e+01,3.300000000000000000e+01,4.100000000000000000e+01
4.350000012969115204e+01,2.800000000000000000e+01,3.000000000000000000e+01
4.351000012972096442e+01,2.700000000000000000e+01,3.400000000000000000e+01
4.352000012975077681e+01,2.800000000000000000e+01,3.600000000000000000e+01
4.353000012978059630e+01,2.600000000000000000e+01,3.300000000000000000e+01
4.354000012981040868e+01,2.700000000000000000e+01,2.900000000000000000e+01
4.355000012984022106e+01,2.600000000000000000e+01,3.500000000000000000e+01
4.356000012987003345e+01,2.700000000000000000e+01,3.400000000000000000e+01
4.357000012989984583e+01,2.700000000000000000e+01,2.900000000000000000e+01
4.358000012992966532e+01,3.100000000000000000e+01,3.500000000000000000e+01
4.359000012995947770e+01,2.600000000000000000e+01,3.000000000000000000e+01
4.360000012998929009e+01,2.700000000000000000e+01,3.600000000000000000e+01
4.361000013001910247e+01,2.300000000000000000e+01,2.400000000000000000e+01
4.362000013004892196e+01,2.900000000000000000e+01,4.000000000000000000e+01
4.363000013007873434e+01,2.800000000000000000e+01,3.100000000000000000e+01
4.364000013010854673e+01,2.700000000000000000e+01,3.000000000000000000e+01
4.365000013013835911e+01,2.500000000000000000e+01,2.800000000000000000e+01
4.366000013016817860e+01,2.800000000000000000e+01,3.100000000000000000e+01
4.367000013019799098e+01,2.900000000000000000e+01,3.300000000000000000e+01
4.368000013022780337e+01,3.000000000000000000e+01,4.100000000000000000e+01
4.369000013025761575e+01,2.900000000000000000e+01,3.600000000000000000e+01
4.370000013028743524e+01,2.700000000000000000e+01,3.300000000000000000e+01
4.371000013031724762e+01,2.600000000000000000e+01,3.100000000000000000e+01
4.372000013034706001e+01,2.600000000000000000e+01,3.000000000000000000e+01
4.373000013037687239e+01,2.700000000000000000e+01,2.600000000000000000e+01
4.374000013040668478e+01,2.900000000000000000e+01,3.200000000000000000e+01
4.375000013043650426e+01,2.700000000000000000e+01,2.900000000000000000e+01
4.376000013046631665e+01,3.000000000000000000e+01,3.600000000000000000e+01
4.377000013049612903e+01,3.000000000000000000e+01,3.800000000000000000e+01
4.378000013052594142e+01,2.600000000000000000e+01,3.100000000000000000e+01
4.379000013055576090e+01,2.700000000000000000e+01,2.900000000000000000e+01
4.380000013058557329e+01,2.300000000000000000e+01,3.000000000000000000e+01
4.381000013061538567e+01,2.500000000000000000e+01,2.900000000000000000e+01
4.382000013064519806e+01,2.600000000000000000e+01,2.900000000000000000e+01
4.383000013067501754e+01,2.600000000000000000e+01,3.200000000000000000e+01
4.384000013070482993e+01,2.600000000000000000e+01,2.500000000000000000e+01
4.385000013073464231e+01,2.400000000000000000e+01,2.600000000000000000e+01
4.386000013076445470e+01,2.500000000000000000e+01,2.500000000000000000e+01
4.387000013079427418e+01,2.100000000000000000e+01,2.200000000000000000e+01
4.388000013082408657e+01,2.200000000000000000e+01,2.600000000000000000e+01
4.389000013085389895e+01,2.300000000000000000e+01,2.400000000000000000e+01
4.390000013088371134e+01,2.300000000000000000e+01,2.500000000000000000e+01
4.391000013091353082e+01,2.200000000000000000e+01,2.600000000000000000e+01
4.392000013094334321e+01,2.200000000000000000e+01,2.400000000000000000e+01
4.393000013097315559e+01,2.400000000000000000e+01,2.800000000000000000e+01
4.394000013100296798e+01,2.600000000000000000e+01,2.800000000000000000e+01
4.395000013103278036e+01,2.500000000000000000e+01,3.200000000000000000e+01
4.396000013106259985e+01,2.500000000000000000e+01,2.600000000000000000e+01
4.397000013109241223e+01,2.600000000000000000e+01,2.600000000000000000e+01
4.398000013112222462e+01,2.300000000000000000e+01,2.700000000000000000e+01
4.399000013115203700e+01,2.500000000000000000e+01,2.600000000000000000e+01
4.400000013118185649e+01,2.500000000000000000e+01,2.700000000000000000e+01
4.401000013121166887e+01,2.100000000000000000e+01,2.600000000000000000e+01
4.402000013124148126e+01,2.500000000000000000e+01,2.800000000000000000e+01
4.403000013127129364e+01,2.500000000000000000e+01,2.900000000000000000e+01
4.404000013130111313e+01,2.600000000000000000e+01,2.800000000000000000e+01
4.405000013133092551e+01,2.600000000000000000e+01,2.900000000000000000e+01
4.406000013136073790e+01,2.300000000000000000e+01,2.700000000000000000e+01
4.407000013139055028e+01,2.500000000000000000e+01,2.900000000000000000e+01
4.408000013142036977e+01,2.600000000000000000e+01,2.600000000000000000e+01
4.409000013145018215e+01,2.600000000000000000e+01,3.200000000000000000e+01
4.410000013147999454e+01,2.500000000000000000e+01,2.900000000000000000e+01
4.411000013150980692e+01,2.600000000000000000e+01,3.200000000000000000e+01
4.412000013153961930e+01,2.600000000000000000e+01,3.800000000000000000e+01
4.413000013156943879e+01,2.700000000000000000e+01,2.800000000000000000e+01
4.414000013159925118e+01,2.500000000000000000e+01,3.100000000000000000e+01
4.415000013162906356e+01,2.800000000000000000e+01,3.500000000000000000e+01
4.416000013165887594e+01,2.800000000000000000e+01,3.300000000000000000e+01
4.417000013168869543e+01,2.600000000000000000e+01,2.800000000000000000e+01
4.418000013171850782e+01,2.800000000000000000e+01,3.400000000000000000e+01
4.419000013174832020e+01,2.500000000000000000e+01,2.600000000000000000e+01
4.420000013177813258e+01,2.000000000000000000e+01,2.300000000000000000e+01
4.421000013180795207e+01,2.100000000000000000e+01,2.500000000000000000e+01
4.422000013183776446e+01,2.500000000000000000e+01,3.200000000000000000e+01
4.423000013186757684e+01,2.800000000000000000e+01,3.700000000000000000e+01
4.424000013189738922e+01,2.300000000000000000e+01,2.500000000000000000e+01
4.425000013192720871e+01,2.600000000000000000e+01,3.400000000000000000e+01
4.426000013195702110e+01,2.400000000000000000e+01,2.800000000000000000e+01
4.427000013198683348e+01,2.500000000000000000e+01,2.800000000000000000e+01
4.428000013201664586e+01,2.700000000000000000e+01,3.100000000000000000e+01
4.429000013204645825e+01,2.500000000000000000e+01,2.600000000000000000e+01
4.430000013207627774e+01,2.700000000000000000e+01,3.100000000000000000e+01
4.431000013210609012e+01,2.300000000000000000e+01,2.200000000000000000e+01
4.432000013213590250e+01,2.800000000000000000e+01,3.300000000000000000e+01
4.433000013216571489e+01,2.600000000000000000e+01,3.200000000000000000e+01
4.434000013219553438e+01,2.600000000000000000e+01,3.500000000000000000e+01
4.435000013222534676e+01,2.600000000000000000e+01,2.000000000000000000e+01
4.436000013225515914e+01,2.100000000000000000e+01,1.900000000000000000e+01
4.437000013228497153e+01,2.400000000000000000e+01,2.600000000000000000e+01
4.438000013231479102e+01,2.700000000000000000e+01,2.700000000000000000e+01
4.439000013234460340e+01,2.500000000000000000e+01,3.000000000000000000e+01
4.440000013237441578e+01,2.800000000000000000e+01,3.500000000000000000e+01
4.441000013240422817e+01,3.200000000000000000e+01,4.200000000000000000e+01
4.442000013243404766e+01,2.900000000000000000e+01,4.000000000000000000e+01
4.443000013246386004e+01,2.700000000000000000e+01,3.500000000000000000e+01
4.444000013249367242e+01,2.600000000000000000e+01,3.200000000000000000e+01
4.445000013252348481e+01,2.400000000000000000e+01,3.000000000000000000e+01
4.446000013255329719e+01,2.500000000000000000e+01,3.000000000000000000e+01
4.447000013258311668e+01,2.600000000000000000e+01,3.000000000000000000e+01
4.448000013261292906e+01,2.400000000000000000e+01,2.800000000000000000e+01
4.449000013264274145e+01,2.300000000000000000e+01,2.600000000000000000e+01
4.450000013267255383e+01,2.700000000000000000e+01,3.000000000000000000e+01
4.451000013270237332e+01,2.400000000000000000e+01,2.700000000000000000e+01
4.452000013273218570e+01,2.500000000000000000e+01,2.900000000000000000e+01
4.453000013276199809e+01,2.400000000000000000e+01,2.300000000000000000e+01
4.454000013279181047e+01,2.500000000000000000e+01,2.700000000000000000e+01
4.455000013282162996e+01,2.400000000000000000e+01,2.600000000000000000e+01
4.456000013285144234e+01,2.500000000000000000e+01,2.600000000000000000e+01
4.457000013288125473e+01,2.500000000000000000e+01,2.100000000000000000e+01
4.458000013291106711e+01,2.500000000000000000e+01,2.500000000000000000e+01
4.459000013294088660e+01,2.900000000000000000e+01,3.000000000000000000e+01
4.460000013297069898e+01,2.500000000000000000e+01,2.300000000000000000e+01
4.461000013300051137e+01,2.500000000000000000e+01,2.900000000000000000e+01
4.462000013303032375e+01,2.500000000000000000e+01,3.000000000000000000e+01
4.463000013306013614e+01,2.400000000000000000e+01,2.400000000000000000e+01
4.464000013308995563e+01,2.300000000000000000e+01,2.500000000000000000e+01
4.465000013311976801e+01,2.700000000000000000e+01,3.100000000000000000e+01
4.466000013314958039e+01,2.400000000000000000e+01,2.500000000000000000e+01
4.467000013317939278e+01,2.300000000000000000e+01,2.300000000000000000e+01
4.468000013320921227e+01,2.300000000000000000e+01,2.300000000000000000e+01
4.469000013323902465e+01,2.100000000000000000e+01,2.000000000000000000e+01
4.470000013326883703e+01,2.300000000000000000e+01,2.300000000000000000e+01
4.471000013329864942e+01,2.200000000000000000e+01,2.600000000000000000e+01
4.472000013332846891e+01,2.200000000000000000e+01,2.600000000000000000e+01
4.473000013335828129e+01,2.500000000000000000e+01,2.900000000000000000e+01
4.474000013338809367e+01,2.400000000000000000e+01,2.600000000000000000e+01
4.475000013341790606e+01,2.100000000000000000e+01,1.800000000000000000e+01
4.476000013344772555e+01,2.500000000000000000e+01,2.900000000000000000e+01
4.477000013347753793e+01,2.400000000000000000e+01,2.400000000000000000e+01
4.478000013350735031e+01,2.200000000000000000e+01,2.400000000000000000e+01
4.479000013353716270e+01,2.400000000000000000e+01,2.500000000000000000e+01
4.480000013356697508e+01,2.100000000000000000e+01,2.300000000000000000e+01
4.481000013359679457e+01,2.100000000000000000e+01,2.200000000000000000e+01
4.482000013362660695e+01,2.300000000000000000e+01,2.900000000000000000e+01
4.483000013365641934e+01,2.200000000000000000e+01,2.400000000000000000e+01
4.484000013368623172e+01,2.400000000000000000e+01,2.600000000000000000e+01
4.485000013371605121e+01,2.200000000000000000e+01,2.600000000000000000e+01
4.486000013374586359e+01,2.100000000000000000e+01,2.100000000000000000e+01
4.487000013377567598e+01,2.100000000000000000e+01,2.100000000000000000e+01
4.488000013380548836e+01,2.200000000000000000e+01,1.900000000000000000e+01
4.489000013383530785e+01,2.100000000000000000e+01,2.400000000000000000e+01
4.490000013386512023e+01,2.300000000000000000e+01,2.300000000000000000e+01
4.491000013389493262e+01,2.100000000000000000e+01,2.200000000000000000e+01
4.492000013392474500e+01,1.700000000000000000e+01,2.000000000000000000e+01
4.493000013395456449e+01,1.900000000000000000e+01,2.100000000000000000e+01
4.494000013398437687e+01,1.800000000000000000e+01,1.700000000000000000e+01
4.495000013401418926e+01,1.900000000000000000e+01,1.600000000000000000e+01
4.496000013404400164e+01,2.300000000000000000e+01,2.100000000000000000e+01
4.497000013407381402e+01,2.100000000000000000e+01,2.100000000000000000e+01
4.498000013410363351e+01,2.000000000000000000e+01,1.900000000000000000e+01
4.499000013413344590e+01,1.600000000000000000e+01,1.600000000000000000e+01
4.500000013416325828e+01,2.000000000000000000e+01,1.900000000000000000e+01
4.501000013419307066e+01,2.100000000000000000e+01,2.400000000000000000e+01
4.502000013422289015e+01,1.900000000000000000e+01,1.900000000000000000e+01
4.503000013425270254e+01,1.800000000000000000e+01,1.700000000000000000e+01
4.504000013428251492e+01,1.800000000000000000e+01,1.900000000000000000e+01
4.505000013431232730e+01,1.900000000000000000e+01,1.800000000000000000e+01
4.506000013434214679e+01,1.700000000000000000e+01,1.600000000000000000e+01
4.507000013437195918e+01,1.900000000000000000e+01,1.800000000000000000e+01
4.508000013440177156e+01,2.000000000000000000e+01,2.300000000000000000e+01
4.509000013443158394e+01,1.900000000000000000e+01,2.100000000000000000e+01
4.510000013446140343e+01,2.000000000000000000e+01,1.900000000000000000e+01
4.511000013449121582e+01,1.800000000000000000e+01,1.800000000000000000e+01
4.512000013452102820e+01,1.900000000000000000e+01,2.300000000000000000e+01
4.513000013455084058e+01,1.700000000000000000e+01,2.000000000000000000e+01
4.514000013458065297e+01,1.700000000000000000e+01,1.900000000000000000e+01
4.515000013461047246e+01,1.900000000000000000e+01,2.000000000000000000e+01
4.516000013464028484e+01,1.900000000000000000e+01,2.000000000000000000e+01
4.517000013467009722e+01,2.000000000000000000e+01,2.600000000000000000e+01
4.518000013469990961e+01,2.100000000000000000e+01,2.800000000000000000e+01
4.519000013472972910e+01,2.100000000000000000e+01,2.500000000000000000e+01
4.520000013475954148e+01,2.100000000000000000e+01,2.100000000000000000e+01
4.521000013478935387e+01,2.000000000000000000e+01,2.500000000000000000e+01
4.522000013481916625e+01,2.000000000000000000e+01,2.100000000000000000e+01
4.523000013484898574e+01,2.000000000000000000e+01,2.200000000000000000e+01
4.524000013487879812e+01,1.900000000000000000e+01,2.300000000000000000e+01
4.525000013490861051e+01,1.800000000000000000e+01,2.300000000000000000e+01
4.526000013493842289e+01,2.100000000000000000e+01,2.300000000000000000e+01
4.527000013496824238e+01,2.100000000000000000e+01,2.300000000000000000e+01
4.528000013499805476e+01,1.800000000000000000e+01,1.700000000000000000e+01
4.529000013502786715e+01,1.900000000000000000e+01,1.900000000000000000e+01
4.530000013505767953e+01,2.200000000000000000e+01,2.500000000000000000e+01
4.531000013508749191e+01,1.900000000000000000e+01,2.100000000000000000e+01
4.532000013511731140e+01,2.100000000000000000e+01,2.200000000000000000e+01
4.533000013514712379e+01,2.100000000000000000e+01,2.000000000000000000e+01
4.534000013517693617e+01,2.200000000000000000e+01,2.900000000000000000e+01
4.535000013520674855e+01,2.200000000000000000e+01,2.300000000000000000e+01
4.536000013523656804e+01,1.900000000000000000e+01,1.900000000000000000e+01
4.537000013526638043e+01,2.400000000000000000e+01,2.300000000000000000e+01
4.538000013529619281e+01,2.200000000000000000e+01,2.400000000000000000e+01
4.539000013532600519e+01,2.100000000000000000e+01,2.400000000000000000e+01
4.540000013535582468e+01,2.300000000000000000e+01,2.400000000000000000e+01
4.541000013538563707e+01,2.300000000000000000e+01,2.700000000000000000e+01
4.542000013541544945e+01,2.200000000000000000e+01,2.600000000000000000e+01
4.543000013544526183e+01,2.300000000000000000e+01,2.200000000000000000e+01
4.544000013547508132e+01,2.000000000000000000e+01,2.200000000000000000e+01
4.545000013550489371e+01,2.000000000000000000e+01,2.000000000000000000e+01
4.546000013553470609e+01,2.100000000000000000e+01,2.700000000000000000e+01
4.547000013556451847e+01,1.900000000000000000e+01,2.200000000000000000e+01
4.548000013559433086e+01,1.700000000000000000e+01,2.000000000000000000e+01
4.549000013562415035e+01,1.900000000000000000e+01,1.800000000000000000e+01
4.550000013565396273e+01,2.200000000000000000e+01,2.500000000000000000e+01
4.551000013568377511e+01,2.100000000000000000e+01,2.600000000000000000e+01
4.552000013571358750e+01,2.000000000000000000e+01,2.300000000000000000e+01
4.553000013574340699e+01,1.900000000000000000e+01,2.000000000000000000e+01
4.554000013577321937e+01,1.900000000000000000e+01,2.000000000000000000e+01
4.555000013580303175e+01,2.000000000000000000e+01,1.800000000000000000e+01
4.556000013583284414e+01,1.900000000000000000e+01,1.800000000000000000e+01
4.557000013586266363e+01,2.100000000000000000e+01,2.300000000000000000e+01
4.558000013589247601e+01,2.100000000000000000e+01,1.900000000000000000e+01
4.559000013592228839e+01,1.900000000000000000e+01,1.500000000000000000e+01
4.560000013595210078e+01,2.300000000000000000e+01,2.700000000000000000e+01
4.561000013598192027e+01,2.100000000000000000e+01,1.900000000000000000e+01
4.562000013601173265e+01,2.300000000000000000e+01,2.600000000000000000e+01
4.563000013604154503e+01,2.100000000000000000e+01,2.000000000000000000e+01
4.564000013607135742e+01,2.100000000000000000e+01,2.200000000000000000e+01
4.565000013610116980e+01,2.000000000000000000e+01,1.700000000000000000e+01
4.566000013613098929e+01,2.100000000000000000e+01,2.300000000000000000e+01
4.567000013616080167e+01,2.000000000000000000e+01,1.900000000000000000e+01
4.568000013619061406e+01,2.200000000000000000e+01,2.600000000000000000e+01
4.569000013622042644e+01,2.600000000000000000e+01,2.600000000000000000e+01
4.570000013625024593e+01,1.900000000000000000e+01,2.100000000000000000e+01
4.571000013628005831e+01,1.900000000000000000e+01,1.800000000000000000e+01
4.572000013630987070e+01,2.200000000000000000e+01,1.900000000000000000e+01
4.573000013633968308e+01,2.000000000000000000e+01,1.900000000000000000e+01
4.574000013636950257e+01,2.100000000000000000e+01,2.100000000000000000e+01
4.575000013639931495e+01,2.100000000000000000e+01,2.000000000000000000e+01
4.576000013642912734e+01,2.000000000000000000e+01,1.600000000000000000e+01
4.577000013645893972e+01,2.300000000000000000e+01,2.400000000000000000e+01
4.578000013648875921e+01,2.600000000000000000e+01,2.300000000000000000e+01
4.579000013651857159e+01,2.100000000000000000e+01,2.100000000000000000e+01
4.580000013654838398e+01,1.800000000000000000e+01,1.700000000000000000e+01
4.581000013657819636e+01,2.000000000000000000e+01,2.000000000000000000e+01
4.582000013660800875e+01,2.400000000000000000e+01,2.500000000000000000e+01
4.583000013663782823e+01,2.200000000000000000e+01,2.800000000000000000e+01
4.584000013666764062e+01,2.200000000000000000e+01,2.200000000000000000e+01
4.585000013669745300e+01,2.000000000000000000e+01,1.900000000000000000e+01
4.586000013672726539e+01,2.100000000000000000e+01,1.500000000000000000e+01
4.587000013675708487e+01,1.600000000000000000e+01,1.600000000000000000e+01
4.588000013678689726e+01,2.000000000000000000e+01,2.000000000000000000e+01
4.589000013681670964e+01,2.200000000000000000e+01,2.400000000000000000e+01
4.590000013684652203e+01,2.100000000000000000e+01,1.800000000000000000e+01
4.591000013687634151e+01,2.100000000000000000e+01,2.200000000000000000e+01
4.592000013690615390e+01,2.100000000000000000e+01,2.300000000000000000e+01
4.593000013693596628e+01,1.800000000000000000e+01,1.600000000000000000e+01
4.594000013696577867e+01,1.800000000000000000e+01,1.600000000000000000e+01
4.595000013699559815e+01,2.000000000000000000e+01,2.100000000000000000e+01
4.596000013702541054e+01,2.100000000000000000e+01,2.100000000000000000e+01
4.597000013705522292e+01,1.700000000000000000e+01,1.700000000000000000e+01
4.598000013708503531e+01,2.200000000000000000e+01,2.500000000000000000e+01
4.599000013711485479e+01,2.100000000000000000e+01,2.100000000000000000e+01
4.600000013714466718e+01,2.200000000000000000e+01,2.200000000000000000e+01
4.601000013717447956e+01,1.900000000000000000e+01,1.600000000000000000e+01
4.602000013720429195e+01,2.000000000000000000e+01,1.700000000000000000e+01
4.603000013723410433e+01,2.100000000000000000e+01,1.900000000000000000e+01
4.604000013726392382e+01,1.900000000000000000e+01,1.800000000000000000e+01
4.605000013729373620e+01,1.900000000000000000e+01,1.600000000000000000e+01
4.606000013732354859e+01,2.000000000000000000e+01,2.300000000000000000e+01
4.607000013735336097e+01,1.900000000000000000e+01,1.600000000000000000e+01
4.608000013738318046e+01,2.200000000000000000e+01,2.600000000000000000e+01
4.609000013741299284e+01,1.800000000000000000e+01,1.500000000000000000e+01
4.610000013744280523e+01,2.300000000000000000e+01,2.300000000000000000e+01
4.611000013747261761e+01,2.000000000000000000e+01,2.200000000000000000e+01
4.612000013750243710e+01,2.500000000000000000e+01,2.900000000000000000e+01
4.613000013753224948e+01,2.200000000000000000e+01,2.700000000000000000e+01
4.614000013756206187e+01,2.300000000000000000e+01,2.700000000000000000e+01
4.615000013759187425e+01,2.200000000000000000e+01,1.800000000000000000e+01
4.616000013762169374e+01,2.200000000000000000e+01,1.900000000000000000e+01
4.617000013765150612e+01,2.200000000000000000e+01,2.100000000000000000e+01
4.618000013768131851e+01,2.400000000000000000e+01,2.500000000000000000e+01
4.619000013771113089e+01,2.200000000000000000e+01,2.000000000000000000e+01
4.620000013774094327e+01,2.100000000000000000e+01,1.700000000000000000e+01
4.621000013777076276e+01,2.000000000000000000e+01,1.800000000000000000e+01
4.622000013780057515e+01,2.200000000000000000e+01,1.900000000000000000e+01
4.623000013783038753e+01,2.200000000000000000e+01,1.700000000000000000e+01
4.624000013786019991e+01,2.300000000000000000e+01,2.500000000000000000e+01
4.625000013789001940e+01,1.900000000000000000e+01,2.000000000000000000e+01
4.626000013791983179e+01,1.600000000000000000e+01,2.000000000000000000e+01
4.627000013794964417e+01,1.700000000000000000e+01,1.700000000000000000e+01
4.628000013797945655e+01,1.800000000000000000e+01,1.900000000000000000e+01
4.629000013800927604e+01,2.300000000000000000e+01,2.100000000000000000e+01
4.630000013803908843e+01,1.900000000000000000e+01,1.700000000000000000e+01
4.631000013806890081e+01,1.800000000000000000e+01,1.600000000000000000e+01
4.632000013809871319e+01,1.900000000000000000e+01,1.800000000000000000e+01
4.633000013812853268e+01,2.000000000000000000e+01,1.600000000000000000e+01
4.634000013815834507e+01,1.700000000000000000e+01,1.500000000000000000e+01
4.635000013818815745e+01,1.400000000000000000e+01,1.300000000000000000e+01
4.636000013821796983e+01,1.700000000000000000e+01,1.300000000000000000e+01
4.637000013824778222e+01,1.700000000000000000e+01,1.600000000000000000e+01
4.638000013827760171e+01,1.500000000000000000e+01,1.500000000000000000e+01
4.639000013830741409e+01,1.700000000000000000e+01,2.000000000000000000e+01
4.640000013833722647e+01,2.000000000000000000e+01,1.800000000000000000e+01
4.641000013836703886e+01,1.800000000000000000e+01,1.800000000000000000e+01
4.642000013839685835e+01,1.800000000000000000e+01,1.400000000000000000e+01
4.643000013842667073e+01,1.800000000000000000e+01,1.600000000000000000e+01
4.644000013845648311e+01,1.800000000000000000e+01,1.500000000000000000e+01
4.645000013848629550e+01,2.100000000000000000e+01,1.800000000000000000e+01
4.646000013851611499e+01,2.100000000000000000e+01,1.700000000000000000e+01
4.647000013854592737e+01,1.900000000000000000e+01,1.800000000000000000e+01
4.648000013857573975e+01,1.700000000000000000e+01,1.300000000000000000e+01
4.649000013860555214e+01,1.800000000000000000e+01,1.600000000000000000e+01
4.650000013863537163e+01,1.900000000000000000e+01,2.000000000000000000e+01
4.651000013866518401e+01,1.800000000000000000e+01,1.500000000000000000e+01
4.652000013869499639e+01,2.100000000000000000e+01,2.000000000000000000e+01
4.653000013872480878e+01,1.800000000000000000e+01,1.500000000000000000e+01
4.654000013875462116e+01,1.800000000000000000e+01,2.000000000000000000e+01
4.655000013878444065e+01,1.700000000000000000e+01,1.700000000000000000e+01
4.656000013881425303e+01,1.900000000000000000e+01,2.000000000000000000e+01
4.657000013884406542e+01,1.700000000000000000e+01,1.800000000000000000e+01
4.658000013887387780e+01,1.800000000000000000e+01,1.400000000000000000e+01
4.659000013890369729e+01,1.600000000000000000e+01,1.400000000000000000e+01
4.660000013893350967e+01,1.600000000000000000e+01,1.700000000000000000e+01
4.661000013896332206e+01,1.700000000000000000e+01,1.900000000000000000e+01
4.662000013899313444e+01,2.000000000000000000e+01,1.800000000000000000e+01
4.663000013902295393e+01,1.900000000000000000e+01,1.900000000000000000e+01
4.664000013905276631e+01,2.100000000000000000e+01,2.300000000000000000e+01
4.665000013908257870e+01,1.600000000000000000e+01,1.400000000000000000e+01
4.666000013911239108e+01,1.800000000000000000e+01,1.300000000000000000e+01
4.667000013914221057e+01,1.800000000000000000e+01,1.400000000000000000e+01
4.668000013917202295e+01,1.700000000000000000e+01,1.300000000000000000e+01
4.669000013920183534e+01,1.800000000000000000e+01,1.600000000000000000e+01
4.670000013923164772e+01,1.500000000000000000e+01,1.700000000000000000e+01
4.671000013926146011e+01,1.600000000000000000e+01,1.400000000000000000e+01
4.672000013929127959e+01,1.600000000000000000e+01,1.800000000000000000e+01
4.673000013932109198e+01,1.900000000000000000e+01,1.900000000000000000e+01
4.674000013935090436e+01,1.600000000000000000e+01,1.400000000000000000e+01
4.675000013938071675e+01,1.700000000000000000e+01,1.500000000000000000e+01
4.676000013941053624e+01,1.900000000000000000e+01,1.900000000000000000e+01
4.677000013944034862e+01,1.600000000000000000e+01,1.500000000000000000e+01
4.678000013947016100e+01,1.700000000000000000e+01,1.300000000000000000e+01
4.679000013949997339e+01,1.700000000000000000e+01,1.400000000000000000e+01
4.680000013952979288e+01,1.700000000000000000e+01,1.400000000000000000e+01
4.681000013955960526e+01,1.700000000000000000e+01,1.700000000000000000e+01
4.682000013958941764e+01,1.700000000000000000e+01,1.500000000000000000e+01
4.683000013961923003e+01,1.700000000000000000e+01,1.400000000000000000e+01
4.684000013964904952e+01,1.700000000000000000e+01,1.400000000000000000e+01
4.685000013967886190e+01,1.400000000000000000e+01,1.200000000000000000e+01
4.686000013970867428e+01,1.700000000000000000e+01,1.300000000000000000e+01
4.687000013973848667e+01,1.700000000000000000e+01,1.600000000000000000e+01
4.688000013976829905e+01,1.600000000000000000e+01,1.600000000000000000e+01
4.689000013979811854e+01,1.500000000000000000e+01,1.200000000000000000e+01
4.690000013982793092e+01,1.900000000000000000e+01,1.500000000000000000e+01
4.691000013985774331e+01,1.800000000000000000e+01,1.900000000000000000e+01
4.692000013988755569e+01,1.900000000000000000e+01,1.900000000000000000e+01
4.693000013991737518e+01,1.600000000000000000e+01,1.600000000000000000e+01
4.694000013994718756e+01,1.800000000000000000e+01,1.800000000000000000e+01
4.695000013997699995e+01,1.600000000000000000e+01,1.200000000000000000e+01
4.696000014000681233e+01,1.700000000000000000e+01,1.200000000000000000e+01
4.697000014003663182e+01,1.600000000000000000e+01,1.200000000000000000e+01
4.698000014006644420e+01,1.800000000000000000e+01,1.000000000000000000e+01
4.699000014009625659e+01,1.500000000000000000e+01,1.300000000000000000e+01
4.700000014012606897e+01,1.500000000000000000e+01,1.200000000000000000e+01
4.701000014015588846e+01,1.600000000000000000e+01,1.500000000000000000e+01
4.702000014018570084e+01,1.900000000000000000e+01,1.600000000000000000e+01
4.703000014021551323e+01,1.500000000000000000e+01,1.100000000000000000e+01
4.704000014024532561e+01,1.700000000000000000e+01,1.500000000000000000e+01
4.705000014027513799e+01,1.400000000000000000e+01,1.400000000000000000e+01
4.706000014030495748e+01,1.700000000000000000e+01,1.900000000000000000e+01
4.707000014033476987e+01,1.600000000000000000e+01,1.200000000000000000e+01
4.708000014036458225e+01,1.700000000000000000e+01,1.700000000000000000e+01
4.709000014039439463e+01,1.900000000000000000e+01,2.200000000000000000e+01
4.710000014042421412e+01,1.700000000000000000e+01,1.300000000000000000e+01
4.711000014045402651e+01,1.800000000000000000e+01,1.700000000000000000e+01
4.712000014048383889e+01,1.500000000000000000e+01,1.600000000000000000e+01
4.713000014051365127e+01,1.600000000000000000e+01,1.300000000000000000e+01
4.714000014054347076e+01,1.600000000000000000e+01,1.700000000000000000e+01
4.715000014057328315e+01,1.700000000000000000e+01,1.300000000000000000e+01
4.716000014060309553e+01,1.600000000000000000e+01,1.100000000000000000e+01
4.717000014063290791e+01,1.500000000000000000e+01,1.300000000000000000e+01
4.718000014066272740e+01,1.500000000000000000e+01,1.100000000000000000e+01
4.719000014069253979e+01,1.500000000000000000e+01,1.600000000000000000e+01
4.720000014072235217e+01,1.500000000000000000e+01,1.400000000000000000e+01
4.721000014075216455e+01,1.400000000000000000e+01,1.300000000000000000e+01
4.722000014078197694e+01,1.600000000000000000e+01,1.600000000000000000e+01
4.723000014081179643e+01,1.600000000000000000e+01,1.600000000000000000e+01
4.724000014084160881e+01,1.600000000000000000e+01,1.500000000000000000e+01
4.725000014087142119e+01,1.800000000000000000e+01,1.900000000000000000e+01
4.726000014090123358e+01,1.700000000000000000e+01,1.500000000000000000e+01
4.727000014093105307e+01,1.700000000000000000e+01,1.600000000000000000e+01
4.728000014096086545e+01,1.400000000000000000e+01,1.200000000000000000e+01
4.729000014099067783e+01,1.400000000000000000e+01,1.400000000000000000e+01
4.730000014102049022e+01,1.600000000000000000e+01,1.700000000000000000e+01
4.731000014105030971e+01,1.500000000000000000e+01,1.200000000000000000e+01
4.732000014108012209e+01,1.600000000000000000e+01,1.400000000000000000e+01
4.733000014110993448e+01,1.600000000000000000e+01,1.200000000000000000e+01
4.734000014113974686e+01,1.500000000000000000e+01,1.400000000000000000e+01
4.735000014116956635e+01,1.400000000000000000e+01,9.000000000000000000e+00
4.736000014119937873e+01,1.300000000000000000e+01,1.000000000000000000e+01
4.737000014122919112e+01,1.400000000000000000e+01,1.000000000000000000e+01
4.738000014125900350e+01,1.300000000000000000e+01,8.000000000000000000e+00
4.739000014128881588e+01,1.400000000000000000e+01,1.200000000000000000e+01
4.740000014131863537e+01,1.800000000000000000e+01,1.800000000000000000e+01
4.741000014134844776e+01,1.700000000000000000e+01,1.700000000000000000e+01
4.742000014137826014e+01,1.600000000000000000e+01,1.400000000000000000e+01
4.743000014140807252e+01,1.300000000000000000e+01,1.000000000000000000e+01
4.744000014143789201e+01,1.400000000000000000e+01,1.400000000000000000e+01
4.745000014146770440e+01,1.300000000000000000e+01,1.100000000000000000e+01
4.746000014149751678e+01,1.300000000000000000e+01,1.100000000000000000e+01
4.747000014152732916e+01,1.500000000000000000e+01,1.300000000000000000e+01
4.748000014155714865e+01,1.600000000000000000e+01,1.200000000000000000e+01
4.749000014158696104e+01,1.600000000000000000e+01,1.900000000000000000e+01
4.750000014161677342e+01,1.600000000000000000e+01,1.200000000000000000e+01
4.751000014164658580e+01,1.600000000000000000e+01,1.200000000000000000e+01
4.752000014167640529e+01,1.600000000000000000e+01,1.200000000000000000e+01
4.753000014170621768e+01,1.400000000000000000e+01,1.100000000000000000e+01
4.754000014173603006e+01,1.500000000000000000e+01,1.300000000000000000e+01
4.755000014176584244e+01,1.500000000000000000e+01,1.300000000000000000e+01
4.756000014179565483e+01,1.500000000000000000e+01,1.400000000000000000e+01
4.757000014182547432e+01,1.500000000000000000e+01,1.200000000000000000e+01
4.758000014185528670e+01,1.300000000000000000e+01,1.200000000000000000e+01
4.759000014188509908e+01,1.400000000000000000e+01,1.200000000000000000e+01
4.760000014191491147e+01,1.300000000000000000e+01,1.000000000000000000e+01
4.761000014194473096e+01,1.500000000000000000e+01,1.000000000000000000e+01
4.762000014197454334e+01,1.600000000000000000e+01,1.900000000000000000e+01
4.763000014200435572e+01,1.300000000000000000e+01,1.000000000000000000e+01
4.764000014203416811e+01,1.300000000000000000e+01,1.200000000000000000e+01
4.765000014206398760e+01,1.500000000000000000e+01,1.600000000000000000e+01
4.766000014209379998e+01,1.600000000000000000e+01,1.600000000000000000e+01
4.767000014212361236e+01,1.400000000000000000e+01,1.300000000000000000e+01
4.768000014215342475e+01,1.800000000000000000e+01,1.800000000000000000e+01
4.769000014218324424e+01,1.600000000000000000e+01,1.700000000000000000e+01
4.770000014221305662e+01,1.800000000000000000e+01,1.900000000000000000e+01
4.771000014224286900e+01,1.600000000000000000e+01,1.800000000000000000e+01
4.772000014227268139e+01,1.600000000000000000e+01,1.500000000000000000e+01
4.773000014230249377e+01,1.700000000000000000e+01,1.700000000000000000e+01
4.774000014233231326e+01,1.600000000000000000e+01,1.700000000000000000e+01
4.775000014236212564e+01,1.600000000000000000e+01,1.500000000000000000e+01
4.776000014239193803e+01,1.400000000000000000e+01,1.300000000000000000e+01
4.777000014242175041e+01,1.300000000000000000e+01,1.300000000000000000e+01
4.778000014245156990e+01,1.600000000000000000e+01,1.800000000000000000e+01
4.779000014248138228e+01,1.500000000000000000e+01,1.500000000000000000e+01
4.780000014251119467e+01,1.400000000000000000e+01,1.600000000000000000e+01
4.781000014254100705e+01,1.500000000000000000e+01,1.500000000000000000e+01
4.782000014257082654e+01,1.400000000000000000e+01,1.500000000000000000e+01
4.783000014260063892e+01,1.800000000000000000e+01,1.300000000000000000e+01
4.784000014263045131e+01,1.800000000000000000e+01,1.900000000000000000e+01
4.785000014266026369e+01,2.000000000000000000e+01,1.900000000000000000e+01
4.786000014269008318e+01,1.600000000000000000e+01,1.200000000000000000e+01
4.787000014271989556e+01,2.100000000000000000e+01,2.000000000000000000e+01
4.788000014274970795e+01,1.900000000000000000e+01,1.800000000000000000e+01
4.789000014277952033e+01,2.000000000000000000e+01,2.200000000000000000e+01
4.790000014280933982e+01,2.000000000000000000e+01,1.800000000000000000e+01
4.791000014283915220e+01,1.800000000000000000e+01,1.500000000000000000e+01
4.792000014286896459e+01,2.200000000000000000e+01,2.400000000000000000e+01
4.793000014289877697e+01,1.800000000000000000e+01,1.700000000000000000e+01
4.794000014292858936e+01,1.900000000000000000e+01,1.700000000000000000e+01
4.795000014295840884e+01,1.700000000000000000e+01,1.500000000000000000e+01
4.796000014298822123e+01,1.900000000000000000e+01,1.800000000000000000e+01
4.797000014301803361e+01,2.000000000000000000e+01,2.100000000000000000e+01
4.798000014304784600e+01,1.700000000000000000e+01,1.600000000000000000e+01
4.799000014307766548e+01,1.800000000000000000e+01,1.700000000000000000e+01
4.800000014310747787e+01,1.900000000000000000e+01,1.800000000000000000e+01
4.801000014313729025e+01,1.900000000000000000e+01,2.400000000000000000e+01
4.802000014316710264e+01,1.700000000000000000e+01,2.000000000000000000e+01
4.803000014319692212e+01,2.100000000000000000e+01,2.700000000000000000e+01
4.804000014322673451e+01,2.200000000000000000e+01,2.500000000000000000e+01
4.805000014325654689e+01,1.900000000000000000e+01,1.900000000000000000e+01
4.806000014328635928e+01,1.800000000000000000e+01,1.900000000000000000e+01
4.807000014331617876e+01,1.900000000000000000e+01,2.100000000000000000e+01
4.808000014334599115e+01,1.800000000000000000e+01,2.100000000000000000e+01
4.809000014337580353e+01,1.800000000000000000e+01,1.700000000000000000e+01
4.810000014340561592e+01,1.700000000000000000e+01,1.800000000000000000e+01
4.811000014343542830e+01,1.500000000000000000e+01,1.400000000000000000e+01
4.812000014346524779e+01,1.800000000000000000e+01,2.000000000000000000e+01
4.813000014349506017e+01,1.900000000000000000e+01,1.600000000000000000e+01
4.814000014352487256e+01,1.900000000000000000e+01,1.900000000000000000e+01
4.815000014355468494e+01,1.700000000000000000e+01,1.600000000000000000e+01
4.816000014358450443e+01,1.900000000000000000e+01,1.800000000000000000e+01
4.817000014361431681e+01,1.700000000000000000e+01,1.800000000000000000e+01
4.818000014364412920e+01,1.600000000000000000e+01,1.700000000000000000e+01
4.819000014367394158e+01,1.700000000000000000e+01,1.700000000000000000e+01
4.820000014370376107e+01,1.700000000000000000e+01,1.200000000000000000e+01
4.821000014373357345e+01,1.600000000000000000e+01,1.600000000000000000e+01
4.822000014376338584e+01,1.700000000000000000e+01,1.400000000000000000e+01
4.823000014379319822e+01,1.700000000000000000e+01,1.500000000000000000e+01
4.824000014382301771e+01,1.700000000000000000e+01,1.300000000000000000e+01
4.825000014385283009e+01,1.700000000000000000e+01,1.500000000000000000e+01
4.826000014388264248e+01,1.700000000000000000e+01,1.600000000000000000e+01
4.827000014391245486e+01,1.700000000000000000e+01,1.600000000000000000e+01
4.828000014394226724e+01,1.700000000000000000e+01,1.600000000000000000e+01
4.829000014397208673e+01,1.700000000000000000e+01,2.000000000000000000e+01
4.830000014400189912e+01,1.900000000000000000e+01,1.500000000000000000e+01
4.831000014403171150e+01,1.700000000000000000e+01,1.500000000000000000e+01
4.832000014406152388e+01,1.400000000000000000e+01,1.500000000000000000e+01
4.833000014409134337e+01,1.500000000000000000e+01,1.200000000000000000e+01
4.834000014412115576e+01,1.500000000000000000e+01,1.500000000000000000e+01
4.835000014415096814e+01,1.600000000000000000e+01,1.500000000000000000e+01
4.836000014418078052e+01,1.600000000000000000e+01,1.500000000000000000e+01
4.837000014421060001e+01,1.700000000000000000e+01,1.700000000000000000e+01
4.838000014424041240e+01,1.700000000000000000e+01,1.900000000000000000e+01
4.839000014427022478e+01,1.700000000000000000e+01,1.800000000000000000e+01
4.840000014430003716e+01,1.700000000000000000e+01,1.400000000000000000e+01
4.841000014432985665e+01,1.700000000000000000e+01,1.600000000000000000e+01
4.842000014435966904e+01,1.600000000000000000e+01,1.600000000000000000e+01
4.843000014438948142e+01,1.600000000000000000e+01,2.000000000000000000e+01
4.844000014441929380e+01,1.500000000000000000e+01,1.400000000000000000e+01
4.845000014444910619e+01,1.600000000000000000e+01,1.700000000000000000e+01
4.846000014447892568e+01,1.700000000000000000e+01,1.800000000000000000e+01
4.847000014450873806e+01,1.600000000000000000e+01,2.100000000000000000e+01
4.848000014453855044e+01,1.600000000000000000e+01,1.600000000000000000e+01
4.849000014456836283e+01,1.600000000000000000e+01,1.600000000000000000e+01
4.850000014459818232e+01,1.700000000000000000e+01,1.600000000000000000e+01
4.851000014462799470e+01,1.600000000000000000e+01,1.600000000000000000e+01
4.852000014465780708e+01,1.500000000000000000e+01,1.600000000000000000e+01
4.853000014468761947e+01,1.600000000000000000e+01,1.700000000000000000e+01
4.854000014471743896e+01,1.500000000000000000e+01,1.500000000000000000e+01
4.855000014474725134e+01,1.500000000000000000e+01,1.300000000000000000e+01
4.856000014477706372e+01,1.400000000000000000e+01,1.300000000000000000e+01
4.857000014480687611e+01,1.400000000000000000e+01,1.100000000000000000e+01
4.858000014483669560e+01,1.400000000000000000e+01,1.200000000000000000e+01
4.859000014486650798e+01,1.500000000000000000e+01,1.100000000000000000e+01
4.860000014489632036e+01,1.400000000000000000e+01,1.200000000000000000e+01
4.861000014492613275e+01,1.400000000000000000e+01,1.100000000000000000e+01
4.862000014495594513e+01,1.500000000000000000e+01,1.300000000000000000e+01
4.863000014498576462e+01,1.400000000000000000e+01,1.400000000000000000e+01
4.864000014501557700e+01,1.400000000000000000e+01,1.400000000000000000e+01
4.865000014504538939e+01,1.500000000000000000e+01,1.300000000000000000e+01
4.866000014507520177e+01,1.400000000000000000e+01,1.300000000000000000e+01
4.867000014510502126e+01,1.400000000000000000e+01,1.500000000000000000e+01
4.868000014513483364e+01,1.400000000000000000e+01,1.500000000000000000e+01
4.869000014516464603e+01,1.400000000000000000e+01,1.300000000000000000e+01
4.870000014519445841e+01,1.300000000000000000e+01,1.000000000000000000e+01
4.871000014522427790e+01,1.400000000000000000e+01,1.300000000000000000e+01
4.872000014525409028e+01,1.600000000000000000e+01,1.200000000000000000e+01
4.873000014528390267e+01,1.500000000000000000e+01,1.200000000000000000e+01
4.874000014531371505e+01,1.700000000000000000e+01,1.800000000000000000e+01
4.875000014534353454e+01,1.600000000000000000e+01,1.700000000000000000e+01
4.876000014537334692e+01,1.700000000000000000e+01,1.800000000000000000e+01
4.877000014540315931e+01,1.500000000000000000e+01,1.800000000000000000e+01
4.878000014543297169e+01,1.600000000000000000e+01,1.300000000000000000e+01
4.879000014546278408e+01,1.600000000000000000e+01,1.300000000000000000e+01
4.880000014549260356e+01,1.900000000000000000e+01,1.600000000000000000e+01
4.881000014552241595e+01,1.900000000000000000e+01,2.100000000000000000e+01
4.882000014555222833e+01,1.700000000000000000e+01,1.700000000000000000e+01
4.883000014558204072e+01,1.700000000000000000e+01,1.600000000000000000e+01
4.884000014561186021e+01,1.700000000000000000e+01,1.500000000000000000e+01
4.885000014564167259e+01,1.700000000000000000e+01,1.400000000000000000e+01
4.886000014567148497e+01,1.700000000000000000e+01,1.300000000000000000e+01
4.887000014570129736e+01,1.500000000000000000e+01,1.100000000000000000e+01
4.888000014573111685e+01,1.700000000000000000e+01,1.500000000000000000e+01
4.889000014576092923e+01,1.600000000000000000e+01,1.200000000000000000e+01
4.890000014579074161e+01,1.600000000000000000e+01,1.300000000000000000e+01
4.891000014582055400e+01,1.700000000000000000e+01,1.800000000000000000e+01
4.892000014585037349e+01,1.800000000000000000e+01,1.600000000000000000e+01
4.893000014588018587e+01,1.900000000000000000e+01,1.800000000000000000e+01
4.894000014590999825e+01,2.000000000000000000e+01,2.100000000000000000e+01
4.895000014593981064e+01,2.100000000000000000e+01,1.800000000000000000e+01
4.896000014596962302e+01,1.900000000000000000e+01,2.000000000000000000e+01
4.897000014599944251e+01,2.000000000000000000e+01,2.000000000000000000e+01
4.898000014602925489e+01,1.900000000000000000e+01,1.700000000000000000e+01
4.899000014605906728e+01,2.000000000000000000e+01,2.100000000000000000e+01
4.900000014608887966e+01,1.600000000000000000e+01,1.300000000000000000e+01
4.901000014611869915e+01,1.800000000000000000e+01,1.700000000000000000e+01
4.902000014614851153e+01,1.700000000000000000e+01,1.600000000000000000e+01
4.903000014617832392e+01,1.800000000000000000e+01,1.500000000000000000e+01
4.904000014620813630e+01,1.600000000000000000e+01,1.000000000000000000e+01
4.905000014623795579e+01,1.500000000000000000e+01,1.400000000000000000e+01
4.906000014626776817e+01,1.500000000000000000e+01,1.300000000000000000e+01
4.907000014629758056e+01,1.500000000000000000e+01,1.200000000000000000e+01
4.908000014632739294e+01,1.500000000000000000e+01,1.200000000000000000e+01
4.909000014635721243e+01,1.600000000000000000e+01,1.000000000000000000e+01
4.910000014638702481e+01,1.700000000000000000e+01,1.500000000000000000e+01
4.911000014641683720e+01,1.400000000000000000e+01,1.100000000000000000e+01
4.912000014644664958e+01,1.700000000000000000e+01,1.100000000000000000e+01
4.913000014647646196e+01,1.500000000000000000e+01,1.600000000000000000e+01
4.914000014650628145e+01,1.600000000000000000e+01,1.700000000000000000e+01
4.915000014653609384e+01,1.400000000000000000e+01,1.300000000000000000e+01
4.916000014656590622e+01,1.500000000000000000e+01,1.200000000000000000e+01
4.917000014659571860e+01,1.400000000000000000e+01,1.000000000000000000e+01
4.918000014662553809e+01,1.400000000000000000e+01,1.100000000000000000e+01
4.919000014665535048e+01,1.600000000000000000e+01,1.500000000000000000e+01
4.920000014668516286e+01,1.600000000000000000e+01,1.100000000000000000e+01
4.921000014671497524e+01,1.400000000000000000e+01,1.400000000000000000e+01
4.922000014674479473e+01,1.600000000000000000e+01,1.100000000000000000e+01
4.923000014677460712e+01,1.500000000000000000e+01,1.400000000000000000e+01
4.924000014680441950e+01,1.500000000000000000e+01,1.200000000000000000e+01
4.925000014683423188e+01,1.200000000000000000e+01,1.200000000000000000e+01
4.926000014686405137e+01,1.700000000000000000e+01,1.200000000000000000e+01
4.927000014689386376e+01,1.500000000000000000e+01,1.100000000000000000e+01
4.928000014692367614e+01,1.700000000000000000e+01,1.500000000000000000e+01
4.929000014695348852e+01,1.300000000000000000e+01,6.000000000000000000e+00
4.930000014698330091e+01,1.400000000000000000e+01,1.000000000000000000e+01
4.931000014701312040e+01,1.600000000000000000e+01,1.600000000000000000e+01
4.932000014704293278e+01,1.600000000000000000e+01,1.100000000000000000e+01
4.933000014707274516e+01,1.600000000000000000e+01,1.300000000000000000e+01
4.934000014710255755e+01,1.800000000000000000e+01,1.700000000000000000e+01
4.935000014713237704e+01,1.900000000000000000e+01,1.600000000000000000e+01
4.936000014716218942e+01,1.700000000000000000e+01,1.400000000000000000e+01
4.937000014719200180e+01,1.800000000000000000e+01,1.500000000000000000e+01
4.938000014722181419e+01,2.000000000000000000e+01,1.700000000000000000e+01
4.939000014725163368e+01,1.800000000000000000e+01,1.700000000000000000e+01
4.940000014728144606e+01,1.500000000000000000e+01,1.200000000000000000e+01
4.941000014731125844e+01,1.700000000000000000e+01,1.700000000000000000e+01
4.942000014734107083e+01,1.700000000000000000e+01,1.400000000000000000e+01
4.943000014737089032e+01,2.000000000000000000e+01,2.300000000000000000e+01
4.944000014740070270e+01,1.600000000000000000e+01,1.400000000000000000e+01
4.945000014743051509e+01,1.600000000000000000e+01,1.800000000000000000e+01
4.946000014746032747e+01,1.800000000000000000e+01,1.400000000000000000e+01
4.947000014749013985e+01,1.900000000000000000e+01,1.500000000000000000e+01
4.948000014751995934e+01,1.800000000000000000e+01,1.800000000000000000e+01
4.949000014754977173e+01,1.800000000000000000e+01,1.500000000000000000e+01
4.950000014757958411e+01,1.700000000000000000e+01,1.800000000000000000e+01
4.951000014760939649e+01,1.800000000000000000e+01,1.500000000000000000e+01
4.952000014763921598e+01,1.700000000000000000e+01,1.400000000000000000e+01
4.953000014766902837e+01,1.500000000000000000e+01,1.500000000000000000e+01
4.954000014769884075e+01,1.500000000000000000e+01,1.800000000000000000e+01
4.955000014772865313e+01,1.600000000000000000e+01,1.400000000000000000e+01
4.956000014775847262e+01,1.700000000000000000e+01,1.700000000000000000e+01
4.957000014778828501e+01,1.600000000000000000e+01,1.300000000000000000e+01
4.958000014781809739e+01,1.800000000000000000e+01,1.600000000000000000e+01
4.959000014784790977e+01,1.700000000000000000e+01,1.700000000000000000e+01
4.960000014787772926e+01,1.400000000000000000e+01,1.300000000000000000e+01
4.961000014790754165e+01,1.800000000000000000e+01,1.300000000000000000e+01
4.962000014793735403e+01,1.600000000000000000e+01,1.700000000000000000e+01
4.963000014796716641e+01,1.400000000000000000e+01,1.300000000000000000e+01
4.964000014799697880e+01,1.500000000000000000e+01,1.300000000000000000e+01
4.965000014802679829e+01,1.500000000000000000e+01,1.300000000000000000e+01
4.966000014805661067e+01,1.500000000000000000e+01,1.200000000000000000e+01
4.967000014808642305e+01,1.400000000000000000e+01,1.600000000000000000e+01
4.968000014811623544e+01,1.400000000000000000e+01,1.000000000000000000e+01
4.969000014814605493e+01,1.600000000000000000e+01,1.300000000000000000e+01
4.970000014817586731e+01,1.700000000000000000e+01,1.800000000000000000e+01
4.971000014820567969e+01,1.600000000000000000e+01,1.600000000000000000e+01
4.972000014823549208e+01,1.500000000000000000e+01,1.500000000000000000e+01
4.973000014826531157e+01,1.700000000000000000e+01,1.300000000000000000e+01
4.974000014829512395e+01,1.700000000000000000e+01,1.500000000000000000e+01
4.975000014832493633e+01,1.500000000000000000e+01,1.500000000000000000e+01
4.976000014835474872e+01,1.700000000000000000e+01,1.700000000000000000e+01
4.977000014838456821e+01,1.900000000000000000e+01,1.900000000000000000e+01
4.978000014841438059e+01,1.600000000000000000e+01,1.200000000000000000e+01
4.979000014844419297e+01,1.600000000000000000e+01,1.500000000000000000e+01
4.980000014847400536e+01,1.400000000000000000e+01,1.200000000000000000e+01
4.981000014850382485e+01,1.700000000000000000e+01,1.100000000000000000e+01
4.982000014853363723e+01,1.600000000000000000e+01,9.000000000000000000e+00
4.983000014856344961e+01,1.800000000000000000e+01,1.500000000000000000e+01
4.984000014859326200e+01,1.400000000000000000e+01,1.000000000000000000e+01
4.985000014862307438e+01,1.600000000000000000e+01,1.200000000000000000e+01
4.986000014865289387e+01,1.600000000000000000e+01,1.000000000000000000e+01
4.987000014868270625e+01,1.600000000000000000e+01,1.700000000000000000e+01
4.988000014871251864e+01,1.300000000000000000e+01,1.100000000000000000e+01
4.989000014874233102e+01,1.500000000000000000e+01,1.200000000000000000e+01
4.990000014877215051e+01,1.700000000000000000e+01,1.300000000000000000e+01
4.991000014880196289e+01,1.400000000000000000e+01,1.200000000000000000e+01
4.992000014883177528e+01,1.600000000000000000e+01,1.300000000000000000e+01
4.993000014886158766e+01,1.100000000000000000e+01,8.000000000000000000e+00
4.994000014889140715e+01,1.400000000000000000e+01,1.100000000000000000e+01
4.995000014892121953e+01,1.300000000000000000e+01,9.000000000000000000e+00
4.996000014895103192e+01,1.300000000000000000e+01,1.200000000000000000e+01
4.997000014898084430e+01,1.200000000000000000e+01,6.000000000000000000e+00
4.998000014901066379e+01,1.300000000000000000e+01,9.000000000000000000e+00
4.999000014904047617e+01,1.200000000000000000e+01,7.000000000000000000e+00
5.000000014907028856e+01,1.600000000000000000e+01,9.000000000000000000e+00
5.001000014910010094e+01,1.500000000000000000e+01,1.300000000000000000e+01
5.002000014912991332e+01,1.300000000000000000e+01,1.000000000000000000e+01
5.003000014915973281e+01,1.400000000000000000e+01,1.300000000000000000e+01
5.004000014918954520e+01,1.100000000000000000e+01,9.000000000000000000e+00
5.005000014921935758e+01,1.700000000000000000e+01,1.400000000000000000e+01
5.006000014924916997e+01,1.400000000000000000e+01,1.300000000000000000e+01
5.007000014927898945e+01,1.500000000000000000e+01,1.300000000000000000e+01
5.008000014930880184e+01,1.500000000000000000e+01,1.100000000000000000e+01
5.009000014933861422e+01,1.400000000000000000e+01,1.200000000000000000e+01
5.010000014936842661e+01,1.500000000000000000e+01,1.000000000000000000e+01
5.011000014939824609e+01,1.600000000000000000e+01,1.200000000000000000e+01
5.012000014942805848e+01,1.400000000000000000e+01,1.500000000000000000e+01
5.013000014945787086e+01,1.700000000000000000e+01,1.600000000000000000e+01
5.014000014948768325e+01,1.900000000000000000e+01,1.800000000000000000e+01
5.015000014951750273e+01,1.400000000000000000e+01,1.900000000000000000e+01
5.016000014954731512e+01,1.700000000000000000e+01,1.600000000000000000e+01
5.017000014957712750e+01,1.700000000000000000e+01,1.800000000000000000e+01
5.018000014960693989e+01,1.600000000000000000e+01,1.400000000000000000e+01
5.019000014963675227e+01,1.600000000000000000e+01,1.600000000000000000e+01
5.020000014966657176e+01,1.700000000000000000e+01,1.500000000000000000e+01
5.021000014969638414e+01,1.600000000000000000e+01,1.400000000000000000e+01
5.022000014972619653e+01,1.500000000000000000e+01,1.200000000000000000e+01
5.023000014975600891e+01,1.600000000000000000e+01,1.800000000000000000e+01
5.024000014978582840e+01,1.600000000000000000e+01,1.300000000000000000e+01
5.025000014981564078e+01,1.600000000000000000e+01,1.400000000000000000e+01
5.026000014984545317e+01,1.600000000000000000e+01,1.500000000000000000e+01
5.027000014987526555e+01,1.800000000000000000e+01,1.600000000000000000e+01
5.028000014990508504e+01,1.800000000000000000e+01,1.700000000000000000e+01
5.029000014993489742e+01,1.900000000000000000e+01,1.700000000000000000e+01
5.030000014996470981e+01,1.500000000000000000e+01,1.300000000000000000e+01
5.031000014999452219e+01,1.700000000000000000e+01,1.500000000000000000e+01
5.032000015002434168e+01,1.900000000000000000e+01,1.900000000000000000e+01
5.033000015005415406e+01,2.000000000000000000e+01,1.800000000000000000e+01
5.034000015008396645e+01,1.900000000000000000e+01,1.600000000000000000e+01
5.035000015011377883e+01,1.900000000000000000e+01,1.700000000000000000e+01
5.036000015014359121e+01,1.500000000000000000e+01,1.200000000000000000e+01
5.037000015017341070e+01,1.900000000000000000e+01,2.000000000000000000e+01
5.038000015020322309e+01,1.700000000000000000e+01,1.200000000000000000e+01
5.039000015023303547e+01,1.600000000000000000e+01,1.700000000000000000e+01
5.040000015026284785e+01,1.600000000000000000e+01,1.600000000000000000e+01
5.041000015029266734e+01,1.600000000000000000e+01,1.200000000000000000e+01
5.042000015032247973e+01,1.900000000000000000e+01,2.000000000000000000e+01
5.043000015035229211e+01,1.900000000000000000e+01,1.900000000000000000e+01
5.044000015038210449e+01,2.000000000000000000e+01,1.700000000000000000e+01
5.045000015041192398e+01,1.700000000000000000e+01,1.400000000000000000e+01
5.046000015044173637e+01,2.100000000000000000e+01,2.300000000000000000e+01
5.047000015047154875e+01,1.800000000000000000e+01,1.700000000000000000e+01
5.048000015050136113e+01,1.800000000000000000e+01,1.500000000000000000e+01
5.049000015053118062e+01,1.800000000000000000e+01,1.600000000000000000e+01
5.050000015056099301e+01,2.000000000000000000e+01,1.500000000000000000e+01
5.051000015059080539e+01,2.100000000000000000e+01,2.000000000000000000e+01
5.052000015062061777e+01,1.700000000000000000e+01,1.300000000000000000e+01
5.053000015065043016e+01,1.900000000000000000e+01,1.400000000000000000e+01
5.054000015068024965e+01,1.600000000000000000e+01,1.300000000000000000e+01
5.055000015071006203e+01,1.600000000000000000e+01,1.000000000000000000e+01
5.056000015073987441e+01,1.900000000000000000e+01,2.100000000000000000e+01
5.057000015076968680e+01,2.000000000000000000e+01,2.200000000000000000e+01
5.058000015079950629e+01,1.700000000000000000e+01,1.200000000000000000e+01
5.059000015082931867e+01,2.000000000000000000e+01,2.000000000000000000e+01
5.060000015085913105e+01,1.700000000000000000e+01,1.900000000000000000e+01
5.061000015088894344e+01,1.700000000000000000e+01,1.500000000000000000e+01
5.062000015091876293e+01,1.600000000000000000e+01,1.300000000000000000e+01
5.063000015094857531e+01,1.500000000000000000e+01,1.300000000000000000e+01
5.064000015097838769e+01,1.800000000000000000e+01,1.300000000000000000e+01
5.065000015100820008e+01,1.600000000000000000e+01,1.100000000000000000e+01
5.066000015103801957e+01,1.700000000000000000e+01,1.700000000000000000e+01
5.067000015106783195e+01,1.900000000000000000e+01,1.900000000000000000e+01
5.068000015109764433e+01,1.800000000000000000e+01,1.400000000000000000e+01
5.069000015112745672e+01,2.000000000000000000e+01,1.900000000000000000e+01
5.070000015115726910e+01,2.100000000000000000e+01,2.200000000000000000e+01
5.071000015118708859e+01,2.200000000000000000e+01,2.300000000000000000e+01
5.072000015121690097e+01,2.500000000000000000e+01,3.000000000000000000e+01
5.073000015124671336e+01,2.000000000000000000e+01,1.900000000000000000e+01
5.074000015127652574e+01,1.900000000000000000e+01,2.000000000000000000e+01
5.075000015130634523e+01,1.900000000000000000e+01,1.600000000000000000e+01
5.076000015133615761e+01,1.700000000000000000e+01,2.000000000000000000e+01
5.077000015136597000e+01,2.000000000000000000e+01,1.800000000000000000e+01
5.078000015139578238e+01,1.700000000000000000e+01,1.800000000000000000e+01
5.079000015142560187e+01,1.800000000000000000e+01,1.700000000000000000e+01
5.080000015145541425e+01,1.800000000000000000e+01,1.800000000000000000e+01
5.081000015148522664e+01,2.000000000000000000e+01,1.900000000000000000e+01
5.082000015151503902e+01,1.900000000000000000e+01,1.900000000000000000e+01
5.083000015154485851e+01,1.800000000000000000e+01,1.700000000000000000e+01
5.084000015157467089e+01,1.600000000000000000e+01,1.600000000000000000e+01
5.085000015160448328e+01,1.700000000000000000e+01,1.600000000000000000e+01
5.086000015163429566e+01,1.400000000000000000e+01,1.500000000000000000e+01
5.087000015166410805e+01,1.400000000000000000e+01,1.500000000000000000e+01
5.088000015169392753e+01,1.700000000000000000e+01,1.500000000000000000e+01
5.089000015172373992e+01,1.600000000000000000e+01,1.500000000000000000e+01
5.090000015175355230e+01,1.700000000000000000e+01,1.400000000000000000e+01
5.091000015178336469e+01,1.900000000000000000e+01,2.000000000000000000e+01
5.092000015181318417e+01,1.500000000000000000e+01,1.400000000000000000e+01
5.093000015184299656e+01,1.900000000000000000e+01,1.800000000000000000e+01
5.094000015187280894e+01,1.700000000000000000e+01,1.400000000000000000e+01
5.095000015190262133e+01,1.800000000000000000e+01,1.600000000000000000e+01
5.096000015193244082e+01,1.700000000000000000e+01,1.500000000000000000e+01
5.097000015196225320e+01,1.900000000000000000e+01,1.800000000000000000e+01
5.098000015199206558e+01,1.900000000000000000e+01,1.700000000000000000e+01
5.099000015202187797e+01,1.900000000000000000e+01,1.400000000000000000e+01
5.100000015205169746e+01,1.800000000000000000e+01,1.900000000000000000e+01
5.101000015208150984e+01,1.700000000000000000e+01,2.200000000000000000e+01
5.102000015211132222e+01,1.700000000000000000e+01,1.700000000000000000e+01
5.103000015214113461e+01,1.700000000000000000e+01,1.500000000000000000e+01
5.104000015217094699e+01,1.600000000000000000e+01,1.600000000000000000e+01
5.105000015220076648e+01,1.800000000000000000e+01,1.600000000000000000e+01
5.106000015223057886e+01,1.700000000000000000e+01,1.700000000000000000e+01
5.107000015226039125e+01,1.600000000000000000e+01,1.500000000000000000e+01
5.108000015229020363e+01,1.700000000000000000e+01,2.400000000000000000e+01
5.109000015232002312e+01,2.000000000000000000e+01,2.100000000000000000e+01
5.110000015234983550e+01,2.000000000000000000e+01,2.200000000000000000e+01
5.111000015237964789e+01,1.900000000000000000e+01,1.700000000000000000e+01
5.112000015240946027e+01,1.700000000000000000e+01,1.200000000000000000e+01
5.113000015243927976e+01,2.000000000000000000e+01,1.800000000000000000e+01
5.114000015246909214e+01,2.100000000000000000e+01,1.900000000000000000e+01
5.115000015249890453e+01,1.900000000000000000e+01,2.000000000000000000e+01
5.116000015252871691e+01,1.900000000000000000e+01,1.800000000000000000e+01
5.117000015255853640e+01,1.700000000000000000e+01,1.400000000000000000e+01
5.118000015258834878e+01,1.600000000000000000e+01,1.700000000000000000e+01
5.119000015261816117e+01,1.600000000000000000e+01,1.500000000000000000e+01
5.120000015264797355e+01,1.900000000000000000e+01,2.000000000000000000e+01
5.121000015267778593e+01,1.800000000000000000e+01,2.000000000000000000e+01
5.122000015270760542e+01,1.800000000000000000e+01,1.800000000000000000e+01
5.123000015273741781e+01,2.000000000000000000e+01,2.200000000000000000e+01
5.124000015276723019e+01,1.800000000000000000e+01,1.800000000000000000e+01
5.125000015279704257e+01,1.900000000000000000e+01,1.800000000000000000e+01
5.126000015282686206e+01,1.600000000000000000e+01,1.400000000000000000e+01
5.127000015285667445e+01,1.500000000000000000e+01,1.200000000000000000e+01
5.128000015288648683e+01,1.600000000000000000e+01,1.100000000000000000e+01
5.129000015291629921e+01,1.700000000000000000e+01,1.200000000000000000e+01
5.130000015294611870e+01,1.800000000000000000e+01,1.700000000000000000e+01
5.131000015297593109e+01,1.800000000000000000e+01,1.600000000000000000e+01
5.132000015300574347e+01,1.800000000000000000e+01,1.600000000000000000e+01
5.133000015303555585e+01,1.400000000000000000e+01,1.100000000000000000e+01
5.134000015306537534e+01,1.200000000000000000e+01,9.000000000000000000e+00
5.135000015309518773e+01,1.600000000000000000e+01,1.200000000000000000e+01
5.136000015312500011e+01,1.500000000000000000e+01,9.000000000000000000e+00
5.137000015315481249e+01,1.300000000000000000e+01,9.000000000000000000e+00
5.138000015318462488e+01,1.300000000000000000e+01,9.000000000000000000e+00
5.139000015321444437e+01,1.600000000000000000e+01,1.200000000000000000e+01
5.140000015324425675e+01,1.300000000000000000e+01,1.300000000000000000e+01
5.141000015327406913e+01,1.200000000000000000e+01,1.000000000000000000e+01
5.142000015330388152e+01,1.200000000000000000e+01,1.100000000000000000e+01
5.143000015333370101e+01,1.200000000000000000e+01,9.000000000000000000e+00
5.144000015336351339e+01,1.400000000000000000e+01,1.100000000000000000e+01
5.145000015339332577e+01,1.800000000000000000e+01,1.500000000000000000e+01
5.146000015342313816e+01,1.700000000000000000e+01,1.800000000000000000e+01
5.147000015345295765e+01,1.800000000000000000e+01,2.000000000000000000e+01
5.148000015348277003e+01,1.400000000000000000e+01,1.500000000000000000e+01
5.149000015351258241e+01,1.600000000000000000e+01,1.500000000000000000e+01
5.150000015354239480e+01,1.300000000000000000e+01,9.000000000000000000e+00
5.151000015357221429e+01,1.400000000000000000e+01,1.000000000000000000e+01
5.152000015360202667e+01,1.400000000000000000e+01,8.000000000000000000e+00
5.153000015363183905e+01,1.400000000000000000e+01,1.100000000000000000e+01
5.154000015366165144e+01,1.500000000000000000e+01,1.300000000000000000e+01
5.155000015369146382e+01,1.200000000000000000e+01,9.000000000000000000e+00
5.156000015372128331e+01,1.300000000000000000e+01,1.100000000000000000e+01
5.157000015375109570e+01,1.400000000000000000e+01,1.200000000000000000e+01
5.158000015378090808e+01,1.300000000000000000e+01,1.300000000000000000e+01
5.159000015381072046e+01,1.300000000000000000e+01,1.200000000000000000e+01
5.160000015384053995e+01,1.500000000000000000e+01,1.100000000000000000e+01
5.161000015387035234e+01,1.500000000000000000e+01,8.000000000000000000e+00
5.162000015390016472e+01,1.500000000000000000e+01,1.000000000000000000e+01
5.163000015392997710e+01,1.400000000000000000e+01,1.200000000000000000e+01
5.164000015395979659e+01,1.400000000000000000e+01,1.000000000000000000e+01
5.165000015398960898e+01,1.500000000000000000e+01,1.100000000000000000e+01
5.166000015401942136e+01,1.700000000000000000e+01,1.500000000000000000e+01
5.167000015404923374e+01,1.700000000000000000e+01,1.900000000000000000e+01
5.168000015407905323e+01,1.800000000000000000e+01,1.700000000000000000e+01
5.169000015410886562e+01,1.800000000000000000e+01,1.700000000000000000e+01
5.170000015413867800e+01,1.800000000000000000e+01,1.600000000000000000e+01
5.171000015416849038e+01,1.700000000000000000e+01,1.700000000000000000e+01
5.172000015419830987e+01,1.600000000000000000e+01,1.400000000000000000e+01
5.173000015422812226e+01,1.600000000000000000e+01,1.400000000000000000e+01
5.174000015425793464e+01,1.600000000000000000e+01,1.400000000000000000e+01
5.175000015428774702e+01,1.800000000000000000e+01,1.700000000000000000e+01
5.176000015431755941e+01,1.700000000000000000e+01,1.700000000000000000e+01
5.177000015434737890e+01,1.600000000000000000e+01,1.600000000000000000e+01
5.178000015437719128e+01,1.500000000000000000e+01,1.300000000000000000e+01
5.179000015440700366e+01,1.500000000000000000e+01,1.700000000000000000e+01
5.180000015443681605e+01,1.600000000000000000e+01,1.200000000000000000e+01
5.181000015446663554e+01,1.700000000000000000e+01,1.800000000000000000e+01
5.182000015449644792e+01,1.800000000000000000e+01,1.900000000000000000e+01
5.183000015452626030e+01,1.900000000000000000e+01,1.600000000000000000e+01
5.184000015455607269e+01,1.800000000000000000e+01,2.100000000000000000e+01
5.185000015458589218e+01,1.900000000000000000e+01,1.900000000000000000e+01
5.186000015461570456e+01,1.700000000000000000e+01,1.600000000000000000e+01
5.187000015464551694e+01,1.700000000000000000e+01,1.500000000000000000e+01
5.188000015467532933e+01,1.800000000000000000e+01,1.900000000000000000e+01
5.189000015470514882e+01,1.800000000000000000e+01,1.700000000000000000e+01
5.190000015473496120e+01,1.500000000000000000e+01,1.500000000000000000e+01
5.191000015476477358e+01,1.700000000000000000e+01,1.500000000000000000e+01
5.192000015479458597e+01,1.600000000000000000e+01,1.700000000000000000e+01
5.193000015482439835e+01,1.600000000000000000e+01,1.400000000000000000e+01
5.194000015485421784e+01,1.600000000000000000e+01,1.300000000000000000e+01
5.195000015488403022e+01,1.800000000000000000e+01,1.700000000000000000e+01
5.196000015491384261e+01,1.800000000000000000e+01,1.600000000000000000e+01
5.197000015494365499e+01,1.600000000000000000e+01,1.300000000000000000e+01
5.198000015497347448e+01,1.700000000000000000e+01,1.600000000000000000e+01
5.199000015500328686e+01,2.000000000000000000e+01,2.100000000000000000e+01
5.200000015503309925e+01,1.700000000000000000e+01,1.500000000000000000e+01
5.201000015506291163e+01,1.700000000000000000e+01,1.600000000000000000e+01
5.202000015509273112e+01,1.700000000000000000e+01,1.600000000000000000e+01
5.203000015512254350e+01,1.400000000000000000e+01,1.100000000000000000e+01
5.204000015515235589e+01,2.100000000000000000e+01,2.000000000000000000e+01
5.205000015518216827e+01,1.800000000000000000e+01,1.600000000000000000e+01
5.206000015521198776e+01,1.900000000000000000e+01,1.200000000000000000e+01
5.207000015524180014e+01,1.600000000000000000e+01,8.000000000000000000e+00
5.208000015527161253e+01,1.800000000000000000e+01,1.700000000000000000e+01
5.209000015530142491e+01,1.900000000000000000e+01,1.500000000000000000e+01
5.210000015533123729e+01,1.500000000000000000e+01,1.200000000000000000e+01
5.211000015536105678e+01,1.700000000000000000e+01,1.500000000000000000e+01
5.212000015539086917e+01,1.500000000000000000e+01,1.100000000000000000e+01
5.213000015542068155e+01,1.400000000000000000e+01,1.000000000000000000e+01
5.214000015545049393e+01,1.300000000000000000e+01,1.000000000000000000e+01
5.215000015548031342e+01,1.500000000000000000e+01,1.000000000000000000e+01
5.216000015551012581e+01,1.400000000000000000e+01,1.000000000000000000e+01
5.217000015553993819e+01,1.300000000000000000e+01,8.000000000000000000e+00
5.218000015556975058e+01,1.500000000000000000e+01,1.200000000000000000e+01
5.219000015559957006e+01,1.500000000000000000e+01,1.200000000000000000e+01
5.220000015562938245e+01,1.200000000000000000e+01,1.000000000000000000e+01
5.221000015565919483e+01,1.700000000000000000e+01,1.100000000000000000e+01
5.222000015568900722e+01,1.600000000000000000e+01,1.700000000000000000e+01
5.223000015571882670e+01,1.700000000000000000e+01,1.800000000000000000e+01
5.224000015574863909e+01,1.500000000000000000e+01,1.300000000000000000e+01
5.225000015577845147e+01,1.500000000000000000e+01,1.500000000000000000e+01
5.226000015580826386e+01,1.400000000000000000e+01,1.200000000000000000e+01
5.227000015583807624e+01,1.400000000000000000e+01,9.000000000000000000e+00
5.228000015586789573e+01,1.400000000000000000e+01,1.500000000000000000e+01
5.229000015589770811e+01,1.600000000000000000e+01,1.100000000000000000e+01
5.230000015592752050e+01,1.400000000000000000e+01,1.600000000000000000e+01
5.231000015595733288e+01,1.600000000000000000e+01,1.500000000000000000e+01
5.232000015598715237e+01,1.400000000000000000e+01,1.100000000000000000e+01
5.233000015601696475e+01,1.500000000000000000e+01,1.100000000000000000e+01
5.234000015604677714e+01,1.800000000000000000e+01,1.700000000000000000e+01
5.235000015607658952e+01,1.700000000000000000e+01,1.400000000000000000e+01
5.236000015610640901e+01,1.400000000000000000e+01,6.000000000000000000e+00
5.237000015613622139e+01,1.500000000000000000e+01,1.500000000000000000e+01
5.238000015616603378e+01,1.300000000000000000e+01,1.000000000000000000e+01
5.239000015619584616e+01,1.400000000000000000e+01,1.000000000000000000e+01
5.240000015622566565e+01,1.500000000000000000e+01,1.200000000000000000e+01
5.241000015625547803e+01,1.800000000000000000e+01,1.300000000000000000e+01
5.242000015628529042e+01,1.600000000000000000e+01,1.300000000000000000e+01
5.243000015631510280e+01,1.300000000000000000e+01,1.400000000000000000e+01
5.244000015634491518e+01,1.500000000000000000e+01,1.400000000000000000e+01
5.245000015637473467e+01,1.400000000000000000e+01,1.000000000000000000e+01
5.246000015640454706e+01,1.600000000000000000e+01,1.300000000000000000e+01
5.247000015643435944e+01,1.600000000000000000e+01,1.400000000000000000e+01
5.248000015646417182e+01,1.200000000000000000e+01,8.000000000000000000e+00
5.249000015649399131e+01,1.500000000000000000e+01,1.600000000000000000e+01
5.250000015652380370e+01,1.700000000000000000e+01,1.800000000000000000e+01
5.251000015655361608e+01,1.600000000000000000e+01,1.600000000000000000e+01
5.252000015658342846e+01,1.700000000000000000e+01,1.400000000000000000e+01
5.253000015661324795e+01,1.700000000000000000e+01,1.400000000000000000e+01
5.254000015664306034e+01,1.700000000000000000e+01,1.800000000000000000e+01
5.255000015667287272e+01,1.700000000000000000e+01,1.500000000000000000e+01
5.256000015670268510e+01,1.700000000000000000e+01,1.500000000000000000e+01
5.257000015673250459e+01,1.500000000000000000e+01,1.500000000000000000e+01
5.258000015676231698e+01,1.300000000000000000e+01,1.400000000000000000e+01
5.259000015679212936e+01,1.500000000000000000e+01,1.900000000000000000e+01
5.260000015682194174e+01,1.200000000000000000e+01,1.100000000000000000e+01
5.261000015685175413e+01,1.300000000000000000e+01,1.200000000000000000e+01
5.262000015688157362e+01,1.600000000000000000e+01,1.400000000000000000e+01
5.263000015691138600e+01,1.600000000000000000e+01,1.400000000000000000e+01
5.264000015694119838e+01,1.500000000000000000e+01,1.300000000000000000e+01
5.265000015697101077e+01,1.500000000000000000e+01,1.100000000000000000e+01
5.266000015700083026e+01,1.600000000000000000e+01,1.500000000000000000e+01
5.267000015703064264e+01,1.300000000000000000e+01,1.100000000000000000e+01
5.268000015706045502e+01,1.300000000000000000e+01,9.000000000000000000e+00
5.269000015709026741e+01,1.300000000000000000e+01,1.100000000000000000e+01
5.270000015712008690e+01,1.400000000000000000e+01,1.000000000000000000e+01
5.271000015714989928e+01,1.300000000000000000e+01,1.300000000000000000e+01
5.272000015717971166e+01,1.200000000000000000e+01,8.000000000000000000e+00
5.273000015720952405e+01,1.500000000000000000e+01,1.100000000000000000e+01
5.274000015723934354e+01,1.600000000000000000e+01,1.200000000000000000e+01
5.275000015726915592e+01,1.200000000000000000e+01,9.000000000000000000e+00
5.276000015729896830e+01,1.300000000000000000e+01,7.000000000000000000e+00
5.277000015732878069e+01,1.400000000000000000e+01,1.000000000000000000e+01
5.278000015735859307e+01,1.700000000000000000e+01,1.500000000000000000e+01
5.279000015738841256e+01,1.400000000000000000e+01,1.000000000000000000e+01
5.280000015741822494e+01,1.300000000000000000e+01,1.000000000000000000e+01
5.281000015744803733e+01,1.500000000000000000e+01,1.500000000000000000e+01
5.282000015747784971e+01,1.200000000000000000e+01,1.100000000000000000e+01
5.283000015750766920e+01,1.400000000000000000e+01,9.000000000000000000e+00
5.284000015753748158e+01,1.300000000000000000e+01,1.100000000000000000e+01
5.285000015756729397e+01,1.200000000000000000e+01,9.000000000000000000e+00
5.286000015759710635e+01,1.200000000000000000e+01,1.200000000000000000e+01
5.287000015762692584e+01,1.200000000000000000e+01,9.000000000000000000e+00
5.288000015765673822e+01,1.300000000000000000e+01,7.000000000000000000e+00
5.289000015768655061e+01,1.100000000000000000e+01,8.000000000000000000e+00
5.290000015771636299e+01,1.400000000000000000e+01,8.000000000000000000e+00
5.291000015774618248e+01,1.400000000000000000e+01,8.000000000000000000e+00
5.292000015777599486e+01,1.200000000000000000e+01,6.000000000000000000e+00
5.293000015780580725e+01,1.000000000000000000e+01,6.000000000000000000e+00
5.294000015783561963e+01,1.400000000000000000e+01,9.000000000000000000e+00
5.295000015786543202e+01,1.300000000000000000e+01,8.000000000000000000e+00
5.296000015789525150e+01,1.300000000000000000e+01,1.000000000000000000e+01
5.297000015792506389e+01,1.400000000000000000e+01,1.100000000000000000e+01
5.298000015795487627e+01,1.300000000000000000e+01,1.100000000000000000e+01
5.299000015798468866e+01,1.200000000000000000e+01,9.000000000000000000e+00
5.300000015801450814e+01,1.200000000000000000e+01,9.000000000000000000e+00
5.301000015804432053e+01,1.400000000000000000e+01,1.000000000000000000e+01
5.302000015807413291e+01,1.400000000000000000e+01,1.000000000000000000e+01
5.303000015810394530e+01,1.500000000000000000e+01,1.000000000000000000e+01
5.304000015813376478e+01,1.400000000000000000e+01,1.200000000000000000e+01
5.305000015816357717e+01,1.500000000000000000e+01,1.000000000000000000e+01
5.306000015819338955e+01,1.700000000000000000e+01,1.200000000000000000e+01
5.307000015822320194e+01,1.600000000000000000e+01,1.100000000000000000e+01
5.308000015825302143e+01,1.600000000000000000e+01,1.300000000000000000e+01
5.309000015828283381e+01,1.600000000000000000e+01,1.300000000000000000e+01
5.310000015831264619e+01,1.700000000000000000e+01,1.200000000000000000e+01
5.311000015834245858e+01,1.700000000000000000e+01,1.300000000000000000e+01
5.312000015837227096e+01,1.800000000000000000e+01,1.300000000000000000e+01
5.313000015840209045e+01,1.700000000000000000e+01,1.100000000000000000e+01
5.314000015843190283e+01,1.800000000000000000e+01,1.500000000000000000e+01
5.315000015846171522e+01,1.600000000000000000e+01,1.400000000000000000e+01
5.316000015849152760e+01,1.700000000000000000e+01,1.300000000000000000e+01
5.317000015852134709e+01,1.800000000000000000e+01,1.100000000000000000e+01
5.318000015855115947e+01,1.900000000000000000e+01,1.400000000000000000e+01
5.319000015858097186e+01,1.700000000000000000e+01,1.400000000000000000e+01
5.320000015861078424e+01,1.600000000000000000e+01,1.300000000000000000e+01
5.321000015864060373e+01,1.500000000000000000e+01,1.000000000000000000e+01
5.322000015867041611e+01,1.900000000000000000e+01,1.400000000000000000e+01
5.323000015870022850e+01,1.800000000000000000e+01,1.500000000000000000e+01
5.324000015873004088e+01,1.800000000000000000e+01,1.400000000000000000e+01
5.325000015875986037e+01,1.700000000000000000e+01,1.300000000000000000e+01
5.326000015878967275e+01,2.000000000000000000e+01,1.800000000000000000e+01
5.327000015881948514e+01,1.700000000000000000e+01,1.500000000000000000e+01
5.328000015884929752e+01,1.800000000000000000e+01,1.300000000000000000e+01
5.329000015887910990e+01,1.600000000000000000e+01,1.200000000000000000e+01
5.330000015890892939e+01,1.600000000000000000e+01,1.600000000000000000e+01
5.331000015893874178e+01,1.500000000000000000e+01,1.200000000000000000e+01
5.332000015896855416e+01,1.700000000000000000e+01,1.600000000000000000e+01
5.333000015899836654e+01,1.500000000000000000e+01,1.000000000000000000e+01
5.334000015902818603e+01,1.500000000000000000e+01,1.200000000000000000e+01
5.335000015905799842e+01,1.400000000000000000e+01,1.000000000000000000e+01
5.336000015908781080e+01,1.400000000000000000e+01,1.300000000000000000e+01
5.337000015911762318e+01,1.200000000000000000e+01,1.000000000000000000e+01
5.338000015914744267e+01,1.100000000000000000e+01,1.000000000000000000e+01
5.339000015917725506e+01,1.200000000000000000e+01,1.100000000000000000e+01
5.340000015920706744e+01,1.500000000000000000e+01,1.200000000000000000e+01
5.341000015923687982e+01,1.400000000000000000e+01,1.200000000000000000e+01
5.342000015926669931e+01,1.300000000000000000e+01,1.200000000000000000e+01
5.343000015929651170e+01,1.200000000000000000e+01,8.000000000000000000e+00
5.344000015932632408e+01,1.200000000000000000e+01,9.000000000000000000e+00
5.345000015935613646e+01,1.100000000000000000e+01,1.100000000000000000e+01
5.346000015938594885e+01,1.100000000000000000e+01,8.000000000000000000e+00
5.347000015941576834e+01,1.000000000000000000e+01,8.000000000000000000e+00
5.348000015944558072e+01,1.200000000000000000e+01,7.000000000000000000e+00
5.349000015947539310e+01,1.200000000000000000e+01,1.100000000000000000e+01
5.350000015950520549e+01,1.400000000000000000e+01,1.100000000000000000e+01
5.351000015953502498e+01,1.400000000000000000e+01,9.000000000000000000e+00
5.352000015956483736e+01,1.300000000000000000e+01,1.000000000000000000e+01
5.353000015959464974e+01,1.400000000000000000e+01,1.200000000000000000e+01
5.354000015962446213e+01,1.200000000000000000e+01,8.000000000000000000e+00
5.355000015965428162e+01,1.100000000000000000e+01,8.000000000000000000e+00
5.356000015968409400e+01,1.300000000000000000e+01,9.000000000000000000e+00
5.357000015971390638e+01,1.200000000000000000e+01,1.000000000000000000e+01
5.358000015974371877e+01,1.200000000000000000e+01,9.000000000000000000e+00
5.359000015977353826e+01,1.300000000000000000e+01,1.200000000000000000e+01
5.360000015980335064e+01,1.600000000000000000e+01,1.300000000000000000e+01
5.361000015983316302e+01,1.300000000000000000e+01,1.100000000000000000e+01
5.362000015986297541e+01,1.300000000000000000e+01,1.000000000000000000e+01
5.363000015989278779e+01,1.400000000000000000e+01,1.000000000000000000e+01
5.364000015992260728e+01,1.500000000000000000e+01,9.000000000000000000e+00
5.365000015995241966e+01,1.200000000000000000e+01,1.000000000000000000e+01
5.366000015998223205e+01,1.400000000000000000e+01,1.300000000000000000e+01
5.367000016001204443e+01,1.500000000000000000e+01,1.000000000000000000e+01
5.368000016004186392e+01,1.300000000000000000e+01,9.000000000000000000e+00
5.369000016007167631e+01,1.300000000000000000e+01,1.000000000000000000e+01
5.370000016010148869e+01,1.400000000000000000e+01,9.000000000000000000e+00
5.371000016013130107e+01,1.500000000000000000e+01,1.200000000000000000e+01
5.372000016016112056e+01,1.300000000000000000e+01,1.000000000000000000e+01
5.373000016019093295e+01,1.400000000000000000e+01,9.000000000000000000e+00
5.374000016022074533e+01,1.400000000000000000e+01,9.000000000000000000e+00
5.375000016025055771e+01,1.500000000000000000e+01,8.000000000000000000e+00
5.376000016028037720e+01,1.300000000000000000e+01,1.000000000000000000e+01
5.377000016031018959e+01,1.600000000000000000e+01,1.200000000000000000e+01
5.378000016034000197e+01,1.300000000000000000e+01,1.000000000000000000e+01
5.379000016036981435e+01,1.500000000000000000e+01,9.000000000000000000e+00
5.380000016039963384e+01,1.500000000000000000e+01,8.000000000000000000e+00
5.381000016042944623e+01,1.600000000000000000e+01,8.000000000000000000e+00
5.382000016045925861e+01,1.400000000000000000e+01,7.000000000000000000e+00
5.383000016048907099e+01,1.500000000000000000e+01,9.000000000000000000e+00
5.384000016051888338e+01,1.400000000000000000e+01,8.000000000000000000e+00
5.385000016054870287e+01,1.400000000000000000e+01,8.000000000000000000e+00
5.386000016057851525e+01,1.500000000000000000e+01,7.000000000000000000e+00
5.387000016060832763e+01,1.500000000000000000e+01,9.000000000000000000e+00
5.388000016063814002e+01,1.500000000000000000e+01,9.000000000000000000e+00
5.389000016066795951e+01,1.500000000000000000e+01,7.000000000000000000e+00
5.390000016069777189e+01,1.500000000000000000e+01,8.000000000000000000e+00
5.391000016072758427e+01,1.600000000000000000e+01,1.000000000000000000e+01
5.392000016075739666e+01,1.500000000000000000e+01,9.000000000000000000e+00
5.393000016078721615e+01,1.300000000000000000e+01,8.000000000000000000e+00
5.394000016081702853e+01,1.500000000000000000e+01,1.100000000000000000e+01
5.395000016084684091e+01,1.500000000000000000e+01,1.000000000000000000e+01
5.396000016087665330e+01,1.600000000000000000e+01,1.000000000000000000e+01
5.397000016090647279e+01,1.400000000000000000e+01,8.000000000000000000e+00
5.398000016093628517e+01,1.400000000000000000e+01,1.400000000000000000e+01
5.399000016096609755e+01,1.400000000000000000e+01,1.100000000000000000e+01
5.400000016099590994e+01,1.400000000000000000e+01,1.100000000000000000e+01
5.401000016102572232e+01,1.400000000000000000e+01,1.000000000000000000e+01
5.402000016105554181e+01,1.500000000000000000e+01,1.200000000000000000e+01
5.403000016108535419e+01,1.400000000000000000e+01,9.000000000000000000e+00
5.404000016111516658e+01,1.500000000000000000e+01,1.000000000000000000e+01
5.405000016114497896e+01,1.400000000000000000e+01,1.100000000000000000e+01
5.406000016117479845e+01,1.500000000000000000e+01,8.000000000000000000e+00
5.407000016120461083e+01,1.400000000000000000e+01,1.100000000000000000e+01
5.408000016123442322e+01,1.500000000000000000e+01,1.200000000000000000e+01
5.409000016126423560e+01,1.400000000000000000e+01,1.100000000000000000e+01
5.410000016129405509e+01,1.500000000000000000e+01,1.200000000000000000e+01
5.411000016132386747e+01,1.400000000000000000e+01,9.000000000000000000e+00
5.412000016135367986e+01,1.500000000000000000e+01,1.100000000000000000e+01
5.413000016138349224e+01,1.700000000000000000e+01,1.400000000000000000e+01
5.414000016141331173e+01,1.600000000000000000e+01,1.400000000000000000e+01
5.415000016144312411e+01,1.600000000000000000e+01,1.500000000000000000e+01
5.416000016147293650e+01,1.700000000000000000e+01,1.400000000000000000e+01
5.417000016150274888e+01,1.500000000000000000e+01,1.300000000000000000e+01
5.418000016153256126e+01,1.700000000000000000e+01,1.600000000000000000e+01
5.419000016156238075e+01,1.800000000000000000e+01,1.400000000000000000e+01
5.420000016159219314e+01,1.500000000000000000e+01,1.400000000000000000e+01
5.421000016162200552e+01,1.700000000000000000e+01,1.000000000000000000e+01
5.422000016165181790e+01,1.800000000000000000e+01,1.100000000000000000e+01
5.423000016168163739e+01,1.500000000000000000e+01,1.600000000000000000e+01
5.424000016171144978e+01,1.800000000000000000e+01,1.400000000000000000e+01
5.425000016174126216e+01,1.800000000000000000e+01,1.400000000000000000e+01
5.426000016177107454e+01,1.700000000000000000e+01,1.100000000000000000e+01
5.427000016180089403e+01,1.900000000000000000e+01,1.700000000000000000e+01
5.428000016183070642e+01,1.700000000000000000e+01,1.400000000000000000e+01
5.429000016186051880e+01,1.900000000000000000e+01,1.200000000000000000e+01
5.430000016189033119e+01,1.700000000000000000e+01,1.200000000000000000e+01
5.431000016192015067e+01,1.700000000000000000e+01,1.100000000000000000e+01
5.432000016194996306e+01,1.700000000000000000e+01,1.200000000000000000e+01
5.433000016197977544e+01,1.600000000000000000e+01,1.100000000000000000e+01
5.434000016200958783e+01,1.700000000000000000e+01,1.100000000000000000e+01
5.435000016203940021e+01,1.700000000000000000e+01,1.100000000000000000e+01
5.436000016206921970e+01,1.600000000000000000e+01,1.400000000000000000e+01
5.437000016209903208e+01,1.700000000000000000e+01,1.400000000000000000e+01
5.438000016212884447e+01,1.600000000000000000e+01,1.200000000000000000e+01
5.439000016215865685e+01,1.700000000000000000e+01,1.100000000000000000e+01
5.440000016218847634e+01,1.700000000000000000e+01,1.200000000000000000e+01
5.441000016221828872e+01,1.700000000000000000e+01,1.400000000000000000e+01
5.442000016224810111e+01,1.700000000000000000e+01,1.500000000000000000e+01
5.443000016227791349e+01,1.800000000000000000e+01,1.600000000000000000e+01
5.444000016230773298e+01,1.600000000000000000e+01,1.100000000000000000e+01
5.445000016233754536e+01,1.500000000000000000e+01,1.100000000000000000e+01
5.446000016236735775e+01,1.800000000000000000e+01,1.500000000000000000e+01
5.447000016239717013e+01,1.700000000000000000e+01,1.500000000000000000e+01
5.448000016242698962e+01,1.700000000000000000e+01,1.100000000000000000e+01
5.449000016245680200e+01,1.400000000000000000e+01,1.200000000000000000e+01
5.450000016248661439e+01,1.500000000000000000e+01,1.200000000000000000e+01
5.451000016251642677e+01,1.500000000000000000e+01,1.000000000000000000e+01
5.452000016254623915e+01,1.500000000000000000e+01,1.000000000000000000e+01
5.453000016257605864e+01,1.500000000000000000e+01,1.100000000000000000e+01
5.454000016260587103e+01,1.400000000000000000e+01,9.000000000000000000e+00
5.455000016263568341e+01,1.300000000000000000e+01,5.000000000000000000e+00
5.456000016266549579e+01,1.500000000000000000e+01,8.000000000000000000e+00
5.457000016269531528e+01,1.500000000000000000e+01,8.000000000000000000e+00
5.458000016272512767e+01,1.600000000000000000e+01,1.200000000000000000e+01
5.459000016275494005e+01,1.300000000000000000e+01,5.000000000000000000e+00
5.460000016278475243e+01,1.400000000000000000e+01,9.000000000000000000e+00
5.461000016281457192e+01,1.300000000000000000e+01,8.000000000000000000e+00
5.462000016284438431e+01,1.300000000000000000e+01,7.000000000000000000e+00
5.463000016287419669e+01,1.300000000000000000e+01,6.000000000000000000e+00
5.464000016290400907e+01,1.400000000000000000e+01,9.000000000000000000e+00
5.465000016293382856e+01,1.300000000000000000e+01,8.000000000000000000e+00
5.466000016296364095e+01,1.300000000000000000e+01,8.000000000000000000e+00
5.467000016299345333e+01,1.500000000000000000e+01,7.000000000000000000e+00
5.468000016302326571e+01,1.500000000000000000e+01,9.000000000000000000e+00
5.469000016305307810e+01,1.400000000000000000e+01,1.000000000000000000e+01
5.470000016308289759e+01,1.300000000000000000e+01,8.000000000000000000e+00
5.471000016311270997e+01,1.300000000000000000e+01,7.000000000000000000e+00
5.472000016314252235e+01,1.300000000000000000e+01,7.000000000000000000e+00
5.473000016317233474e+01,1.300000000000000000e+01,6.000000000000000000e+00
5.474000016320215423e+01,1.500000000000000000e+01,1.300000000000000000e+01
5.475000016323196661e+01,1.500000000000000000e+01,9.000000000000000000e+00
5.476000016326177899e+01,1.500000000000000000e+01,1.100000000000000000e+01
5.477000016329159138e+01,1.700000000000000000e+01,1.300000000000000000e+01
5.478000016332141087e+01,1.500000000000000000e+01,1.000000000000000000e+01
5.479000016335122325e+01,1.400000000000000000e+01,1.000000000000000000e+01
5.480000016338103563e+01,1.500000000000000000e+01,1.000000000000000000e+01
5.481000016341084802e+01,1.400000000000000000e+01,9.000000000000000000e+00
5.482000016344066751e+01,1.400000000000000000e+01,8.000000000000000000e+00
5.483000016347047989e+01,1.500000000000000000e+01,9.000000000000000000e+00
5.484000016350029227e+01,1.500000000000000000e+01,1.200000000000000000e+01
5.485000016353010466e+01,1.500000000000000000e+01,1.000000000000000000e+01
5.486000016355991704e+01,1.500000000000000000e+01,1.100000000000000000e+01
5.487000016358973653e+01,1.600000000000000000e+01,1.300000000000000000e+01
5.488000016361954891e+01,1.700000000000000000e+01,1.100000000000000000e+01
5.489000016364936130e+01,1.700000000000000000e+01,1.300000000000000000e+01
5.490000016367917368e+01,1.600000000000000000e+01,1.400000000000000000e+01
5.491000016370899317e+01,1.500000000000000000e+01,1.200000000000000000e+01
5.492000016373880555e+01,1.900000000000000000e+01,1.800000000000000000e+01
5.493000016376861794e+01,2.000000000000000000e+01,2.100000000000000000e+01
5.494000016379843032e+01,1.800000000000000000e+01,1.500000000000000000e+01
5.495000016382824981e+01,1.500000000000000000e+01,1.300000000000000000e+01
5.496000016385806219e+01,1.500000000000000000e+01,1.500000000000000000e+01
5.497000016388787458e+01,1.500000000000000000e+01,1.200000000000000000e+01
5.498000016391768696e+01,1.400000000000000000e+01,1.000000000000000000e+01
5.499000016394750645e+01,1.400000000000000000e+01,1.000000000000000000e+01
5.500000016397731883e+01,1.400000000000000000e+01,7.000000000000000000e+00
5.501000016400713122e+01,1.400000000000000000e+01,1.400000000000000000e+01
5.502000016403694360e+01,1.500000000000000000e+01,1.200000000000000000e+01
5.503000016406675599e+01,1.400000000000000000e+01,1.300000000000000000e+01
5.504000016409657547e+01,1.600000000000000000e+01,1.300000000000000000e+01
5.505000016412638786e+01,1.400000000000000000e+01,1.000000000000000000e+01
5.506000016415620024e+01,1.300000000000000000e+01,9.000000000000000000e+00
5.507000016418601263e+01,1.400000000000000000e+01,9.000000000000000000e+00
5.508000016421583211e+01,1.700000000000000000e+01,1.500000000000000000e+01
5.509000016424564450e+01,1.400000000000000000e+01,1.100000000000000000e+01
5.510000016427545688e+01,1.500000000000000000e+01,1.000000000000000000e+01
5.511000016430526927e+01,1.400000000000000000e+01,9.000000000000000000e+00
5.512000016433508875e+01,1.400000000000000000e+01,8.000000000000000000e+00
5.513000016436490114e+01,1.400000000000000000e+01,9.000000000000000000e+00
5.514000016439471352e+01,1.300000000000000000e+01,1.200000000000000000e+01
5.515000016442452591e+01,1.400000000000000000e+01,1.200000000000000000e+01
5.516000016445434539e+01,1.300000000000000000e+01,1.200000000000000000e+01
5.517000016448415778e+01,1.400000000000000000e+01,1.200000000000000000e+01
5.518000016451397016e+01,1.400000000000000000e+01,9.000000000000000000e+00
5.519000016454378255e+01,1.400000000000000000e+01,1.000000000000000000e+01
5.520000016457359493e+01,1.200000000000000000e+01,1.000000000000000000e+01
5.521000016460341442e+01,1.300000000000000000e+01,1.000000000000000000e+01
5.522000016463322680e+01,1.200000000000000000e+01,9.000000000000000000e+00
5.523000016466303919e+01,1.400000000000000000e+01,9.000000000000000000e+00
5.524000016469285157e+01,1.200000000000000000e+01,1.000000000000000000e+01
5.525000016472267106e+01,1.400000000000000000e+01,1.000000000000000000e+01
5.526000016475248344e+01,1.300000000000000000e+01,1.100000000000000000e+01
5.527000016478229583e+01,1.300000000000000000e+01,1.000000000000000000e+01
5.528000016481210821e+01,1.200000000000000000e+01,9.000000000000000000e+00
5.529000016484192770e+01,1.200000000000000000e+01,1.000000000000000000e+01
5.530000016487174008e+01,1.200000000000000000e+01,1.000000000000000000e+01
5.531000016490155247e+01,1.200000000000000000e+01,8.000000000000000000e+00
5.532000016493136485e+01,1.200000000000000000e+01,9.000000000000000000e+00
5.533000016496118434e+01,1.200000000000000000e+01,1.200000000000000000e+01
5.534000016499099672e+01,1.200000000000000000e+01,1.000000000000000000e+01
5.535000016502080911e+01,1.100000000000000000e+01,9.000000000000000000e+00
5.536000016505062149e+01,1.200000000000000000e+01,9.000000000000000000e+00
5.537000016508043387e+01,1.200000000000000000e+01,7.000000000000000000e+00
5.538000016511025336e+01,1.200000000000000000e+01,7.000000000000000000e+00
5.539000016514006575e+01,1.400000000000000000e+01,7.000000000000000000e+00
5.540000016516987813e+01,1.200000000000000000e+01,6.000000000000000000e+00
5.541000016519969051e+01,1.200000000000000000e+01,6.000000000000000000e+00
5.542000016522951000e+01,1.100000000000000000e+01,4.000000000000000000e+00
5.543000016525932239e+01,1.200000000000000000e+01,6.000000000000000000e+00
5.544000016528913477e+01,1.400000000000000000e+01,1.000000000000000000e+01
5.545000016531894715e+01,1.200000000000000000e+01,8.000000000000000000e+00
5.546000016534876664e+01,1.100000000000000000e+01,8.000000000000000000e+00
5.547000016537857903e+01,1.300000000000000000e+01,1.100000000000000000e+01
5.548000016540839141e+01,1.100000000000000000e+01,6.000000000000000000e+00
5.549000016543820379e+01,1.200000000000000000e+01,7.000000000000000000e+00
5.550000016546802328e+01,1.100000000000000000e+01,7.000000000000000000e+00
5.551000016549783567e+01,1.200000000000000000e+01,9.000000000000000000e+00
5.552000016552764805e+01,1.200000000000000000e+01,6.000000000000000000e+00
5.553000016555746043e+01,1.200000000000000000e+01,8.000000000000000000e+00
5.554000016558727282e+01,1.200000000000000000e+01,7.000000000000000000e+00
5.555000016561709231e+01,1.100000000000000000e+01,8.000000000000000000e+00
5.556000016564690469e+01,1.300000000000000000e+01,8.000000000000000000e+00
5.557000016567671707e+01,1.200000000000000000e+01,9.000000000000000000e+00
5.558000016570652946e+01,1.200000000000000000e+01,8.000000000000000000e+00
5.559000016573634895e+01,1.400000000000000000e+01,1.000000000000000000e+01
5.560000016576616133e+01,1.200000000000000000e+01,8.000000000000000000e+00
5.561000016579597371e+01,1.300000000000000000e+01,9.000000000000000000e+00
5.562000016582578610e+01,1.500000000000000000e+01,1.300000000000000000e+01
5.563000016585560559e+01,1.400000000000000000e+01,1.100000000000000000e+01
5.564000016588541797e+01,1.400000000000000000e+01,6.000000000000000000e+00
5.565000016591523035e+01,1.400000000000000000e+01,9.000000000000000000e+00
5.566000016594504274e+01,1.300000000000000000e+01,7.000000000000000000e+00
5.567000016597486223e+01,1.300000000000000000e+01,6.000000000000000000e+00
5.568000016600467461e+01,1.500000000000000000e+01,8.000000000000000000e+00
5.569000016603448699e+01,1.300000000000000000e+01,1.100000000000000000e+01
5.570000016606429938e+01,1.500000000000000000e+01,1.100000000000000000e+01
5.571000016609411887e+01,1.600000000000000000e+01,1.300000000000000000e+01
5.572000016612393125e+01,1.700000000000000000e+01,1.500000000000000000e+01
5.573000016615374363e+01,1.600000000000000000e+01,1.300000000000000000e+01
5.574000016618355602e+01,1.500000000000000000e+01,9.000000000000000000e+00
5.575000016621336840e+01,1.400000000000000000e+01,8.000000000000000000e+00
5.576000016624318789e+01,1.400000000000000000e+01,1.100000000000000000e+01
5.577000016627300027e+01,1.500000000000000000e+01,1.000000000000000000e+01
5.578000016630281266e+01,1.500000000000000000e+01,1.100000000000000000e+01
5.579000016633262504e+01,1.800000000000000000e+01,1.300000000000000000e+01
5.580000016636244453e+01,1.700000000000000000e+01,1.600000000000000000e+01
5.581000016639225692e+01,1.600000000000000000e+01,1.400000000000000000e+01
5.582000016642206930e+01,1.400000000000000000e+01,1.000000000000000000e+01
5.583000016645188168e+01,1.600000000000000000e+01,9.000000000000000000e+00
5.584000016648170117e+01,1.300000000000000000e+01,9.000000000000000000e+00
5.585000016651151356e+01,1.500000000000000000e+01,1.400000000000000000e+01
5.586000016654132594e+01,1.500000000000000000e+01,1.100000000000000000e+01
5.587000016657113832e+01,1.300000000000000000e+01,1.000000000000000000e+01
5.588000016660095781e+01,1.300000000000000000e+01,9.000000000000000000e+00
5.589000016663077020e+01,1.500000000000000000e+01,9.000000000000000000e+00
5.590000016666058258e+01,1.500000000000000000e+01,1.200000000000000000e+01
5.591000016669039496e+01,1.400000000000000000e+01,9.000000000000000000e+00
5.592000016672020735e+01,1.500000000000000000e+01,1.300000000000000000e+01
5.593000016675002684e+01,1.500000000000000000e+01,1.100000000000000000e+01
5.594000016677983922e+01,1.700000000000000000e+01,1.300000000000000000e+01
5.595000016680965160e+01,1.500000000000000000e+01,1.200000000000000000e+01
5.596000016683946399e+01,1.600000000000000000e+01,1.000000000000000000e+01
5.597000016686928348e+01,1.500000000000000000e+01,1.200000000000000000e+01
5.598000016689909586e+01,1.400000000000000000e+01,1.100000000000000000e+01
5.599000016692890824e+01,1.500000000000000000e+01,1.100000000000000000e+01
5.600000016695872063e+01,1.400000000000000000e+01,1.000000000000000000e+01
5.601000016698854012e+01,1.300000000000000000e+01,8.000000000000000000e+00
5.602000016701835250e+01,1.500000000000000000e+01,1.000000000000000000e+01
5.603000016704816488e+01,1.400000000000000000e+01,9.000000000000000000e+00
5.604000016707797727e+01,1.300000000000000000e+01,1.300000000000000000e+01
5.605000016710779676e+01,1.400000000000000000e+01,1.100000000000000000e+01
5.606000016713760914e+01,1.600000000000000000e+01,1.000000000000000000e+01
5.607000016716742152e+01,1.500000000000000000e+01,1.200000000000000000e+01
5.608000016719723391e+01,1.600000000000000000e+01,1.300000000000000000e+01
5.609000016722704629e+01,1.400000000000000000e+01,1.000000000000000000e+01
5.610000016725686578e+01,1.600000000000000000e+01,1.000000000000000000e+01
5.611000016728667816e+01,1.500000000000000000e+01,1.100000000000000000e+01
5.612000016731649055e+01,1.400000000000000000e+01,1.200000000000000000e+01
5.613000016734630293e+01,1.600000000000000000e+01,1.300000000000000000e+01
5.614000016737612242e+01,1.600000000000000000e+01,1.300000000000000000e+01
5.615000016740593480e+01,1.600000000000000000e+01,1.400000000000000000e+01
5.616000016743574719e+01,1.500000000000000000e+01,1.400000000000000000e+01
5.617000016746555957e+01,1.600000000000000000e+01,1.500000000000000000e+01
5.618000016749537906e+01,1.700000000000000000e+01,1.300000000000000000e+01
5.619000016752519144e+01,1.400000000000000000e+01,1.100000000000000000e+01
5.620000016755500383e+01,1.400000000000000000e+01,1.000000000000000000e+01
5.621000016758481621e+01,1.500000000000000000e+01,8.000000000000000000e+00
5.622000016761463570e+01,1.300000000000000000e+01,6.000000000000000000e+00
5.623000016764444808e+01,1.500000000000000000e+01,1.000000000000000000e+01
5.624000016767426047e+01,1.300000000000000000e+01,8.000000000000000000e+00
5.625000016770407285e+01,1.200000000000000000e+01,9.000000000000000000e+00
5.626000016773388523e+01,1.400000000000000000e+01,1.200000000000000000e+01
5.627000016776370472e+01,1.400000000000000000e+01,1.000000000000000000e+01
5.628000016779351711e+01,1.300000000000000000e+01,1.000000000000000000e+01
5.629000016782332949e+01,1.300000000000000000e+01,8.000000000000000000e+00
5.630000016785314187e+01,1.400000000000000000e+01,1.000000000000000000e+01
5.631000016788296136e+01,1.300000000000000000e+01,9.000000000000000000e+00
5.632000016791277375e+01,1.400000000000000000e+01,8.000000000000000000e+00
5.633000016794258613e+01,1.400000000000000000e+01,9.000000000000000000e+00
5.634000016797239851e+01,1.300000000000000000e+01,8.000000000000000000e+00
5.635000016800221800e+01,1.400000000000000000e+01,8.000000000000000000e+00
5.636000016803203039e+01,1.200000000000000000e+01,8.000000000000000000e+00
5.637000016806184277e+01,1.600000000000000000e+01,1.200000000000000000e+01
5.638000016809165515e+01,1.300000000000000000e+01,8.000000000000000000e+00
5.639000016812147464e+01,1.300000000000000000e+01,8.000000000000000000e+00
5.640000016815128703e+01,1.400000000000000000e+01,1.000000000000000000e+01
5.641000016818109941e+01,1.200000000000000000e+01,6.000000000000000000e+00
5.642000016821091180e+01,1.300000000000000000e+01,8.000000000000000000e+00
5.643000016824072418e+01,1.300000000000000000e+01,8.000000000000000000e+00
5.644000016827054367e+01,1.300000000000000000e+01,1.000000000000000000e+01
5.645000016830035605e+01,1.500000000000000000e+01,7.000000000000000000e+00
5.646000016833016844e+01,1.300000000000000000e+01,7.000000000000000000e+00
5.647000016835998082e+01,1.400000000000000000e+01,9.000000000000000000e+00
5.648000016838980031e+01,1.200000000000000000e+01,1.000000000000000000e+01
5.649000016841961269e+01,1.300000000000000000e+01,7.000000000000000000e+00
5.650000016844942508e+01,1.100000000000000000e+01,7.000000000000000000e+00
5.651000016847923746e+01,1.100000000000000000e+01,8.000000000000000000e+00
5.652000016850905695e+01,1.300000000000000000e+01,9.000000000000000000e+00
5.653000016853886933e+01,1.400000000000000000e+01,9.000000000000000000e+00
5.654000016856868172e+01,1.300000000000000000e+01,7.000000000000000000e+00
5.655000016859849410e+01,1.200000000000000000e+01,1.000000000000000000e+01
5.656000016862831359e+01,1.300000000000000000e+01,9.000000000000000000e+00
5.657000016865812597e+01,1.400000000000000000e+01,9.000000000000000000e+00
5.658000016868793836e+01,1.300000000000000000e+01,8.000000000000000000e+00
5.659000016871775074e+01,1.500000000000000000e+01,1.200000000000000000e+01
5.660000016874756312e+01,1.300000000000000000e+01,9.000000000000000000e+00
5.661000016877738261e+01,1.200000000000000000e+01,6.000000000000000000e+00
5.662000016880719500e+01,1.400000000000000000e+01,9.000000000000000000e+00
5.663000016883700738e+01,1.200000000000000000e+01,7.000000000000000000e+00
5.664000016886681976e+01,1.200000000000000000e+01,8.000000000000000000e+00
5.665000016889663925e+01,1.200000000000000000e+01,7.000000000000000000e+00
5.666000016892645164e+01,1.200000000000000000e+01,9.000000000000000000e+00
5.667000016895626402e+01,1.400000000000000000e+01,9.000000000000000000e+00
5.668000016898607640e+01,1.200000000000000000e+01,8.000000000000000000e+00
5.669000016901589589e+01,1.500000000000000000e+01,7.000000000000000000e+00
5.670000016904570828e+01,1.400000000000000000e+01,9.000000000000000000e+00
5.671000016907552066e+01,1.500000000000000000e+01,1.100000000000000000e+01
5.672000016910533304e+01,1.500000000000000000e+01,8.000000000000000000e+00
5.673000016913515253e+01,1.700000000000000000e+01,1.400000000000000000e+01
5.674000016916496492e+01,1.600000000000000000e+01,1.200000000000000000e+01
5.675000016919477730e+01,1.600000000000000000e+01,1.100000000000000000e+01
5.676000016922458968e+01,1.300000000000000000e+01,1.000000000000000000e+01
5.677000016925440207e+01,1.100000000000000000e+01,7.000000000000000000e+00
5.678000016928422156e+01,1.200000000000000000e+01,8.000000000000000000e+00
5.679000016931403394e+01,1.700000000000000000e+01,1.500000000000000000e+01
5.680000016934384632e+01,1.300000000000000000e+01,1.000000000000000000e+01
5.681000016937365871e+01,1.500000000000000000e+01,9.000000000000000000e+00
5.682000016940347820e+01,1.100000000000000000e+01,7.000000000000000000e+00
5.683000016943329058e+01,1.300000000000000000e+01,9.000000000000000000e+00
5.684000016946310296e+01,1.500000000000000000e+01,9.000000000000000000e+00
5.685000016949291535e+01,1.700000000000000000e+01,1.400000000000000000e+01
5.686000016952273484e+01,1.700000000000000000e+01,1.300000000000000000e+01
5.687000016955254722e+01,1.600000000000000000e+01,1.300000000000000000e+01
5.688000016958235960e+01,1.400000000000000000e+01,7.000000000000000000e+00
5.689000016961217199e+01,1.500000000000000000e+01,1.100000000000000000e+01
5.690000016964199148e+01,1.600000000000000000e+01,9.000000000000000000e+00
5.691000016967180386e+01,1.400000000000000000e+01,9.000000000000000000e+00
5.692000016970161624e+01,1.900000000000000000e+01,1.300000000000000000e+01
5.693000016973142863e+01,2.000000000000000000e+01,2.200000000000000000e+01
5.694000016976124101e+01,1.500000000000000000e+01,1.000000000000000000e+01
5.695000016979106050e+01,1.400000000000000000e+01,1.100000000000000000e+01
5.696000016982087288e+01,1.400000000000000000e+01,1.000000000000000000e+01
5.697000016985068527e+01,1.700000000000000000e+01,1.400000000000000000e+01
5.698000016988049765e+01,1.600000000000000000e+01,1.400000000000000000e+01
5.699000016991031714e+01,1.300000000000000000e+01,6.000000000000000000e+00
5.700000016994012952e+01,1.600000000000000000e+01,1.000000000000000000e+01
5.701000016996994191e+01,1.500000000000000000e+01,1.100000000000000000e+01
5.702000016999975429e+01,1.600000000000000000e+01,1.300000000000000000e+01
5.703000017002957378e+01,1.500000000000000000e+01,1.100000000000000000e+01
5.704000017005938616e+01,1.500000000000000000e+01,8.000000000000000000e+00
5.705000017008919855e+01,1.400000000000000000e+01,7.000000000000000000e+00
5.706000017011901093e+01,1.400000000000000000e+01,9.000000000000000000e+00
5.707000017014883042e+01,1.400000000000000000e+01,9.000000000000000000e+00
5.708000017017864280e+01,1.400000000000000000e+01,1.100000000000000000e+01
5.709000017020845519e+01,1.300000000000000000e+01,7.000000000000000000e+00
5.710000017023826757e+01,1.500000000000000000e+01,1.000000000000000000e+01
5.711000017026807996e+01,1.300000000000000000e+01,7.000000000000000000e+00
5.712000017029789944e+01,1.500000000000000000e+01,9.000000000000000000e+00
5.713000017032771183e+01,1.400000000000000000e+01,1.000000000000000000e+01
5.714000017035752421e+01,1.300000000000000000e+01,7.000000000000000000e+00
5.715000017038733660e+01,1.200000000000000000e+01,6.000000000000000000e+00
5.716000017041715608e+01,1.300000000000000000e+01,9.000000000000000000e+00
5.717000017044696847e+01,1.300000000000000000e+01,7.000000000000000000e+00
5.718000017047678085e+01,1.400000000000000000e+01,8.000000000000000000e+00
5.719000017050659324e+01,1.300000000000000000e+01,8.000000000000000000e+00
5.720000017053641272e+01,1.600000000000000000e+01,8.000000000000000000e+00
5.721000017056622511e+01,1.200000000000000000e+01,8.000000000000000000e+00
5.722000017059603749e+01,1.300000000000000000e+01,8.000000000000000000e+00
5.723000017062584988e+01,1.400000000000000000e+01,8.000000000000000000e+00
5.724000017065566936e+01,1.400000000000000000e+01,9.000000000000000000e+00
5.725000017068548175e+01,1.400000000000000000e+01,9.000000000000000000e+00
5.726000017071529413e+01,1.400000000000000000e+01,9.000000000000000000e+00
5.727000017074510652e+01,1.200000000000000000e+01,6.000000000000000000e+00
5.728000017077491890e+01,1.300000000000000000e+01,7.000000000000000000e+00
5.729000017080473839e+01,1.200000000000000000e+01,8.000000000000000000e+00
5.730000017083455077e+01,1.200000000000000000e+01,7.000000000000000000e+00
5.731000017086436316e+01,1.500000000000000000e+01,1.100000000000000000e+01
5.732000017089417554e+01,1.200000000000000000e+01,9.000000000000000000e+00
5.733000017092399503e+01,1.500000000000000000e+01,9.000000000000000000e+00
5.734000017095380741e+01,1.600000000000000000e+01,9.000000000000000000e+00
5.735000017098361980e+01,1.600000000000000000e+01,1.200000000000000000e+01
5.736000017101343218e+01,1.300000000000000000e+01,8.000000000000000000e+00
5.737000017104325167e+01,1.300000000000000000e+01,9.000000000000000000e+00
5.738000017107306405e+01,1.600000000000000000e+01,1.000000000000000000e+01
5.739000017110287644e+01,1.400000000000000000e+01,1.000000000000000000e+01
5.740000017113268882e+01,1.300000000000000000e+01,1.000000000000000000e+01
5.741000017116250831e+01,1.300000000000000000e+01,8.000000000000000000e+00
5.742000017119232069e+01,1.400000000000000000e+01,8.000000000000000000e+00
5.743000017122213308e+01,1.500000000000000000e+01,9.000000000000000000e+00
5.744000017125194546e+01,1.700000000000000000e+01,1.200000000000000000e+01
5.745000017128175784e+01,1.300000000000000000e+01,1.000000000000000000e+01
5.746000017131157733e+01,1.200000000000000000e+01,8.000000000000000000e+00
5.747000017134138972e+01,1.500000000000000000e+01,1.100000000000000000e+01
5.748000017137120210e+01,1.300000000000000000e+01,9.000000000000000000e+00
5.749000017140101448e+01,1.300000000000000000e+01,1.000000000000000000e+01
5.750000017143083397e+01,1.400000000000000000e+01,9.000000000000000000e+00
5.751000017146064636e+01,1.400000000000000000e+01,7.000000000000000000e+00
5.752000017149045874e+01,1.600000000000000000e+01,1.600000000000000000e+01
5.753000017152027112e+01,1.400000000000000000e+01,1.200000000000000000e+01
5.754000017155009061e+01,1.600000000000000000e+01,1.200000000000000000e+01
5.755000017157990300e+01,1.200000000000000000e+01,8.000000000000000000e+00
5.756000017160971538e+01,1.600000000000000000e+01,1.000000000000000000e+01
5.757000017163952776e+01,1.200000000000000000e+01,6.000000000000000000e+00
5.758000017166934725e+01,1.200000000000000000e+01,1.000000000000000000e+01
5.759000017169915964e+01,1.400000000000000000e+01,5.000000000000000000e+00
5.760000017172897202e+01,1.200000000000000000e+01,8.000000000000000000e+00
5.761000017175878440e+01,1.100000000000000000e+01,6.000000000000000000e+00
5.762000017178860389e+01,1.300000000000000000e+01,8.000000000000000000e+00
5.763000017181841628e+01,1.400000000000000000e+01,1.100000000000000000e+01
5.764000017184822866e+01,1.400000000000000000e+01,1.000000000000000000e+01
5.765000017187804104e+01,1.500000000000000000e+01,1.100000000000000000e+01
5.766000017190785343e+01,1.400000000000000000e+01,9.000000000000000000e+00
5.767000017193767292e+01,1.300000000000000000e+01,9.000000000000000000e+00
5.768000017196748530e+01,1.400000000000000000e+01,1.000000000000000000e+01
5.769000017199729768e+01,1.400000000000000000e+01,1.000000000000000000e+01
5.770000017202711007e+01,1.500000000000000000e+01,7.000000000000000000e+00
5.771000017205692956e+01,1.500000000000000000e+01,9.000000000000000000e+00
5.772000017208674194e+01,1.600000000000000000e+01,1.300000000000000000e+01
5.773000017211655432e+01,1.600000000000000000e+01,1.300000000000000000e+01
5.774000017214636671e+01,1.600000000000000000e+01,1.300000000000000000e+01
5.775000017217618620e+01,1.500000000000000000e+01,1.000000000000000000e+01
5.776000017220599858e+01,1.400000000000000000e+01,1.100000000000000000e+01
5.777000017223581096e+01,1.600000000000000000e+01,1.200000000000000000e+01
5.778000017226562335e+01,1.600000000000000000e+01,1.200000000000000000e+01
5.779000017229544284e+01,1.400000000000000000e+01,1.300000000000000000e+01
5.780000017232525522e+01,1.300000000000000000e+01,9.000000000000000000e+00
5.781000017235506760e+01,1.700000000000000000e+01,1.100000000000000000e+01
5.782000017238487999e+01,1.400000000000000000e+01,9.000000000000000000e+00
5.783000017241469237e+01,1.400000000000000000e+01,9.000000000000000000e+00
5.784000017244451186e+01,1.800000000000000000e+01,1.400000000000000000e+01
5.785000017247432424e+01,1.600000000000000000e+01,1.200000000000000000e+01
5.786000017250413663e+01,1.600000000000000000e+01,8.000000000000000000e+00
5.787000017253394901e+01,1.400000000000000000e+01,1.000000000000000000e+01
5.788000017256376850e+01,1.600000000000000000e+01,1.100000000000000000e+01
5.789000017259358088e+01,1.500000000000000000e+01,1.200000000000000000e+01
5.790000017262339327e+01,1.700000000000000000e+01,1.200000000000000000e+01
5.791000017265320565e+01,1.600000000000000000e+01,1.200000000000000000e+01
5.792000017268302514e+01,1.500000000000000000e+01,1.200000000000000000e+01
5.793000017271283753e+01,1.500000000000000000e+01,1.000000000000000000e+01
5.794000017274264991e+01,1.300000000000000000e+01,9.000000000000000000e+00
5.795000017277246229e+01,1.600000000000000000e+01,1.300000000000000000e+01
5.796000017280228178e+01,1.400000000000000000e+01,9.000000000000000000e+00
5.797000017283209417e+01,1.700000000000000000e+01,1.400000000000000000e+01
5.798000017286190655e+01,1.800000000000000000e+01,1.800000000000000000e+01
5.799000017289171893e+01,1.700000000000000000e+01,1.600000000000000000e+01
5.800000017292153132e+01,1.700000000000000000e+01,1.000000000000000000e+01
5.801000017295135081e+01,1.500000000000000000e+01,9.000000000000000000e+00
5.802000017298116319e+01,1.400000000000000000e+01,9.000000000000000000e+00
5.803000017301097557e+01,1.300000000000000000e+01,8.000000000000000000e+00
5.804000017304078796e+01,1.600000000000000000e+01,7.000000000000000000e+00
5.805000017307060745e+01,1.400000000000000000e+01,8.000000000000000000e+00
5.806000017310041983e+01,1.500000000000000000e+01,8.000000000000000000e+00
5.807000017313023221e+01,1.300000000000000000e+01,8.000000000000000000e+00
5.808000017316004460e+01,1.600000000000000000e+01,9.000000000000000000e+00
5.809000017318986409e+01,1.500000000000000000e+01,8.000000000000000000e+00
5.810000017321967647e+01,1.400000000000000000e+01,7.000000000000000000e+00
5.811000017324948885e+01,1.400000000000000000e+01,7.000000000000000000e+00
5.812000017327930124e+01,1.400000000000000000e+01,8.000000000000000000e+00
5.813000017330912073e+01,1.500000000000000000e+01,6.000000000000000000e+00
5.814000017333893311e+01,1.500000000000000000e+01,9.000000000000000000e+00
5.815000017336874549e+01,1.600000000000000000e+01,1.000000000000000000e+01
5.816000017339855788e+01,1.400000000000000000e+01,1.100000000000000000e+01
5.817000017342837026e+01,1.500000000000000000e+01,1.000000000000000000e+01
5.818000017345818975e+01,1.500000000000000000e+01,1.200000000000000000e+01
5.819000017348800213e+01,1.600000000000000000e+01,1.000000000000000000e+01
5.820000017351781452e+01,1.500000000000000000e+01,1.000000000000000000e+01
5.821000017354762690e+01,1.400000000000000000e+01,9.000000000000000000e+00
5.822000017357744639e+01,1.400000000000000000e+01,1.000000000000000000e+01
5.823000017360725877e+01,1.400000000000000000e+01,1.000000000000000000e+01
5.824000017363707116e+01,1.300000000000000000e+01,1.200000000000000000e+01
5.825000017366688354e+01,1.700000000000000000e+01,1.300000000000000000e+01
5.826000017369670303e+01,1.600000000000000000e+01,9.000000000000000000e+00
5.827000017372651541e+01,1.600000000000000000e+01,1.200000000000000000e+01
5.828000017375632780e+01,1.500000000000000000e+01,1.000000000000000000e+01
5.829000017378614018e+01,1.600000000000000000e+01,1.200000000000000000e+01
5.830000017381595967e+01,1.400000000000000000e+01,1.000000000000000000e+01
5.831000017384577205e+01,1.500000000000000000e+01,1.100000000000000000e+01
5.832000017387558444e+01,1.500000000000000000e+01,1.200000000000000000e+01
5.833000017390539682e+01,1.300000000000000000e+01,7.000000000000000000e+00
5.834000017393520920e+01,1.400000000000000000e+01,8.000000000000000000e+00
5.835000017396502869e+01,1.500000000000000000e+01,9.000000000000000000e+00
5.836000017399484108e+01,1.500000000000000000e+01,1.200000000000000000e+01
5.837000017402465346e+01,1.300000000000000000e+01,1.100000000000000000e+01
5.838000017405446584e+01,1.500000000000000000e+01,1.200000000000000000e+01
5.839000017408428533e+01,1.500000000000000000e+01,1.000000000000000000e+01
5.840000017411409772e+01,1.600000000000000000e+01,1.300000000000000000e+01
5.841000017414391010e+01,1.500000000000000000e+01,1.100000000000000000e+01
5.842000017417372248e+01,1.500000000000000000e+01,9.000000000000000000e+00
5.843000017420354197e+01,1.700000000000000000e+01,1.100000000000000000e+01
5.844000017423335436e+01,1.500000000000000000e+01,1.300000000000000000e+01
5.845000017426316674e+01,1.400000000000000000e+01,1.000000000000000000e+01
5.846000017429297912e+01,1.400000000000000000e+01,1.000000000000000000e+01
5.847000017432279861e+01,1.500000000000000000e+01,1.100000000000000000e+01
5.848000017435261100e+01,1.500000000000000000e+01,1.100000000000000000e+01
5.849000017438242338e+01,1.600000000000000000e+01,1.200000000000000000e+01
5.850000017441223576e+01,1.600000000000000000e+01,1.200000000000000000e+01
5.851000017444204815e+01,1.400000000000000000e+01,9.000000000000000000e+00
5.852000017447186764e+01,1.400000000000000000e+01,1.000000000000000000e+01
5.853000017450168002e+01,1.500000000000000000e+01,1.100000000000000000e+01
5.854000017453149241e+01,1.300000000000000000e+01,9.000000000000000000e+00
5.855000017456130479e+01,1.400000000000000000e+01,1.100000000000000000e+01
5.856000017459112428e+01,1.400000000000000000e+01,1.100000000000000000e+01
5.857000017462093666e+01,1.300000000000000000e+01,9.000000000000000000e+00
5.858000017465074905e+01,1.400000000000000000e+01,9.000000000000000000e+00
5.859000017468056143e+01,1.300000000000000000e+01,9.000000000000000000e+00
5.860000017471038092e+01,1.300000000000000000e+01,9.000000000000000000e+00
5.861000017474019330e+01,1.600000000000000000e+01,1.100000000000000000e+01
5.862000017477000569e+01,1.300000000000000000e+01,1.200000000000000000e+01
5.863000017479981807e+01,1.500000000000000000e+01,1.000000000000000000e+01
5.864000017482963756e+01,1.400000000000000000e+01,1.000000000000000000e+01
5.865000017485944994e+01,1.300000000000000000e+01,8.000000000000000000e+00
5.866000017488926233e+01,1.700000000000000000e+01,1.300000000000000000e+01
5.867000017491907471e+01,1.500000000000000000e+01,1.100000000000000000e+01
5.868000017494888709e+01,1.300000000000000000e+01,8.000000000000000000e+00
5.869000017497870658e+01,1.300000000000000000e+01,1.100000000000000000e+01
5.870000017500851897e+01,1.300000000000000000e+01,8.000000000000000000e+00
5.871000017503833135e+01,1.200000000000000000e+01,7.000000000000000000e+00
5.872000017506814373e+01,1.400000000000000000e+01,9.000000000000000000e+00
5.873000017509796322e+01,1.500000000000000000e+01,1.000000000000000000e+01
5.874000017512777561e+01,1.300000000000000000e+01,8.000000000000000000e+00
5.875000017515758799e+01,1.300000000000000000e+01,9.000000000000000000e+00
5.876000017518740037e+01,1.600000000000000000e+01,1.000000000000000000e+01
5.877000017521721986e+01,1.500000000000000000e+01,1.200000000000000000e+01
5.878000017524703225e+01,1.600000000000000000e+01,1.200000000000000000e+01
5.879000017527684463e+01,1.400000000000000000e+01,9.000000000000000000e+00
5.880000017530665701e+01,1.300000000000000000e+01,6.000000000000000000e+00
5.881000017533647650e+01,1.400000000000000000e+01,1.000000000000000000e+01
5.882000017536628889e+01,1.400000000000000000e+01,9.000000000000000000e+00
5.883000017539610127e+01,1.300000000000000000e+01,9.000000000000000000e+00
5.884000017542591365e+01,1.300000000000000000e+01,1.200000000000000000e+01
5.885000017545572604e+01,1.400000000000000000e+01,7.000000000000000000e+00
5.886000017548554553e+01,1.600000000000000000e+01,1.100000000000000000e+01
5.887000017551535791e+01,1.400000000000000000e+01,9.000000000000000000e+00
5.888000017554517029e+01,1.300000000000000000e+01,1.100000000000000000e+01
5.889000017557498268e+01,1.500000000000000000e+01,1.000000000000000000e+01
5.890000017560480217e+01,1.600000000000000000e+01,9.000000000000000000e+00
5.891000017563461455e+01,1.700000000000000000e+01,9.000000000000000000e+00
5.892000017566442693e+01,1.600000000000000000e+01,1.200000000000000000e+01
5.893000017569423932e+01,1.400000000000000000e+01,8.000000000000000000e+00
5.894000017572405881e+01,1.500000000000000000e+01,8.000000000000000000e+00
5.895000017575387119e+01,1.300000000000000000e+01,4.000000000000000000e+00
5.896000017578368357e+01,1.500000000000000000e+01,7.000000000000000000e+00
5.897000017581349596e+01,1.500000000000000000e+01,1.000000000000000000e+01
5.898000017584331545e+01,1.700000000000000000e+01,1.200000000000000000e+01
5.899000017587312783e+01,1.400000000000000000e+01,9.000000000000000000e+00
5.900000017590294021e+01,1.300000000000000000e+01,7.000000000000000000e+00
5.901000017593275260e+01,1.500000000000000000e+01,8.000000000000000000e+00
5.902000017596256498e+01,1.600000000000000000e+01,1.100000000000000000e+01
5.903000017599238447e+01,1.500000000000000000e+01,9.000000000000000000e+00
5.904000017602219685e+01,1.500000000000000000e+01,1.100000000000000000e+01
5.905000017605200924e+01,1.700000000000000000e+01,1.400000000000000000e+01
5.906000017608182162e+01,1.800000000000000000e+01,1.300000000000000000e+01
5.907000017611164111e+01,1.800000000000000000e+01,1.300000000000000000e+01
5.908000017614145349e+01,1.800000000000000000e+01,1.300000000000000000e+01
5.909000017617126588e+01,1.800000000000000000e+01,1.500000000000000000e+01
5.910000017620107826e+01,1.800000000000000000e+01,1.700000000000000000e+01
5.911000017623089775e+01,1.700000000000000000e+01,1.600000000000000000e+01
5.912000017626071013e+01,1.900000000000000000e+01,1.800000000000000000e+01
5.913000017629052252e+01,2.000000000000000000e+01,2.000000000000000000e+01
5.914000017632033490e+01,1.500000000000000000e+01,1.100000000000000000e+01
5.915000017635015439e+01,1.800000000000000000e+01,1.300000000000000000e+01
5.916000017637996677e+01,1.600000000000000000e+01,9.000000000000000000e+00
5.917000017640977916e+01,1.700000000000000000e+01,7.000000000000000000e+00
5.918000017643959154e+01,1.600000000000000000e+01,1.100000000000000000e+01
5.919000017646940393e+01,1.400000000000000000e+01,5.000000000000000000e+00
5.920000017649922341e+01,1.300000000000000000e+01,8.000000000000000000e+00
5.921000017652903580e+01,1.400000000000000000e+01,8.000000000000000000e+00
5.922000017655884818e+01,1.500000000000000000e+01,8.000000000000000000e+00
5.923000017658866057e+01,1.500000000000000000e+01,6.000000000000000000e+00
5.924000017661848005e+01,1.400000000000000000e+01,8.000000000000000000e+00
5.925000017664829244e+01,1.600000000000000000e+01,8.000000000000000000e+00
5.926000017667810482e+01,1.900000000000000000e+01,1.500000000000000000e+01
5.927000017670791721e+01,1.500000000000000000e+01,1.000000000000000000e+01
5.928000017673773669e+01,1.600000000000000000e+01,1.200000000000000000e+01
5.929000017676754908e+01,1.500000000000000000e+01,1.100000000000000000e+01
5.930000017679736146e+01,1.500000000000000000e+01,7.000000000000000000e+00
5.931000017682717385e+01,1.500000000000000000e+01,9.000000000000000000e+00
5.932000017685699333e+01,1.600000000000000000e+01,1.000000000000000000e+01
5.933000017688680572e+01,1.500000000000000000e+01,8.000000000000000000e+00
5.934000017691661810e+01,1.500000000000000000e+01,9.000000000000000000e+00
5.935000017694643049e+01,1.700000000000000000e+01,8.000000000000000000e+00
5.936000017697624287e+01,1.400000000000000000e+01,6.000000000000000000e+00
5.937000017700606236e+01,1.500000000000000000e+01,7.000000000000000000e+00
5.938000017703587474e+01,1.600000000000000000e+01,8.000000000000000000e+00
5.939000017706568713e+01,1.600000000000000000e+01,1.000000000000000000e+01
5.940000017709549951e+01,1.500000000000000000e+01,1.000000000000000000e+01
5.941000017712531900e+01,1.400000000000000000e+01,1.000000000000000000e+01
5.942000017715513138e+01,1.700000000000000000e+01,1.400000000000000000e+01
5.943000017718494377e+01,1.600000000000000000e+01,1.000000000000000000e+01
5.944000017721475615e+01,1.800000000000000000e+01,1.300000000000000000e+01
5.945000017724457564e+01,1.500000000000000000e+01,7.000000000000000000e+00
5.946000017727438802e+01,1.700000000000000000e+01,1.100000000000000000e+01
5.947000017730420041e+01,1.300000000000000000e+01,8.000000000000000000e+00
5.948000017733401279e+01,1.600000000000000000e+01,1.000000000000000000e+01
5.949000017736383228e+01,1.300000000000000000e+01,8.000000000000000000e+00
5.950000017739364466e+01,1.500000000000000000e+01,1.100000000000000000e+01
5.951000017742345705e+01,1.500000000000000000e+01,1.100000000000000000e+01
5.952000017745326943e+01,1.500000000000000000e+01,1.000000000000000000e+01
5.953000017748308892e+01,1.700000000000000000e+01,9.000000000000000000e+00
5.954000017751290130e+01,1.600000000000000000e+01,7.000000000000000000e+00
5.955000017754271369e+01,1.700000000000000000e+01,1.200000000000000000e+01
5.956000017757252607e+01,1.500000000000000000e+01,9.000000000000000000e+00
5.957000017760233845e+01,1.600000000000000000e+01,9.000000000000000000e+00
5.958000017763215794e+01,1.700000000000000000e+01,1.000000000000000000e+01
5.959000017766197033e+01,1.800000000000000000e+01,1.300000000000000000e+01
5.960000017769178271e+01,1.500000000000000000e+01,1.400000000000000000e+01
5.961000017772159509e+01,1.500000000000000000e+01,1.300000000000000000e+01
5.962000017775141458e+01,1.400000000000000000e+01,9.000000000000000000e+00
5.963000017778122697e+01,1.500000000000000000e+01,9.000000000000000000e+00
5.964000017781103935e+01,1.600000000000000000e+01,1.300000000000000000e+01
5.965000017784085173e+01,1.500000000000000000e+01,9.000000000000000000e+00
5.966000017787067122e+01,1.500000000000000000e+01,1.100000000000000000e+01
5.967000017790048361e+01,1.500000000000000000e+01,1.000000000000000000e+01
5.968000017793029599e+01,1.500000000000000000e+01,1.000000000000000000e+01
5.969000017796010837e+01,1.500000000000000000e+01,8.000000000000000000e+00
5.970000017798992786e+01,1.400000000000000000e+01,1.000000000000000000e+01
5.971000017801974025e+01,1.500000000000000000e+01,1.100000000000000000e+01
5.972000017804955263e+01,1.500000000000000000e+01,7.000000000000000000e+00
5.973000017807936501e+01,1.800000000000000000e+01,1.500000000000000000e+01
5.974000017810917740e+01,1.600000000000000000e+01,1.100000000000000000e+01
5.975000017813899689e+01,1.500000000000000000e+01,8.000000000000000000e+00
5.976000017816880927e+01,1.600000000000000000e+01,1.100000000000000000e+01
5.977000017819862165e+01,1.400000000000000000e+01,9.000000000000000000e+00
5.978000017822843404e+01,1.400000000000000000e+01,8.000000000000000000e+00
5.979000017825825353e+01,1.500000000000000000e+01,1.300000000000000000e+01
5.980000017828806591e+01,1.400000000000000000e+01,9.000000000000000000e+00
5.981000017831787829e+01,1.400000000000000000e+01,1.100000000000000000e+01
5.982000017834769068e+01,1.500000000000000000e+01,9.000000000000000000e+00
5.983000017837751017e+01,1.400000000000000000e+01,1.000000000000000000e+01
5.984000017840732255e+01,1.800000000000000000e+01,1.300000000000000000e+01
5.985000017843713493e+01,1.700000000000000000e+01,1.000000000000000000e+01
5.986000017846694732e+01,1.700000000000000000e+01,1.300000000000000000e+01
5.987000017849676681e+01,1.500000000000000000e+01,1.200000000000000000e+01
5.988000017852657919e+01,1.400000000000000000e+01,1.200000000000000000e+01
5.989000017855639157e+01,1.700000000000000000e+01,1.100000000000000000e+01
5.990000017858620396e+01,1.600000000000000000e+01,1.100000000000000000e+01
5.991000017861601634e+01,1.400000000000000000e+01,5.000000000000000000e+00
5.992000017864583583e+01,1.700000000000000000e+01,1.200000000000000000e+01
5.993000017867564821e+01,1.800000000000000000e+01,1.200000000000000000e+01
5.994000017870546060e+01,1.600000000000000000e+01,1.000000000000000000e+01
5.995000017873527298e+01,1.500000000000000000e+01,8.000000000000000000e+00
5.996000017876509247e+01,1.700000000000000000e+01,1.600000000000000000e+01
5.997000017879490485e+01,1.800000000000000000e+01,1.400000000000000000e+01
5.998000017882471724e+01,1.500000000000000000e+01,9.000000000000000000e+00
5.999000017885452962e+01,1.700000000000000000e+01,1.200000000000000000e+01
6.000000017888434911e+01,1.800000000000000000e+01,1.300000000000000000e+01
6.001000017891416149e+01,1.500000000000000000e+01,9.000000000000000000e+00
6.002000017894397388e+01,1.800000000000000000e+01,1.700000000000000000e+01
6.003000017897378626e+01,1.800000000000000000e+01,1.400000000000000000e+01
6.004000017900360575e+01,1.900000000000000000e+01,1.200000000000000000e+01
6.005000017903341814e+01,1.700000000000000000e+01,7.000000000000000000e+00
6.006000017906323052e+01,2.000000000000000000e+01,1.600000000000000000e+01
6.007000017909304290e+01,2.000000000000000000e+01,1.600000000000000000e+01
6.008000017912285529e+01,1.900000000000000000e+01,1.400000000000000000e+01
6.009000017915267478e+01,1.900000000000000000e+01,1.400000000000000000e+01
6.010000017918248716e+01,2.100000000000000000e+01,1.700000000000000000e+01
6.011000017921229954e+01,1.900000000000000000e+01,1.600000000000000000e+01
6.012000017924211193e+01,1.900000000000000000e+01,1.600000000000000000e+01
6.013000017927193142e+01,1.700000000000000000e+01,1.200000000000000000e+01
6.014000017930174380e+01,1.700000000000000000e+01,1.300000000000000000e+01
6.015000017933155618e+01,1.800000000000000000e+01,1.600000000000000000e+01
6.016000017936136857e+01,1.900000000000000000e+01,1.200000000000000000e+01
6.017000017939118806e+01,2.100000000000000000e+01,1.700000000000000000e+01
6.018000017942100044e+01,2.100000000000000000e+01,1.700000000000000000e+01
6.019000017945081282e+01,2.000000000000000000e+01,1.700000000000000000e+01
6.020000017948062521e+01,1.800000000000000000e+01,1.200000000000000000e+01
6.021000017951044470e+01,1.700000000000000000e+01,1.000000000000000000e+01
6.022000017954025708e+01,1.700000000000000000e+01,1.300000000000000000e+01
6.023000017957006946e+01,2.000000000000000000e+01,1.400000000000000000e+01
6.024000017959988185e+01,1.800000000000000000e+01,1.200000000000000000e+01
6.025000017962969423e+01,1.800000000000000000e+01,1.400000000000000000e+01
6.026000017965951372e+01,1.700000000000000000e+01,1.400000000000000000e+01
6.027000017968932610e+01,1.800000000000000000e+01,1.200000000000000000e+01
6.028000017971913849e+01,1.700000000000000000e+01,1.500000000000000000e+01
6.029000017974895087e+01,1.700000000000000000e+01,1.300000000000000000e+01
6.030000017977877036e+01,1.700000000000000000e+01,1.800000000000000000e+01
6.031000017980858274e+01,1.800000000000000000e+01,1.100000000000000000e+01
6.032000017983839513e+01,1.800000000000000000e+01,1.300000000000000000e+01
6.033000017986820751e+01,1.800000000000000000e+01,1.300000000000000000e+01
6.034000017989802700e+01,1.600000000000000000e+01,1.300000000000000000e+01
6.035000017992783938e+01,1.700000000000000000e+01,1.500000000000000000e+01
6.036000017995765177e+01,1.400000000000000000e+01,1.100000000000000000e+01
6.037000017998746415e+01,1.600000000000000000e+01,1.000000000000000000e+01
6.038000018001728364e+01,1.600000000000000000e+01,1.200000000000000000e+01
6.039000018004709602e+01,1.800000000000000000e+01,1.500000000000000000e+01
6.040000018007690841e+01,1.700000000000000000e+01,1.300000000000000000e+01
6.041000018010672079e+01,1.700000000000000000e+01,1.100000000000000000e+01
6.042000018013653317e+01,1.600000000000000000e+01,1.100000000000000000e+01
6.043000018016635266e+01,1.600000000000000000e+01,1.000000000000000000e+01
6.044000018019616505e+01,1.600000000000000000e+01,1.200000000000000000e+01
6.045000018022597743e+01,1.800000000000000000e+01,1.500000000000000000e+01
6.046000018025578981e+01,1.600000000000000000e+01,1.200000000000000000e+01
6.047000018028560930e+01,1.900000000000000000e+01,1.300000000000000000e+01
6.048000018031542169e+01,1.700000000000000000e+01,1.100000000000000000e+01
6.049000018034523407e+01,1.900000000000000000e+01,1.200000000000000000e+01
6.050000018037504645e+01,2.100000000000000000e+01,1.500000000000000000e+01
6.051000018040486594e+01,1.700000000000000000e+01,1.200000000000000000e+01
6.052000018043467833e+01,1.900000000000000000e+01,1.400000000000000000e+01
6.053000018046449071e+01,1.700000000000000000e+01,1.100000000000000000e+01
6.054000018049430309e+01,1.600000000000000000e+01,1.400000000000000000e+01
6.055000018052412258e+01,1.800000000000000000e+01,1.400000000000000000e+01
6.056000018055393497e+01,1.600000000000000000e+01,1.200000000000000000e+01
6.057000018058374735e+01,1.800000000000000000e+01,1.600000000000000000e+01
6.058000018061355973e+01,1.600000000000000000e+01,1.400000000000000000e+01
6.059000018064337212e+01,1.700000000000000000e+01,1.100000000000000000e+01
6.060000018067319161e+01,1.700000000000000000e+01,1.500000000000000000e+01
6.061000018070300399e+01,1.700000000000000000e+01,1.400000000000000000e+01
6.062000018073281637e+01,1.600000000000000000e+01,1.000000000000000000e+01
6.063000018076262876e+01,1.800000000000000000e+01,1.300000000000000000e+01
6.064000018079244825e+01,1.600000000000000000e+01,1.300000000000000000e+01
6.065000018082226063e+01,1.800000000000000000e+01,1.500000000000000000e+01
6.066000018085207302e+01,1.800000000000000000e+01,1.300000000000000000e+01
6.067000018088188540e+01,1.800000000000000000e+01,1.800000000000000000e+01
6.068000018091170489e+01,2.200000000000000000e+01,1.800000000000000000e+01
6.069000018094151727e+01,2.000000000000000000e+01,1.800000000000000000e+01
6.070000018097132966e+01,2.000000000000000000e+01,1.700000000000000000e+01
6.071000018100114204e+01,1.700000000000000000e+01,1.500000000000000000e+01
6.072000018103096153e+01,1.900000000000000000e+01,1.500000000000000000e+01
6.073000018106077391e+01,1.900000000000000000e+01,1.600000000000000000e+01
6.074000018109058630e+01,1.800000000000000000e+01,1.800000000000000000e+01
6.075000018112039868e+01,2.100000000000000000e+01,2.300000000000000000e+01
6.076000018115021106e+01,1.900000000000000000e+01,1.600000000000000000e+01
6.077000018118003055e+01,2.000000000000000000e+01,2.100000000000000000e+01
6.078000018120984294e+01,2.100000000000000000e+01,1.900000000000000000e+01
6.079000018123965532e+01,2.100000000000000000e+01,1.800000000000000000e+01
6.080000018126946770e+01,2.100000000000000000e+01,2.100000000000000000e+01
6.081000018129928719e+01,2.100000000000000000e+01,2.200000000000000000e+01
6.082000018132909958e+01,2.100000000000000000e+01,1.800000000000000000e+01
6.083000018135891196e+01,2.000000000000000000e+01,1.500000000000000000e+01
6.084000018138872434e+01,2.000000000000000000e+01,1.600000000000000000e+01
6.085000018141854383e+01,2.200000000000000000e+01,2.100000000000000000e+01
6.086000018144835622e+01,1.700000000000000000e+01,1.400000000000000000e+01
6.087000018147816860e+01,2.100000000000000000e+01,1.900000000000000000e+01
6.088000018150798098e+01,1.700000000000000000e+01,1.600000000000000000e+01
6.089000018153780047e+01,1.900000000000000000e+01,1.600000000000000000e+01
6.090000018156761286e+01,2.100000000000000000e+01,2.000000000000000000e+01
6.091000018159742524e+01,1.900000000000000000e+01,1.500000000000000000e+01
6.092000018162723762e+01,1.900000000000000000e+01,1.600000000000000000e+01
6.093000018165705001e+01,1.600000000000000000e+01,1.200000000000000000e+01
6.094000018168686950e+01,2.100000000000000000e+01,1.600000000000000000e+01
6.095000018171668188e+01,1.800000000000000000e+01,1.400000000000000000e+01
6.096000018174649426e+01,1.900000000000000000e+01,1.400000000000000000e+01
6.097000018177630665e+01,1.800000000000000000e+01,1.300000000000000000e+01
6.098000018180612614e+01,2.000000000000000000e+01,1.400000000000000000e+01
6.099000018183593852e+01,1.800000000000000000e+01,1.500000000000000000e+01
6.100000018186575090e+01,1.900000000000000000e+01,1.700000000000000000e+01
6.101000018189556329e+01,2.000000000000000000e+01,1.800000000000000000e+01
6.102000018192538278e+01,2.000000000000000000e+01,1.900000000000000000e+01
6.103000018195519516e+01,1.600000000000000000e+01,1.100000000000000000e+01
6.104000018198500754e+01,2.200000000000000000e+01,1.900000000000000000e+01
6.105000018201481993e+01,1.600000000000000000e+01,1.300000000000000000e+01
6.106000018204463942e+01,2.000000000000000000e+01,1.400000000000000000e+01
6.107000018207445180e+01,1.800000000000000000e+01,1.300000000000000000e+01
6.108000018210426418e+01,1.700000000000000000e+01,1.200000000000000000e+01
6.109000018213407657e+01,1.700000000000000000e+01,1.500000000000000000e+01
6.110000018216388895e+01,1.700000000000000000e+01,1.600000000000000000e+01
6.111000018219370844e+01,1.700000000000000000e+01,1.300000000000000000e+01
6.112000018222352082e+01,1.500000000000000000e+01,9.000000000000000000e+00
6.113000018225333321e+01,1.700000000000000000e+01,1.400000000000000000e+01
6.114000018228314559e+01,1.800000000000000000e+01,1.800000000000000000e+01
6.115000018231296508e+01,1.700000000000000000e+01,1.100000000000000000e+01
6.116000018234277746e+01,1.800000000000000000e+01,1.600000000000000000e+01
6.117000018237258985e+01,1.500000000000000000e+01,1.100000000000000000e+01
6.118000018240240223e+01,1.500000000000000000e+01,1.300000000000000000e+01
6.119000018243222172e+01,1.500000000000000000e+01,9.000000000000000000e+00
6.120000018246203410e+01,1.600000000000000000e+01,8.000000000000000000e+00
6.121000018249184649e+01,1.600000000000000000e+01,1.100000000000000000e+01
6.122000018252165887e+01,1.600000000000000000e+01,1.100000000000000000e+01
6.123000018255147836e+01,1.600000000000000000e+01,1.200000000000000000e+01
6.124000018258129074e+01,1.800000000000000000e+01,1.300000000000000000e+01
6.125000018261110313e+01,1.600000000000000000e+01,1.000000000000000000e+01
6.126000018264091551e+01,1.800000000000000000e+01,1.400000000000000000e+01
6.127000018267072790e+01,1.700000000000000000e+01,1.200000000000000000e+01
6.128000018270054738e+01,1.800000000000000000e+01,1.600000000000000000e+01
6.129000018273035977e+01,1.500000000000000000e+01,1.100000000000000000e+01
6.130000018276017215e+01,1.600000000000000000e+01,1.300000000000000000e+01
6.131000018278998454e+01,1.900000000000000000e+01,1.600000000000000000e+01
6.132000018281980402e+01,1.900000000000000000e+01,1.600000000000000000e+01
6.133000018284961641e+01,1.900000000000000000e+01,1.700000000000000000e+01
6.134000018287942879e+01,1.700000000000000000e+01,1.300000000000000000e+01
6.135000018290924118e+01,2.000000000000000000e+01,1.700000000000000000e+01
6.136000018293906066e+01,1.700000000000000000e+01,1.500000000000000000e+01
6.137000018296887305e+01,2.000000000000000000e+01,1.300000000000000000e+01
6.138000018299868543e+01,2.100000000000000000e+01,1.800000000000000000e+01
6.139000018302849782e+01,1.900000000000000000e+01,2.200000000000000000e+01
6.140000018305831730e+01,1.800000000000000000e+01,1.500000000000000000e+01
6.141000018308812969e+01,2.000000000000000000e+01,1.900000000000000000e+01
6.142000018311794207e+01,1.900000000000000000e+01,1.800000000000000000e+01
6.143000018314775446e+01,1.700000000000000000e+01,1.100000000000000000e+01
6.144000018317757394e+01,2.000000000000000000e+01,1.800000000000000000e+01
6.145000018320738633e+01,2.000000000000000000e+01,1.400000000000000000e+01
6.146000018323719871e+01,2.000000000000000000e+01,1.400000000000000000e+01
6.147000018326701110e+01,1.900000000000000000e+01,1.600000000000000000e+01
6.148000018329682348e+01,2.000000000000000000e+01,1.800000000000000000e+01
6.149000018332664297e+01,1.800000000000000000e+01,1.300000000000000000e+01
6.150000018335645535e+01,1.900000000000000000e+01,1.700000000000000000e+01
6.151000018338626774e+01,1.900000000000000000e+01,1.800000000000000000e+01
6.152000018341608012e+01,1.900000000000000000e+01,1.700000000000000000e+01
6.153000018344589961e+01,2.100000000000000000e+01,2.400000000000000000e+01
6.154000018347571199e+01,2.000000000000000000e+01,1.900000000000000000e+01
6.155000018350552438e+01,2.000000000000000000e+01,1.700000000000000000e+01
6.156000018353533676e+01,2.100000000000000000e+01,1.800000000000000000e+01
6.157000018356515625e+01,2.100000000000000000e+01,2.500000000000000000e+01
6.158000018359496863e+01,2.000000000000000000e+01,1.800000000000000000e+01
6.159000018362478102e+01,2.000000000000000000e+01,2.100000000000000000e+01
6.160000018365459340e+01,1.900000000000000000e+01,1.500000000000000000e+01
6.161000018368441289e+01,1.900000000000000000e+01,1.700000000000000000e+01
6.162000018371422527e+01,2.000000000000000000e+01,2.100000000000000000e+01
6.163000018374403766e+01,2.100000000000000000e+01,1.900000000000000000e+01
6.164000018377385004e+01,2.200000000000000000e+01,2.100000000000000000e+01
6.165000018380366242e+01,1.900000000000000000e+01,1.800000000000000000e+01
6.166000018383348191e+01,2.000000000000000000e+01,1.900000000000000000e+01
6.167000018386329430e+01,2.200000000000000000e+01,1.900000000000000000e+01
6.168000018389310668e+01,2.000000000000000000e+01,2.100000000000000000e+01
6.169000018392291906e+01,1.900000000000000000e+01,1.600000000000000000e+01
6.170000018395273855e+01,2.200000000000000000e+01,2.300000000000000000e+01
6.171000018398255094e+01,1.900000000000000000e+01,1.700000000000000000e+01
6.172000018401236332e+01,2.300000000000000000e+01,2.300000000000000000e+01
6.173000018404217570e+01,1.900000000000000000e+01,1.500000000000000000e+01
6.174000018407199519e+01,1.900000000000000000e+01,1.700000000000000000e+01
6.175000018410180758e+01,1.900000000000000000e+01,1.900000000000000000e+01
6.176000018413161996e+01,2.200000000000000000e+01,2.300000000000000000e+01
6.177000018416143234e+01,2.100000000000000000e+01,1.400000000000000000e+01
6.178000018419125183e+01,2.100000000000000000e+01,1.700000000000000000e+01
6.179000018422106422e+01,2.300000000000000000e+01,2.300000000000000000e+01
6.180000018425087660e+01,2.100000000000000000e+01,1.500000000000000000e+01
6.181000018428068898e+01,2.000000000000000000e+01,1.600000000000000000e+01
6.182000018431050137e+01,2.200000000000000000e+01,2.200000000000000000e+01
6.183000018434032086e+01,2.300000000000000000e+01,2.000000000000000000e+01
6.184000018437013324e+01,2.100000000000000000e+01,2.000000000000000000e+01
6.185000018439994562e+01,2.000000000000000000e+01,1.800000000000000000e+01
6.186000018442975801e+01,2.600000000000000000e+01,2.500000000000000000e+01
6.187000018445957750e+01,2.400000000000000000e+01,2.600000000000000000e+01
6.188000018448938988e+01,2.300000000000000000e+01,2.100000000000000000e+01
6.189000018451920226e+01,2.300000000000000000e+01,2.400000000000000000e+01
6.190000018454901465e+01,2.000000000000000000e+01,1.700000000000000000e+01
6.191000018457883414e+01,2.000000000000000000e+01,1.700000000000000000e+01
6.192000018460864652e+01,2.300000000000000000e+01,2.200000000000000000e+01
6.193000018463845890e+01,2.300000000000000000e+01,2.400000000000000000e+01
6.194000018466827129e+01,2.300000000000000000e+01,1.900000000000000000e+01
6.195000018469809078e+01,2.300000000000000000e+01,2.200000000000000000e+01
6.196000018472790316e+01,2.300000000000000000e+01,2.200000000000000000e+01
6.197000018475771554e+01,2.000000000000000000e+01,1.800000000000000000e+01
6.198000018478752793e+01,2.200000000000000000e+01,2.200000000000000000e+01
6.199000018481734031e+01,2.300000000000000000e+01,2.200000000000000000e+01
6.200000018484715980e+01,1.900000000000000000e+01,1.600000000000000000e+01
6.201000018487697218e+01,2.000000000000000000e+01,1.900000000000000000e+01
6.202000018490678457e+01,2.100000000000000000e+01,2.000000000000000000e+01
6.203000018493659695e+01,2.200000000000000000e+01,2.700000000000000000e+01
6.204000018496641644e+01,2.300000000000000000e+01,2.300000000000000000e+01
6.205000018499622882e+01,2.300000000000000000e+01,2.300000000000000000e+01
6.206000018502604121e+01,2.400000000000000000e+01,2.600000000000000000e+01
6.207000018505585359e+01,1.900000000000000000e+01,1.800000000000000000e+01
6.208000018508567308e+01,2.100000000000000000e+01,2.000000000000000000e+01
6.209000018511548546e+01,2.000000000000000000e+01,1.600000000000000000e+01
6.210000018514529785e+01,1.900000000000000000e+01,1.500000000000000000e+01
6.211000018517511023e+01,2.100000000000000000e+01,2.100000000000000000e+01
6.212000018520492972e+01,1.900000000000000000e+01,1.600000000000000000e+01
6.213000018523474210e+01,1.800000000000000000e+01,1.400000000000000000e+01
6.214000018526455449e+01,2.200000000000000000e+01,1.900000000000000000e+01
6.215000018529436687e+01,1.900000000000000000e+01,1.300000000000000000e+01
6.216000018532417926e+01,1.900000000000000000e+01,1.700000000000000000e+01
6.217000018535399875e+01,1.800000000000000000e+01,1.700000000000000000e+01
6.218000018538381113e+01,1.700000000000000000e+01,1.200000000000000000e+01
6.219000018541362351e+01,2.000000000000000000e+01,2.100000000000000000e+01
6.220000018544343590e+01,2.000000000000000000e+01,1.500000000000000000e+01
6.221000018547325539e+01,2.200000000000000000e+01,1.800000000000000000e+01
6.222000018550306777e+01,2.000000000000000000e+01,1.700000000000000000e+01
6.223000018553288015e+01,2.000000000000000000e+01,1.700000000000000000e+01
6.224000018556269254e+01,1.900000000000000000e+01,1.400000000000000000e+01
6.225000018559251203e+01,2.100000000000000000e+01,1.900000000000000000e+01
6.226000018562232441e+01,1.800000000000000000e+01,1.500000000000000000e+01
6.227000018565213679e+01,1.800000000000000000e+01,1.500000000000000000e+01
6.228000018568194918e+01,2.100000000000000000e+01,1.900000000000000000e+01
6.229000018571176867e+01,2.000000000000000000e+01,1.800000000000000000e+01
6.230000018574158105e+01,2.000000000000000000e+01,1.600000000000000000e+01
6.231000018577139343e+01,2.000000000000000000e+01,2.100000000000000000e+01
6.232000018580120582e+01,2.000000000000000000e+01,1.400000000000000000e+01
6.233000018583101820e+01,2.000000000000000000e+01,1.400000000000000000e+01
6.234000018586083769e+01,1.800000000000000000e+01,1.700000000000000000e+01
6.235000018589065007e+01,2.000000000000000000e+01,1.900000000000000000e+01
6.236000018592046246e+01,1.900000000000000000e+01,1.700000000000000000e+01
6.237000018595027484e+01,2.000000000000000000e+01,1.900000000000000000e+01
6.238000018598009433e+01,1.800000000000000000e+01,1.600000000000000000e+01
6.239000018600990671e+01,2.000000000000000000e+01,1.600000000000000000e+01
6.240000018603971910e+01,2.200000000000000000e+01,2.000000000000000000e+01
6.241000018606953148e+01,1.700000000000000000e+01,1.100000000000000000e+01
6.242000018609935097e+01,1.800000000000000000e+01,1.000000000000000000e+01
6.243000018612916335e+01,1.700000000000000000e+01,1.100000000000000000e+01
6.244000018615897574e+01,2.000000000000000000e+01,1.700000000000000000e+01
6.245000018618878812e+01,1.600000000000000000e+01,8.000000000000000000e+00
6.246000018621860761e+01,1.700000000000000000e+01,1.300000000000000000e+01
6.247000018624841999e+01,1.500000000000000000e+01,1.000000000000000000e+01
6.248000018627823238e+01,1.500000000000000000e+01,9.000000000000000000e+00
6.249000018630804476e+01,1.900000000000000000e+01,1.500000000000000000e+01
6.250000018633785714e+01,1.500000000000000000e+01,9.000000000000000000e+00
6.251000018636767663e+01,1.300000000000000000e+01,7.000000000000000000e+00
6.252000018639748902e+01,1.700000000000000000e+01,1.200000000000000000e+01
6.253000018642730140e+01,1.700000000000000000e+01,1.500000000000000000e+01
6.254000018645711378e+01,1.900000000000000000e+01,1.300000000000000000e+01
6.255000018648693327e+01,2.000000000000000000e+01,2.200000000000000000e+01
6.256000018651674566e+01,1.700000000000000000e+01,1.200000000000000000e+01
6.257000018654655804e+01,1.800000000000000000e+01,1.600000000000000000e+01
6.258000018657637042e+01,1.700000000000000000e+01,1.100000000000000000e+01
6.259000018660618991e+01,1.700000000000000000e+01,1.200000000000000000e+01
6.260000018663600230e+01,1.800000000000000000e+01,1.600000000000000000e+01
6.261000018666581468e+01,1.700000000000000000e+01,1.600000000000000000e+01
6.262000018669562706e+01,1.600000000000000000e+01,1.000000000000000000e+01
6.263000018672544655e+01,1.600000000000000000e+01,1.100000000000000000e+01
6.264000018675525894e+01,1.600000000000000000e+01,1.100000000000000000e+01
6.265000018678507132e+01,1.700000000000000000e+01,1.300000000000000000e+01
6.266000018681488370e+01,1.800000000000000000e+01,1.700000000000000000e+01
6.267000018684469609e+01,1.600000000000000000e+01,1.300000000000000000e+01
6.268000018687451558e+01,2.000000000000000000e+01,1.500000000000000000e+01
6.269000018690432796e+01,1.600000000000000000e+01,1.200000000000000000e+01
6.270000018693414034e+01,1.900000000000000000e+01,1.400000000000000000e+01
6.271000018696395273e+01,1.700000000000000000e+01,1.500000000000000000e+01
6.272000018699377222e+01,1.700000000000000000e+01,1.500000000000000000e+01
6.273000018702358460e+01,1.700000000000000000e+01,1.300000000000000000e+01
6.274000018705339698e+01,1.600000000000000000e+01,1.600000000000000000e+01
6.275000018708320937e+01,1.800000000000000000e+01,2.100000000000000000e+01
6.276000018711302886e+01,1.800000000000000000e+01,1.500000000000000000e+01
6.277000018714284124e+01,1.800000000000000000e+01,1.600000000000000000e+01
6.278000018717265363e+01,1.900000000000000000e+01,1.500000000000000000e+01
6.279000018720246601e+01,1.800000000000000000e+01,1.700000000000000000e+01
6.280000018723228550e+01,2.100000000000000000e+01,2.300000000000000000e+01
6.281000018726209788e+01,2.100000000000000000e+01,1.900000000000000000e+01
6.282000018729191027e+01,1.800000000000000000e+01,1.600000000000000000e+01
6.283000018732172265e+01,1.800000000000000000e+01,1.300000000000000000e+01
6.284000018735153503e+01,1.800000000000000000e+01,1.700000000000000000e+01
6.285000018738135452e+01,1.800000000000000000e+01,1.500000000000000000e+01
6.286000018741116691e+01,1.900000000000000000e+01,1.600000000000000000e+01
6.287000018744097929e+01,1.800000000000000000e+01,1.400000000000000000e+01
6.288000018747079167e+01,2.100000000000000000e+01,2.000000000000000000e+01
6.289000018750061116e+01,1.800000000000000000e+01,1.500000000000000000e+01
6.290000018753042355e+01,2.000000000000000000e+01,1.900000000000000000e+01
6.291000018756023593e+01,1.800000000000000000e+01,1.700000000000000000e+01
6.292000018759004831e+01,2.000000000000000000e+01,1.900000000000000000e+01
6.293000018761986780e+01,2.100000000000000000e+01,1.500000000000000000e+01
6.294000018764968019e+01,2.300000000000000000e+01,2.300000000000000000e+01
6.295000018767949257e+01,1.900000000000000000e+01,1.500000000000000000e+01
6.296000018770930495e+01,1.700000000000000000e+01,1.500000000000000000e+01
6.297000018773912444e+01,1.900000000000000000e+01,1.500000000000000000e+01
6.298000018776893683e+01,1.700000000000000000e+01,1.300000000000000000e+01
6.299000018779874921e+01,1.900000000000000000e+01,1.500000000000000000e+01
6.300000018782856159e+01,1.700000000000000000e+01,1.200000000000000000e+01
6.301000018785837398e+01,2.100000000000000000e+01,1.800000000000000000e+01
6.302000018788819347e+01,1.800000000000000000e+01,1.600000000000000000e+01
6.303000018791800585e+01,2.100000000000000000e+01,2.000000000000000000e+01
6.304000018794781823e+01,1.800000000000000000e+01,1.600000000000000000e+01
6.305000018797763062e+01,1.900000000000000000e+01,1.900000000000000000e+01
6.306000018800745011e+01,2.000000000000000000e+01,1.900000000000000000e+01
6.307000018803726249e+01,1.900000000000000000e+01,1.400000000000000000e+01
6.308000018806707487e+01,1.900000000000000000e+01,1.400000000000000000e+01
6.309000018809688726e+01,2.000000000000000000e+01,2.000000000000000000e+01
6.310000018812670675e+01,1.900000000000000000e+01,1.400000000000000000e+01
6.311000018815651913e+01,1.700000000000000000e+01,1.100000000000000000e+01
6.312000018818633151e+01,1.600000000000000000e+01,1.100000000000000000e+01
6.313000018821614390e+01,1.800000000000000000e+01,1.400000000000000000e+01
6.314000018824596339e+01,1.600000000000000000e+01,1.300000000000000000e+01
6.315000018827577577e+01,1.900000000000000000e+01,1.600000000000000000e+01
6.316000018830558815e+01,1.900000000000000000e+01,1.800000000000000000e+01
6.317000018833540054e+01,1.900000000000000000e+01,1.500000000000000000e+01
6.318000018836521292e+01,2.000000000000000000e+01,1.800000000000000000e+01
6.319000018839503241e+01,1.700000000000000000e+01,1.300000000000000000e+01
6.320000018842484479e+01,1.700000000000000000e+01,1.800000000000000000e+01
6.321000018845465718e+01,1.800000000000000000e+01,1.900000000000000000e+01
6.322000018848446956e+01,1.600000000000000000e+01,1.100000000000000000e+01
6.323000018851428905e+01,1.700000000000000000e+01,1.200000000000000000e+01
6.324000018854410143e+01,1.900000000000000000e+01,1.700000000000000000e+01
6.325000018857391382e+01,1.700000000000000000e+01,1.400000000000000000e+01
6.326000018860372620e+01,1.700000000000000000e+01,1.700000000000000000e+01
6.327000018863354569e+01,1.900000000000000000e+01,1.500000000000000000e+01
6.328000018866335807e+01,1.700000000000000000e+01,1.000000000000000000e+01
6.329000018869317046e+01,1.800000000000000000e+01,1.200000000000000000e+01
6.330000018872298284e+01,1.800000000000000000e+01,1.500000000000000000e+01
6.331000018875280233e+01,1.900000000000000000e+01,1.500000000000000000e+01
6.332000018878261471e+01,1.900000000000000000e+01,1.600000000000000000e+01
6.333000018881242710e+01,1.900000000000000000e+01,1.600000000000000000e+01
6.334000018884223948e+01,1.900000000000000000e+01,1.600000000000000000e+01
6.335000018887205187e+01,1.700000000000000000e+01,1.300000000000000000e+01
6.336000018890187135e+01,1.800000000000000000e+01,1.600000000000000000e+01
6.337000018893168374e+01,1.800000000000000000e+01,2.000000000000000000e+01
6.338000018896149612e+01,1.800000000000000000e+01,1.700000000000000000e+01
6.339000018899130851e+01,1.700000000000000000e+01,1.400000000000000000e+01
6.340000018902112799e+01,1.600000000000000000e+01,1.300000000000000000e+01
6.341000018905094038e+01,1.400000000000000000e+01,1.000000000000000000e+01
6.342000018908075276e+01,1.900000000000000000e+01,1.900000000000000000e+01
6.343000018911056515e+01,1.500000000000000000e+01,1.100000000000000000e+01
6.344000018914038463e+01,1.800000000000000000e+01,1.600000000000000000e+01
6.345000018917019702e+01,1.700000000000000000e+01,1.200000000000000000e+01
6.346000018920000940e+01,1.800000000000000000e+01,1.500000000000000000e+01
6.347000018922982179e+01,2.100000000000000000e+01,2.100000000000000000e+01
6.348000018925964127e+01,1.600000000000000000e+01,1.100000000000000000e+01
6.349000018928945366e+01,1.900000000000000000e+01,1.800000000000000000e+01
6.350000018931926604e+01,1.700000000000000000e+01,1.600000000000000000e+01
6.351000018934907843e+01,1.800000000000000000e+01,1.600000000000000000e+01
6.352000018937889791e+01,1.600000000000000000e+01,1.000000000000000000e+01
6.353000018940871030e+01,1.500000000000000000e+01,1.200000000000000000e+01
6.354000018943852268e+01,1.500000000000000000e+01,1.100000000000000000e+01
6.355000018946833507e+01,1.700000000000000000e+01,1.200000000000000000e+01
6.356000018949814745e+01,1.400000000000000000e+01,1.000000000000000000e+01
6.357000018952796694e+01,2.000000000000000000e+01,2.100000000000000000e+01
6.358000018955777932e+01,1.800000000000000000e+01,1.600000000000000000e+01
6.359000018958759171e+01,1.800000000000000000e+01,1.500000000000000000e+01
6.360000018961740409e+01,1.900000000000000000e+01,1.600000000000000000e+01
6.361000018964722358e+01,1.900000000000000000e+01,1.700000000000000000e+01
6.362000018967703596e+01,1.700000000000000000e+01,1.500000000000000000e+01
6.363000018970684835e+01,1.600000000000000000e+01,1.300000000000000000e+01
6.364000018973666073e+01,1.900000000000000000e+01,1.700000000000000000e+01
6.365000018976648022e+01,1.700000000000000000e+01,1.400000000000000000e+01
6.366000018979629260e+01,1.900000000000000000e+01,1.500000000000000000e+01
6.367000018982610499e+01,2.000000000000000000e+01,2.100000000000000000e+01
6.368000018985591737e+01,1.900000000000000000e+01,1.700000000000000000e+01
6.369000018988573686e+01,1.900000000000000000e+01,1.900000000000000000e+01
6.370000018991554924e+01,2.100000000000000000e+01,2.000000000000000000e+01
6.371000018994536163e+01,2.100000000000000000e+01,2.000000000000000000e+01
6.372000018997517401e+01,1.700000000000000000e+01,1.500000000000000000e+01
6.373000019000498639e+01,2.000000000000000000e+01,1.400000000000000000e+01
6.374000019003480588e+01,1.900000000000000000e+01,1.600000000000000000e+01
6.375000019006461827e+01,2.000000000000000000e+01,1.700000000000000000e+01
6.376000019009443065e+01,2.100000000000000000e+01,2.000000000000000000e+01
6.377000019012424303e+01,2.000000000000000000e+01,1.500000000000000000e+01
6.378000019015406252e+01,1.900000000000000000e+01,1.400000000000000000e+01
6.379000019018387491e+01,1.900000000000000000e+01,1.700000000000000000e+01
6.380000019021368729e+01,1.800000000000000000e+01,1.300000000000000000e+01
6.381000019024349967e+01,1.800000000000000000e+01,1.400000000000000000e+01
6.382000019027331916e+01,1.900000000000000000e+01,2.200000000000000000e+01
6.383000019030313155e+01,1.800000000000000000e+01,1.500000000000000000e+01
6.384000019033294393e+01,2.000000000000000000e+01,1.200000000000000000e+01
6.385000019036275631e+01,1.700000000000000000e+01,1.400000000000000000e+01
6.386000019039257580e+01,2.100000000000000000e+01,1.900000000000000000e+01
6.387000019042238819e+01,2.200000000000000000e+01,2.000000000000000000e+01
6.388000019045220057e+01,2.000000000000000000e+01,1.400000000000000000e+01
6.389000019048201295e+01,2.100000000000000000e+01,1.700000000000000000e+01
6.390000019051182534e+01,2.000000000000000000e+01,1.800000000000000000e+01
6.391000019054164483e+01,1.900000000000000000e+01,1.400000000000000000e+01
6.392000019057145721e+01,1.600000000000000000e+01,1.300000000000000000e+01
6.393000019060126959e+01,2.200000000000000000e+01,1.700000000000000000e+01
6.394000019063108198e+01,2.100000000000000000e+01,1.700000000000000000e+01
6.395000019066090147e+01,2.400000000000000000e+01,2.300000000000000000e+01
6.396000019069071385e+01,2.000000000000000000e+01,1.600000000000000000e+01
6.397000019072052623e+01,2.100000000000000000e+01,1.800000000000000000e+01
6.398000019075033862e+01,2.100000000000000000e+01,2.000000000000000000e+01
6.399000019078015811e+01,2.100000000000000000e+01,1.600000000000000000e+01
6.400000019080997049e+01,2.200000000000000000e+01,1.700000000000000000e+01
6.401000019083978998e+01,1.900000000000000000e+01,1.300000000000000000e+01
6.402000019086959526e+01,1.800000000000000000e+01,1.800000000000000000e+01
6.403000019089941475e+01,2.100000000000000000e+01,1.700000000000000000e+01
6.404000019092922003e+01,2.100000000000000000e+01,1.600000000000000000e+01
6.405000019095903951e+01,1.900000000000000000e+01,1.400000000000000000e+01
6.406000019098885900e+01,2.300000000000000000e+01,2.300000000000000000e+01
6.407000019101866428e+01,1.900000000000000000e+01,1.600000000000000000e+01
6.408000019104848377e+01,2.200000000000000000e+01,1.900000000000000000e+01
6.409000019107828905e+01,2.100000000000000000e+01,1.900000000000000000e+01
6.410000019110810854e+01,2.000000000000000000e+01,2.000000000000000000e+01
6.411000019113792803e+01,2.000000000000000000e+01,1.900000000000000000e+01
6.412000019116773331e+01,1.800000000000000000e+01,2.000000000000000000e+01
6.413000019119755279e+01,2.000000000000000000e+01,1.500000000000000000e+01
6.414000019122737228e+01,1.900000000000000000e+01,1.600000000000000000e+01
6.415000019125717756e+01,1.900000000000000000e+01,1.400000000000000000e+01
6.416000019128699705e+01,1.800000000000000000e+01,1.300000000000000000e+01
6.417000019131680233e+01,1.700000000000000000e+01,1.200000000000000000e+01
6.418000019134662182e+01,1.700000000000000000e+01,1.100000000000000000e+01
6.419000019137644131e+01,1.700000000000000000e+01,1.500000000000000000e+01
6.420000019140624659e+01,1.700000000000000000e+01,1.400000000000000000e+01
6.421000019143606607e+01,1.700000000000000000e+01,1.400000000000000000e+01
6.422000019146587135e+01,1.700000000000000000e+01,1.400000000000000000e+01
6.423000019149569084e+01,1.700000000000000000e+01,1.300000000000000000e+01
6.424000019152551033e+01,1.700000000000000000e+01,1.100000000000000000e+01
6.425000019155531561e+01,1.600000000000000000e+01,1.000000000000000000e+01
6.426000019158513510e+01,1.500000000000000000e+01,9.000000000000000000e+00
6.427000019161495459e+01,1.500000000000000000e+01,1.100000000000000000e+01
6.428000019164475987e+01,1.800000000000000000e+01,1.600000000000000000e+01
6.429000019167457936e+01,1.800000000000000000e+01,1.300000000000000000e+01
6.430000019170438463e+01,1.900000000000000000e+01,1.200000000000000000e+01
6.431000019173420412e+01,1.600000000000000000e+01,9.000000000000000000e+00
6.432000019176402361e+01,1.800000000000000000e+01,1.200000000000000000e+01
6.433000019179382889e+01,1.800000000000000000e+01,1.100000000000000000e+01
6.434000019182364838e+01,1.900000000000000000e+01,1.300000000000000000e+01
6.435000019185346787e+01,2.200000000000000000e+01,2.200000000000000000e+01
6.436000019188327315e+01,2.100000000000000000e+01,1.700000000000000000e+01
6.437000019191309264e+01,2.100000000000000000e+01,1.700000000000000000e+01
6.438000019194289791e+01,2.000000000000000000e+01,1.500000000000000000e+01
6.439000019197271740e+01,1.900000000000000000e+01,1.800000000000000000e+01
6.440000019200253689e+01,2.100000000000000000e+01,1.400000000000000000e+01
6.441000019203234217e+01,2.100000000000000000e+01,1.600000000000000000e+01
6.442000019206216166e+01,2.300000000000000000e+01,2.400000000000000000e+01
6.443000019209196694e+01,2.100000000000000000e+01,1.400000000000000000e+01
6.444000019212178643e+01,2.300000000000000000e+01,2.100000000000000000e+01
6.445000019215160592e+01,2.200000000000000000e+01,2.000000000000000000e+01
6.446000019218141119e+01,2.200000000000000000e+01,2.000000000000000000e+01
6.447000019221123068e+01,2.100000000000000000e+01,1.900000000000000000e+01
6.448000019224105017e+01,1.900000000000000000e+01,1.200000000000000000e+01
6.449000019227085545e+01,1.800000000000000000e+01,1.300000000000000000e+01
6.450000019230067494e+01,1.700000000000000000e+01,1.100000000000000000e+01
6.451000019233048022e+01,2.000000000000000000e+01,1.700000000000000000e+01
6.452000019236029971e+01,2.300000000000000000e+01,2.000000000000000000e+01
6.453000019239011920e+01,2.000000000000000000e+01,1.300000000000000000e+01
6.454000019241992447e+01,1.900000000000000000e+01,1.400000000000000000e+01
6.455000019244974396e+01,1.900000000000000000e+01,2.000000000000000000e+01
6.456000019247956345e+01,2.000000000000000000e+01,1.700000000000000000e+01
6.457000019250936873e+01,1.800000000000000000e+01,1.500000000000000000e+01
6.458000019253918822e+01,2.200000000000000000e+01,1.700000000000000000e+01
6.459000019256899350e+01,1.900000000000000000e+01,1.700000000000000000e+01
6.460000019259881299e+01,2.200000000000000000e+01,1.800000000000000000e+01
6.461000019262863248e+01,2.000000000000000000e+01,1.700000000000000000e+01
6.462000019265843775e+01,1.800000000000000000e+01,1.700000000000000000e+01
6.463000019268825724e+01,2.200000000000000000e+01,1.700000000000000000e+01
6.464000019271806252e+01,1.900000000000000000e+01,1.500000000000000000e+01
6.465000019274788201e+01,2.000000000000000000e+01,1.900000000000000000e+01
6.466000019277770150e+01,2.200000000000000000e+01,2.100000000000000000e+01
6.467000019280750678e+01,2.300000000000000000e+01,2.200000000000000000e+01
6.468000019283732627e+01,2.600000000000000000e+01,2.900000000000000000e+01
6.469000019286714576e+01,2.400000000000000000e+01,2.500000000000000000e+01
6.470000019289695103e+01,2.200000000000000000e+01,2.300000000000000000e+01
6.471000019292677052e+01,2.000000000000000000e+01,1.800000000000000000e+01
6.472000019295657580e+01,2.000000000000000000e+01,1.700000000000000000e+01
6.473000019298639529e+01,2.100000000000000000e+01,2.300000000000000000e+01
6.474000019301621478e+01,2.000000000000000000e+01,1.700000000000000000e+01
6.475000019304602006e+01,2.300000000000000000e+01,2.100000000000000000e+01
6.476000019307583955e+01,2.200000000000000000e+01,2.100000000000000000e+01
6.477000019310564483e+01,1.900000000000000000e+01,1.900000000000000000e+01
6.478000019313546431e+01,2.300000000000000000e+01,2.300000000000000000e+01
6.479000019316528380e+01,2.000000000000000000e+01,1.800000000000000000e+01
6.480000019319508908e+01,2.400000000000000000e+01,2.200000000000000000e+01
6.481000019322490857e+01,2.000000000000000000e+01,1.900000000000000000e+01
6.482000019325472806e+01,2.300000000000000000e+01,2.200000000000000000e+01
6.483000019328453334e+01,2.000000000000000000e+01,1.300000000000000000e+01
6.484000019331435283e+01,2.300000000000000000e+01,2.500000000000000000e+01
6.485000019334415811e+01,2.100000000000000000e+01,2.100000000000000000e+01
6.486000019337397760e+01,2.200000000000000000e+01,2.500000000000000000e+01
6.487000019340379708e+01,2.000000000000000000e+01,2.300000000000000000e+01
6.488000019343360236e+01,2.200000000000000000e+01,2.300000000000000000e+01
6.489000019346342185e+01,2.200000000000000000e+01,2.300000000000000000e+01
6.490000019349324134e+01,2.400000000000000000e+01,2.600000000000000000e+01
6.491000019352304662e+01,2.000000000000000000e+01,2.200000000000000000e+01
6.492000019355286611e+01,1.900000000000000000e+01,1.900000000000000000e+01
6.493000019358267139e+01,1.900000000000000000e+01,1.600000000000000000e+01
6.494000019361249088e+01,2.100000000000000000e+01,2.200000000000000000e+01
6.495000019364231036e+01,2.200000000000000000e+01,1.800000000000000000e+01
6.496000019367211564e+01,1.800000000000000000e+01,1.200000000000000000e+01
6.497000019370193513e+01,2.200000000000000000e+01,2.000000000000000000e+01
6.498000019373174041e+01,2.200000000000000000e+01,1.900000000000000000e+01
6.499000019376155990e+01,2.000000000000000000e+01,1.600000000000000000e+01
6.500000019379137939e+01,2.200000000000000000e+01,1.800000000000000000e+01
6.501000019382118467e+01,2.400000000000000000e+01,1.900000000000000000e+01
6.502000019385100416e+01,2.100000000000000000e+01,1.600000000000000000e+01
6.503000019388082364e+01,2.300000000000000000e+01,2.500000000000000000e+01
6.504000019391062892e+01,1.900000000000000000e+01,1.600000000000000000e+01
6.505000019394044841e+01,2.200000000000000000e+01,1.700000000000000000e+01
6.506000019397025369e+01,2.000000000000000000e+01,1.400000000000000000e+01
6.507000019400007318e+01,2.100000000000000000e+01,1.900000000000000000e+01
6.508000019402989267e+01,1.800000000000000000e+01,1.700000000000000000e+01
6.509000019405969795e+01,2.100000000000000000e+01,1.900000000000000000e+01
6.510000019408951744e+01,2.200000000000000000e+01,2.400000000000000000e+01
6.511000019411932271e+01,1.900000000000000000e+01,1.400000000000000000e+01
6.512000019414914220e+01,2.100000000000000000e+01,1.900000000000000000e+01
6.513000019417896169e+01,1.900000000000000000e+01,1.900000000000000000e+01
6.514000019420876697e+01,2.200000000000000000e+01,2.800000000000000000e+01
6.515000019423858646e+01,2.300000000000000000e+01,1.900000000000000000e+01
6.516000019426840595e+01,2.500000000000000000e+01,2.400000000000000000e+01
6.517000019429821123e+01,2.300000000000000000e+01,2.500000000000000000e+01
6.518000019432803072e+01,2.300000000000000000e+01,2.300000000000000000e+01
6.519000019435783599e+01,2.200000000000000000e+01,1.900000000000000000e+01
6.520000019438765548e+01,2.300000000000000000e+01,2.300000000000000000e+01
6.521000019441747497e+01,2.500000000000000000e+01,3.000000000000000000e+01
6.522000019444728025e+01,2.200000000000000000e+01,1.800000000000000000e+01
6.523000019447709974e+01,2.200000000000000000e+01,2.100000000000000000e+01
6.524000019450691923e+01,2.300000000000000000e+01,2.600000000000000000e+01
6.525000019453672451e+01,2.300000000000000000e+01,2.300000000000000000e+01
6.526000019456654400e+01,2.000000000000000000e+01,1.900000000000000000e+01
6.527000019459634927e+01,2.200000000000000000e+01,2.200000000000000000e+01
6.528000019462616876e+01,2.100000000000000000e+01,2.000000000000000000e+01
6.529000019465598825e+01,2.100000000000000000e+01,1.800000000000000000e+01
6.530000019468579353e+01,1.900000000000000000e+01,1.800000000000000000e+01
6.531000019471561302e+01,2.100000000000000000e+01,1.900000000000000000e+01
6.532000019474541830e+01,2.200000000000000000e+01,1.900000000000000000e+01
6.533000019477523779e+01,1.800000000000000000e+01,1.600000000000000000e+01
6.534000019480505728e+01,2.100000000000000000e+01,1.700000000000000000e+01
6.535000019483486255e+01,2.100000000000000000e+01,1.900000000000000000e+01
6.536000019486468204e+01,2.100000000000000000e+01,1.900000000000000000e+01
6.537000019489450153e+01,2.000000000000000000e+01,1.800000000000000000e+01
6.538000019492430681e+01,2.200000000000000000e+01,2.300000000000000000e+01
6.539000019495412630e+01,2.000000000000000000e+01,1.500000000000000000e+01
6.540000019498393158e+01,2.000000000000000000e+01,1.700000000000000000e+01
6.541000019501375107e+01,1.900000000000000000e+01,2.200000000000000000e+01
6.542000019504357056e+01,2.200000000000000000e+01,2.500000000000000000e+01
6.543000019507337583e+01,1.800000000000000000e+01,1.400000000000000000e+01
6.544000019510319532e+01,1.900000000000000000e+01,1.500000000000000000e+01
6.545000019513300060e+01,2.100000000000000000e+01,2.000000000000000000e+01
6.546000019516282009e+01,2.000000000000000000e+01,2.300000000000000000e+01
6.547000019519263958e+01,2.100000000000000000e+01,1.700000000000000000e+01
6.548000019522244486e+01,2.200000000000000000e+01,1.900000000000000000e+01
6.549000019525226435e+01,2.300000000000000000e+01,2.500000000000000000e+01
6.550000019528208384e+01,2.100000000000000000e+01,1.800000000000000000e+01
6.551000019531188912e+01,2.000000000000000000e+01,1.700000000000000000e+01
6.552000019534170860e+01,2.100000000000000000e+01,1.800000000000000000e+01
6.553000019537151388e+01,2.000000000000000000e+01,2.100000000000000000e+01
6.554000019540133337e+01,1.900000000000000000e+01,2.000000000000000000e+01
6.555000019543115286e+01,2.000000000000000000e+01,1.900000000000000000e+01
6.556000019546095814e+01,2.100000000000000000e+01,2.300000000000000000e+01
6.557000019549077763e+01,2.000000000000000000e+01,2.200000000000000000e+01
6.558000019552059712e+01,2.200000000000000000e+01,1.900000000000000000e+01
6.559000019555040240e+01,2.200000000000000000e+01,2.000000000000000000e+01
6.560000019558022188e+01,2.400000000000000000e+01,2.100000000000000000e+01
6.561000019561002716e+01,2.100000000000000000e+01,2.100000000000000000e+01
6.562000019563984665e+01,2.200000000000000000e+01,2.800000000000000000e+01
6.563000019566966614e+01,1.900000000000000000e+01,1.700000000000000000e+01
6.564000019569947142e+01,2.300000000000000000e+01,2.400000000000000000e+01
6.565000019572929091e+01,2.300000000000000000e+01,2.100000000000000000e+01
6.566000019575909619e+01,2.200000000000000000e+01,2.600000000000000000e+01
6.567000019578891568e+01,2.200000000000000000e+01,1.800000000000000000e+01
6.568000019581873516e+01,2.100000000000000000e+01,2.100000000000000000e+01
6.569000019584854044e+01,2.400000000000000000e+01,2.800000000000000000e+01
6.570000019587835993e+01,1.900000000000000000e+01,1.700000000000000000e+01
6.571000019590817942e+01,2.000000000000000000e+01,2.000000000000000000e+01
6.572000019593798470e+01,1.900000000000000000e+01,1.500000000000000000e+01
6.573000019596780419e+01,2.200000000000000000e+01,2.100000000000000000e+01
6.574000019599760947e+01,2.100000000000000000e+01,1.900000000000000000e+01
6.575000019602742896e+01,1.900000000000000000e+01,1.700000000000000000e+01
6.576000019605724844e+01,2.100000000000000000e+01,2.200000000000000000e+01
6.577000019608705372e+01,2.000000000000000000e+01,1.700000000000000000e+01
6.578000019611687321e+01,2.300000000000000000e+01,2.400000000000000000e+01
6.579000019614667849e+01,2.100000000000000000e+01,2.000000000000000000e+01
6.580000019617649798e+01,1.900000000000000000e+01,1.700000000000000000e+01
6.581000019620631747e+01,2.000000000000000000e+01,2.100000000000000000e+01
6.582000019623612275e+01,2.200000000000000000e+01,2.200000000000000000e+01
6.583000019626594224e+01,2.300000000000000000e+01,1.900000000000000000e+01
6.584000019629576173e+01,2.100000000000000000e+01,1.900000000000000000e+01
6.585000019632556700e+01,2.200000000000000000e+01,2.100000000000000000e+01
6.586000019635538649e+01,2.100000000000000000e+01,1.900000000000000000e+01
6.587000019638519177e+01,2.200000000000000000e+01,2.200000000000000000e+01
6.588000019641501126e+01,2.000000000000000000e+01,2.000000000000000000e+01
6.589000019644483075e+01,2.300000000000000000e+01,2.400000000000000000e+01
6.590000019647463603e+01,2.000000000000000000e+01,2.400000000000000000e+01
6.591000019650445552e+01,2.100000000000000000e+01,2.100000000000000000e+01
6.592000019653427501e+01,2.100000000000000000e+01,2.000000000000000000e+01
6.593000019656408028e+01,2.000000000000000000e+01,1.800000000000000000e+01
6.594000019659389977e+01,2.200000000000000000e+01,2.200000000000000000e+01
6.595000019662370505e+01,2.100000000000000000e+01,1.600000000000000000e+01
6.596000019665352454e+01,2.000000000000000000e+01,2.200000000000000000e+01
6.597000019668334403e+01,2.400000000000000000e+01,2.500000000000000000e+01
6.598000019671314931e+01,2.300000000000000000e+01,2.400000000000000000e+01
6.599000019674296880e+01,2.200000000000000000e+01,2.000000000000000000e+01
6.600000019677277407e+01,2.200000000000000000e+01,2.300000000000000000e+01
6.601000019680259356e+01,2.100000000000000000e+01,1.900000000000000000e+01
6.602000019683241305e+01,1.800000000000000000e+01,1.700000000000000000e+01
6.603000019686221833e+01,2.000000000000000000e+01,1.800000000000000000e+01
6.604000019689203782e+01,2.000000000000000000e+01,1.300000000000000000e+01
6.605000019692185731e+01,2.100000000000000000e+01,2.200000000000000000e+01
6.606000019695166259e+01,1.900000000000000000e+01,1.300000000000000000e+01
6.607000019698148208e+01,1.900000000000000000e+01,1.300000000000000000e+01
6.608000019701128736e+01,1.800000000000000000e+01,1.100000000000000000e+01
6.609000019704110684e+01,1.800000000000000000e+01,1.300000000000000000e+01
6.610000019707092633e+01,2.100000000000000000e+01,1.300000000000000000e+01
6.611000019710073161e+01,2.100000000000000000e+01,1.400000000000000000e+01
6.612000019713055110e+01,2.100000000000000000e+01,1.700000000000000000e+01
6.613000019716035638e+01,2.000000000000000000e+01,1.500000000000000000e+01
6.614000019719017587e+01,2.100000000000000000e+01,2.000000000000000000e+01
6.615000019721999536e+01,2.000000000000000000e+01,1.600000000000000000e+01
6.616000019724980064e+01,1.800000000000000000e+01,1.200000000000000000e+01
6.617000019727962012e+01,1.900000000000000000e+01,1.600000000000000000e+01
6.618000019730943961e+01,1.800000000000000000e+01,1.500000000000000000e+01
6.619000019733924489e+01,1.700000000000000000e+01,1.200000000000000000e+01
6.620000019736906438e+01,2.200000000000000000e+01,1.900000000000000000e+01
6.621000019739886966e+01,1.600000000000000000e+01,1.200000000000000000e+01
6.622000019742868915e+01,2.000000000000000000e+01,1.700000000000000000e+01
6.623000019745850864e+01,2.200000000000000000e+01,1.900000000000000000e+01
6.624000019748831392e+01,1.900000000000000000e+01,1.400000000000000000e+01
6.625000019751813340e+01,2.000000000000000000e+01,1.600000000000000000e+01
6.626000019754795289e+01,2.100000000000000000e+01,2.100000000000000000e+01
6.627000019757775817e+01,2.000000000000000000e+01,1.900000000000000000e+01
6.628000019760757766e+01,2.400000000000000000e+01,2.500000000000000000e+01
6.629000019763738294e+01,2.200000000000000000e+01,2.000000000000000000e+01
6.630000019766720243e+01,2.100000000000000000e+01,2.000000000000000000e+01
6.631000019769702192e+01,1.900000000000000000e+01,1.800000000000000000e+01
6.632000019772682720e+01,2.100000000000000000e+01,2.300000000000000000e+01
6.633000019775664668e+01,1.800000000000000000e+01,1.300000000000000000e+01
6.634000019778645196e+01,2.000000000000000000e+01,2.100000000000000000e+01
6.635000019781627145e+01,2.200000000000000000e+01,2.200000000000000000e+01
6.636000019784609094e+01,2.000000000000000000e+01,1.600000000000000000e+01
6.637000019787589622e+01,2.000000000000000000e+01,1.700000000000000000e+01
6.638000019790571571e+01,2.100000000000000000e+01,2.300000000000000000e+01
6.639000019793553520e+01,2.400000000000000000e+01,2.700000000000000000e+01
6.640000019796534048e+01,2.400000000000000000e+01,2.400000000000000000e+01
6.641000019799515997e+01,2.200000000000000000e+01,2.200000000000000000e+01
6.642000019802496524e+01,2.400000000000000000e+01,2.900000000000000000e+01
6.643000019805478473e+01,2.300000000000000000e+01,2.500000000000000000e+01
6.644000019808460422e+01,2.700000000000000000e+01,3.000000000000000000e+01
6.645000019811440950e+01,2.500000000000000000e+01,2.800000000000000000e+01
6.646000019814422899e+01,2.400000000000000000e+01,2.100000000000000000e+01
6.647000019817404848e+01,2.200000000000000000e+01,2.400000000000000000e+01
6.648000019820385376e+01,2.100000000000000000e+01,1.700000000000000000e+01
6.649000019823367325e+01,2.000000000000000000e+01,1.600000000000000000e+01
6.650000019826347852e+01,1.800000000000000000e+01,1.800000000000000000e+01
6.651000019829329801e+01,2.100000000000000000e+01,1.600000000000000000e+01
6.652000019832311750e+01,2.100000000000000000e+01,1.800000000000000000e+01
6.653000019835292278e+01,2.300000000000000000e+01,2.500000000000000000e+01
6.654000019838274227e+01,2.000000000000000000e+01,1.500000000000000000e+01
6.655000019841254755e+01,1.900000000000000000e+01,1.300000000000000000e+01
6.656000019844236704e+01,2.000000000000000000e+01,1.500000000000000000e+01
6.657000019847218653e+01,2.000000000000000000e+01,1.400000000000000000e+01
6.658000019850199180e+01,2.000000000000000000e+01,1.400000000000000000e+01
6.659000019853181129e+01,2.000000000000000000e+01,1.400000000000000000e+01
6.660000019856163078e+01,2.000000000000000000e+01,1.700000000000000000e+01
6.661000019859143606e+01,2.300000000000000000e+01,2.400000000000000000e+01
6.662000019862125555e+01,2.100000000000000000e+01,1.900000000000000000e+01
6.663000019865106083e+01,2.000000000000000000e+01,1.700000000000000000e+01
6.664000019868088032e+01,2.100000000000000000e+01,1.900000000000000000e+01
6.665000019871069981e+01,2.100000000000000000e+01,2.000000000000000000e+01
6.666000019874050508e+01,2.200000000000000000e+01,2.300000000000000000e+01
6.667000019877032457e+01,2.300000000000000000e+01,2.400000000000000000e+01
6.668000019880012985e+01,2.300000000000000000e+01,2.800000000000000000e+01
6.669000019882994934e+01,2.100000000000000000e+01,2.000000000000000000e+01
6.670000019885976883e+01,2.400000000000000000e+01,2.800000000000000000e+01
6.671000019888957411e+01,2.300000000000000000e+01,2.300000000000000000e+01
6.672000019891939360e+01,2.200000000000000000e+01,2.600000000000000000e+01
6.673000019894921309e+01,2.400000000000000000e+01,2.400000000000000000e+01
6.674000019897901836e+01,2.200000000000000000e+01,2.300000000000000000e+01
6.675000019900883785e+01,2.700000000000000000e+01,2.800000000000000000e+01
6.676000019903864313e+01,2.300000000000000000e+01,2.000000000000000000e+01
6.677000019906846262e+01,2.400000000000000000e+01,2.700000000000000000e+01
6.678000019909828211e+01,2.400000000000000000e+01,2.900000000000000000e+01
6.679000019912808739e+01,2.700000000000000000e+01,3.000000000000000000e+01
6.680000019915790688e+01,2.500000000000000000e+01,2.800000000000000000e+01
6.681000019918772637e+01,2.400000000000000000e+01,2.100000000000000000e+01
6.682000019921753164e+01,2.500000000000000000e+01,2.500000000000000000e+01
6.683000019924735113e+01,2.600000000000000000e+01,2.900000000000000000e+01
6.684000019927715641e+01,2.400000000000000000e+01,2.300000000000000000e+01
6.685000019930697590e+01,2.400000000000000000e+01,2.400000000000000000e+01
6.686000019933679539e+01,2.300000000000000000e+01,2.200000000000000000e+01
6.687000019936660067e+01,2.400000000000000000e+01,2.500000000000000000e+01
6.688000019939642016e+01,2.200000000000000000e+01,2.100000000000000000e+01
6.689000019942622544e+01,2.700000000000000000e+01,3.400000000000000000e+01
6.690000019945604492e+01,2.600000000000000000e+01,2.400000000000000000e+01
6.691000019948586441e+01,2.100000000000000000e+01,2.200000000000000000e+01
6.692000019951566969e+01,2.200000000000000000e+01,1.900000000000000000e+01
6.693000019954548918e+01,1.900000000000000000e+01,1.600000000000000000e+01
6.694000019957530867e+01,2.000000000000000000e+01,2.000000000000000000e+01
6.695000019960511395e+01,2.000000000000000000e+01,1.700000000000000000e+01
6.696000019963493344e+01,2.100000000000000000e+01,1.900000000000000000e+01
6.697000019966473872e+01,1.900000000000000000e+01,1.900000000000000000e+01
6.698000019969455821e+01,1.900000000000000000e+01,1.900000000000000000e+01
6.699000019972437769e+01,2.100000000000000000e+01,2.000000000000000000e+01
6.700000019975418297e+01,2.100000000000000000e+01,1.900000000000000000e+01
6.701000019978400246e+01,1.800000000000000000e+01,1.400000000000000000e+01
6.702000019981380774e+01,2.200000000000000000e+01,2.300000000000000000e+01
6.703000019984362723e+01,2.200000000000000000e+01,2.100000000000000000e+01
6.704000019987344672e+01,2.600000000000000000e+01,3.300000000000000000e+01
6.705000019990325200e+01,2.000000000000000000e+01,1.700000000000000000e+01
6.706000019993307149e+01,1.900000000000000000e+01,1.500000000000000000e+01
6.707000019996289097e+01,1.900000000000000000e+01,1.400000000000000000e+01
6.708000019999269625e+01,2.000000000000000000e+01,1.500000000000000000e+01
6.709000020002251574e+01,1.900000000000000000e+01,2.000000000000000000e+01
6.710000020005232102e+01,2.100000000000000000e+01,2.000000000000000000e+01
6.711000020008214051e+01,2.000000000000000000e+01,2.000000000000000000e+01
6.712000020011196000e+01,2.300000000000000000e+01,2.100000000000000000e+01
6.713000020014176528e+01,2.000000000000000000e+01,1.800000000000000000e+01
6.714000020017158477e+01,2.300000000000000000e+01,1.600000000000000000e+01
6.715000020020140425e+01,2.100000000000000000e+01,2.500000000000000000e+01
6.716000020023120953e+01,2.300000000000000000e+01,2.500000000000000000e+01
6.717000020026102902e+01,2.300000000000000000e+01,2.300000000000000000e+01
6.718000020029083430e+01,2.300000000000000000e+01,2.100000000000000000e+01
6.719000020032065379e+01,2.500000000000000000e+01,2.800000000000000000e+01
6.720000020035047328e+01,2.400000000000000000e+01,2.300000000000000000e+01
6.721000020038027856e+01,2.500000000000000000e+01,3.300000000000000000e+01
6.722000020041009805e+01,2.100000000000000000e+01,2.100000000000000000e+01
6.723000020043990332e+01,2.400000000000000000e+01,2.400000000000000000e+01
6.724000020046972281e+01,2.300000000000000000e+01,2.500000000000000000e+01
6.725000020049954230e+01,2.000000000000000000e+01,1.900000000000000000e+01
6.726000020052934758e+01,2.000000000000000000e+01,2.000000000000000000e+01
6.727000020055916707e+01,1.800000000000000000e+01,1.700000000000000000e+01
6.728000020058898656e+01,1.900000000000000000e+01,1.700000000000000000e+01
6.729000020061879184e+01,2.000000000000000000e+01,2.000000000000000000e+01
6.730000020064861133e+01,2.000000000000000000e+01,1.800000000000000000e+01
6.731000020067841660e+01,2.100000000000000000e+01,1.700000000000000000e+01
6.732000020070823609e+01,1.700000000000000000e+01,1.300000000000000000e+01
6.733000020073805558e+01,2.000000000000000000e+01,1.600000000000000000e+01
6.734000020076786086e+01,2.100000000000000000e+01,2.700000000000000000e+01
6.735000020079768035e+01,1.900000000000000000e+01,1.600000000000000000e+01
6.736000020082748563e+01,2.100000000000000000e+01,2.100000000000000000e+01
6.737000020085730512e+01,2.100000000000000000e+01,1.800000000000000000e+01
6.738000020088712461e+01,2.200000000000000000e+01,2.300000000000000000e+01
6.739000020091692988e+01,2.100000000000000000e+01,2.100000000000000000e+01
6.740000020094674937e+01,2.000000000000000000e+01,1.700000000000000000e+01
6.741000020097656886e+01,1.900000000000000000e+01,2.100000000000000000e+01
6.742000020100637414e+01,2.000000000000000000e+01,1.700000000000000000e+01
6.743000020103619363e+01,2.100000000000000000e+01,1.700000000000000000e+01
6.744000020106599891e+01,2.200000000000000000e+01,2.000000000000000000e+01
6.745000020109581840e+01,2.200000000000000000e+01,2.100000000000000000e+01
6.746000020112563789e+01,1.900000000000000000e+01,1.600000000000000000e+01
6.747000020115544316e+01,2.200000000000000000e+01,2.300000000000000000e+01
6.748000020118526265e+01,2.000000000000000000e+01,1.900000000000000000e+01
6.749000020121508214e+01,2.000000000000000000e+01,1.800000000000000000e+01
6.750000020124488742e+01,2.100000000000000000e+01,1.900000000000000000e+01
6.751000020127470691e+01,2.300000000000000000e+01,2.400000000000000000e+01
6.752000020130451219e+01,2.100000000000000000e+01,1.800000000000000000e+01
6.753000020133433168e+01,2.400000000000000000e+01,2.400000000000000000e+01
6.754000020136415117e+01,2.300000000000000000e+01,2.000000000000000000e+01
6.755000020139395644e+01,2.500000000000000000e+01,3.000000000000000000e+01
6.756000020142377593e+01,2.400000000000000000e+01,2.500000000000000000e+01
6.757000020145358121e+01,2.500000000000000000e+01,2.900000000000000000e+01
6.758000020148340070e+01,2.500000000000000000e+01,2.800000000000000000e+01
6.759000020151322019e+01,2.300000000000000000e+01,2.400000000000000000e+01
6.760000020154302547e+01,2.300000000000000000e+01,2.700000000000000000e+01
6.761000020157284496e+01,2.400000000000000000e+01,2.600000000000000000e+01
6.762000020160266445e+01,2.200000000000000000e+01,2.000000000000000000e+01
6.763000020163246973e+01,2.400000000000000000e+01,2.100000000000000000e+01
6.764000020166228921e+01,2.200000000000000000e+01,2.000000000000000000e+01
6.765000020169209449e+01,2.200000000000000000e+01,2.000000000000000000e+01
6.766000020172191398e+01,2.000000000000000000e+01,1.700000000000000000e+01
6.767000020175173347e+01,2.300000000000000000e+01,2.200000000000000000e+01
6.768000020178153875e+01,2.400000000000000000e+01,2.200000000000000000e+01
6.769000020181135824e+01,2.500000000000000000e+01,2.300000000000000000e+01
6.770000020184116352e+01,2.100000000000000000e+01,1.900000000000000000e+01
6.771000020187098301e+01,2.500000000000000000e+01,2.000000000000000000e+01
6.772000020190080249e+01,2.100000000000000000e+01,1.600000000000000000e+01
6.773000020193060777e+01,2.300000000000000000e+01,2.100000000000000000e+01
6.774000020196042726e+01,2.600000000000000000e+01,2.400000000000000000e+01
6.775000020199024675e+01,2.400000000000000000e+01,2.500000000000000000e+01
6.776000020202005203e+01,2.300000000000000000e+01,2.300000000000000000e+01
6.777000020204987152e+01,2.500000000000000000e+01,2.400000000000000000e+01
6.778000020207967680e+01,2.400000000000000000e+01,2.300000000000000000e+01
6.779000020210949629e+01,2.600000000000000000e+01,2.800000000000000000e+01
6.780000020213931577e+01,2.400000000000000000e+01,2.300000000000000000e+01
6.781000020216912105e+01,2.400000000000000000e+01,2.400000000000000000e+01
6.782000020219894054e+01,2.300000000000000000e+01,2.400000000000000000e+01
6.783000020222876003e+01,2.200000000000000000e+01,2.800000000000000000e+01
6.784000020225856531e+01,2.300000000000000000e+01,1.900000000000000000e+01
6.785000020228838480e+01,2.500000000000000000e+01,2.600000000000000000e+01
6.786000020231819008e+01,2.200000000000000000e+01,2.100000000000000000e+01
6.787000020234800957e+01,2.400000000000000000e+01,2.300000000000000000e+01
6.788000020237782905e+01,2.700000000000000000e+01,3.000000000000000000e+01
6.789000020240763433e+01,2.300000000000000000e+01,2.300000000000000000e+01
6.790000020243745382e+01,2.300000000000000000e+01,2.000000000000000000e+01
6.791000020246725910e+01,2.200000000000000000e+01,1.400000000000000000e+01
6.792000020249707859e+01,2.400000000000000000e+01,1.900000000000000000e+01
6.793000020252689808e+01,2.400000000000000000e+01,1.600000000000000000e+01
6.794000020255670336e+01,2.200000000000000000e+01,2.100000000000000000e+01
6.795000020258652285e+01,2.400000000000000000e+01,2.500000000000000000e+01
6.796000020261634234e+01,2.400000000000000000e+01,2.300000000000000000e+01
6.797000020264614761e+01,2.600000000000000000e+01,2.700000000000000000e+01
6.798000020267596710e+01,2.100000000000000000e+01,1.900000000000000000e+01
6.799000020270577238e+01,2.400000000000000000e+01,2.900000000000000000e+01
6.800000020273559187e+01,2.600000000000000000e+01,2.700000000000000000e+01
6.801000020276541136e+01,2.700000000000000000e+01,2.700000000000000000e+01
6.802000020279521664e+01,2.300000000000000000e+01,2.000000000000000000e+01
6.803000020282503613e+01,2.400000000000000000e+01,2.100000000000000000e+01
6.804000020285484140e+01,3.100000000000000000e+01,3.700000000000000000e+01
6.805000020288466089e+01,2.900000000000000000e+01,3.300000000000000000e+01
6.806000020291448038e+01,2.800000000000000000e+01,2.800000000000000000e+01
6.807000020294428566e+01,2.700000000000000000e+01,3.200000000000000000e+01
6.808000020297410515e+01,2.700000000000000000e+01,3.300000000000000000e+01
6.809000020300392464e+01,2.700000000000000000e+01,2.900000000000000000e+01
6.810000020303372992e+01,2.500000000000000000e+01,2.700000000000000000e+01
6.811000020306354941e+01,2.700000000000000000e+01,2.900000000000000000e+01
6.812000020309335468e+01,2.600000000000000000e+01,2.900000000000000000e+01
6.813000020312317417e+01,2.600000000000000000e+01,3.100000000000000000e+01
6.814000020315299366e+01,2.400000000000000000e+01,2.600000000000000000e+01
6.815000020318279894e+01,2.700000000000000000e+01,2.700000000000000000e+01
6.816000020321261843e+01,2.700000000000000000e+01,2.700000000000000000e+01
6.817000020324243792e+01,2.500000000000000000e+01,2.500000000000000000e+01
6.818000020327224320e+01,2.400000000000000000e+01,2.300000000000000000e+01
6.819000020330206269e+01,2.400000000000000000e+01,2.300000000000000000e+01
6.820000020333186797e+01,2.400000000000000000e+01,2.400000000000000000e+01
6.821000020336168745e+01,2.300000000000000000e+01,1.900000000000000000e+01
6.822000020339150694e+01,2.400000000000000000e+01,2.300000000000000000e+01
6.823000020342131222e+01,2.400000000000000000e+01,2.300000000000000000e+01
6.824000020345113171e+01,2.200000000000000000e+01,1.900000000000000000e+01
6.825000020348093699e+01,2.100000000000000000e+01,2.300000000000000000e+01
6.826000020351075648e+01,2.000000000000000000e+01,2.500000000000000000e+01
6.827000020354057597e+01,2.000000000000000000e+01,1.200000000000000000e+01
6.828000020357038125e+01,2.000000000000000000e+01,1.200000000000000000e+01
6.829000020360020073e+01,2.500000000000000000e+01,2.300000000000000000e+01
6.830000020363002022e+01,2.400000000000000000e+01,2.200000000000000000e+01
6.831000020365982550e+01,2.200000000000000000e+01,1.700000000000000000e+01
6.832000020368964499e+01,1.600000000000000000e+01,1.000000000000000000e+01
6.833000020371945027e+01,2.000000000000000000e+01,1.700000000000000000e+01
6.834000020374926976e+01,1.900000000000000000e+01,1.100000000000000000e+01
6.835000020377908925e+01,1.900000000000000000e+01,1.400000000000000000e+01
6.836000020380889453e+01,2.100000000000000000e+01,1.600000000000000000e+01
6.837000020383871401e+01,2.000000000000000000e+01,1.600000000000000000e+01
6.838000020386853350e+01,1.900000000000000000e+01,1.200000000000000000e+01
6.839000020389833878e+01,1.800000000000000000e+01,1.100000000000000000e+01
6.840000020392815827e+01,1.800000000000000000e+01,1.300000000000000000e+01
6.841000020395796355e+01,1.500000000000000000e+01,1.000000000000000000e+01
6.842000020398778304e+01,1.700000000000000000e+01,1.200000000000000000e+01
6.843000020401760253e+01,1.700000000000000000e+01,1.100000000000000000e+01
6.844000020404740781e+01,1.800000000000000000e+01,1.200000000000000000e+01
6.845000020407722729e+01,2.100000000000000000e+01,2.000000000000000000e+01
6.846000020410703257e+01,2.200000000000000000e+01,1.900000000000000000e+01
6.847000020413685206e+01,2.000000000000000000e+01,1.600000000000000000e+01
6.848000020416667155e+01,1.800000000000000000e+01,1.500000000000000000e+01
6.849000020419647683e+01,2.100000000000000000e+01,1.700000000000000000e+01
6.850000020422629632e+01,1.900000000000000000e+01,1.600000000000000000e+01
6.851000020425611581e+01,2.300000000000000000e+01,2.100000000000000000e+01
6.852000020428592109e+01,2.400000000000000000e+01,2.300000000000000000e+01
6.853000020431574058e+01,2.300000000000000000e+01,2.000000000000000000e+01
6.854000020434554585e+01,2.300000000000000000e+01,2.700000000000000000e+01
6.855000020437536534e+01,1.900000000000000000e+01,2.100000000000000000e+01
6.856000020440518483e+01,2.000000000000000000e+01,1.600000000000000000e+01
6.857000020443499011e+01,2.100000000000000000e+01,2.100000000000000000e+01
6.858000020446480960e+01,2.500000000000000000e+01,2.600000000000000000e+01
6.859000020449461488e+01,2.400000000000000000e+01,2.300000000000000000e+01
6.860000020452443437e+01,2.100000000000000000e+01,2.400000000000000000e+01
6.861000020455425386e+01,2.100000000000000000e+01,2.500000000000000000e+01
6.862000020458405913e+01,2.100000000000000000e+01,1.800000000000000000e+01
6.863000020461387862e+01,2.300000000000000000e+01,2.300000000000000000e+01
6.864000020464369811e+01,2.200000000000000000e+01,2.500000000000000000e+01
6.865000020467350339e+01,2.400000000000000000e+01,2.500000000000000000e+01
6.866000020470332288e+01,2.400000000000000000e+01,2.700000000000000000e+01
6.867000020473312816e+01,2.300000000000000000e+01,2.400000000000000000e+01
6.868000020476294765e+01,2.300000000000000000e+01,2.100000000000000000e+01
6.869000020479276714e+01,2.200000000000000000e+01,1.700000000000000000e+01
6.870000020482257241e+01,1.900000000000000000e+01,2.000000000000000000e+01
6.871000020485239190e+01,2.200000000000000000e+01,2.000000000000000000e+01
6.872000020488221139e+01,2.100000000000000000e+01,1.700000000000000000e+01
6.873000020491201667e+01,2.200000000000000000e+01,2.100000000000000000e+01
6.874000020494183616e+01,2.200000000000000000e+01,1.900000000000000000e+01
6.875000020497164144e+01,2.000000000000000000e+01,1.900000000000000000e+01
6.876000020500146093e+01,2.500000000000000000e+01,2.600000000000000000e+01
6.877000020503128042e+01,2.500000000000000000e+01,2.700000000000000000e+01
6.878000020506108569e+01,2.300000000000000000e+01,2.000000000000000000e+01
6.879000020509090518e+01,2.700000000000000000e+01,3.000000000000000000e+01
6.880000020512071046e+01,2.000000000000000000e+01,1.900000000000000000e+01
6.881000020515052995e+01,2.400000000000000000e+01,2.200000000000000000e+01
6.882000020518034944e+01,2.500000000000000000e+01,2.100000000000000000e+01
6.883000020521015472e+01,2.000000000000000000e+01,1.800000000000000000e+01
6.884000020523997421e+01,2.300000000000000000e+01,2.600000000000000000e+01
6.885000020526979370e+01,2.200000000000000000e+01,2.100000000000000000e+01
6.886000020529959897e+01,1.900000000000000000e+01,1.700000000000000000e+01
6.887000020532941846e+01,2.300000000000000000e+01,2.300000000000000000e+01
6.888000020535922374e+01,2.200000000000000000e+01,1.900000000000000000e+01
6.889000020538904323e+01,1.900000000000000000e+01,1.600000000000000000e+01
6.890000020541886272e+01,2.000000000000000000e+01,1.700000000000000000e+01
6.891000020544866800e+01,2.200000000000000000e+01,2.500000000000000000e+01
6.892000020547848749e+01,2.600000000000000000e+01,3.100000000000000000e+01
6.893000020550829277e+01,2.200000000000000000e+01,2.600000000000000000e+01
6.894000020553811225e+01,2.500000000000000000e+01,3.000000000000000000e+01
6.895000020556793174e+01,2.300000000000000000e+01,2.200000000000000000e+01
6.896000020559773702e+01,2.300000000000000000e+01,2.900000000000000000e+01
6.897000020562755651e+01,2.300000000000000000e+01,2.400000000000000000e+01
6.898000020565737600e+01,2.000000000000000000e+01,2.200000000000000000e+01
6.899000020568718128e+01,2.000000000000000000e+01,1.900000000000000000e+01
6.900000020571700077e+01,2.600000000000000000e+01,3.100000000000000000e+01
6.901000020574680605e+01,2.200000000000000000e+01,2.300000000000000000e+01
6.902000020577662553e+01,1.900000000000000000e+01,2.100000000000000000e+01
6.903000020580644502e+01,1.900000000000000000e+01,1.400000000000000000e+01
6.904000020583625030e+01,2.000000000000000000e+01,1.800000000000000000e+01
6.905000020586606979e+01,2.000000000000000000e+01,1.700000000000000000e+01
6.906000020589588928e+01,2.100000000000000000e+01,1.900000000000000000e+01
6.907000020592569456e+01,2.100000000000000000e+01,2.200000000000000000e+01
6.908000020595551405e+01,1.900000000000000000e+01,1.400000000000000000e+01
6.909000020598531933e+01,1.800000000000000000e+01,1.700000000000000000e+01
6.910000020601513882e+01,2.300000000000000000e+01,2.300000000000000000e+01
6.911000020604495830e+01,2.200000000000000000e+01,2.100000000000000000e+01
6.912000020607476358e+01,2.300000000000000000e+01,1.700000000000000000e+01
6.913000020610458307e+01,2.200000000000000000e+01,2.100000000000000000e+01
6.914000020613438835e+01,2.000000000000000000e+01,2.100000000000000000e+01
6.915000020616420784e+01,2.000000000000000000e+01,2.100000000000000000e+01
6.916000020619402733e+01,1.900000000000000000e+01,1.400000000000000000e+01
6.917000020622383261e+01,2.000000000000000000e+01,2.300000000000000000e+01
6.918000020625365210e+01,2.100000000000000000e+01,2.100000000000000000e+01
6.919000020628347158e+01,2.000000000000000000e+01,1.600000000000000000e+01
6.920000020631327686e+01,1.900000000000000000e+01,1.800000000000000000e+01
6.921000020634309635e+01,1.700000000000000000e+01,1.700000000000000000e+01
6.922000020637290163e+01,2.000000000000000000e+01,1.800000000000000000e+01
6.923000020640272112e+01,2.000000000000000000e+01,1.600000000000000000e+01
6.924000020643254061e+01,2.100000000000000000e+01,2.400000000000000000e+01
6.925000020646234589e+01,1.800000000000000000e+01,1.600000000000000000e+01
6.926000020649216538e+01,2.000000000000000000e+01,2.000000000000000000e+01
6.927000020652197065e+01,2.100000000000000000e+01,2.200000000000000000e+01
6.928000020655179014e+01,2.100000000000000000e+01,2.000000000000000000e+01
6.929000020658160963e+01,1.900000000000000000e+01,1.700000000000000000e+01
6.930000020661141491e+01,1.900000000000000000e+01,1.600000000000000000e+01
6.931000020664123440e+01,1.900000000000000000e+01,1.800000000000000000e+01
6.932000020667105389e+01,1.900000000000000000e+01,1.800000000000000000e+01
6.933000020670085917e+01,2.000000000000000000e+01,1.700000000000000000e+01
6.934000020673067866e+01,1.900000000000000000e+01,1.500000000000000000e+01
6.935000020676048393e+01,1.700000000000000000e+01,1.000000000000000000e+01
6.936000020679030342e+01,1.700000000000000000e+01,1.000000000000000000e+01
6.937000020682012291e+01,1.800000000000000000e+01,1.000000000000000000e+01
6.938000020684992819e+01,1.700000000000000000e+01,1.500000000000000000e+01
6.939000020687974768e+01,2.000000000000000000e+01,1.800000000000000000e+01
6.940000020690956717e+01,1.900000000000000000e+01,1.500000000000000000e+01
6.941000020693937245e+01,1.600000000000000000e+01,1.300000000000000000e+01
6.942000020696919194e+01,1.900000000000000000e+01,1.700000000000000000e+01
6.943000020699899721e+01,1.700000000000000000e+01,1.500000000000000000e+01
6.944000020702881670e+01,1.800000000000000000e+01,1.800000000000000000e+01
6.945000020705863619e+01,1.800000000000000000e+01,1.900000000000000000e+01
6.946000020708844147e+01,1.800000000000000000e+01,1.400000000000000000e+01
6.947000020711826096e+01,1.700000000000000000e+01,1.500000000000000000e+01
6.948000020714806624e+01,2.000000000000000000e+01,1.700000000000000000e+01
6.949000020717788573e+01,1.900000000000000000e+01,1.300000000000000000e+01
6.950000020720770522e+01,1.900000000000000000e+01,1.500000000000000000e+01
6.951000020723751049e+01,2.000000000000000000e+01,2.200000000000000000e+01
6.952000020726732998e+01,1.800000000000000000e+01,1.400000000000000000e+01
6.953000020729714947e+01,1.900000000000000000e+01,1.500000000000000000e+01
6.954000020732695475e+01,1.900000000000000000e+01,1.600000000000000000e+01
6.955000020735677424e+01,2.000000000000000000e+01,1.600000000000000000e+01
6.956000020738657952e+01,1.600000000000000000e+01,1.200000000000000000e+01
6.957000020741639901e+01,2.000000000000000000e+01,1.700000000000000000e+01
6.958000020744621850e+01,2.300000000000000000e+01,2.000000000000000000e+01
6.959000020747602377e+01,2.100000000000000000e+01,1.800000000000000000e+01
6.960000020750584326e+01,1.900000000000000000e+01,1.700000000000000000e+01
6.961000020753564854e+01,2.100000000000000000e+01,1.800000000000000000e+01
6.962000020756546803e+01,2.200000000000000000e+01,1.900000000000000000e+01
6.963000020759528752e+01,2.200000000000000000e+01,2.100000000000000000e+01
6.964000020762509280e+01,2.100000000000000000e+01,2.300000000000000000e+01
6.965000020765491229e+01,2.100000000000000000e+01,1.800000000000000000e+01
6.966000020768473178e+01,1.800000000000000000e+01,1.600000000000000000e+01
6.967000020771453705e+01,1.900000000000000000e+01,1.800000000000000000e+01
6.968000020774435654e+01,1.900000000000000000e+01,1.800000000000000000e+01
6.969000020777416182e+01,1.800000000000000000e+01,2.000000000000000000e+01
6.970000020780398131e+01,1.700000000000000000e+01,1.300000000000000000e+01
6.971000020783380080e+01,1.800000000000000000e+01,1.900000000000000000e+01
6.972000020786360608e+01,1.700000000000000000e+01,1.600000000000000000e+01
6.973000020789342557e+01,1.800000000000000000e+01,1.900000000000000000e+01
6.974000020792324506e+01,1.700000000000000000e+01,1.500000000000000000e+01
6.975000020795305034e+01,1.600000000000000000e+01,1.500000000000000000e+01
6.976000020798286982e+01,1.800000000000000000e+01,1.500000000000000000e+01
6.977000020801267510e+01,1.700000000000000000e+01,1.200000000000000000e+01
6.978000020804249459e+01,1.700000000000000000e+01,1.200000000000000000e+01
6.979000020807231408e+01,1.700000000000000000e+01,1.100000000000000000e+01
6.980000020810211936e+01,2.000000000000000000e+01,1.800000000000000000e+01
6.981000020813193885e+01,2.000000000000000000e+01,1.500000000000000000e+01
6.982000020816174413e+01,2.000000000000000000e+01,1.500000000000000000e+01
6.983000020819156362e+01,1.900000000000000000e+01,1.300000000000000000e+01
6.984000020822138310e+01,1.700000000000000000e+01,1.400000000000000000e+01
6.985000020825118838e+01,1.500000000000000000e+01,1.000000000000000000e+01
6.986000020828100787e+01,1.500000000000000000e+01,9.000000000000000000e+00
6.987000020831082736e+01,1.800000000000000000e+01,1.700000000000000000e+01
6.988000020834063264e+01,1.900000000000000000e+01,1.800000000000000000e+01
6.989000020837045213e+01,1.900000000000000000e+01,1.500000000000000000e+01
6.990000020840025741e+01,1.900000000000000000e+01,1.400000000000000000e+01
6.991000020843007690e+01,1.800000000000000000e+01,1.300000000000000000e+01
6.992000020845989638e+01,2.000000000000000000e+01,1.700000000000000000e+01
6.993000020848970166e+01,1.800000000000000000e+01,1.600000000000000000e+01
6.994000020851952115e+01,1.900000000000000000e+01,1.500000000000000000e+01
6.995000020854932643e+01,1.700000000000000000e+01,1.000000000000000000e+01
6.996000020857914592e+01,2.100000000000000000e+01,1.800000000000000000e+01
6.997000020860896541e+01,1.800000000000000000e+01,1.100000000000000000e+01
6.998000020863877069e+01,1.900000000000000000e+01,1.600000000000000000e+01
6.999000020866859018e+01,1.700000000000000000e+01,1.200000000000000000e+01
7.000000020869840966e+01,1.700000000000000000e+01,9.000000000000000000e+00
7.001000020872821494e+01,1.700000000000000000e+01,1.200000000000000000e+01
7.002000020875803443e+01,1.700000000000000000e+01,1.000000000000000000e+01
7.003000020878783971e+01,2.000000000000000000e+01,1.400000000000000000e+01
7.004000020881765920e+01,2.000000000000000000e+01,1.500000000000000000e+01
7.005000020884747869e+01,1.700000000000000000e+01,1.100000000000000000e+01
7.006000020887728397e+01,1.900000000000000000e+01,1.500000000000000000e+01
7.007000020890710346e+01,2.000000000000000000e+01,1.200000000000000000e+01
7.008000020893692295e+01,1.900000000000000000e+01,1.300000000000000000e+01
7.009000020896672822e+01,2.000000000000000000e+01,1.300000000000000000e+01
7.010000020899654771e+01,1.900000000000000000e+01,1.300000000000000000e+01
7.011000020902635299e+01,1.900000000000000000e+01,1.500000000000000000e+01
7.012000020905617248e+01,2.000000000000000000e+01,1.300000000000000000e+01
7.013000020908599197e+01,1.900000000000000000e+01,1.300000000000000000e+01
7.014000020911579725e+01,1.600000000000000000e+01,1.000000000000000000e+01
7.015000020914561674e+01,1.800000000000000000e+01,1.200000000000000000e+01
7.016000020917542201e+01,1.700000000000000000e+01,1.100000000000000000e+01
7.017000020920524150e+01,1.900000000000000000e+01,1.300000000000000000e+01
7.018000020923506099e+01,2.100000000000000000e+01,1.100000000000000000e+01
7.019000020926486627e+01,2.000000000000000000e+01,1.500000000000000000e+01
7.020000020929468576e+01,2.100000000000000000e+01,1.500000000000000000e+01
7.021000020932450525e+01,2.200000000000000000e+01,1.600000000000000000e+01
7.022000020935431053e+01,2.000000000000000000e+01,1.800000000000000000e+01
7.023000020938413002e+01,2.300000000000000000e+01,2.000000000000000000e+01
7.024000020941393529e+01,2.200000000000000000e+01,1.300000000000000000e+01
7.025000020944375478e+01,2.400000000000000000e+01,1.600000000000000000e+01
7.026000020947357427e+01,2.100000000000000000e+01,1.300000000000000000e+01
7.027000020950337955e+01,1.900000000000000000e+01,1.000000000000000000e+01
7.028000020953319904e+01,1.900000000000000000e+01,1.600000000000000000e+01
7.029000020956301853e+01,2.000000000000000000e+01,1.600000000000000000e+01
7.030000020959282381e+01,2.100000000000000000e+01,1.700000000000000000e+01
7.031000020962264330e+01,2.300000000000000000e+01,1.800000000000000000e+01
7.032000020965244858e+01,1.900000000000000000e+01,1.400000000000000000e+01
7.033000020968226806e+01,2.300000000000000000e+01,1.700000000000000000e+01
7.034000020971208755e+01,1.900000000000000000e+01,1.300000000000000000e+01
7.035000020974189283e+01,2.300000000000000000e+01,2.400000000000000000e+01
7.036000020977171232e+01,2.000000000000000000e+01,1.500000000000000000e+01
7.037000020980151760e+01,2.200000000000000000e+01,2.100000000000000000e+01
7.038000020983133709e+01,2.000000000000000000e+01,1.800000000000000000e+01
7.039000020986115658e+01,2.000000000000000000e+01,1.500000000000000000e+01
7.040000020989096186e+01,2.200000000000000000e+01,1.400000000000000000e+01
7.041000020992078134e+01,2.000000000000000000e+01,1.200000000000000000e+01
7.042000020995060083e+01,1.900000000000000000e+01,1.300000000000000000e+01
7.043000020998040611e+01,2.000000000000000000e+01,1.500000000000000000e+01
7.044000021001022560e+01,1.800000000000000000e+01,1.300000000000000000e+01
7.045000021004003088e+01,1.900000000000000000e+01,1.200000000000000000e+01
7.046000021006985037e+01,2.100000000000000000e+01,1.300000000000000000e+01
7.047000021009966986e+01,1.700000000000000000e+01,1.300000000000000000e+01
7.048000021012947514e+01,1.800000000000000000e+01,1.600000000000000000e+01
7.049000021015929462e+01,1.700000000000000000e+01,1.300000000000000000e+01
7.050000021018909990e+01,2.100000000000000000e+01,1.400000000000000000e+01
7.051000021021891939e+01,1.900000000000000000e+01,1.100000000000000000e+01
7.052000021024873888e+01,1.600000000000000000e+01,1.100000000000000000e+01
7.053000021027854416e+01,2.000000000000000000e+01,1.400000000000000000e+01
7.054000021030836365e+01,1.700000000000000000e+01,1.200000000000000000e+01
7.055000021033818314e+01,1.700000000000000000e+01,1.400000000000000000e+01
7.056000021036798842e+01,2.200000000000000000e+01,2.100000000000000000e+01
7.057000021039780790e+01,2.200000000000000000e+01,2.100000000000000000e+01
7.058000021042761318e+01,2.300000000000000000e+01,1.900000000000000000e+01
7.059000021045743267e+01,2.200000000000000000e+01,1.900000000000000000e+01
7.060000021048725216e+01,2.100000000000000000e+01,1.700000000000000000e+01
7.061000021051705744e+01,1.600000000000000000e+01,7.000000000000000000e+00
7.062000021054687693e+01,1.800000000000000000e+01,1.200000000000000000e+01
7.063000021057669642e+01,2.100000000000000000e+01,1.600000000000000000e+01
7.064000021060650170e+01,1.900000000000000000e+01,1.500000000000000000e+01
7.065000021063632119e+01,2.200000000000000000e+01,2.000000000000000000e+01
7.066000021066612646e+01,2.200000000000000000e+01,1.800000000000000000e+01
7.067000021069594595e+01,2.100000000000000000e+01,1.700000000000000000e+01
7.068000021072576544e+01,2.000000000000000000e+01,1.400000000000000000e+01
7.069000021075557072e+01,1.900000000000000000e+01,1.400000000000000000e+01
7.070000021078539021e+01,2.100000000000000000e+01,1.500000000000000000e+01
7.071000021081519549e+01,2.100000000000000000e+01,1.600000000000000000e+01
7.072000021084501498e+01,1.900000000000000000e+01,1.400000000000000000e+01
7.073000021087483447e+01,1.700000000000000000e+01,1.200000000000000000e+01
7.074000021090463974e+01,1.900000000000000000e+01,1.500000000000000000e+01
7.075000021093445923e+01,1.900000000000000000e+01,1.400000000000000000e+01
7.076000021096427872e+01,2.000000000000000000e+01,1.100000000000000000e+01
7.077000021099408400e+01,1.700000000000000000e+01,1.400000000000000000e+01
7.078000021102390349e+01,1.600000000000000000e+01,1.100000000000000000e+01
7.079000021105370877e+01,1.700000000000000000e+01,1.600000000000000000e+01
7.080000021108352826e+01,1.800000000000000000e+01,1.500000000000000000e+01
7.081000021111334775e+01,1.800000000000000000e+01,1.300000000000000000e+01
7.082000021114315302e+01,1.900000000000000000e+01,1.800000000000000000e+01
7.083000021117297251e+01,1.800000000000000000e+01,1.700000000000000000e+01
7.084000021120277779e+01,1.800000000000000000e+01,1.400000000000000000e+01
7.085000021123259728e+01,1.800000000000000000e+01,1.400000000000000000e+01
7.086000021126241677e+01,1.600000000000000000e+01,1.100000000000000000e+01
7.087000021129222205e+01,2.100000000000000000e+01,1.600000000000000000e+01
7.088000021132204154e+01,2.000000000000000000e+01,1.500000000000000000e+01
7.089000021135186103e+01,1.800000000000000000e+01,1.600000000000000000e+01
7.090000021138166630e+01,2.100000000000000000e+01,1.900000000000000000e+01
7.091000021141148579e+01,1.700000000000000000e+01,1.700000000000000000e+01
7.092000021144129107e+01,1.900000000000000000e+01,1.500000000000000000e+01
7.093000021147111056e+01,1.900000000000000000e+01,1.400000000000000000e+01
7.094000021150093005e+01,1.900000000000000000e+01,1.600000000000000000e+01
7.095000021153073533e+01,1.900000000000000000e+01,1.400000000000000000e+01
7.096000021156055482e+01,1.400000000000000000e+01,8.000000000000000000e+00
7.097000021159037431e+01,1.900000000000000000e+01,1.700000000000000000e+01
7.098000021162017958e+01,1.600000000000000000e+01,1.100000000000000000e+01
7.099000021164999907e+01,2.000000000000000000e+01,1.600000000000000000e+01
7.100000021167980435e+01,2.000000000000000000e+01,1.300000000000000000e+01
7.101000021170962384e+01,1.600000000000000000e+01,9.000000000000000000e+00
7.102000021173944333e+01,2.100000000000000000e+01,1.300000000000000000e+01
7.103000021176924861e+01,2.000000000000000000e+01,1.400000000000000000e+01
7.104000021179906810e+01,2.100000000000000000e+01,1.500000000000000000e+01
7.105000021182887338e+01,1.800000000000000000e+01,1.200000000000000000e+01
7.106000021185869286e+01,1.700000000000000000e+01,1.200000000000000000e+01
7.107000021188851235e+01,1.800000000000000000e+01,1.100000000000000000e+01
7.108000021191831763e+01,1.900000000000000000e+01,1.100000000000000000e+01
7.109000021194813712e+01,1.900000000000000000e+01,1.300000000000000000e+01
7.110000021197795661e+01,1.600000000000000000e+01,1.300000000000000000e+01
7.111000021200776189e+01,1.800000000000000000e+01,1.400000000000000000e+01
7.112000021203758138e+01,2.000000000000000000e+01,1.600000000000000000e+01
7.113000021206738666e+01,1.800000000000000000e+01,1.500000000000000000e+01
7.114000021209720614e+01,1.700000000000000000e+01,1.500000000000000000e+01
7.115000021212702563e+01,1.800000000000000000e+01,1.700000000000000000e+01
7.116000021215683091e+01,1.900000000000000000e+01,1.400000000000000000e+01
7.117000021218665040e+01,2.100000000000000000e+01,1.600000000000000000e+01
7.118000021221645568e+01,1.600000000000000000e+01,1.300000000000000000e+01
7.119000021224627517e+01,1.700000000000000000e+01,1.200000000000000000e+01
7.120000021227609466e+01,1.900000000000000000e+01,1.400000000000000000e+01
7.121000021230589994e+01,1.800000000000000000e+01,1.300000000000000000e+01
7.122000021233571943e+01,1.800000000000000000e+01,1.500000000000000000e+01
7.123000021236553891e+01,2.000000000000000000e+01,1.600000000000000000e+01
7.124000021239534419e+01,2.000000000000000000e+01,1.500000000000000000e+01
7.125000021242516368e+01,1.800000000000000000e+01,1.500000000000000000e+01
7.126000021245496896e+01,2.000000000000000000e+01,1.200000000000000000e+01
7.127000021248478845e+01,1.900000000000000000e+01,1.300000000000000000e+01
7.128000021251460794e+01,1.700000000000000000e+01,1.000000000000000000e+01
7.129000021254441322e+01,1.900000000000000000e+01,1.500000000000000000e+01
7.130000021257423271e+01,1.700000000000000000e+01,1.100000000000000000e+01
7.131000021260405219e+01,2.000000000000000000e+01,1.800000000000000000e+01
7.132000021263385747e+01,1.800000000000000000e+01,1.500000000000000000e+01
7.133000021266367696e+01,2.000000000000000000e+01,1.500000000000000000e+01
7.134000021269348224e+01,1.800000000000000000e+01,1.500000000000000000e+01
7.135000021272330173e+01,1.600000000000000000e+01,1.300000000000000000e+01
7.136000021275312122e+01,1.700000000000000000e+01,1.400000000000000000e+01
7.137000021278292650e+01,1.700000000000000000e+01,1.400000000000000000e+01
7.138000021281274599e+01,1.600000000000000000e+01,1.200000000000000000e+01
7.139000021284255126e+01,1.600000000000000000e+01,1.200000000000000000e+01
7.140000021287237075e+01,1.900000000000000000e+01,1.500000000000000000e+01
7.141000021290219024e+01,1.900000000000000000e+01,1.300000000000000000e+01
7.142000021293199552e+01,1.700000000000000000e+01,1.300000000000000000e+01
7.143000021296181501e+01,1.700000000000000000e+01,1.100000000000000000e+01
7.144000021299163450e+01,1.600000000000000000e+01,1.000000000000000000e+01
7.145000021302143978e+01,1.800000000000000000e+01,1.100000000000000000e+01
7.146000021305125927e+01,1.700000000000000000e+01,1.300000000000000000e+01
7.147000021308106454e+01,1.800000000000000000e+01,1.400000000000000000e+01
7.148000021311088403e+01,1.800000000000000000e+01,1.400000000000000000e+01
7.149000021314070352e+01,1.900000000000000000e+01,1.500000000000000000e+01
7.150000021317050880e+01,1.800000000000000000e+01,1.200000000000000000e+01
7.151000021320032829e+01,1.900000000000000000e+01,1.700000000000000000e+01
7.152000021323013357e+01,1.700000000000000000e+01,1.200000000000000000e+01
7.153000021325995306e+01,1.700000000000000000e+01,1.400000000000000000e+01
7.154000021328977255e+01,1.900000000000000000e+01,1.200000000000000000e+01
7.155000021331957782e+01,1.900000000000000000e+01,1.400000000000000000e+01
7.156000021334939731e+01,1.500000000000000000e+01,1.000000000000000000e+01
7.157000021337921680e+01,1.800000000000000000e+01,1.300000000000000000e+01
7.158000021340902208e+01,1.700000000000000000e+01,1.300000000000000000e+01
7.159000021343884157e+01,1.900000000000000000e+01,1.400000000000000000e+01
7.160000021346864685e+01,1.800000000000000000e+01,1.400000000000000000e+01
7.161000021349846634e+01,1.800000000000000000e+01,1.300000000000000000e+01
7.162000021352828583e+01,2.000000000000000000e+01,1.500000000000000000e+01
7.163000021355809110e+01,2.100000000000000000e+01,1.400000000000000000e+01
7.164000021358791059e+01,2.000000000000000000e+01,1.300000000000000000e+01
7.165000021361773008e+01,2.100000000000000000e+01,1.800000000000000000e+01
7.166000021364753536e+01,1.900000000000000000e+01,1.700000000000000000e+01
7.167000021367735485e+01,2.100000000000000000e+01,2.000000000000000000e+01
7.168000021370716013e+01,1.900000000000000000e+01,1.700000000000000000e+01
7.169000021373697962e+01,1.900000000000000000e+01,1.700000000000000000e+01
7.170000021376679911e+01,1.700000000000000000e+01,1.300000000000000000e+01
7.171000021379660438e+01,2.200000000000000000e+01,2.300000000000000000e+01
7.172000021382642387e+01,1.900000000000000000e+01,1.300000000000000000e+01
7.173000021385622915e+01,1.900000000000000000e+01,1.200000000000000000e+01
7.174000021388604864e+01,1.700000000000000000e+01,1.300000000000000000e+01
7.175000021391586813e+01,1.700000000000000000e+01,1.100000000000000000e+01
7.176000021394567341e+01,2.000000000000000000e+01,1.600000000000000000e+01
7.177000021397549290e+01,1.900000000000000000e+01,2.000000000000000000e+01
7.178000021400531239e+01,1.900000000000000000e+01,1.500000000000000000e+01
7.179000021403511766e+01,1.900000000000000000e+01,1.600000000000000000e+01
7.180000021406493715e+01,2.100000000000000000e+01,1.700000000000000000e+01
7.181000021409474243e+01,1.700000000000000000e+01,9.000000000000000000e+00
7.182000021412456192e+01,1.600000000000000000e+01,1.100000000000000000e+01
7.183000021415438141e+01,1.700000000000000000e+01,1.000000000000000000e+01
7.184000021418418669e+01,1.600000000000000000e+01,9.000000000000000000e+00
7.185000021421400618e+01,2.000000000000000000e+01,2.000000000000000000e+01
7.186000021424381146e+01,1.900000000000000000e+01,1.600000000000000000e+01
7.187000021427363095e+01,1.600000000000000000e+01,1.300000000000000000e+01
7.188000021430345043e+01,1.700000000000000000e+01,1.000000000000000000e+01
7.189000021433325571e+01,1.600000000000000000e+01,1.200000000000000000e+01
7.190000021436307520e+01,1.700000000000000000e+01,1.300000000000000000e+01
7.191000021439289469e+01,1.400000000000000000e+01,1.200000000000000000e+01
7.192000021442269997e+01,1.600000000000000000e+01,1.200000000000000000e+01
7.193000021445251946e+01,1.900000000000000000e+01,1.900000000000000000e+01
7.194000021448232474e+01,1.700000000000000000e+01,1.400000000000000000e+01
7.195000021451214423e+01,1.700000000000000000e+01,1.300000000000000000e+01
7.196000021454196371e+01,1.600000000000000000e+01,1.100000000000000000e+01
7.197000021457176899e+01,1.700000000000000000e+01,1.200000000000000000e+01
7.198000021460158848e+01,1.700000000000000000e+01,1.200000000000000000e+01
7.199000021463140797e+01,1.800000000000000000e+01,1.300000000000000000e+01
7.200000021466121325e+01,1.700000000000000000e+01,1.300000000000000000e+01
7.201000021469103274e+01,1.600000000000000000e+01,1.000000000000000000e+01
7.202000021472083802e+01,1.800000000000000000e+01,1.100000000000000000e+01
7.203000021475065751e+01,1.600000000000000000e+01,1.100000000000000000e+01
7.204000021478047699e+01,1.500000000000000000e+01,1.000000000000000000e+01
7.205000021481028227e+01,1.700000000000000000e+01,1.300000000000000000e+01
7.206000021484010176e+01,1.800000000000000000e+01,1.300000000000000000e+01
7.207000021486990704e+01,1.900000000000000000e+01,1.700000000000000000e+01
7.208000021489972653e+01,1.700000000000000000e+01,1.200000000000000000e+01
7.209000021492954602e+01,1.500000000000000000e+01,1.100000000000000000e+01
7.210000021495935130e+01,1.700000000000000000e+01,1.200000000000000000e+01
7.211000021498917079e+01,2.000000000000000000e+01,1.400000000000000000e+01
7.212000021501899027e+01,1.600000000000000000e+01,1.200000000000000000e+01
7.213000021504879555e+01,1.800000000000000000e+01,1.100000000000000000e+01
7.214000021507861504e+01,1.600000000000000000e+01,1.100000000000000000e+01
7.215000021510842032e+01,1.500000000000000000e+01,9.000000000000000000e+00
7.216000021513823981e+01,1.500000000000000000e+01,1.100000000000000000e+01
7.217000021516805930e+01,1.400000000000000000e+01,1.000000000000000000e+01
7.218000021519786458e+01,1.700000000000000000e+01,1.400000000000000000e+01
7.219000021522768407e+01,1.600000000000000000e+01,1.100000000000000000e+01
7.220000021525750356e+01,1.900000000000000000e+01,1.300000000000000000e+01
7.221000021528730883e+01,2.000000000000000000e+01,1.700000000000000000e+01
7.222000021531712832e+01,1.500000000000000000e+01,1.100000000000000000e+01
7.223000021534693360e+01,1.800000000000000000e+01,1.100000000000000000e+01
7.224000021537675309e+01,1.800000000000000000e+01,1.500000000000000000e+01
7.225000021540657258e+01,1.800000000000000000e+01,1.400000000000000000e+01
7.226000021543637786e+01,1.700000000000000000e+01,1.100000000000000000e+01
7.227000021546619735e+01,1.700000000000000000e+01,1.400000000000000000e+01
7.228000021549600262e+01,1.800000000000000000e+01,1.600000000000000000e+01
7.229000021552582211e+01,1.700000000000000000e+01,1.400000000000000000e+01
7.230000021555564160e+01,1.700000000000000000e+01,1.000000000000000000e+01
7.231000021558544688e+01,1.900000000000000000e+01,1.500000000000000000e+01
7.232000021561526637e+01,1.700000000000000000e+01,1.400000000000000000e+01
7.233000021564508586e+01,1.900000000000000000e+01,1.400000000000000000e+01
7.234000021567489114e+01,1.700000000000000000e+01,1.100000000000000000e+01
7.235000021570471063e+01,1.900000000000000000e+01,1.100000000000000000e+01
7.236000021573451590e+01,1.600000000000000000e+01,1.200000000000000000e+01
7.237000021576433539e+01,1.700000000000000000e+01,1.300000000000000000e+01
7.238000021579415488e+01,1.800000000000000000e+01,1.500000000000000000e+01
7.239000021582396016e+01,1.800000000000000000e+01,1.400000000000000000e+01
7.240000021585377965e+01,1.900000000000000000e+01,1.700000000000000000e+01
7.241000021588358493e+01,1.900000000000000000e+01,1.600000000000000000e+01
7.242000021591340442e+01,1.900000000000000000e+01,1.500000000000000000e+01
7.243000021594322391e+01,1.700000000000000000e+01,1.500000000000000000e+01
7.244000021597302919e+01,1.900000000000000000e+01,1.300000000000000000e+01
7.245000021600284867e+01,1.600000000000000000e+01,1.200000000000000000e+01
7.246000021603266816e+01,1.900000000000000000e+01,1.800000000000000000e+01
7.247000021606247344e+01,1.700000000000000000e+01,1.200000000000000000e+01
7.248000021609229293e+01,1.800000000000000000e+01,1.300000000000000000e+01
7.249000021612209821e+01,1.900000000000000000e+01,1.800000000000000000e+01
7.250000021615191770e+01,1.600000000000000000e+01,1.200000000000000000e+01
7.251000021618173719e+01,1.800000000000000000e+01,1.500000000000000000e+01
7.252000021621154247e+01,1.800000000000000000e+01,1.600000000000000000e+01
7.253000021624136195e+01,1.900000000000000000e+01,1.700000000000000000e+01
7.254000021627118144e+01,2.000000000000000000e+01,1.700000000000000000e+01
7.255000021630098672e+01,2.000000000000000000e+01,1.500000000000000000e+01
7.256000021633080621e+01,1.800000000000000000e+01,1.500000000000000000e+01
7.257000021636061149e+01,2.000000000000000000e+01,1.700000000000000000e+01
7.258000021639043098e+01,1.800000000000000000e+01,1.600000000000000000e+01
7.259000021642025047e+01,1.900000000000000000e+01,1.200000000000000000e+01
7.260000021645005575e+01,1.900000000000000000e+01,1.500000000000000000e+01
7.261000021647987523e+01,2.100000000000000000e+01,1.900000000000000000e+01
7.262000021650968051e+01,1.800000000000000000e+01,1.300000000000000000e+01
7.263000021653950000e+01,2.100000000000000000e+01,1.900000000000000000e+01
7.264000021656931949e+01,1.900000000000000000e+01,1.400000000000000000e+01
7.265000021659912477e+01,1.900000000000000000e+01,1.600000000000000000e+01
7.266000021662894426e+01,2.000000000000000000e+01,1.500000000000000000e+01
7.267000021665876375e+01,1.800000000000000000e+01,1.300000000000000000e+01
7.268000021668856903e+01,1.900000000000000000e+01,1.400000000000000000e+01
7.269000021671838851e+01,1.800000000000000000e+01,1.400000000000000000e+01
7.270000021674819379e+01,1.700000000000000000e+01,1.200000000000000000e+01
7.271000021677801328e+01,1.500000000000000000e+01,1.200000000000000000e+01
7.272000021680783277e+01,1.800000000000000000e+01,1.300000000000000000e+01
7.273000021683763805e+01,1.900000000000000000e+01,1.500000000000000000e+01
7.274000021686745754e+01,1.800000000000000000e+01,1.400000000000000000e+01
7.275000021689726282e+01,1.700000000000000000e+01,1.400000000000000000e+01
7.276000021692708231e+01,1.800000000000000000e+01,1.100000000000000000e+01
7.277000021695690180e+01,1.800000000000000000e+01,1.200000000000000000e+01
7.278000021698670707e+01,1.600000000000000000e+01,1.500000000000000000e+01
7.279000021701652656e+01,1.900000000000000000e+01,1.500000000000000000e+01
7.280000021704634605e+01,1.600000000000000000e+01,1.100000000000000000e+01
7.281000021707615133e+01,1.900000000000000000e+01,1.200000000000000000e+01
7.282000021710597082e+01,1.600000000000000000e+01,1.400000000000000000e+01
7.283000021713577610e+01,1.800000000000000000e+01,1.600000000000000000e+01
7.284000021716559559e+01,1.700000000000000000e+01,1.600000000000000000e+01
7.285000021719541508e+01,1.600000000000000000e+01,1.400000000000000000e+01
7.286000021722522035e+01,1.700000000000000000e+01,1.500000000000000000e+01
7.287000021725503984e+01,1.800000000000000000e+01,1.700000000000000000e+01
7.288000021728485933e+01,1.800000000000000000e+01,1.200000000000000000e+01
7.289000021731466461e+01,1.800000000000000000e+01,1.500000000000000000e+01
7.290000021734448410e+01,1.700000000000000000e+01,1.500000000000000000e+01
7.291000021737428938e+01,1.500000000000000000e+01,1.100000000000000000e+01
7.292000021740410887e+01,1.600000000000000000e+01,1.100000000000000000e+01
7.293000021743392836e+01,1.800000000000000000e+01,1.100000000000000000e+01
7.294000021746373363e+01,1.800000000000000000e+01,1.400000000000000000e+01
7.295000021749355312e+01,1.800000000000000000e+01,1.500000000000000000e+01
7.296000021752335840e+01,1.900000000000000000e+01,1.700000000000000000e+01
7.297000021755317789e+01,1.500000000000000000e+01,8.000000000000000000e+00
7.298000021758299738e+01,1.700000000000000000e+01,1.300000000000000000e+01
7.299000021761280266e+01,1.800000000000000000e+01,1.200000000000000000e+01
7.300000021764262215e+01,1.600000000000000000e+01,1.400000000000000000e+01
7.301000021767244164e+01,1.600000000000000000e+01,1.000000000000000000e+01
7.302000021770224691e+01,1.700000000000000000e+01,9.000000000000000000e+00
7.303000021773206640e+01,1.900000000000000000e+01,1.200000000000000000e+01
7.304000021776187168e+01,1.600000000000000000e+01,1.100000000000000000e+01
7.305000021779169117e+01,1.700000000000000000e+01,1.600000000000000000e+01
7.306000021782151066e+01,1.500000000000000000e+01,9.000000000000000000e+00
7.307000021785131594e+01,1.400000000000000000e+01,1.100000000000000000e+01
7.308000021788113543e+01,1.500000000000000000e+01,1.000000000000000000e+01
7.309000021791094071e+01,1.500000000000000000e+01,8.000000000000000000e+00
7.310000021794076019e+01,1.500000000000000000e+01,1.000000000000000000e+01
7.311000021797057968e+01,1.600000000000000000e+01,1.100000000000000000e+01
7.312000021800038496e+01,1.600000000000000000e+01,1.000000000000000000e+01
7.313000021803020445e+01,1.900000000000000000e+01,1.400000000000000000e+01
7.314000021806002394e+01,1.800000000000000000e+01,1.400000000000000000e+01
7.315000021808982922e+01,1.700000000000000000e+01,1.400000000000000000e+01
7.316000021811964871e+01,1.800000000000000000e+01,1.300000000000000000e+01
7.317000021814945399e+01,1.600000000000000000e+01,1.000000000000000000e+01
7.318000021817927347e+01,1.800000000000000000e+01,1.700000000000000000e+01
7.319000021820909296e+01,1.600000000000000000e+01,1.000000000000000000e+01
7.320000021823889824e+01,1.800000000000000000e+01,1.500000000000000000e+01
7.321000021826871773e+01,1.500000000000000000e+01,1.200000000000000000e+01
7.322000021829853722e+01,1.500000000000000000e+01,7.000000000000000000e+00
7.323000021832834250e+01,1.700000000000000000e+01,1.100000000000000000e+01
7.324000021835816199e+01,1.500000000000000000e+01,1.100000000000000000e+01
7.325000021838796727e+01,1.700000000000000000e+01,1.400000000000000000e+01
7.326000021841778675e+01,2.000000000000000000e+01,1.900000000000000000e+01
7.327000021844760624e+01,1.700000000000000000e+01,1.300000000000000000e+01
7.328000021847741152e+01,1.700000000000000000e+01,1.700000000000000000e+01
7.329000021850723101e+01,1.900000000000000000e+01,1.800000000000000000e+01
7.330000021853703629e+01,1.900000000000000000e+01,1.900000000000000000e+01
7.331000021856685578e+01,1.700000000000000000e+01,1.400000000000000000e+01
7.332000021859667527e+01,1.700000000000000000e+01,1.300000000000000000e+01
7.333000021862648055e+01,1.900000000000000000e+01,1.700000000000000000e+01
7.334000021865630004e+01,1.700000000000000000e+01,1.400000000000000000e+01
7.335000021868611952e+01,1.700000000000000000e+01,1.300000000000000000e+01
7.336000021871592480e+01,1.700000000000000000e+01,1.200000000000000000e+01
7.337000021874574429e+01,1.600000000000000000e+01,1.200000000000000000e+01
7.338000021877554957e+01,1.600000000000000000e+01,1.300000000000000000e+01
7.339000021880536906e+01,1.800000000000000000e+01,1.400000000000000000e+01
7.340000021883518855e+01,1.700000000000000000e+01,1.700000000000000000e+01
7.341000021886499383e+01,1.500000000000000000e+01,1.400000000000000000e+01
7.342000021889481332e+01,1.600000000000000000e+01,1.000000000000000000e+01
7.343000021892461859e+01,1.600000000000000000e+01,1.200000000000000000e+01
7.344000021895443808e+01,1.400000000000000000e+01,9.000000000000000000e+00
7.345000021898425757e+01,1.400000000000000000e+01,1.000000000000000000e+01
7.346000021901406285e+01,1.700000000000000000e+01,1.500000000000000000e+01
7.347000021904388234e+01,1.600000000000000000e+01,1.100000000000000000e+01
7.348000021907370183e+01,1.700000000000000000e+01,1.100000000000000000e+01
7.349000021910350711e+01,1.700000000000000000e+01,1.300000000000000000e+01
7.350000021913332660e+01,1.700000000000000000e+01,1.200000000000000000e+01
7.351000021916313187e+01,1.400000000000000000e+01,1.000000000000000000e+01
7.352000021919295136e+01,1.500000000000000000e+01,1.200000000000000000e+01
7.353000021922277085e+01,1.500000000000000000e+01,1.000000000000000000e+01
7.354000021925257613e+01,1.500000000000000000e+01,1.100000000000000000e+01
7.355000021928239562e+01,1.700000000000000000e+01,1.200000000000000000e+01
7.356000021931221511e+01,1.900000000000000000e+01,1.700000000000000000e+01
7.357000021934202039e+01,1.700000000000000000e+01,1.100000000000000000e+01
7.358000021937183988e+01,1.500000000000000000e+01,1.000000000000000000e+01
7.359000021940164515e+01,1.800000000000000000e+01,1.200000000000000000e+01
7.360000021943146464e+01,1.400000000000000000e+01,1.000000000000000000e+01
7.361000021946128413e+01,1.700000000000000000e+01,1.200000000000000000e+01
7.362000021949108941e+01,1.700000000000000000e+01,1.000000000000000000e+01
7.363000021952090890e+01,1.600000000000000000e+01,9.000000000000000000e+00
7.364000021955071418e+01,1.800000000000000000e+01,1.400000000000000000e+01
7.365000021958053367e+01,1.700000000000000000e+01,1.600000000000000000e+01
7.366000021961035316e+01,1.600000000000000000e+01,1.100000000000000000e+01
7.367000021964015843e+01,1.700000000000000000e+01,1.200000000000000000e+01
7.368000021966997792e+01,1.600000000000000000e+01,1.100000000000000000e+01
7.369000021969979741e+01,1.600000000000000000e+01,1.400000000000000000e+01
7.370000021972960269e+01,1.700000000000000000e+01,1.000000000000000000e+01
7.371000021975942218e+01,1.600000000000000000e+01,1.000000000000000000e+01
7.372000021978922746e+01,1.500000000000000000e+01,1.100000000000000000e+01
7.373000021981904695e+01,1.700000000000000000e+01,1.500000000000000000e+01
7.374000021984886644e+01,1.500000000000000000e+01,1.000000000000000000e+01
7.375000021987867171e+01,1.800000000000000000e+01,1.200000000000000000e+01
7.376000021990849120e+01,1.600000000000000000e+01,1.000000000000000000e+01
7.377000021993829648e+01,1.600000000000000000e+01,1.200000000000000000e+01
7.378000021996811597e+01,1.700000000000000000e+01,1.200000000000000000e+01
7.379000021999793546e+01,1.700000000000000000e+01,1.000000000000000000e+01
7.380000022002774074e+01,1.700000000000000000e+01,1.400000000000000000e+01
7.381000022005756023e+01,1.500000000000000000e+01,1.000000000000000000e+01
7.382000022008737972e+01,1.700000000000000000e+01,1.200000000000000000e+01
7.383000022011718499e+01,1.700000000000000000e+01,1.400000000000000000e+01
7.384000022014700448e+01,1.800000000000000000e+01,1.700000000000000000e+01
7.385000022017680976e+01,1.800000000000000000e+01,1.300000000000000000e+01
7.386000022020662925e+01,2.000000000000000000e+01,1.700000000000000000e+01
7.387000022023644874e+01,1.900000000000000000e+01,1.700000000000000000e+01
7.388000022026625402e+01,1.700000000000000000e+01,1.400000000000000000e+01
7.389000022029607351e+01,1.700000000000000000e+01,1.500000000000000000e+01
7.390000022032589300e+01,1.700000000000000000e+01,1.400000000000000000e+01
7.391000022035569827e+01,1.600000000000000000e+01,1.100000000000000000e+01
7.392000022038551776e+01,1.800000000000000000e+01,1.200000000000000000e+01
7.393000022041532304e+01,1.600000000000000000e+01,1.100000000000000000e+01
7.394000022044514253e+01,1.600000000000000000e+01,1.300000000000000000e+01
7.395000022047496202e+01,1.800000000000000000e+01,1.200000000000000000e+01
7.396000022050476730e+01,1.900000000000000000e+01,1.200000000000000000e+01
7.397000022053458679e+01,1.800000000000000000e+01,1.300000000000000000e+01
7.398000022056439207e+01,1.700000000000000000e+01,1.100000000000000000e+01
7.399000022059421156e+01,2.000000000000000000e+01,1.500000000000000000e+01
7.400000022062403104e+01,1.700000000000000000e+01,1.300000000000000000e+01
7.401000022065383632e+01,1.700000000000000000e+01,1.100000000000000000e+01
7.402000022068365581e+01,1.800000000000000000e+01,1.400000000000000000e+01
7.403000022071347530e+01,1.800000000000000000e+01,1.300000000000000000e+01
7.404000022074328058e+01,1.800000000000000000e+01,1.300000000000000000e+01
7.405000022077310007e+01,1.700000000000000000e+01,1.400000000000000000e+01
7.406000022080290535e+01,1.800000000000000000e+01,1.300000000000000000e+01
7.407000022083272484e+01,1.800000000000000000e+01,1.200000000000000000e+01
7.408000022086254432e+01,1.700000000000000000e+01,1.300000000000000000e+01
7.409000022089234960e+01,1.900000000000000000e+01,1.800000000000000000e+01
7.410000022092216909e+01,1.900000000000000000e+01,1.500000000000000000e+01
7.411000022095197437e+01,2.000000000000000000e+01,1.600000000000000000e+01
7.412000022098179386e+01,1.800000000000000000e+01,1.300000000000000000e+01
7.413000022101161335e+01,1.900000000000000000e+01,1.700000000000000000e+01
7.414000022104141863e+01,1.700000000000000000e+01,1.100000000000000000e+01
7.415000022107123812e+01,2.000000000000000000e+01,1.700000000000000000e+01
7.416000022110105760e+01,1.900000000000000000e+01,1.200000000000000000e+01
7.417000022113086288e+01,1.800000000000000000e+01,1.200000000000000000e+01
7.418000022116068237e+01,1.700000000000000000e+01,1.100000000000000000e+01
7.419000022119048765e+01,2.000000000000000000e+01,1.600000000000000000e+01
7.420000022122030714e+01,2.000000000000000000e+01,1.500000000000000000e+01
7.421000022125012663e+01,1.900000000000000000e+01,1.300000000000000000e+01
7.422000022127993191e+01,1.700000000000000000e+01,1.200000000000000000e+01
7.423000022130975140e+01,1.900000000000000000e+01,1.600000000000000000e+01
7.424000022133957088e+01,2.000000000000000000e+01,1.500000000000000000e+01
7.425000022136937616e+01,1.900000000000000000e+01,1.500000000000000000e+01
7.426000022139919565e+01,1.800000000000000000e+01,1.500000000000000000e+01
7.427000022142900093e+01,2.000000000000000000e+01,1.700000000000000000e+01
7.428000022145882042e+01,1.700000000000000000e+01,1.000000000000000000e+01
7.429000022148863991e+01,1.800000000000000000e+01,1.400000000000000000e+01
7.430000022151844519e+01,2.000000000000000000e+01,1.500000000000000000e+01
7.431000022154826468e+01,1.800000000000000000e+01,1.300000000000000000e+01
7.432000022157806995e+01,1.700000000000000000e+01,1.300000000000000000e+01
7.433000022160788944e+01,1.600000000000000000e+01,1.400000000000000000e+01
7.434000022163770893e+01,1.900000000000000000e+01,1.300000000000000000e+01
7.435000022166751421e+01,1.800000000000000000e+01,1.400000000000000000e+01
7.436000022169733370e+01,1.800000000000000000e+01,1.500000000000000000e+01
7.437000022172715319e+01,1.900000000000000000e+01,1.600000000000000000e+01
7.438000022175695847e+01,1.700000000000000000e+01,1.000000000000000000e+01
7.439000022178677796e+01,1.800000000000000000e+01,1.400000000000000000e+01
7.440000022181658323e+01,1.700000000000000000e+01,1.200000000000000000e+01
7.441000022184640272e+01,1.800000000000000000e+01,1.400000000000000000e+01
7.442000022187622221e+01,1.800000000000000000e+01,1.400000000000000000e+01
7.443000022190602749e+01,1.600000000000000000e+01,1.100000000000000000e+01
7.444000022193584698e+01,1.900000000000000000e+01,1.500000000000000000e+01
7.445000022196566647e+01,1.800000000000000000e+01,1.100000000000000000e+01
7.446000022199547175e+01,1.800000000000000000e+01,1.300000000000000000e+01
7.447000022202529124e+01,1.500000000000000000e+01,1.000000000000000000e+01
7.448000022205509651e+01,1.600000000000000000e+01,1.100000000000000000e+01
7.449000022208491600e+01,1.600000000000000000e+01,7.000000000000000000e+00
7.450000022211473549e+01,1.600000000000000000e+01,9.000000000000000000e+00
7.451000022214454077e+01,1.500000000000000000e+01,1.000000000000000000e+01
7.452000022217436026e+01,1.600000000000000000e+01,9.000000000000000000e+00
7.453000022220416554e+01,1.500000000000000000e+01,1.000000000000000000e+01
7.454000022223398503e+01,1.700000000000000000e+01,1.100000000000000000e+01
7.455000022226380452e+01,1.600000000000000000e+01,1.200000000000000000e+01
7.456000022229360980e+01,1.600000000000000000e+01,1.200000000000000000e+01
7.457000022232342928e+01,1.400000000000000000e+01,1.000000000000000000e+01
7.458000022235324877e+01,1.600000000000000000e+01,1.400000000000000000e+01
7.459000022238305405e+01,1.900000000000000000e+01,1.400000000000000000e+01
7.460000022241287354e+01,1.600000000000000000e+01,1.200000000000000000e+01
7.461000022244267882e+01,1.800000000000000000e+01,1.600000000000000000e+01
7.462000022247249831e+01,1.600000000000000000e+01,1.200000000000000000e+01
7.463000022250231780e+01,1.800000000000000000e+01,1.400000000000000000e+01
7.464000022253212308e+01,1.800000000000000000e+01,1.200000000000000000e+01
7.465000022256194256e+01,1.600000000000000000e+01,1.000000000000000000e+01
7.466000022259174784e+01,1.800000000000000000e+01,1.400000000000000000e+01
7.467000022262156733e+01,1.500000000000000000e+01,1.000000000000000000e+01
7.468000022265138682e+01,1.800000000000000000e+01,1.600000000000000000e+01
7.469000022268119210e+01,1.600000000000000000e+01,1.000000000000000000e+01
7.470000022271101159e+01,2.000000000000000000e+01,1.600000000000000000e+01
7.471000022274083108e+01,1.700000000000000000e+01,1.300000000000000000e+01
7.472000022277063636e+01,1.700000000000000000e+01,1.500000000000000000e+01
7.473000022280045584e+01,1.600000000000000000e+01,1.100000000000000000e+01
7.474000022283026112e+01,1.600000000000000000e+01,1.200000000000000000e+01
7.475000022286008061e+01,1.900000000000000000e+01,1.700000000000000000e+01
7.476000022288990010e+01,1.900000000000000000e+01,1.400000000000000000e+01
7.477000022291970538e+01,1.900000000000000000e+01,1.600000000000000000e+01
7.478000022294952487e+01,1.700000000000000000e+01,1.600000000000000000e+01
7.479000022297934436e+01,1.900000000000000000e+01,1.400000000000000000e+01
7.480000022300914964e+01,1.800000000000000000e+01,1.200000000000000000e+01
7.481000022303896912e+01,1.800000000000000000e+01,1.300000000000000000e+01
7.482000022306877440e+01,1.600000000000000000e+01,7.000000000000000000e+00
7.483000022309859389e+01,1.800000000000000000e+01,1.500000000000000000e+01
7.484000022312841338e+01,1.600000000000000000e+01,1.100000000000000000e+01
7.485000022315821866e+01,1.900000000000000000e+01,1.300000000000000000e+01
7.486000022318803815e+01,1.800000000000000000e+01,1.300000000000000000e+01
7.487000022321784343e+01,1.700000000000000000e+01,1.600000000000000000e+01
7.488000022324766292e+01,1.900000000000000000e+01,1.800000000000000000e+01
7.489000022327748241e+01,1.800000000000000000e+01,1.600000000000000000e+01
7.490000022330728768e+01,1.900000000000000000e+01,1.600000000000000000e+01
7.491000022333710717e+01,1.600000000000000000e+01,1.100000000000000000e+01
7.492000022336692666e+01,1.800000000000000000e+01,1.600000000000000000e+01
7.493000022339673194e+01,1.900000000000000000e+01,1.800000000000000000e+01
7.494000022342655143e+01,1.800000000000000000e+01,1.400000000000000000e+01
7.495000022345635671e+01,1.900000000000000000e+01,1.200000000000000000e+01
7.496000022348617620e+01,1.700000000000000000e+01,1.100000000000000000e+01
7.497000022351599569e+01,1.900000000000000000e+01,1.400000000000000000e+01
7.498000022354580096e+01,1.800000000000000000e+01,1.000000000000000000e+01
7.499000022357562045e+01,1.600000000000000000e+01,1.100000000000000000e+01
7.500000022360542573e+01,1.900000000000000000e+01,1.400000000000000000e+01
7.501000022363524522e+01,1.800000000000000000e+01,1.300000000000000000e+01
7.502000022366506471e+01,1.800000000000000000e+01,1.600000000000000000e+01
7.503000022369486999e+01,1.500000000000000000e+01,9.000000000000000000e+00
7.504000022372468948e+01,1.700000000000000000e+01,1.000000000000000000e+01
7.505000022375450897e+01,1.600000000000000000e+01,8.000000000000000000e+00
7.506000022378431424e+01,1.600000000000000000e+01,9.000000000000000000e+00
7.507000022381413373e+01,1.700000000000000000e+01,1.200000000000000000e+01
7.508000022384393901e+01,1.600000000000000000e+01,1.100000000000000000e+01
7.509000022387375850e+01,1.800000000000000000e+01,1.200000000000000000e+01
7.510000022390357799e+01,1.500000000000000000e+01,1.000000000000000000e+01
7.511000022393338327e+01,1.800000000000000000e+01,1.300000000000000000e+01
7.512000022396320276e+01,1.600000000000000000e+01,8.000000000000000000e+00
7.513000022399302225e+01,1.900000000000000000e+01,1.500000000000000000e+01
7.514000022402282752e+01,1.800000000000000000e+01,1.400000000000000000e+01
7.515000022405264701e+01,1.900000000000000000e+01,1.300000000000000000e+01
7.516000022408245229e+01,1.700000000000000000e+01,1.100000000000000000e+01
7.517000022411227178e+01,1.800000000000000000e+01,1.500000000000000000e+01
7.518000022414209127e+01,2.000000000000000000e+01,1.700000000000000000e+01
7.519000022417189655e+01,1.800000000000000000e+01,1.600000000000000000e+01
7.520000022420171604e+01,1.900000000000000000e+01,1.500000000000000000e+01
7.521000022423152132e+01,1.900000000000000000e+01,1.600000000000000000e+01
7.522000022426134080e+01,1.900000000000000000e+01,1.300000000000000000e+01
7.523000022429116029e+01,1.900000000000000000e+01,1.300000000000000000e+01
7.524000022432096557e+01,1.900000000000000000e+01,2.000000000000000000e+01
7.525000022435078506e+01,1.700000000000000000e+01,1.400000000000000000e+01
7.526000022438060455e+01,1.700000000000000000e+01,1.400000000000000000e+01
7.527000022441040983e+01,1.900000000000000000e+01,1.900000000000000000e+01
7.528000022444022932e+01,1.700000000000000000e+01,1.300000000000000000e+01
7.529000022447003460e+01,1.800000000000000000e+01,1.500000000000000000e+01
7.530000022449985408e+01,1.900000000000000000e+01,1.400000000000000000e+01
7.531000022452967357e+01,1.600000000000000000e+01,1.100000000000000000e+01
7.532000022455947885e+01,1.500000000000000000e+01,1.000000000000000000e+01
7.533000022458929834e+01,1.700000000000000000e+01,1.200000000000000000e+01
7.534000022461910362e+01,1.700000000000000000e+01,1.300000000000000000e+01
7.535000022464892311e+01,1.700000000000000000e+01,1.200000000000000000e+01
7.536000022467874260e+01,1.600000000000000000e+01,1.100000000000000000e+01
7.537000022470854788e+01,1.700000000000000000e+01,1.200000000000000000e+01
7.538000022473836736e+01,1.900000000000000000e+01,1.400000000000000000e+01
7.539000022476818685e+01,1.700000000000000000e+01,1.200000000000000000e+01
7.540000022479799213e+01,1.800000000000000000e+01,1.400000000000000000e+01
7.541000022482781162e+01,1.700000000000000000e+01,1.200000000000000000e+01
7.542000022485761690e+01,1.800000000000000000e+01,1.300000000000000000e+01
7.543000022488743639e+01,1.800000000000000000e+01,1.400000000000000000e+01
7.544000022491725588e+01,1.700000000000000000e+01,1.000000000000000000e+01
7.545000022494706116e+01,1.700000000000000000e+01,1.200000000000000000e+01
7.546000022497688065e+01,1.700000000000000000e+01,1.100000000000000000e+01
7.547000022500670013e+01,1.600000000000000000e+01,1.200000000000000000e+01
7.548000022503650541e+01,1.700000000000000000e+01,1.300000000000000000e+01
7.549000022506632490e+01,1.500000000000000000e+01,1.100000000000000000e+01
7.550000022509613018e+01,1.500000000000000000e+01,1.000000000000000000e+01
7.551000022512594967e+01,1.900000000000000000e+01,1.300000000000000000e+01
7.552000022515576916e+01,1.600000000000000000e+01,1.100000000000000000e+01
7.553000022518557444e+01,1.800000000000000000e+01,1.100000000000000000e+01
7.554000022521539393e+01,1.900000000000000000e+01,1.400000000000000000e+01
7.555000022524519920e+01,1.800000000000000000e+01,1.300000000000000000e+01
7.556000022527501869e+01,2.000000000000000000e+01,1.600000000000000000e+01
7.557000022530483818e+01,1.900000000000000000e+01,1.300000000000000000e+01
7.558000022533464346e+01,2.100000000000000000e+01,1.800000000000000000e+01
7.559000022536446295e+01,1.800000000000000000e+01,1.400000000000000000e+01
7.560000022539428244e+01,1.800000000000000000e+01,1.500000000000000000e+01
7.561000022542408772e+01,1.800000000000000000e+01,1.400000000000000000e+01
7.562000022545390721e+01,2.000000000000000000e+01,1.600000000000000000e+01
7.563000022548371248e+01,1.700000000000000000e+01,1.200000000000000000e+01
7.564000022551353197e+01,1.900000000000000000e+01,1.300000000000000000e+01
7.565000022554335146e+01,2.200000000000000000e+01,2.100000000000000000e+01
7.566000022557315674e+01,2.000000000000000000e+01,1.500000000000000000e+01
7.567000022560297623e+01,1.600000000000000000e+01,1.200000000000000000e+01
7.568000022563278151e+01,1.600000000000000000e+01,1.100000000000000000e+01
7.569000022566260100e+01,1.700000000000000000e+01,1.500000000000000000e+01
7.570000022569242049e+01,1.700000000000000000e+01,1.200000000000000000e+01
7.571000022572222576e+01,1.700000000000000000e+01,1.300000000000000000e+01
7.572000022575204525e+01,1.800000000000000000e+01,1.000000000000000000e+01
7.573000022578186474e+01,2.000000000000000000e+01,1.300000000000000000e+01
7.574000022581167002e+01,1.800000000000000000e+01,1.100000000000000000e+01
7.575000022584148951e+01,1.800000000000000000e+01,1.200000000000000000e+01
7.576000022587129479e+01,1.900000000000000000e+01,1.400000000000000000e+01
7.577000022590111428e+01,1.800000000000000000e+01,1.000000000000000000e+01
7.578000022593093377e+01,1.900000000000000000e+01,1.200000000000000000e+01
7.579000022596073904e+01,2.000000000000000000e+01,1.300000000000000000e+01
7.580000022599055853e+01,1.700000000000000000e+01,1.200000000000000000e+01
7.581000022602037802e+01,1.600000000000000000e+01,1.000000000000000000e+01
7.582000022605018330e+01,1.600000000000000000e+01,1.000000000000000000e+01
7.583000022608000279e+01,1.700000000000000000e+01,1.200000000000000000e+01
7.584000022610980807e+01,1.700000000000000000e+01,1.200000000000000000e+01
7.585000022613962756e+01,1.800000000000000000e+01,1.300000000000000000e+01
7.586000022616944705e+01,1.800000000000000000e+01,1.300000000000000000e+01
7.587000022619925232e+01,1.600000000000000000e+01,1.500000000000000000e+01
7.588000022622907181e+01,1.800000000000000000e+01,1.200000000000000000e+01
7.589000022625887709e+01,1.700000000000000000e+01,1.200000000000000000e+01
7.590000022628869658e+01,1.800000000000000000e+01,1.700000000000000000e+01
7.591000022631851607e+01,1.900000000000000000e+01,1.400000000000000000e+01
7.592000022634832135e+01,1.900000000000000000e+01,1.400000000000000000e+01
7.593000022637814084e+01,1.900000000000000000e+01,1.300000000000000000e+01
7.594000022640796033e+01,1.800000000000000000e+01,1.300000000000000000e+01
7.595000022643776560e+01,1.600000000000000000e+01,8.000000000000000000e+00
7.596000022646758509e+01,1.700000000000000000e+01,1.200000000000000000e+01
7.597000022649739037e+01,1.700000000000000000e+01,1.000000000000000000e+01
7.598000022652720986e+01,1.900000000000000000e+01,1.300000000000000000e+01
7.599000022655702935e+01,1.700000000000000000e+01,1.100000000000000000e+01
7.600000022658683463e+01,1.900000000000000000e+01,1.100000000000000000e+01
7.601000022661665412e+01,1.800000000000000000e+01,1.300000000000000000e+01
7.602000022664645940e+01,1.700000000000000000e+01,1.000000000000000000e+01
7.603000022667627888e+01,1.800000000000000000e+01,1.100000000000000000e+01
7.604000022670609837e+01,1.900000000000000000e+01,1.600000000000000000e+01
7.605000022673590365e+01,1.900000000000000000e+01,1.400000000000000000e+01
7.606000022676572314e+01,2.000000000000000000e+01,1.700000000000000000e+01
7.607000022679554263e+01,2.100000000000000000e+01,2.200000000000000000e+01
7.608000022682534791e+01,1.700000000000000000e+01,1.300000000000000000e+01
7.609000022685516740e+01,1.800000000000000000e+01,1.500000000000000000e+01
7.610000022688497268e+01,1.800000000000000000e+01,1.400000000000000000e+01
7.611000022691479217e+01,2.000000000000000000e+01,1.500000000000000000e+01
7.612000022694461165e+01,1.900000000000000000e+01,1.500000000000000000e+01
7.613000022697441693e+01,1.900000000000000000e+01,1.500000000000000000e+01
7.614000022700423642e+01,1.800000000000000000e+01,1.400000000000000000e+01
7.615000022703405591e+01,2.000000000000000000e+01,1.400000000000000000e+01
7.616000022706386119e+01,2.000000000000000000e+01,1.800000000000000000e+01
7.617000022709368068e+01,1.900000000000000000e+01,1.000000000000000000e+01
7.618000022712348596e+01,1.700000000000000000e+01,1.400000000000000000e+01
7.619000022715330545e+01,1.900000000000000000e+01,1.100000000000000000e+01
7.620000022718312493e+01,2.000000000000000000e+01,1.500000000000000000e+01
7.621000022721293021e+01,1.900000000000000000e+01,1.500000000000000000e+01
7.622000022724274970e+01,1.900000000000000000e+01,1.600000000000000000e+01
7.623000022727255498e+01,1.900000000000000000e+01,1.600000000000000000e+01
7.624000022730237447e+01,1.700000000000000000e+01,1.300000000000000000e+01
7.625000022733219396e+01,1.700000000000000000e+01,1.100000000000000000e+01
7.626000022736199924e+01,1.700000000000000000e+01,1.500000000000000000e+01
7.627000022739181873e+01,1.800000000000000000e+01,1.400000000000000000e+01
7.628000022742163821e+01,1.700000000000000000e+01,1.000000000000000000e+01
7.629000022745144349e+01,1.700000000000000000e+01,1.200000000000000000e+01
7.630000022748126298e+01,1.700000000000000000e+01,8.000000000000000000e+00
7.631000022751106826e+01,1.800000000000000000e+01,1.200000000000000000e+01
7.632000022754088775e+01,2.100000000000000000e+01,1.800000000000000000e+01
7.633000022757070724e+01,1.500000000000000000e+01,1.000000000000000000e+01
7.634000022760051252e+01,1.800000000000000000e+01,1.600000000000000000e+01
7.635000022763033201e+01,1.800000000000000000e+01,1.200000000000000000e+01
7.636000022766015150e+01,1.800000000000000000e+01,1.600000000000000000e+01
7.637000022768995677e+01,1.600000000000000000e+01,1.000000000000000000e+01
7.638000022771977626e+01,1.700000000000000000e+01,1.300000000000000000e+01
7.639000022774958154e+01,1.800000000000000000e+01,1.500000000000000000e+01
7.640000022777940103e+01,1.700000000000000000e+01,1.300000000000000000e+01
7.641000022780922052e+01,1.900000000000000000e+01,1.600000000000000000e+01
7.642000022783902580e+01,1.800000000000000000e+01,1.300000000000000000e+01
7.643000022786884529e+01,1.700000000000000000e+01,1.100000000000000000e+01
7.644000022789865056e+01,1.800000000000000000e+01,1.400000000000000000e+01
7.645000022792847005e+01,1.900000000000000000e+01,1.400000000000000000e+01
7.646000022795828954e+01,1.600000000000000000e+01,1.200000000000000000e+01
7.647000022798809482e+01,2.100000000000000000e+01,1.800000000000000000e+01
7.648000022801791431e+01,2.000000000000000000e+01,1.800000000000000000e+01
7.649000022804773380e+01,2.000000000000000000e+01,1.800000000000000000e+01
7.650000022807753908e+01,2.000000000000000000e+01,1.500000000000000000e+01
7.651000022810735857e+01,2.000000000000000000e+01,1.700000000000000000e+01
7.652000022813716384e+01,2.000000000000000000e+01,1.700000000000000000e+01
7.653000022816698333e+01,2.000000000000000000e+01,1.700000000000000000e+01
7.654000022819680282e+01,2.000000000000000000e+01,1.700000000000000000e+01
7.655000022822660810e+01,2.000000000000000000e+01,1.400000000000000000e+01
7.656000022825642759e+01,1.800000000000000000e+01,1.600000000000000000e+01
7.657000022828623287e+01,1.900000000000000000e+01,1.400000000000000000e+01
7.658000022831605236e+01,1.800000000000000000e+01,1.400000000000000000e+01
7.659000022834587185e+01,1.900000000000000000e+01,1.600000000000000000e+01
7.660000022837567712e+01,2.100000000000000000e+01,1.800000000000000000e+01
7.661000022840549661e+01,1.900000000000000000e+01,1.200000000000000000e+01
7.662000022843531610e+01,1.900000000000000000e+01,1.400000000000000000e+01
7.663000022846512138e+01,1.900000000000000000e+01,1.400000000000000000e+01
7.664000022849494087e+01,1.900000000000000000e+01,1.600000000000000000e+01
7.665000022852474615e+01,1.900000000000000000e+01,1.500000000000000000e+01
7.666000022855456564e+01,1.900000000000000000e+01,1.700000000000000000e+01
7.667000022858438513e+01,1.900000000000000000e+01,1.800000000000000000e+01
7.668000022861419041e+01,2.000000000000000000e+01,1.600000000000000000e+01
7.669000022864400989e+01,2.000000000000000000e+01,1.700000000000000000e+01
7.670000022867382938e+01,1.700000000000000000e+01,1.100000000000000000e+01
7.671000022870363466e+01,2.000000000000000000e+01,2.400000000000000000e+01
7.672000022873345415e+01,1.800000000000000000e+01,1.200000000000000000e+01
7.673000022876325943e+01,2.000000000000000000e+01,1.600000000000000000e+01
7.674000022879307892e+01,1.800000000000000000e+01,1.300000000000000000e+01
7.675000022882289841e+01,2.100000000000000000e+01,1.900000000000000000e+01
7.676000022885270369e+01,1.800000000000000000e+01,1.300000000000000000e+01
7.677000022888252317e+01,1.800000000000000000e+01,1.200000000000000000e+01
7.678000022891232845e+01,1.800000000000000000e+01,1.300000000000000000e+01
7.679000022894214794e+01,1.500000000000000000e+01,1.000000000000000000e+01
7.680000022897196743e+01,1.600000000000000000e+01,1.100000000000000000e+01
7.681000022900177271e+01,1.800000000000000000e+01,1.500000000000000000e+01
7.682000022903159220e+01,1.800000000000000000e+01,1.400000000000000000e+01
7.683000022906141169e+01,1.700000000000000000e+01,1.100000000000000000e+01
7.684000022909121697e+01,1.900000000000000000e+01,1.300000000000000000e+01
7.685000022912103645e+01,1.800000000000000000e+01,1.300000000000000000e+01
7.686000022915084173e+01,1.900000000000000000e+01,1.300000000000000000e+01
7.687000022918066122e+01,1.800000000000000000e+01,1.300000000000000000e+01
7.688000022921048071e+01,1.900000000000000000e+01,1.700000000000000000e+01
7.689000022924028599e+01,1.800000000000000000e+01,1.200000000000000000e+01
7.690000022927010548e+01,1.800000000000000000e+01,1.300000000000000000e+01
7.691000022929991076e+01,1.700000000000000000e+01,1.500000000000000000e+01
7.692000022932973025e+01,1.500000000000000000e+01,1.100000000000000000e+01
7.693000022935954973e+01,1.700000000000000000e+01,1.400000000000000000e+01
7.694000022938935501e+01,1.600000000000000000e+01,1.100000000000000000e+01
7.695000022941917450e+01,1.800000000000000000e+01,1.400000000000000000e+01
7.696000022944899399e+01,1.700000000000000000e+01,1.300000000000000000e+01
7.697000022947879927e+01,1.700000000000000000e+01,1.400000000000000000e+01
7.698000022950861876e+01,1.500000000000000000e+01,1.300000000000000000e+01
7.699000022953842404e+01,1.700000000000000000e+01,1.400000000000000000e+01
7.700000022956824353e+01,1.500000000000000000e+01,1.100000000000000000e+01
7.701000022959806302e+01,1.800000000000000000e+01,1.200000000000000000e+01
7.702000022962786829e+01,1.700000000000000000e+01,1.200000000000000000e+01
7.703000022965768778e+01,1.700000000000000000e+01,1.200000000000000000e+01
7.704000022968750727e+01,1.800000000000000000e+01,1.300000000000000000e+01
7.705000022971731255e+01,1.500000000000000000e+01,9.000000000000000000e+00
7.706000022974713204e+01,1.500000000000000000e+01,1.000000000000000000e+01
7.707000022977693732e+01,1.800000000000000000e+01,1.300000000000000000e+01
7.708000022980675681e+01,1.700000000000000000e+01,1.400000000000000000e+01
7.709000022983657630e+01,1.900000000000000000e+01,1.500000000000000000e+01
7.710000022986638157e+01,1.800000000000000000e+01,1.400000000000000000e+01
7.711000022989620106e+01,1.800000000000000000e+01,1.500000000000000000e+01
7.712000022992600634e+01,1.600000000000000000e+01,1.300000000000000000e+01
7.713000022995582583e+01,1.900000000000000000e+01,1.400000000000000000e+01
7.714000022998564532e+01,1.800000000000000000e+01,1.100000000000000000e+01
7.715000023001545060e+01,1.600000000000000000e+01,1.100000000000000000e+01
7.716000023004527009e+01,1.600000000000000000e+01,1.400000000000000000e+01
7.717000023007508958e+01,1.800000000000000000e+01,1.500000000000000000e+01
7.718000023010489485e+01,1.700000000000000000e+01,1.300000000000000000e+01
7.719000023013471434e+01,1.700000000000000000e+01,1.300000000000000000e+01
7.720000023016451962e+01,1.900000000000000000e+01,1.900000000000000000e+01
7.721000023019433911e+01,1.700000000000000000e+01,1.200000000000000000e+01
7.722000023022415860e+01,1.800000000000000000e+01,1.400000000000000000e+01
7.723000023025396388e+01,1.900000000000000000e+01,1.900000000000000000e+01
7.724000023028378337e+01,2.100000000000000000e+01,1.900000000000000000e+01
7.725000023031358865e+01,2.100000000000000000e+01,2.000000000000000000e+01
7.726000023034340813e+01,1.700000000000000000e+01,1.400000000000000000e+01
7.727000023037322762e+01,1.800000000000000000e+01,1.300000000000000000e+01
7.728000023040303290e+01,1.800000000000000000e+01,1.500000000000000000e+01
7.729000023043285239e+01,1.800000000000000000e+01,1.300000000000000000e+01
7.730000023046267188e+01,1.600000000000000000e+01,1.100000000000000000e+01
7.731000023049247716e+01,1.800000000000000000e+01,1.300000000000000000e+01
7.732000023052229665e+01,1.600000000000000000e+01,1.100000000000000000e+01
7.733000023055210193e+01,1.700000000000000000e+01,1.200000000000000000e+01
7.734000023058192141e+01,1.900000000000000000e+01,1.300000000000000000e+01
7.735000023061174090e+01,1.700000000000000000e+01,1.700000000000000000e+01
7.736000023064154618e+01,1.800000000000000000e+01,1.400000000000000000e+01
7.737000023067136567e+01,1.900000000000000000e+01,1.600000000000000000e+01
7.738000023070118516e+01,1.900000000000000000e+01,1.800000000000000000e+01
7.739000023073099044e+01,2.100000000000000000e+01,1.900000000000000000e+01
7.740000023076080993e+01,1.900000000000000000e+01,1.700000000000000000e+01
7.741000023079061521e+01,2.100000000000000000e+01,1.900000000000000000e+01
7.742000023082043469e+01,1.900000000000000000e+01,1.300000000000000000e+01
7.743000023085025418e+01,1.900000000000000000e+01,1.200000000000000000e+01
7.744000023088005946e+01,2.200000000000000000e+01,1.800000000000000000e+01
7.745000023090987895e+01,1.900000000000000000e+01,1.700000000000000000e+01
7.746000023093968423e+01,2.000000000000000000e+01,1.100000000000000000e+01
7.747000023096950372e+01,2.200000000000000000e+01,1.900000000000000000e+01
7.748000023099932321e+01,1.900000000000000000e+01,1.300000000000000000e+01
7.749000023102912849e+01,2.000000000000000000e+01,1.200000000000000000e+01
7.750000023105894797e+01,2.100000000000000000e+01,1.500000000000000000e+01
7.751000023108876746e+01,2.200000000000000000e+01,1.800000000000000000e+01
7.752000023111857274e+01,1.900000000000000000e+01,1.700000000000000000e+01
7.753000023114839223e+01,1.900000000000000000e+01,1.300000000000000000e+01
7.754000023117819751e+01,2.300000000000000000e+01,1.900000000000000000e+01
7.755000023120801700e+01,2.200000000000000000e+01,1.400000000000000000e+01
7.756000023123783649e+01,2.200000000000000000e+01,2.200000000000000000e+01
7.757000023126764177e+01,1.900000000000000000e+01,1.400000000000000000e+01
7.758000023129746126e+01,2.000000000000000000e+01,1.500000000000000000e+01
7.759000023132726653e+01,1.900000000000000000e+01,1.500000000000000000e+01
7.760000023135708602e+01,1.800000000000000000e+01,1.300000000000000000e+01
7.761000023138690551e+01,1.800000000000000000e+01,1.400000000000000000e+01
7.762000023141671079e+01,2.000000000000000000e+01,1.600000000000000000e+01
7.763000023144653028e+01,2.300000000000000000e+01,1.800000000000000000e+01
7.764000023147634977e+01,1.800000000000000000e+01,1.400000000000000000e+01
7.765000023150615505e+01,1.900000000000000000e+01,1.500000000000000000e+01
7.766000023153597454e+01,1.800000000000000000e+01,1.200000000000000000e+01
7.767000023156577981e+01,1.900000000000000000e+01,1.700000000000000000e+01
7.768000023159559930e+01,1.800000000000000000e+01,1.800000000000000000e+01
7.769000023162541879e+01,2.200000000000000000e+01,2.100000000000000000e+01
7.770000023165522407e+01,2.200000000000000000e+01,1.700000000000000000e+01
7.771000023168504356e+01,1.800000000000000000e+01,1.400000000000000000e+01
7.772000023171486305e+01,1.700000000000000000e+01,1.500000000000000000e+01
7.773000023174466833e+01,1.900000000000000000e+01,1.600000000000000000e+01
7.774000023177448782e+01,1.900000000000000000e+01,1.400000000000000000e+01
7.775000023180429309e+01,1.700000000000000000e+01,1.100000000000000000e+01
7.776000023183411258e+01,1.600000000000000000e+01,1.000000000000000000e+01
7.777000023186393207e+01,1.800000000000000000e+01,1.400000000000000000e+01
7.778000023189373735e+01,1.900000000000000000e+01,1.200000000000000000e+01
7.779000023192355684e+01,1.600000000000000000e+01,1.200000000000000000e+01
7.780000023195336212e+01,1.900000000000000000e+01,1.400000000000000000e+01
7.781000023198318161e+01,1.800000000000000000e+01,1.400000000000000000e+01
7.782000023201300110e+01,1.600000000000000000e+01,1.000000000000000000e+01
7.783000023204280637e+01,1.900000000000000000e+01,1.800000000000000000e+01
7.784000023207262586e+01,1.700000000000000000e+01,1.100000000000000000e+01
7.785000023210244535e+01,1.700000000000000000e+01,1.300000000000000000e+01
7.786000023213225063e+01,1.900000000000000000e+01,1.200000000000000000e+01
7.787000023216207012e+01,1.800000000000000000e+01,1.300000000000000000e+01
7.788000023219187540e+01,1.600000000000000000e+01,1.300000000000000000e+01
7.789000023222169489e+01,1.700000000000000000e+01,1.300000000000000000e+01
7.790000023225151438e+01,1.800000000000000000e+01,1.400000000000000000e+01
7.791000023228131965e+01,1.700000000000000000e+01,1.300000000000000000e+01
7.792000023231113914e+01,1.600000000000000000e+01,1.000000000000000000e+01
7.793000023234094442e+01,1.700000000000000000e+01,1.000000000000000000e+01
7.794000023237076391e+01,1.800000000000000000e+01,1.300000000000000000e+01
7.795000023240058340e+01,1.700000000000000000e+01,1.100000000000000000e+01
7.796000023243038868e+01,1.700000000000000000e+01,1.300000000000000000e+01
7.797000023246020817e+01,1.900000000000000000e+01,1.500000000000000000e+01
7.798000023249002766e+01,1.700000000000000000e+01,1.200000000000000000e+01
7.799000023251983293e+01,1.600000000000000000e+01,1.100000000000000000e+01
7.800000023254965242e+01,1.800000000000000000e+01,1.400000000000000000e+01
7.801000023257945770e+01,2.000000000000000000e+01,1.400000000000000000e+01
7.802000023260927719e+01,1.700000000000000000e+01,1.200000000000000000e+01
7.803000023263909668e+01,1.800000000000000000e+01,1.400000000000000000e+01
7.804000023266890196e+01,1.900000000000000000e+01,1.800000000000000000e+01
7.805000023269872145e+01,1.900000000000000000e+01,1.500000000000000000e+01
7.806000023272854094e+01,1.900000000000000000e+01,1.700000000000000000e+01
7.807000023275834621e+01,2.000000000000000000e+01,1.800000000000000000e+01
7.808000023278816570e+01,2.000000000000000000e+01,1.600000000000000000e+01
7.809000023281797098e+01,1.900000000000000000e+01,1.400000000000000000e+01
7.810000023284779047e+01,2.000000000000000000e+01,1.500000000000000000e+01
7.811000023287760996e+01,2.000000000000000000e+01,1.700000000000000000e+01
7.812000023290741524e+01,1.800000000000000000e+01,1.300000000000000000e+01
7.813000023293723473e+01,1.900000000000000000e+01,1.500000000000000000e+01
7.814000023296704001e+01,1.900000000000000000e+01,1.200000000000000000e+01
7.815000023299685949e+01,1.900000000000000000e+01,1.400000000000000000e+01
7.816000023302667898e+01,1.700000000000000000e+01,1.100000000000000000e+01
7.817000023305648426e+01,2.000000000000000000e+01,1.700000000000000000e+01
7.818000023308630375e+01,1.800000000000000000e+01,1.200000000000000000e+01
7.819000023311612324e+01,1.900000000000000000e+01,1.400000000000000000e+01
7.820000023314592852e+01,1.700000000000000000e+01,1.400000000000000000e+01
7.821000023317574801e+01,1.500000000000000000e+01,1.000000000000000000e+01
7.822000023320555329e+01,1.700000000000000000e+01,1.200000000000000000e+01
7.823000023323537278e+01,1.800000000000000000e+01,1.900000000000000000e+01
7.824000023326519226e+01,1.700000000000000000e+01,1.500000000000000000e+01
7.825000023329499754e+01,1.700000000000000000e+01,1.500000000000000000e+01
7.826000023332481703e+01,1.800000000000000000e+01,1.400000000000000000e+01
7.827000023335463652e+01,1.600000000000000000e+01,1.100000000000000000e+01
7.828000023338444180e+01,1.800000000000000000e+01,1.300000000000000000e+01
7.829000023341426129e+01,1.700000000000000000e+01,1.300000000000000000e+01
7.830000023344406657e+01,1.800000000000000000e+01,1.400000000000000000e+01
7.831000023347388606e+01,2.000000000000000000e+01,1.500000000000000000e+01
7.832000023350370554e+01,1.600000000000000000e+01,1.400000000000000000e+01
7.833000023353351082e+01,1.800000000000000000e+01,1.400000000000000000e+01
7.834000023356333031e+01,1.800000000000000000e+01,1.400000000000000000e+01
7.835000023359313559e+01,1.800000000000000000e+01,1.400000000000000000e+01
7.836000023362295508e+01,1.900000000000000000e+01,1.500000000000000000e+01
7.837000023365277457e+01,2.000000000000000000e+01,1.900000000000000000e+01
7.838000023368257985e+01,1.900000000000000000e+01,1.700000000000000000e+01
7.839000023371239934e+01,1.700000000000000000e+01,1.800000000000000000e+01
7.840000023374221882e+01,1.700000000000000000e+01,1.400000000000000000e+01
7.841000023377202410e+01,1.700000000000000000e+01,1.200000000000000000e+01
7.842000023380184359e+01,2.000000000000000000e+01,1.700000000000000000e+01
7.843000023383164887e+01,2.000000000000000000e+01,2.000000000000000000e+01
7.844000023386146836e+01,2.000000000000000000e+01,1.500000000000000000e+01
7.845000023389128785e+01,1.800000000000000000e+01,1.400000000000000000e+01
7.846000023392109313e+01,2.100000000000000000e+01,1.800000000000000000e+01
7.847000023395091262e+01,2.100000000000000000e+01,1.600000000000000000e+01
7.848000023398071789e+01,1.900000000000000000e+01,1.600000000000000000e+01
7.849000023401053738e+01,1.800000000000000000e+01,1.100000000000000000e+01
7.850000023404035687e+01,1.900000000000000000e+01,1.200000000000000000e+01
7.851000023407016215e+01,1.700000000000000000e+01,1.500000000000000000e+01
7.852000023409998164e+01,2.100000000000000000e+01,1.900000000000000000e+01
7.853000023412980113e+01,2.000000000000000000e+01,1.900000000000000000e+01
7.854000023415960641e+01,1.800000000000000000e+01,1.200000000000000000e+01
7.855000023418942590e+01,1.800000000000000000e+01,1.200000000000000000e+01
7.856000023421923117e+01,2.000000000000000000e+01,1.800000000000000000e+01
7.857000023424905066e+01,1.800000000000000000e+01,1.800000000000000000e+01
7.858000023427887015e+01,2.500000000000000000e+01,2.800000000000000000e+01
7.859000023430867543e+01,2.300000000000000000e+01,1.900000000000000000e+01
7.860000023433849492e+01,2.400000000000000000e+01,2.500000000000000000e+01
7.861000023436831441e+01,1.900000000000000000e+01,1.600000000000000000e+01
7.862000023439811969e+01,2.400000000000000000e+01,2.500000000000000000e+01
7.863000023442793918e+01,2.400000000000000000e+01,2.200000000000000000e+01
7.864000023445774445e+01,2.300000000000000000e+01,2.100000000000000000e+01
7.865000023448756394e+01,2.300000000000000000e+01,2.500000000000000000e+01
7.866000023451738343e+01,1.900000000000000000e+01,1.500000000000000000e+01
7.867000023454718871e+01,2.200000000000000000e+01,1.800000000000000000e+01
7.868000023457700820e+01,2.100000000000000000e+01,2.200000000000000000e+01
7.869000023460681348e+01,2.200000000000000000e+01,2.400000000000000000e+01
7.870000023463663297e+01,2.200000000000000000e+01,2.000000000000000000e+01
7.871000023466645246e+01,2.100000000000000000e+01,1.900000000000000000e+01
7.872000023469625773e+01,2.000000000000000000e+01,1.500000000000000000e+01
7.873000023472607722e+01,2.000000000000000000e+01,1.800000000000000000e+01
7.874000023475589671e+01,1.800000000000000000e+01,1.500000000000000000e+01
7.875000023478570199e+01,2.200000000000000000e+01,2.400000000000000000e+01
7.876000023481552148e+01,1.800000000000000000e+01,1.400000000000000000e+01
7.877000023484532676e+01,2.000000000000000000e+01,2.000000000000000000e+01
7.878000023487514625e+01,1.600000000000000000e+01,1.700000000000000000e+01
7.879000023490496574e+01,1.900000000000000000e+01,1.900000000000000000e+01
7.880000023493477102e+01,2.000000000000000000e+01,1.800000000000000000e+01
7.881000023496459050e+01,2.200000000000000000e+01,1.900000000000000000e+01
7.882000023499439578e+01,2.000000000000000000e+01,1.500000000000000000e+01
7.883000023502421527e+01,2.000000000000000000e+01,1.700000000000000000e+01
7.884000023505403476e+01,1.900000000000000000e+01,1.400000000000000000e+01
7.885000023508384004e+01,2.000000000000000000e+01,1.700000000000000000e+01
7.886000023511365953e+01,2.100000000000000000e+01,2.100000000000000000e+01
7.887000023514347902e+01,2.200000000000000000e+01,2.400000000000000000e+01
7.888000023517328430e+01,2.200000000000000000e+01,2.700000000000000000e+01
7.889000023520310378e+01,2.100000000000000000e+01,2.500000000000000000e+01
7.890000023523290906e+01,2.400000000000000000e+01,2.400000000000000000e+01
7.891000023526272855e+01,2.100000000000000000e+01,1.600000000000000000e+01
7.892000023529254804e+01,2.300000000000000000e+01,2.900000000000000000e+01
7.893000023532235332e+01,2.600000000000000000e+01,2.800000000000000000e+01
7.894000023535217281e+01,2.400000000000000000e+01,2.100000000000000000e+01
7.895000023538199230e+01,2.200000000000000000e+01,2.200000000000000000e+01
7.896000023541179758e+01,2.200000000000000000e+01,1.900000000000000000e+01
7.897000023544161706e+01,2.300000000000000000e+01,2.100000000000000000e+01
7.898000023547142234e+01,2.600000000000000000e+01,2.900000000000000000e+01
7.899000023550124183e+01,2.000000000000000000e+01,1.600000000000000000e+01
7.900000023553106132e+01,2.600000000000000000e+01,2.800000000000000000e+01
7.901000023556086660e+01,2.100000000000000000e+01,1.700000000000000000e+01
7.902000023559068609e+01,2.000000000000000000e+01,1.400000000000000000e+01
7.903000023562049137e+01,2.000000000000000000e+01,1.500000000000000000e+01
7.904000023565031086e+01,2.100000000000000000e+01,2.200000000000000000e+01
7.905000023568013034e+01,2.000000000000000000e+01,1.600000000000000000e+01
7.906000023570993562e+01,1.900000000000000000e+01,1.700000000000000000e+01
7.907000023573975511e+01,2.100000000000000000e+01,2.100000000000000000e+01
7.908000023576957460e+01,2.300000000000000000e+01,2.500000000000000000e+01
7.909000023579937988e+01,2.100000000000000000e+01,1.700000000000000000e+01
7.910000023582919937e+01,2.000000000000000000e+01,1.500000000000000000e+01
7.911000023585900465e+01,2.200000000000000000e+01,2.100000000000000000e+01
7.912000023588882414e+01,2.700000000000000000e+01,2.800000000000000000e+01
7.913000023591864363e+01,2.200000000000000000e+01,1.900000000000000000e+01
7.914000023594844890e+01,1.700000000000000000e+01,1.300000000000000000e+01
7.915000023597826839e+01,2.000000000000000000e+01,1.600000000000000000e+01
7.916000023600807367e+01,1.900000000000000000e+01,1.600000000000000000e+01
7.917000023603789316e+01,2.100000000000000000e+01,1.400000000000000000e+01
7.918000023606771265e+01,2.100000000000000000e+01,1.900000000000000000e+01
7.919000023609751793e+01,2.100000000000000000e+01,1.700000000000000000e+01
7.920000023612733742e+01,2.100000000000000000e+01,1.600000000000000000e+01
7.921000023615715691e+01,1.900000000000000000e+01,1.700000000000000000e+01
7.922000023618696218e+01,1.700000000000000000e+01,1.200000000000000000e+01
7.923000023621678167e+01,2.200000000000000000e+01,1.900000000000000000e+01
7.924000023624658695e+01,2.000000000000000000e+01,1.700000000000000000e+01
7.925000023627640644e+01,2.000000000000000000e+01,1.700000000000000000e+01
7.926000023630622593e+01,1.800000000000000000e+01,1.400000000000000000e+01
7.927000023633603121e+01,2.100000000000000000e+01,1.700000000000000000e+01
7.928000023636585070e+01,2.000000000000000000e+01,1.700000000000000000e+01
7.929000023639567019e+01,2.100000000000000000e+01,1.800000000000000000e+01
7.930000023642547546e+01,2.000000000000000000e+01,1.600000000000000000e+01
7.931000023645529495e+01,1.800000000000000000e+01,1.300000000000000000e+01
7.932000023648510023e+01,1.900000000000000000e+01,1.200000000000000000e+01
7.933000023651491972e+01,1.800000000000000000e+01,1.800000000000000000e+01
7.934000023654473921e+01,2.000000000000000000e+01,1.600000000000000000e+01
7.935000023657454449e+01,1.700000000000000000e+01,1.200000000000000000e+01
7.936000023660436398e+01,1.800000000000000000e+01,1.900000000000000000e+01
7.937000023663416926e+01,2.000000000000000000e+01,1.500000000000000000e+01
7.938000023666398874e+01,2.200000000000000000e+01,1.700000000000000000e+01
7.939000023669380823e+01,2.200000000000000000e+01,2.200000000000000000e+01
7.940000023672361351e+01,2.000000000000000000e+01,1.500000000000000000e+01
7.941000023675343300e+01,1.900000000000000000e+01,1.300000000000000000e+01
7.942000023678325249e+01,2.000000000000000000e+01,1.400000000000000000e+01
7.943000023681305777e+01,2.000000000000000000e+01,1.900000000000000000e+01
7.944000023684287726e+01,1.700000000000000000e+01,1.500000000000000000e+01
7.945000023687268254e+01,1.800000000000000000e+01,1.300000000000000000e+01
7.946000023690250202e+01,1.600000000000000000e+01,1.100000000000000000e+01
7.947000023693232151e+01,2.000000000000000000e+01,2.200000000000000000e+01
7.948000023696212679e+01,2.100000000000000000e+01,1.500000000000000000e+01
7.949000023699194628e+01,1.900000000000000000e+01,1.500000000000000000e+01
7.950000023702175156e+01,1.900000000000000000e+01,1.600000000000000000e+01
7.951000023705157105e+01,1.500000000000000000e+01,1.400000000000000000e+01
7.952000023708139054e+01,1.800000000000000000e+01,1.600000000000000000e+01
7.953000023711119582e+01,1.900000000000000000e+01,1.100000000000000000e+01
7.954000023714101530e+01,1.700000000000000000e+01,1.300000000000000000e+01
7.955000023717083479e+01,2.200000000000000000e+01,1.900000000000000000e+01
7.956000023720064007e+01,2.100000000000000000e+01,1.400000000000000000e+01
7.957000023723045956e+01,1.900000000000000000e+01,1.600000000000000000e+01
7.958000023726026484e+01,2.200000000000000000e+01,1.800000000000000000e+01
7.959000023729008433e+01,1.900000000000000000e+01,1.600000000000000000e+01
7.960000023731990382e+01,1.900000000000000000e+01,1.400000000000000000e+01
7.961000023734970910e+01,1.700000000000000000e+01,1.600000000000000000e+01
7.962000023737952858e+01,1.900000000000000000e+01,1.700000000000000000e+01
7.963000023740934807e+01,2.100000000000000000e+01,1.900000000000000000e+01
7.964000023743915335e+01,1.900000000000000000e+01,1.500000000000000000e+01
7.965000023746897284e+01,2.100000000000000000e+01,1.600000000000000000e+01
7.966000023749877812e+01,2.000000000000000000e+01,2.100000000000000000e+01
7.967000023752859761e+01,2.400000000000000000e+01,2.200000000000000000e+01
7.968000023755841710e+01,1.800000000000000000e+01,1.200000000000000000e+01
7.969000023758822238e+01,1.800000000000000000e+01,1.700000000000000000e+01
7.970000023761804187e+01,2.000000000000000000e+01,1.900000000000000000e+01
7.971000023764784714e+01,2.400000000000000000e+01,2.700000000000000000e+01
7.972000023767766663e+01,2.000000000000000000e+01,1.500000000000000000e+01
7.973000023770748612e+01,2.200000000000000000e+01,2.400000000000000000e+01
7.974000023773729140e+01,1.900000000000000000e+01,2.000000000000000000e+01
7.975000023776711089e+01,1.900000000000000000e+01,1.000000000000000000e+01
7.976000023779693038e+01,2.200000000000000000e+01,2.300000000000000000e+01
7.977000023782673566e+01,2.200000000000000000e+01,2.000000000000000000e+01
7.978000023785655515e+01,2.100000000000000000e+01,1.600000000000000000e+01
7.979000023788636042e+01,1.900000000000000000e+01,1.600000000000000000e+01
7.980000023791617991e+01,2.000000000000000000e+01,1.400000000000000000e+01
7.981000023794599940e+01,2.100000000000000000e+01,1.500000000000000000e+01
7.982000023797580468e+01,2.000000000000000000e+01,1.800000000000000000e+01
7.983000023800562417e+01,1.800000000000000000e+01,1.600000000000000000e+01
7.984000023803542945e+01,1.900000000000000000e+01,1.100000000000000000e+01
7.985000023806524894e+01,1.700000000000000000e+01,1.300000000000000000e+01
7.986000023809506843e+01,1.500000000000000000e+01,1.100000000000000000e+01
7.987000023812487370e+01,1.700000000000000000e+01,1.300000000000000000e+01
7.988000023815469319e+01,1.600000000000000000e+01,1.300000000000000000e+01
7.989000023818451268e+01,1.700000000000000000e+01,1.400000000000000000e+01
7.990000023821431796e+01,1.800000000000000000e+01,1.400000000000000000e+01
7.991000023824413745e+01,1.900000000000000000e+01,1.600000000000000000e+01
7.992000023827394273e+01,1.900000000000000000e+01,1.400000000000000000e+01
7.993000023830376222e+01,1.900000000000000000e+01,1.400000000000000000e+01
7.994000023833358171e+01,1.800000000000000000e+01,1.000000000000000000e+01
7.995000023836338698e+01,1.900000000000000000e+01,1.400000000000000000e+01
7.996000023839320647e+01,1.900000000000000000e+01,1.500000000000000000e+01
7.997000023842302596e+01,1.500000000000000000e+01,1.100000000000000000e+01
7.998000023845283124e+01,1.600000000000000000e+01,1.000000000000000000e+01
7.999000023848265073e+01,2.000000000000000000e+01,1.800000000000000000e+01
8.000000023851245601e+01,1.600000000000000000e+01,9.000000000000000000e+00
8.001000023854227550e+01,1.500000000000000000e+01,1.200000000000000000e+01
8.002000023857209499e+01,1.900000000000000000e+01,1.300000000000000000e+01
8.003000023860190026e+01,2.000000000000000000e+01,1.300000000000000000e+01
8.004000023863171975e+01,1.900000000000000000e+01,1.300000000000000000e+01
8.005000023866152503e+01,2.000000000000000000e+01,1.800000000000000000e+01
8.006000023869134452e+01,2.100000000000000000e+01,1.700000000000000000e+01
8.007000023872116401e+01,2.500000000000000000e+01,2.400000000000000000e+01
8.008000023875096929e+01,1.800000000000000000e+01,1.200000000000000000e+01
8.009000023878078878e+01,2.300000000000000000e+01,2.100000000000000000e+01
8.010000023881060827e+01,2.300000000000000000e+01,2.500000000000000000e+01
8.011000023884041354e+01,2.000000000000000000e+01,1.500000000000000000e+01
8.012000023887023303e+01,1.900000000000000000e+01,1.300000000000000000e+01
8.013000023890003831e+01,1.900000000000000000e+01,1.400000000000000000e+01
8.014000023892985780e+01,1.800000000000000000e+01,1.500000000000000000e+01
8.015000023895967729e+01,2.300000000000000000e+01,2.100000000000000000e+01
8.016000023898948257e+01,1.900000000000000000e+01,1.300000000000000000e+01
8.017000023901930206e+01,2.300000000000000000e+01,2.400000000000000000e+01
8.018000023904912155e+01,1.900000000000000000e+01,1.400000000000000000e+01
8.019000023907892682e+01,1.900000000000000000e+01,1.500000000000000000e+01
8.020000023910874631e+01,1.900000000000000000e+01,1.400000000000000000e+01
8.021000023913855159e+01,1.800000000000000000e+01,1.300000000000000000e+01
8.022000023916837108e+01,2.000000000000000000e+01,1.800000000000000000e+01
8.023000023919819057e+01,2.100000000000000000e+01,2.100000000000000000e+01
8.024000023922799585e+01,1.800000000000000000e+01,1.300000000000000000e+01
8.025000023925781534e+01,1.900000000000000000e+01,1.800000000000000000e+01
8.026000023928762062e+01,2.300000000000000000e+01,1.900000000000000000e+01
8.027000023931744010e+01,2.200000000000000000e+01,2.400000000000000000e+01
8.028000023934725959e+01,2.100000000000000000e+01,1.900000000000000000e+01
8.029000023937706487e+01,2.100000000000000000e+01,2.200000000000000000e+01
8.030000023940688436e+01,2.000000000000000000e+01,1.700000000000000000e+01
8.031000023943670385e+01,2.100000000000000000e+01,1.400000000000000000e+01
8.032000023946650913e+01,2.200000000000000000e+01,2.100000000000000000e+01
8.033000023949632862e+01,2.300000000000000000e+01,2.400000000000000000e+01
8.034000023952613390e+01,1.800000000000000000e+01,1.900000000000000000e+01
8.035000023955595339e+01,1.900000000000000000e+01,1.700000000000000000e+01
8.036000023958577287e+01,1.900000000000000000e+01,1.700000000000000000e+01
8.037000023961557815e+01,1.700000000000000000e+01,1.500000000000000000e+01
8.038000023964539764e+01,2.100000000000000000e+01,1.400000000000000000e+01
8.039000023967520292e+01,1.700000000000000000e+01,1.100000000000000000e+01
8.040000023970502241e+01,1.900000000000000000e+01,1.500000000000000000e+01
8.041000023973484190e+01,1.700000000000000000e+01,1.500000000000000000e+01
8.042000023976464718e+01,1.600000000000000000e+01,1.300000000000000000e+01
8.043000023979446667e+01,1.900000000000000000e+01,1.800000000000000000e+01
8.044000023982428615e+01,1.900000000000000000e+01,2.100000000000000000e+01
8.045000023985409143e+01,1.900000000000000000e+01,1.400000000000000000e+01
8.046000023988391092e+01,1.800000000000000000e+01,1.500000000000000000e+01
8.047000023991371620e+01,1.600000000000000000e+01,1.200000000000000000e+01
8.048000023994353569e+01,2.000000000000000000e+01,1.600000000000000000e+01
8.049000023997335518e+01,2.300000000000000000e+01,2.100000000000000000e+01
8.050000024000316046e+01,2.200000000000000000e+01,2.100000000000000000e+01
8.051000024003297995e+01,2.200000000000000000e+01,2.000000000000000000e+01
8.052000024006279943e+01,2.100000000000000000e+01,1.400000000000000000e+01
8.053000024009260471e+01,1.900000000000000000e+01,1.600000000000000000e+01
8.054000024012242420e+01,2.100000000000000000e+01,2.000000000000000000e+01
8.055000024015222948e+01,1.900000000000000000e+01,1.500000000000000000e+01
8.056000024018204897e+01,1.800000000000000000e+01,1.000000000000000000e+01
8.057000024021186846e+01,1.700000000000000000e+01,1.300000000000000000e+01
8.058000024024167374e+01,1.500000000000000000e+01,1.200000000000000000e+01
8.059000024027149323e+01,1.700000000000000000e+01,1.200000000000000000e+01
8.060000024030129850e+01,1.800000000000000000e+01,1.400000000000000000e+01
8.061000024033111799e+01,1.900000000000000000e+01,1.700000000000000000e+01
8.062000024036093748e+01,1.900000000000000000e+01,1.700000000000000000e+01
8.063000024039074276e+01,2.300000000000000000e+01,1.900000000000000000e+01
8.064000024042056225e+01,2.600000000000000000e+01,2.800000000000000000e+01
8.065000024045038174e+01,2.300000000000000000e+01,2.100000000000000000e+01
8.066000024048018702e+01,2.100000000000000000e+01,1.500000000000000000e+01
8.067000024051000651e+01,2.200000000000000000e+01,2.600000000000000000e+01
8.068000024053981178e+01,2.300000000000000000e+01,2.100000000000000000e+01
8.069000024056963127e+01,2.100000000000000000e+01,2.100000000000000000e+01
8.070000024059945076e+01,2.000000000000000000e+01,2.000000000000000000e+01
8.071000024062925604e+01,1.800000000000000000e+01,1.800000000000000000e+01
8.072000024065907553e+01,2.200000000000000000e+01,1.800000000000000000e+01
8.073000024068888081e+01,2.300000000000000000e+01,2.200000000000000000e+01
8.074000024071870030e+01,2.200000000000000000e+01,1.700000000000000000e+01
8.075000024074851979e+01,2.000000000000000000e+01,1.500000000000000000e+01
8.076000024077832506e+01,1.800000000000000000e+01,1.600000000000000000e+01
8.077000024080814455e+01,1.800000000000000000e+01,1.300000000000000000e+01
8.078000024083796404e+01,2.200000000000000000e+01,1.800000000000000000e+01
8.079000024086776932e+01,2.400000000000000000e+01,2.900000000000000000e+01
8.080000024089758881e+01,2.200000000000000000e+01,1.700000000000000000e+01
8.081000024092739409e+01,2.000000000000000000e+01,2.000000000000000000e+01
8.082000024095721358e+01,2.300000000000000000e+01,2.200000000000000000e+01
8.083000024098703307e+01,2.100000000000000000e+01,2.000000000000000000e+01
8.084000024101683834e+01,2.500000000000000000e+01,2.400000000000000000e+01
8.085000024104665783e+01,2.300000000000000000e+01,2.100000000000000000e+01
8.086000024107647732e+01,2.200000000000000000e+01,2.100000000000000000e+01
8.087000024110628260e+01,1.900000000000000000e+01,1.800000000000000000e+01
8.088000024113610209e+01,2.000000000000000000e+01,1.900000000000000000e+01
8.089000024116590737e+01,2.100000000000000000e+01,2.000000000000000000e+01
8.090000024119572686e+01,2.400000000000000000e+01,2.400000000000000000e+01
8.091000024122554635e+01,2.300000000000000000e+01,2.000000000000000000e+01
8.092000024125535163e+01,1.800000000000000000e+01,1.600000000000000000e+01
8.093000024128517111e+01,2.100000000000000000e+01,2.000000000000000000e+01
8.094000024131497639e+01,2.200000000000000000e+01,2.100000000000000000e+01
8.095000024134479588e+01,1.900000000000000000e+01,1.500000000000000000e+01
8.096000024137461537e+01,2.200000000000000000e+01,1.800000000000000000e+01
8.097000024140442065e+01,2.100000000000000000e+01,2.100000000000000000e+01
8.098000024143424014e+01,2.000000000000000000e+01,2.000000000000000000e+01
8.099000024146405963e+01,2.300000000000000000e+01,2.100000000000000000e+01
8.100000024149386491e+01,2.200000000000000000e+01,2.400000000000000000e+01
8.101000024152368439e+01,2.100000000000000000e+01,1.700000000000000000e+01
8.102000024155348967e+01,2.400000000000000000e+01,2.000000000000000000e+01
8.103000024158330916e+01,2.100000000000000000e+01,1.600000000000000000e+01
8.104000024161312865e+01,1.900000000000000000e+01,1.500000000000000000e+01
8.105000024164293393e+01,2.200000000000000000e+01,1.500000000000000000e+01
8.106000024167275342e+01,2.100000000000000000e+01,1.500000000000000000e+01
8.107000024170255870e+01,2.200000000000000000e+01,1.900000000000000000e+01
8.108000024173237819e+01,2.100000000000000000e+01,1.700000000000000000e+01
8.109000024176219767e+01,1.700000000000000000e+01,1.500000000000000000e+01
8.110000024179200295e+01,2.000000000000000000e+01,1.800000000000000000e+01
8.111000024182182244e+01,2.100000000000000000e+01,2.100000000000000000e+01
8.112000024185164193e+01,1.800000000000000000e+01,1.600000000000000000e+01
8.113000024188144721e+01,1.800000000000000000e+01,1.200000000000000000e+01
8.114000024191126670e+01,2.100000000000000000e+01,1.500000000000000000e+01
8.115000024194107198e+01,1.900000000000000000e+01,1.500000000000000000e+01
8.116000024197089147e+01,1.900000000000000000e+01,1.700000000000000000e+01
8.117000024200071095e+01,1.900000000000000000e+01,1.200000000000000000e+01
8.118000024203051623e+01,2.100000000000000000e+01,2.000000000000000000e+01
8.119000024206033572e+01,2.000000000000000000e+01,2.000000000000000000e+01
8.120000024209015521e+01,2.000000000000000000e+01,1.900000000000000000e+01
8.121000024211996049e+01,1.800000000000000000e+01,1.400000000000000000e+01
8.122000024214977998e+01,2.000000000000000000e+01,1.300000000000000000e+01
8.123000024217958526e+01,2.100000000000000000e+01,1.800000000000000000e+01
8.124000024220940475e+01,2.400000000000000000e+01,2.400000000000000000e+01
8.125000024223922424e+01,2.100000000000000000e+01,1.600000000000000000e+01
8.126000024226902951e+01,2.000000000000000000e+01,1.300000000000000000e+01
8.127000024229884900e+01,2.000000000000000000e+01,1.700000000000000000e+01
8.128000024232865428e+01,1.900000000000000000e+01,1.400000000000000000e+01
8.129000024235847377e+01,1.700000000000000000e+01,1.400000000000000000e+01
8.130000024238829326e+01,2.100000000000000000e+01,1.800000000000000000e+01
8.131000024241809854e+01,1.800000000000000000e+01,1.400000000000000000e+01
8.132000024244791803e+01,1.800000000000000000e+01,1.700000000000000000e+01
8.133000024247773752e+01,1.900000000000000000e+01,1.700000000000000000e+01
8.134000024250754279e+01,2.300000000000000000e+01,2.400000000000000000e+01
8.135000024253736228e+01,1.900000000000000000e+01,1.400000000000000000e+01
8.136000024256716756e+01,1.900000000000000000e+01,1.300000000000000000e+01
8.137000024259698705e+01,1.700000000000000000e+01,1.200000000000000000e+01
8.138000024262680654e+01,1.700000000000000000e+01,1.400000000000000000e+01
8.139000024265661182e+01,1.800000000000000000e+01,1.600000000000000000e+01
8.140000024268643131e+01,1.700000000000000000e+01,1.400000000000000000e+01
8.141000024271623658e+01,1.700000000000000000e+01,1.300000000000000000e+01
8.142000024274605607e+01,1.700000000000000000e+01,1.300000000000000000e+01
8.143000024277587556e+01,1.600000000000000000e+01,1.100000000000000000e+01
8.144000024280568084e+01,1.600000000000000000e+01,1.300000000000000000e+01
8.145000024283550033e+01,1.800000000000000000e+01,1.700000000000000000e+01
8.146000024286531982e+01,2.000000000000000000e+01,1.600000000000000000e+01
8.147000024289512510e+01,1.800000000000000000e+01,1.100000000000000000e+01
8.148000024292494459e+01,1.900000000000000000e+01,1.500000000000000000e+01
8.149000024295474987e+01,1.500000000000000000e+01,1.100000000000000000e+01
8.150000024298456935e+01,1.800000000000000000e+01,1.900000000000000000e+01
8.151000024301438884e+01,1.700000000000000000e+01,1.400000000000000000e+01
8.152000024304419412e+01,1.800000000000000000e+01,1.600000000000000000e+01
8.153000024307401361e+01,1.900000000000000000e+01,2.000000000000000000e+01
8.154000024310383310e+01,1.700000000000000000e+01,1.600000000000000000e+01
8.155000024313363838e+01,1.700000000000000000e+01,1.500000000000000000e+01
8.156000024316345787e+01,1.500000000000000000e+01,1.000000000000000000e+01
8.157000024319326315e+01,1.800000000000000000e+01,1.300000000000000000e+01
8.158000024322308263e+01,1.700000000000000000e+01,1.100000000000000000e+01
8.159000024325290212e+01,1.700000000000000000e+01,1.100000000000000000e+01
8.160000024328270740e+01,1.600000000000000000e+01,9.000000000000000000e+00
8.161000024331252689e+01,1.800000000000000000e+01,1.400000000000000000e+01
8.162000024334233217e+01,1.900000000000000000e+01,1.200000000000000000e+01
8.163000024337215166e+01,1.900000000000000000e+01,1.600000000000000000e+01
8.164000024340197115e+01,1.600000000000000000e+01,1.100000000000000000e+01
8.165000024343177643e+01,1.800000000000000000e+01,1.300000000000000000e+01
8.166000024346159591e+01,1.800000000000000000e+01,1.100000000000000000e+01
8.167000024349141540e+01,1.800000000000000000e+01,1.400000000000000000e+01
8.168000024352122068e+01,1.700000000000000000e+01,1.400000000000000000e+01
8.169000024355104017e+01,1.900000000000000000e+01,1.500000000000000000e+01
8.170000024358084545e+01,1.700000000000000000e+01,1.200000000000000000e+01
8.171000024361066494e+01,1.700000000000000000e+01,1.100000000000000000e+01
8.172000024364048443e+01,1.800000000000000000e+01,1.100000000000000000e+01
8.173000024367028971e+01,1.600000000000000000e+01,1.200000000000000000e+01
8.174000024370010919e+01,1.500000000000000000e+01,1.000000000000000000e+01
8.175000024372991447e+01,2.000000000000000000e+01,1.300000000000000000e+01
8.176000024375973396e+01,1.600000000000000000e+01,8.000000000000000000e+00
8.177000024378955345e+01,2.000000000000000000e+01,1.500000000000000000e+01
8.178000024381935873e+01,1.800000000000000000e+01,1.300000000000000000e+01
8.179000024384917822e+01,1.600000000000000000e+01,1.300000000000000000e+01
8.180000024387899771e+01,1.800000000000000000e+01,1.100000000000000000e+01
8.181000024390880299e+01,1.600000000000000000e+01,1.100000000000000000e+01
8.182000024393862248e+01,1.500000000000000000e+01,1.000000000000000000e+01
8.183000024396842775e+01,1.600000000000000000e+01,1.500000000000000000e+01
8.184000024399824724e+01,1.800000000000000000e+01,1.600000000000000000e+01
8.185000024402806673e+01,1.900000000000000000e+01,1.600000000000000000e+01
8.186000024405787201e+01,1.600000000000000000e+01,1.400000000000000000e+01
8.187000024408769150e+01,1.900000000000000000e+01,1.400000000000000000e+01
8.188000024411751099e+01,2.100000000000000000e+01,1.600000000000000000e+01
8.189000024414731627e+01,1.800000000000000000e+01,1.200000000000000000e+01
8.190000024417713576e+01,1.700000000000000000e+01,1.100000000000000000e+01
8.191000024420694103e+01,1.700000000000000000e+01,1.400000000000000000e+01
8.192000024423676052e+01,1.700000000000000000e+01,1.300000000000000000e+01
8.193000024426658001e+01,2.000000000000000000e+01,1.900000000000000000e+01
8.194000024429638529e+01,2.000000000000000000e+01,1.100000000000000000e+01
8.195000024432620478e+01,1.600000000000000000e+01,1.400000000000000000e+01
8.196000024435601006e+01,1.600000000000000000e+01,1.200000000000000000e+01
8.197000024438582955e+01,1.500000000000000000e+01,9.000000000000000000e+00
8.198000024441564904e+01,1.600000000000000000e+01,1.100000000000000000e+01
8.199000024444545431e+01,1.600000000000000000e+01,1.300000000000000000e+01
8.200000024447527380e+01,1.700000000000000000e+01,1.200000000000000000e+01
8.201000024450509329e+01,1.700000000000000000e+01,1.300000000000000000e+01
8.202000024453489857e+01,1.700000000000000000e+01,1.300000000000000000e+01
8.203000024456471806e+01,1.600000000000000000e+01,1.700000000000000000e+01
8.204000024459452334e+01,1.800000000000000000e+01,1.300000000000000000e+01
8.205000024462434283e+01,1.700000000000000000e+01,1.500000000000000000e+01
8.206000024465416232e+01,1.800000000000000000e+01,1.700000000000000000e+01
8.207000024468396759e+01,1.700000000000000000e+01,1.400000000000000000e+01
8.208000024471378708e+01,1.900000000000000000e+01,1.300000000000000000e+01
8.209000024474360657e+01,1.700000000000000000e+01,1.400000000000000000e+01
8.210000024477341185e+01,1.800000000000000000e+01,1.200000000000000000e+01
8.211000024480323134e+01,1.900000000000000000e+01,1.400000000000000000e+01
8.212000024483303662e+01,2.100000000000000000e+01,1.800000000000000000e+01
8.213000024486285611e+01,1.600000000000000000e+01,1.100000000000000000e+01
8.214000024489267560e+01,1.900000000000000000e+01,1.600000000000000000e+01
8.215000024492248087e+01,1.900000000000000000e+01,1.600000000000000000e+01
8.216000024495230036e+01,1.700000000000000000e+01,1.300000000000000000e+01
8.217000024498210564e+01,1.600000000000000000e+01,1.400000000000000000e+01
8.218000024501192513e+01,1.600000000000000000e+01,1.400000000000000000e+01
8.219000024504174462e+01,1.600000000000000000e+01,1.100000000000000000e+01
8.220000024507154990e+01,1.900000000000000000e+01,1.400000000000000000e+01
8.221000024510136939e+01,1.600000000000000000e+01,1.200000000000000000e+01
8.222000024513118888e+01,1.600000000000000000e+01,1.000000000000000000e+01
8.223000024516099415e+01,1.400000000000000000e+01,1.000000000000000000e+01
8.224000024519081364e+01,1.400000000000000000e+01,9.000000000000000000e+00
8.225000024522061892e+01,1.600000000000000000e+01,1.400000000000000000e+01
8.226000024525043841e+01,1.600000000000000000e+01,1.100000000000000000e+01
8.227000024528025790e+01,1.500000000000000000e+01,1.100000000000000000e+01
8.228000024531006318e+01,1.500000000000000000e+01,1.200000000000000000e+01
8.229000024533988267e+01,1.700000000000000000e+01,1.600000000000000000e+01
8.230000024536968795e+01,1.700000000000000000e+01,1.500000000000000000e+01
8.231000024539950743e+01,1.900000000000000000e+01,1.900000000000000000e+01
8.232000024542932692e+01,2.000000000000000000e+01,1.700000000000000000e+01
8.233000024545913220e+01,1.600000000000000000e+01,1.300000000000000000e+01
8.234000024548895169e+01,1.800000000000000000e+01,1.500000000000000000e+01
8.235000024551877118e+01,1.800000000000000000e+01,1.600000000000000000e+01
8.236000024554857646e+01,1.900000000000000000e+01,1.700000000000000000e+01
8.237000024557839595e+01,1.700000000000000000e+01,1.400000000000000000e+01
8.238000024560820123e+01,1.900000000000000000e+01,1.700000000000000000e+01
8.239000024563802071e+01,1.700000000000000000e+01,1.200000000000000000e+01
8.240000024566784020e+01,1.900000000000000000e+01,1.600000000000000000e+01
8.241000024569764548e+01,2.000000000000000000e+01,1.700000000000000000e+01
8.242000024572746497e+01,1.800000000000000000e+01,1.400000000000000000e+01
8.243000024575728446e+01,1.900000000000000000e+01,1.600000000000000000e+01
8.244000024578708974e+01,2.000000000000000000e+01,1.400000000000000000e+01
8.245000024581690923e+01,1.700000000000000000e+01,1.400000000000000000e+01
8.246000024584671451e+01,2.000000000000000000e+01,1.600000000000000000e+01
8.247000024587653400e+01,1.800000000000000000e+01,1.500000000000000000e+01
8.248000024590635348e+01,2.000000000000000000e+01,1.500000000000000000e+01
8.249000024593615876e+01,2.100000000000000000e+01,1.400000000000000000e+01
8.250000024596597825e+01,1.900000000000000000e+01,1.400000000000000000e+01
8.251000024599578353e+01,1.900000000000000000e+01,1.800000000000000000e+01
8.252000024602560302e+01,2.000000000000000000e+01,1.700000000000000000e+01
8.253000024605542251e+01,1.900000000000000000e+01,1.600000000000000000e+01
8.254000024608522779e+01,1.800000000000000000e+01,1.200000000000000000e+01
8.255000024611504728e+01,2.100000000000000000e+01,1.600000000000000000e+01
8.256000024614486676e+01,2.100000000000000000e+01,1.700000000000000000e+01
8.257000024617467204e+01,1.900000000000000000e+01,1.600000000000000000e+01
8.258000024620449153e+01,2.000000000000000000e+01,1.600000000000000000e+01
8.259000024623429681e+01,2.000000000000000000e+01,1.900000000000000000e+01
8.260000024626411630e+01,1.900000000000000000e+01,1.400000000000000000e+01
8.261000024629393579e+01,1.800000000000000000e+01,1.500000000000000000e+01
8.262000024632374107e+01,1.600000000000000000e+01,1.300000000000000000e+01
8.263000024635356056e+01,1.800000000000000000e+01,1.100000000000000000e+01
8.264000024638336583e+01,2.100000000000000000e+01,1.700000000000000000e+01
8.265000024641318532e+01,1.900000000000000000e+01,1.600000000000000000e+01
8.266000024644300481e+01,1.900000000000000000e+01,1.500000000000000000e+01
8.267000024647281009e+01,1.800000000000000000e+01,1.400000000000000000e+01
8.268000024650262958e+01,1.700000000000000000e+01,1.400000000000000000e+01
8.269000024653244907e+01,1.600000000000000000e+01,1.100000000000000000e+01
8.270000024656225435e+01,1.600000000000000000e+01,1.000000000000000000e+01
8.271000024659207384e+01,1.500000000000000000e+01,1.100000000000000000e+01
8.272000024662187911e+01,1.600000000000000000e+01,1.000000000000000000e+01
8.273000024665169860e+01,1.700000000000000000e+01,1.300000000000000000e+01
8.274000024668151809e+01,1.800000000000000000e+01,1.400000000000000000e+01
8.275000024671132337e+01,1.900000000000000000e+01,1.500000000000000000e+01
8.276000024674114286e+01,2.000000000000000000e+01,1.400000000000000000e+01
8.277000024677096235e+01,2.000000000000000000e+01,1.300000000000000000e+01
8.278000024680076763e+01,1.900000000000000000e+01,1.400000000000000000e+01
8.279000024683058712e+01,2.000000000000000000e+01,1.400000000000000000e+01
8.280000024686039239e+01,1.700000000000000000e+01,1.000000000000000000e+01
8.281000024689021188e+01,2.000000000000000000e+01,1.600000000000000000e+01
8.282000024692003137e+01,1.800000000000000000e+01,1.400000000000000000e+01
8.283000024694983665e+01,1.800000000000000000e+01,1.300000000000000000e+01
8.284000024697965614e+01,1.900000000000000000e+01,1.600000000000000000e+01
8.285000024700946142e+01,1.600000000000000000e+01,1.200000000000000000e+01
8.286000024703928091e+01,2.100000000000000000e+01,1.800000000000000000e+01
8.287000024706910040e+01,2.100000000000000000e+01,2.100000000000000000e+01
8.288000024709890567e+01,2.100000000000000000e+01,1.800000000000000000e+01
8.289000024712872516e+01,1.900000000000000000e+01,1.600000000000000000e+01
8.290000024715854465e+01,2.100000000000000000e+01,1.400000000000000000e+01
8.291000024718834993e+01,2.100000000000000000e+01,1.900000000000000000e+01
8.292000024721816942e+01,2.200000000000000000e+01,1.700000000000000000e+01
8.293000024724797470e+01,2.100000000000000000e+01,1.300000000000000000e+01
8.294000024727779419e+01,2.000000000000000000e+01,1.500000000000000000e+01
8.295000024730761368e+01,2.100000000000000000e+01,1.600000000000000000e+01
8.296000024733741895e+01,1.900000000000000000e+01,1.400000000000000000e+01
8.297000024736723844e+01,2.000000000000000000e+01,1.400000000000000000e+01
8.298000024739704372e+01,1.800000000000000000e+01,1.500000000000000000e+01
8.299000024742686321e+01,1.700000000000000000e+01,1.200000000000000000e+01
8.300000024745668270e+01,1.800000000000000000e+01,1.600000000000000000e+01
8.301000024748648798e+01,1.800000000000000000e+01,1.100000000000000000e+01
8.302000024751630747e+01,1.800000000000000000e+01,1.500000000000000000e+01
8.303000024754612696e+01,1.900000000000000000e+01,1.200000000000000000e+01
8.304000024757593224e+01,1.600000000000000000e+01,1.000000000000000000e+01
8.305000024760575172e+01,1.600000000000000000e+01,1.100000000000000000e+01
8.306000024763555700e+01,2.000000000000000000e+01,1.500000000000000000e+01
8.307000024766537649e+01,2.100000000000000000e+01,1.900000000000000000e+01
8.308000024769519598e+01,1.900000000000000000e+01,1.500000000000000000e+01
8.309000024772500126e+01,1.800000000000000000e+01,1.200000000000000000e+01
8.310000024775482075e+01,2.000000000000000000e+01,1.500000000000000000e+01
8.311000024778464024e+01,1.600000000000000000e+01,1.000000000000000000e+01
8.312000024781444552e+01,1.600000000000000000e+01,1.100000000000000000e+01
8.313000024784426500e+01,1.900000000000000000e+01,1.300000000000000000e+01
8.314000024787407028e+01,1.800000000000000000e+01,1.300000000000000000e+01
8.315000024790388977e+01,1.600000000000000000e+01,1.100000000000000000e+01
8.316000024793370926e+01,1.700000000000000000e+01,1.200000000000000000e+01
8.317000024796351454e+01,1.700000000000000000e+01,1.200000000000000000e+01
8.318000024799333403e+01,1.700000000000000000e+01,1.100000000000000000e+01
8.319000024802313931e+01,1.900000000000000000e+01,1.400000000000000000e+01
8.320000024805295880e+01,1.900000000000000000e+01,1.300000000000000000e+01
8.321000024808277828e+01,1.600000000000000000e+01,1.100000000000000000e+01
8.322000024811258356e+01,2.000000000000000000e+01,1.600000000000000000e+01
8.323000024814240305e+01,1.700000000000000000e+01,1.200000000000000000e+01
8.324000024817222254e+01,1.900000000000000000e+01,1.300000000000000000e+01
8.325000024820202782e+01,2.000000000000000000e+01,1.600000000000000000e+01
8.326000024823184731e+01,1.800000000000000000e+01,1.700000000000000000e+01
8.327000024826165259e+01,1.800000000000000000e+01,1.400000000000000000e+01
8.328000024829147208e+01,2.000000000000000000e+01,1.700000000000000000e+01
8.329000024832129156e+01,1.900000000000000000e+01,1.400000000000000000e+01
8.330000024835109684e+01,1.600000000000000000e+01,1.200000000000000000e+01
8.331000024838091633e+01,1.900000000000000000e+01,1.400000000000000000e+01
8.332000024841072161e+01,1.800000000000000000e+01,1.200000000000000000e+01
8.333000024844054110e+01,1.500000000000000000e+01,1.100000000000000000e+01
8.334000024847036059e+01,1.600000000000000000e+01,1.300000000000000000e+01
8.335000024850016587e+01,1.700000000000000000e+01,1.200000000000000000e+01
8.336000024852998536e+01,1.700000000000000000e+01,8.000000000000000000e+00
8.337000024855980485e+01,1.700000000000000000e+01,1.100000000000000000e+01
8.338000024858961012e+01,1.900000000000000000e+01,1.800000000000000000e+01
8.339000024861942961e+01,1.900000000000000000e+01,1.600000000000000000e+01
8.340000024864923489e+01,1.600000000000000000e+01,1.200000000000000000e+01
8.341000024867905438e+01,1.600000000000000000e+01,1.000000000000000000e+01
8.342000024870887387e+01,1.300000000000000000e+01,9.000000000000000000e+00
8.343000024873867915e+01,1.500000000000000000e+01,1.000000000000000000e+01
8.344000024876849864e+01,1.700000000000000000e+01,1.400000000000000000e+01
8.345000024879831813e+01,1.400000000000000000e+01,1.100000000000000000e+01
8.346000024882812340e+01,1.700000000000000000e+01,1.300000000000000000e+01
8.347000024885794289e+01,1.300000000000000000e+01,9.000000000000000000e+00
8.348000024888774817e+01,1.600000000000000000e+01,1.100000000000000000e+01
8.349000024891756766e+01,1.600000000000000000e+01,1.300000000000000000e+01
8.350000024894738715e+01,1.600000000000000000e+01,1.000000000000000000e+01
8.351000024897719243e+01,1.700000000000000000e+01,1.200000000000000000e+01
8.352000024900701192e+01,1.600000000000000000e+01,1.200000000000000000e+01
8.353000024903681719e+01,1.600000000000000000e+01,1.100000000000000000e+01
8.354000024906663668e+01,1.600000000000000000e+01,1.100000000000000000e+01
8.355000024909645617e+01,1.900000000000000000e+01,1.800000000000000000e+01
8.356000024912626145e+01,1.800000000000000000e+01,1.400000000000000000e+01
8.357000024915608094e+01,1.700000000000000000e+01,1.200000000000000000e+01
8.358000024918590043e+01,1.800000000000000000e+01,1.300000000000000000e+01
8.359000024921570571e+01,1.700000000000000000e+01,1.200000000000000000e+01
8.360000024924552520e+01,1.700000000000000000e+01,1.300000000000000000e+01
8.361000024927533048e+01,1.400000000000000000e+01,1.000000000000000000e+01
8.362000024930514996e+01,1.800000000000000000e+01,1.400000000000000000e+01
8.363000024933496945e+01,1.700000000000000000e+01,1.300000000000000000e+01
8.364000024936477473e+01,1.700000000000000000e+01,1.000000000000000000e+01
8.365000024939459422e+01,1.700000000000000000e+01,1.200000000000000000e+01
8.366000024942439950e+01,1.900000000000000000e+01,1.500000000000000000e+01
8.367000024945421899e+01,1.800000000000000000e+01,1.300000000000000000e+01
8.368000024948403848e+01,1.600000000000000000e+01,1.200000000000000000e+01
8.369000024951384376e+01,1.700000000000000000e+01,1.400000000000000000e+01
8.370000024954366324e+01,1.400000000000000000e+01,1.100000000000000000e+01
8.371000024957348273e+01,1.600000000000000000e+01,1.200000000000000000e+01
8.372000024960328801e+01,1.700000000000000000e+01,1.100000000000000000e+01
8.373000024963310750e+01,1.400000000000000000e+01,1.300000000000000000e+01
8.374000024966291278e+01,1.400000000000000000e+01,1.100000000000000000e+01
8.375000024969273227e+01,1.600000000000000000e+01,1.100000000000000000e+01
8.376000024972255176e+01,1.900000000000000000e+01,1.700000000000000000e+01
8.377000024975235704e+01,1.500000000000000000e+01,1.300000000000000000e+01
8.378000024978217652e+01,1.700000000000000000e+01,1.200000000000000000e+01
8.379000024981199601e+01,1.800000000000000000e+01,1.400000000000000000e+01
8.380000024984180129e+01,1.700000000000000000e+01,1.400000000000000000e+01
8.381000024987162078e+01,1.900000000000000000e+01,1.700000000000000000e+01
8.382000024990142606e+01,1.600000000000000000e+01,1.200000000000000000e+01
8.383000024993124555e+01,1.800000000000000000e+01,1.600000000000000000e+01
8.384000024996106504e+01,1.900000000000000000e+01,1.400000000000000000e+01
8.385000024999087032e+01,1.600000000000000000e+01,1.000000000000000000e+01
8.386000025002068980e+01,2.100000000000000000e+01,1.900000000000000000e+01
8.387000025005049508e+01,2.100000000000000000e+01,1.800000000000000000e+01
8.388000025008031457e+01,1.800000000000000000e+01,1.400000000000000000e+01
8.389000025011013406e+01,2.100000000000000000e+01,1.600000000000000000e+01
8.390000025013993934e+01,1.600000000000000000e+01,1.300000000000000000e+01
8.391000025016975883e+01,1.600000000000000000e+01,1.400000000000000000e+01
8.392000025019957832e+01,2.000000000000000000e+01,1.900000000000000000e+01
8.393000025022938360e+01,2.000000000000000000e+01,1.900000000000000000e+01
8.394000025025920309e+01,2.000000000000000000e+01,1.600000000000000000e+01
8.395000025028900836e+01,2.100000000000000000e+01,2.000000000000000000e+01
8.396000025031882785e+01,1.900000000000000000e+01,1.700000000000000000e+01
8.397000025034864734e+01,2.000000000000000000e+01,1.500000000000000000e+01
8.398000025037845262e+01,1.900000000000000000e+01,1.400000000000000000e+01
8.399000025040827211e+01,1.600000000000000000e+01,9.000000000000000000e+00
8.400000025043809160e+01,1.800000000000000000e+01,1.500000000000000000e+01
8.401000025046789688e+01,1.700000000000000000e+01,1.500000000000000000e+01
8.402000025049771637e+01,1.800000000000000000e+01,1.400000000000000000e+01
8.403000025052752164e+01,1.700000000000000000e+01,1.100000000000000000e+01
8.404000025055734113e+01,1.800000000000000000e+01,1.400000000000000000e+01
8.405000025058716062e+01,2.000000000000000000e+01,1.600000000000000000e+01
8.406000025061696590e+01,2.000000000000000000e+01,1.600000000000000000e+01
8.407000025064678539e+01,2.100000000000000000e+01,2.000000000000000000e+01
8.408000025067659067e+01,2.200000000000000000e+01,1.800000000000000000e+01
8.409000025070641016e+01,2.000000000000000000e+01,1.800000000000000000e+01
8.410000025073622965e+01,2.200000000000000000e+01,1.700000000000000000e+01
8.411000025076603492e+01,1.700000000000000000e+01,1.300000000000000000e+01
8.412000025079585441e+01,1.800000000000000000e+01,1.200000000000000000e+01
8.413000025082567390e+01,1.800000000000000000e+01,1.200000000000000000e+01
8.414000025085547918e+01,1.600000000000000000e+01,1.000000000000000000e+01
8.415000025088529867e+01,1.600000000000000000e+01,1.300000000000000000e+01
8.416000025091510395e+01,1.800000000000000000e+01,1.600000000000000000e+01
8.417000025094492344e+01,1.800000000000000000e+01,1.100000000000000000e+01
8.418000025097474293e+01,1.700000000000000000e+01,1.400000000000000000e+01
8.419000025100454820e+01,1.800000000000000000e+01,1.400000000000000000e+01
8.420000025103436769e+01,1.700000000000000000e+01,1.600000000000000000e+01
8.421000025106417297e+01,1.600000000000000000e+01,1.200000000000000000e+01
8.422000025109399246e+01,1.800000000000000000e+01,1.700000000000000000e+01
8.423000025112381195e+01,1.800000000000000000e+01,1.300000000000000000e+01
8.424000025115361723e+01,1.800000000000000000e+01,1.600000000000000000e+01
8.425000025118343672e+01,2.100000000000000000e+01,1.700000000000000000e+01
8.426000025121325621e+01,2.300000000000000000e+01,2.000000000000000000e+01
8.427000025124306148e+01,1.800000000000000000e+01,1.300000000000000000e+01
8.428000025127288097e+01,2.200000000000000000e+01,2.000000000000000000e+01
8.429000025130268625e+01,2.200000000000000000e+01,1.700000000000000000e+01
8.430000025133250574e+01,2.000000000000000000e+01,1.400000000000000000e+01
8.431000025136232523e+01,1.700000000000000000e+01,1.400000000000000000e+01
8.432000025139213051e+01,1.800000000000000000e+01,1.300000000000000000e+01
8.433000025142195000e+01,1.600000000000000000e+01,1.000000000000000000e+01
8.434000025145176949e+01,1.600000000000000000e+01,1.100000000000000000e+01
8.435000025148157476e+01,1.800000000000000000e+01,1.300000000000000000e+01
8.436000025151139425e+01,1.800000000000000000e+01,1.300000000000000000e+01
8.437000025154119953e+01,1.700000000000000000e+01,1.100000000000000000e+01
8.438000025157101902e+01,2.000000000000000000e+01,1.800000000000000000e+01
8.439000025160083851e+01,1.800000000000000000e+01,1.700000000000000000e+01
8.440000025163064379e+01,1.900000000000000000e+01,1.500000000000000000e+01
8.441000025166046328e+01,1.700000000000000000e+01,1.600000000000000000e+01
8.442000025169026856e+01,1.500000000000000000e+01,1.400000000000000000e+01
8.443000025172008804e+01,1.600000000000000000e+01,1.300000000000000000e+01
8.444000025174990753e+01,2.000000000000000000e+01,1.500000000000000000e+01
8.445000025177971281e+01,1.800000000000000000e+01,1.200000000000000000e+01
8.446000025180953230e+01,1.800000000000000000e+01,1.200000000000000000e+01
8.447000025183935179e+01,1.700000000000000000e+01,1.100000000000000000e+01
8.448000025186915707e+01,1.600000000000000000e+01,1.100000000000000000e+01
8.449000025189897656e+01,1.700000000000000000e+01,1.200000000000000000e+01
8.450000025192878184e+01,1.800000000000000000e+01,9.000000000000000000e+00
8.451000025195860132e+01,1.900000000000000000e+01,1.500000000000000000e+01
8.452000025198842081e+01,1.800000000000000000e+01,1.200000000000000000e+01
8.453000025201822609e+01,2.300000000000000000e+01,1.600000000000000000e+01
8.454000025204804558e+01,2.000000000000000000e+01,1.600000000000000000e+01
8.455000025207785086e+01,2.000000000000000000e+01,1.600000000000000000e+01
8.456000025210767035e+01,1.800000000000000000e+01,1.600000000000000000e+01
8.457000025213748984e+01,2.000000000000000000e+01,2.000000000000000000e+01
8.458000025216729512e+01,2.100000000000000000e+01,2.000000000000000000e+01
8.459000025219711461e+01,2.000000000000000000e+01,1.700000000000000000e+01
8.460000025222693409e+01,1.900000000000000000e+01,1.700000000000000000e+01
8.461000025225673937e+01,1.900000000000000000e+01,2.000000000000000000e+01
8.462000025228655886e+01,2.000000000000000000e+01,2.000000000000000000e+01
8.463000025231636414e+01,2.100000000000000000e+01,1.700000000000000000e+01
8.464000025234618363e+01,1.800000000000000000e+01,1.400000000000000000e+01
8.465000025237600312e+01,1.900000000000000000e+01,2.000000000000000000e+01
8.466000025240580840e+01,1.900000000000000000e+01,1.600000000000000000e+01
8.467000025243562789e+01,1.800000000000000000e+01,1.600000000000000000e+01
8.468000025246544737e+01,1.600000000000000000e+01,1.200000000000000000e+01
8.469000025249525265e+01,1.800000000000000000e+01,1.600000000000000000e+01
8.470000025252507214e+01,1.800000000000000000e+01,1.500000000000000000e+01
8.471000025255487742e+01,1.700000000000000000e+01,1.200000000000000000e+01
8.472000025258469691e+01,1.800000000000000000e+01,1.300000000000000000e+01
8.473000025261451640e+01,2.000000000000000000e+01,1.300000000000000000e+01
8.474000025264432168e+01,1.900000000000000000e+01,1.400000000000000000e+01
8.475000025267414117e+01,1.900000000000000000e+01,1.600000000000000000e+01
8.476000025270394644e+01,1.800000000000000000e+01,1.500000000000000000e+01
8.477000025273376593e+01,1.600000000000000000e+01,1.300000000000000000e+01
8.478000025276358542e+01,1.800000000000000000e+01,1.600000000000000000e+01
8.479000025279339070e+01,1.700000000000000000e+01,1.200000000000000000e+01
8.480000025282321019e+01,1.600000000000000000e+01,8.000000000000000000e+00
8.481000025285302968e+01,1.700000000000000000e+01,1.000000000000000000e+01
8.482000025288283496e+01,1.800000000000000000e+01,1.300000000000000000e+01
8.483000025291265445e+01,1.800000000000000000e+01,1.400000000000000000e+01
8.484000025294245972e+01,1.700000000000000000e+01,1.400000000000000000e+01
8.485000025297227921e+01,1.700000000000000000e+01,1.300000000000000000e+01
8.486000025300209870e+01,1.800000000000000000e+01,1.100000000000000000e+01
8.487000025303190398e+01,2.000000000000000000e+01,1.400000000000000000e+01
8.488000025306172347e+01,2.000000000000000000e+01,1.300000000000000000e+01
8.489000025309152875e+01,1.800000000000000000e+01,1.200000000000000000e+01
8.490000025312134824e+01,1.600000000000000000e+01,1.200000000000000000e+01
8.491000025315116773e+01,1.700000000000000000e+01,1.400000000000000000e+01
8.492000025318097300e+01,1.700000000000000000e+01,2.000000000000000000e+01
8.493000025321079249e+01,1.900000000000000000e+01,1.600000000000000000e+01
8.494000025324061198e+01,1.800000000000000000e+01,1.400000000000000000e+01
8.495000025327041726e+01,1.700000000000000000e+01,1.200000000000000000e+01
8.496000025330023675e+01,1.700000000000000000e+01,1.100000000000000000e+01
8.497000025333004203e+01,1.800000000000000000e+01,1.200000000000000000e+01
8.498000025335986152e+01,2.000000000000000000e+01,1.500000000000000000e+01
8.499000025338968101e+01,1.700000000000000000e+01,1.100000000000000000e+01
8.500000025341948628e+01,1.700000000000000000e+01,1.100000000000000000e+01
8.501000025344930577e+01,1.900000000000000000e+01,1.300000000000000000e+01
8.502000025347912526e+01,1.600000000000000000e+01,1.300000000000000000e+01
8.503000025350893054e+01,1.800000000000000000e+01,1.600000000000000000e+01
8.504000025353875003e+01,1.900000000000000000e+01,1.400000000000000000e+01
8.505000025356855531e+01,1.900000000000000000e+01,1.400000000000000000e+01
8.506000025359837480e+01,1.700000000000000000e+01,1.100000000000000000e+01
8.507000025362819429e+01,1.900000000000000000e+01,1.300000000000000000e+01
8.508000025365799956e+01,1.800000000000000000e+01,1.200000000000000000e+01
8.509000025368781905e+01,1.900000000000000000e+01,1.600000000000000000e+01
8.510000025371762433e+01,1.600000000000000000e+01,1.200000000000000000e+01
8.511000025374744382e+01,1.700000000000000000e+01,1.400000000000000000e+01
8.512000025377726331e+01,1.700000000000000000e+01,1.400000000000000000e+01
8.513000025380706859e+01,2.000000000000000000e+01,1.500000000000000000e+01
8.514000025383688808e+01,1.700000000000000000e+01,1.500000000000000000e+01
8.515000025386670757e+01,1.800000000000000000e+01,1.400000000000000000e+01
8.516000025389651285e+01,1.500000000000000000e+01,1.000000000000000000e+01
8.517000025392633233e+01,1.800000000000000000e+01,1.700000000000000000e+01
8.518000025395613761e+01,1.900000000000000000e+01,1.700000000000000000e+01
8.519000025398595710e+01,1.700000000000000000e+01,1.300000000000000000e+01
8.520000025401577659e+01,1.800000000000000000e+01,1.000000000000000000e+01
8.521000025404558187e+01,1.800000000000000000e+01,1.400000000000000000e+01
8.522000025407540136e+01,1.500000000000000000e+01,1.100000000000000000e+01
8.523000025410520664e+01,1.500000000000000000e+01,1.100000000000000000e+01
8.524000025413502613e+01,1.700000000000000000e+01,1.300000000000000000e+01
8.525000025416484561e+01,1.700000000000000000e+01,1.000000000000000000e+01
8.526000025419465089e+01,1.300000000000000000e+01,9.000000000000000000e+00
8.527000025422447038e+01,1.900000000000000000e+01,1.300000000000000000e+01
8.528000025425428987e+01,1.900000000000000000e+01,1.200000000000000000e+01
8.529000025428409515e+01,1.500000000000000000e+01,1.100000000000000000e+01
8.530000025431391464e+01,1.800000000000000000e+01,1.500000000000000000e+01
8.531000025434371992e+01,1.400000000000000000e+01,9.000000000000000000e+00
8.532000025437353941e+01,1.600000000000000000e+01,9.000000000000000000e+00
8.533000025440335889e+01,1.700000000000000000e+01,1.100000000000000000e+01
8.534000025443316417e+01,1.600000000000000000e+01,1.200000000000000000e+01
8.535000025446298366e+01,1.700000000000000000e+01,1.200000000000000000e+01
8.536000025449280315e+01,1.700000000000000000e+01,1.600000000000000000e+01
8.537000025452260843e+01,1.600000000000000000e+01,1.200000000000000000e+01
8.538000025455242792e+01,1.600000000000000000e+01,1.300000000000000000e+01
8.539000025458223320e+01,1.700000000000000000e+01,1.400000000000000000e+01
8.540000025461205269e+01,1.700000000000000000e+01,1.200000000000000000e+01
8.541000025464187217e+01,1.700000000000000000e+01,1.400000000000000000e+01
8.542000025467167745e+01,1.600000000000000000e+01,1.100000000000000000e+01
8.543000025470149694e+01,1.700000000000000000e+01,1.400000000000000000e+01
8.544000025473130222e+01,1.800000000000000000e+01,1.000000000000000000e+01
8.545000025476112171e+01,1.500000000000000000e+01,9.000000000000000000e+00
8.546000025479094120e+01,1.600000000000000000e+01,1.600000000000000000e+01
8.547000025482074648e+01,1.500000000000000000e+01,8.000000000000000000e+00
8.548000025485056597e+01,1.600000000000000000e+01,1.000000000000000000e+01
8.549000025488038546e+01,1.600000000000000000e+01,1.000000000000000000e+01
8.550000025491019073e+01,1.500000000000000000e+01,8.000000000000000000e+00
8.551000025494001022e+01,1.300000000000000000e+01,8.000000000000000000e+00
8.552000025496981550e+01,1.400000000000000000e+01,9.000000000000000000e+00
8.553000025499963499e+01,1.600000000000000000e+01,1.100000000000000000e+01
8.554000025502945448e+01,1.400000000000000000e+01,9.000000000000000000e+00
8.555000025505925976e+01,1.500000000000000000e+01,1.100000000000000000e+01
8.556000025508907925e+01,1.700000000000000000e+01,1.300000000000000000e+01
8.557000025511888452e+01,1.600000000000000000e+01,9.000000000000000000e+00
8.558000025514870401e+01,1.500000000000000000e+01,9.000000000000000000e+00
8.559000025517852350e+01,1.800000000000000000e+01,1.200000000000000000e+01
8.560000025520832878e+01,1.600000000000000000e+01,1.300000000000000000e+01
8.561000025523814827e+01,1.600000000000000000e+01,1.300000000000000000e+01
8.562000025526796776e+01,1.500000000000000000e+01,1.100000000000000000e+01
8.563000025529777304e+01,1.700000000000000000e+01,1.400000000000000000e+01
8.564000025532759253e+01,1.500000000000000000e+01,1.200000000000000000e+01
8.565000025535739780e+01,1.700000000000000000e+01,1.200000000000000000e+01
8.566000025538721729e+01,1.600000000000000000e+01,9.000000000000000000e+00
8.567000025541703678e+01,1.600000000000000000e+01,1.300000000000000000e+01
8.568000025544684206e+01,1.700000000000000000e+01,1.000000000000000000e+01
8.569000025547666155e+01,1.800000000000000000e+01,1.300000000000000000e+01
8.570000025550648104e+01,1.700000000000000000e+01,1.400000000000000000e+01
8.571000025553628632e+01,1.700000000000000000e+01,1.400000000000000000e+01
8.572000025556610581e+01,1.600000000000000000e+01,1.100000000000000000e+01
8.573000025559591109e+01,1.800000000000000000e+01,1.400000000000000000e+01
8.574000025562573057e+01,1.700000000000000000e+01,1.500000000000000000e+01
8.575000025565555006e+01,1.600000000000000000e+01,1.100000000000000000e+01
8.576000025568535534e+01,1.800000000000000000e+01,1.600000000000000000e+01
8.577000025571517483e+01,1.700000000000000000e+01,1.300000000000000000e+01
8.578000025574498011e+01,1.800000000000000000e+01,1.400000000000000000e+01
8.579000025577479960e+01,1.800000000000000000e+01,1.500000000000000000e+01
8.580000025580461909e+01,1.900000000000000000e+01,1.600000000000000000e+01
8.581000025583442437e+01,1.700000000000000000e+01,1.600000000000000000e+01
8.582000025586424385e+01,1.700000000000000000e+01,1.400000000000000000e+01
8.583000025589406334e+01,1.700000000000000000e+01,1.500000000000000000e+01
8.584000025592386862e+01,1.700000000000000000e+01,1.100000000000000000e+01
8.585000025595368811e+01,1.200000000000000000e+01,8.000000000000000000e+00
8.586000025598349339e+01,1.700000000000000000e+01,1.000000000000000000e+01
8.587000025601331288e+01,1.900000000000000000e+01,1.400000000000000000e+01
8.588000025604313237e+01,1.700000000000000000e+01,1.500000000000000000e+01
8.589000025607293765e+01,1.800000000000000000e+01,1.300000000000000000e+01
8.590000025610275713e+01,1.700000000000000000e+01,1.000000000000000000e+01
8.591000025613257662e+01,1.700000000000000000e+01,1.200000000000000000e+01
8.592000025616238190e+01,1.700000000000000000e+01,1.200000000000000000e+01
8.593000025619220139e+01,1.500000000000000000e+01,1.400000000000000000e+01
8.594000025622200667e+01,1.500000000000000000e+01,1.200000000000000000e+01
8.595000025625182616e+01,1.600000000000000000e+01,1.000000000000000000e+01
8.596000025628164565e+01,1.500000000000000000e+01,1.000000000000000000e+01
8.597000025631145093e+01,1.300000000000000000e+01,8.000000000000000000e+00
8.598000025634127041e+01,1.400000000000000000e+01,1.000000000000000000e+01
8.599000025637107569e+01,1.700000000000000000e+01,1.100000000000000000e+01
8.600000025640089518e+01,1.500000000000000000e+01,1.100000000000000000e+01
8.601000025643071467e+01,1.700000000000000000e+01,1.700000000000000000e+01
8.602000025646051995e+01,1.500000000000000000e+01,1.100000000000000000e+01
8.603000025649033944e+01,1.600000000000000000e+01,1.200000000000000000e+01
8.604000025652015893e+01,1.900000000000000000e+01,1.400000000000000000e+01
8.605000025654996421e+01,1.900000000000000000e+01,1.500000000000000000e+01
8.606000025657978370e+01,1.800000000000000000e+01,1.300000000000000000e+01
8.607000025660958897e+01,1.700000000000000000e+01,1.000000000000000000e+01
8.608000025663940846e+01,1.700000000000000000e+01,1.300000000000000000e+01
8.609000025666922795e+01,1.900000000000000000e+01,1.500000000000000000e+01
8.610000025669903323e+01,1.700000000000000000e+01,1.300000000000000000e+01
8.611000025672885272e+01,1.900000000000000000e+01,1.500000000000000000e+01
8.612000025675865800e+01,2.000000000000000000e+01,1.500000000000000000e+01
8.613000025678847749e+01,1.700000000000000000e+01,1.000000000000000000e+01
8.614000025681829698e+01,1.800000000000000000e+01,1.400000000000000000e+01
8.615000025684810225e+01,2.000000000000000000e+01,1.700000000000000000e+01
8.616000025687792174e+01,1.700000000000000000e+01,1.400000000000000000e+01
8.617000025690774123e+01,1.800000000000000000e+01,1.000000000000000000e+01
8.618000025693754651e+01,1.500000000000000000e+01,1.400000000000000000e+01
8.619000025696736600e+01,1.700000000000000000e+01,1.300000000000000000e+01
8.620000025699717128e+01,1.800000000000000000e+01,1.700000000000000000e+01
8.621000025702699077e+01,1.600000000000000000e+01,1.200000000000000000e+01
8.622000025705681026e+01,1.900000000000000000e+01,1.600000000000000000e+01
8.623000025708661553e+01,1.800000000000000000e+01,1.400000000000000000e+01
8.624000025711643502e+01,1.700000000000000000e+01,1.300000000000000000e+01
8.625000025714625451e+01,1.600000000000000000e+01,1.200000000000000000e+01
8.626000025717605979e+01,1.600000000000000000e+01,1.100000000000000000e+01
8.627000025720587928e+01,1.900000000000000000e+01,1.200000000000000000e+01
8.628000025723568456e+01,1.900000000000000000e+01,1.500000000000000000e+01
8.629000025726550405e+01,1.800000000000000000e+01,1.300000000000000000e+01
8.630000025729532354e+01,1.700000000000000000e+01,1.100000000000000000e+01
8.631000025732512881e+01,2.000000000000000000e+01,1.900000000000000000e+01
8.632000025735494830e+01,1.800000000000000000e+01,1.200000000000000000e+01
8.633000025738475358e+01,1.600000000000000000e+01,1.100000000000000000e+01
8.634000025741457307e+01,1.900000000000000000e+01,1.600000000000000000e+01
8.635000025744439256e+01,1.700000000000000000e+01,1.400000000000000000e+01
8.636000025747419784e+01,2.100000000000000000e+01,1.300000000000000000e+01
8.637000025750401733e+01,1.800000000000000000e+01,1.500000000000000000e+01
8.638000025753383682e+01,2.000000000000000000e+01,1.600000000000000000e+01
8.639000025756364209e+01,1.700000000000000000e+01,1.200000000000000000e+01
8.640000025759346158e+01,1.900000000000000000e+01,1.400000000000000000e+01
8.641000025762326686e+01,1.600000000000000000e+01,1.400000000000000000e+01
8.642000025765308635e+01,2.200000000000000000e+01,1.700000000000000000e+01
8.643000025768290584e+01,1.900000000000000000e+01,1.300000000000000000e+01
8.644000025771271112e+01,2.000000000000000000e+01,1.600000000000000000e+01
8.645000025774253061e+01,1.600000000000000000e+01,1.300000000000000000e+01
8.646000025777233589e+01,1.700000000000000000e+01,1.400000000000000000e+01
8.647000025780215537e+01,1.700000000000000000e+01,1.000000000000000000e+01
8.648000025783197486e+01,2.000000000000000000e+01,1.600000000000000000e+01
8.649000025786178014e+01,1.800000000000000000e+01,1.600000000000000000e+01
8.650000025789159963e+01,1.800000000000000000e+01,1.200000000000000000e+01
8.651000025792141912e+01,1.900000000000000000e+01,1.700000000000000000e+01
8.652000025795122440e+01,1.700000000000000000e+01,1.300000000000000000e+01
8.653000025798104389e+01,1.800000000000000000e+01,1.300000000000000000e+01
8.654000025801084917e+01,2.000000000000000000e+01,1.700000000000000000e+01
8.655000025804066865e+01,1.800000000000000000e+01,1.300000000000000000e+01
8.656000025807048814e+01,1.900000000000000000e+01,1.400000000000000000e+01
8.657000025810029342e+01,1.700000000000000000e+01,1.200000000000000000e+01
8.658000025813011291e+01,1.800000000000000000e+01,1.100000000000000000e+01
8.659000025815993240e+01,1.700000000000000000e+01,1.400000000000000000e+01
8.660000025818973768e+01,1.400000000000000000e+01,1.100000000000000000e+01
8.661000025821955717e+01,1.900000000000000000e+01,1.800000000000000000e+01
8.662000025824936245e+01,1.400000000000000000e+01,1.200000000000000000e+01
8.663000025827918193e+01,1.900000000000000000e+01,1.500000000000000000e+01
8.664000025830900142e+01,1.900000000000000000e+01,1.300000000000000000e+01
8.665000025833880670e+01,1.700000000000000000e+01,1.200000000000000000e+01
8.666000025836862619e+01,2.000000000000000000e+01,2.000000000000000000e+01
8.667000025839843147e+01,1.900000000000000000e+01,1.700000000000000000e+01
8.668000025842825096e+01,2.000000000000000000e+01,1.900000000000000000e+01
8.669000025845807045e+01,1.800000000000000000e+01,1.400000000000000000e+01
8.670000025848787573e+01,1.600000000000000000e+01,1.300000000000000000e+01
8.671000025851769522e+01,1.400000000000000000e+01,1.200000000000000000e+01
8.672000025854751470e+01,1.900000000000000000e+01,1.600000000000000000e+01
8.673000025857731998e+01,1.800000000000000000e+01,1.300000000000000000e+01
8.674000025860713947e+01,1.800000000000000000e+01,1.500000000000000000e+01
8.675000025863694475e+01,1.800000000000000000e+01,1.400000000000000000e+01
8.676000025866676424e+01,1.800000000000000000e+01,1.400000000000000000e+01
8.677000025869658373e+01,1.800000000000000000e+01,1.100000000000000000e+01
8.678000025872638901e+01,1.800000000000000000e+01,1.300000000000000000e+01
8.679000025875620850e+01,1.900000000000000000e+01,1.700000000000000000e+01
8.680000025878601377e+01,1.700000000000000000e+01,1.400000000000000000e+01
8.681000025881583326e+01,1.700000000000000000e+01,1.200000000000000000e+01
8.682000025884565275e+01,1.900000000000000000e+01,1.400000000000000000e+01
8.683000025887545803e+01,1.900000000000000000e+01,1.700000000000000000e+01
8.684000025890527752e+01,1.700000000000000000e+01,1.600000000000000000e+01
8.685000025893509701e+01,1.800000000000000000e+01,1.400000000000000000e+01
8.686000025896490229e+01,1.700000000000000000e+01,1.400000000000000000e+01
8.687000025899472178e+01,1.700000000000000000e+01,1.300000000000000000e+01
8.688000025902452705e+01,1.600000000000000000e+01,1.400000000000000000e+01
8.689000025905434654e+01,1.600000000000000000e+01,1.200000000000000000e+01
8.690000025908416603e+01,1.400000000000000000e+01,1.000000000000000000e+01
8.691000025911397131e+01,1.700000000000000000e+01,1.400000000000000000e+01
8.692000025914379080e+01,1.500000000000000000e+01,1.000000000000000000e+01
8.693000025917361029e+01,1.600000000000000000e+01,1.000000000000000000e+01
8.694000025920341557e+01,1.600000000000000000e+01,1.000000000000000000e+01
8.695000025923323506e+01,1.500000000000000000e+01,9.000000000000000000e+00
8.696000025926304033e+01,1.400000000000000000e+01,1.000000000000000000e+01
8.697000025929285982e+01,1.300000000000000000e+01,7.000000000000000000e+00
8.698000025932267931e+01,1.400000000000000000e+01,9.000000000000000000e+00
8.699000025935248459e+01,1.400000000000000000e+01,9.000000000000000000e+00
8.700000025938230408e+01,1.600000000000000000e+01,1.400000000000000000e+01
8.701000025941210936e+01,1.600000000000000000e+01,1.200000000000000000e+01
8.702000025944192885e+01,1.500000000000000000e+01,8.000000000000000000e+00
8.703000025947174834e+01,1.500000000000000000e+01,1.100000000000000000e+01
8.704000025950155361e+01,1.700000000000000000e+01,1.600000000000000000e+01
8.705000025953137310e+01,1.600000000000000000e+01,1.200000000000000000e+01
8.706000025956119259e+01,1.500000000000000000e+01,1.000000000000000000e+01
8.707000025959099787e+01,1.700000000000000000e+01,1.100000000000000000e+01
8.708000025962081736e+01,1.600000000000000000e+01,1.200000000000000000e+01
8.709000025965062264e+01,1.700000000000000000e+01,1.200000000000000000e+01
8.710000025968044213e+01,1.600000000000000000e+01,1.400000000000000000e+01
8.711000025971026162e+01,1.600000000000000000e+01,1.400000000000000000e+01
8.712000025974006689e+01,1.600000000000000000e+01,1.100000000000000000e+01
8.713000025976988638e+01,1.600000000000000000e+01,1.000000000000000000e+01
8.714000025979969166e+01,1.400000000000000000e+01,8.000000000000000000e+00
8.715000025982951115e+01,1.600000000000000000e+01,1.200000000000000000e+01
8.716000025985933064e+01,1.500000000000000000e+01,1.000000000000000000e+01
8.717000025988913592e+01,1.800000000000000000e+01,1.300000000000000000e+01
8.718000025991895541e+01,1.700000000000000000e+01,1.200000000000000000e+01
8.719000025994877490e+01,1.600000000000000000e+01,1.300000000000000000e+01
8.720000025997858017e+01,1.600000000000000000e+01,1.100000000000000000e+01
8.721000026000839966e+01,1.600000000000000000e+01,1.000000000000000000e+01
8.722000026003820494e+01,1.600000000000000000e+01,1.100000000000000000e+01
8.723000026006802443e+01,1.700000000000000000e+01,1.300000000000000000e+01
8.724000026009784392e+01,1.600000000000000000e+01,1.100000000000000000e+01
8.725000026012764920e+01,1.600000000000000000e+01,1.000000000000000000e+01
8.726000026015746869e+01,1.400000000000000000e+01,1.300000000000000000e+01
8.727000026018728818e+01,1.800000000000000000e+01,1.400000000000000000e+01
8.728000026021709346e+01,1.800000000000000000e+01,1.200000000000000000e+01
8.729000026024691294e+01,1.700000000000000000e+01,1.100000000000000000e+01
8.730000026027671822e+01,1.600000000000000000e+01,1.200000000000000000e+01
8.731000026030653771e+01,1.500000000000000000e+01,1.100000000000000000e+01
8.732000026033635720e+01,1.700000000000000000e+01,1.100000000000000000e+01
8.733000026036616248e+01,1.700000000000000000e+01,1.300000000000000000e+01
8.734000026039598197e+01,1.700000000000000000e+01,1.300000000000000000e+01
8.735000026042578725e+01,1.600000000000000000e+01,1.400000000000000000e+01
8.736000026045560674e+01,1.800000000000000000e+01,1.100000000000000000e+01
8.737000026048542622e+01,1.700000000000000000e+01,9.000000000000000000e+00
8.738000026051523150e+01,1.700000000000000000e+01,1.200000000000000000e+01
8.739000026054505099e+01,1.700000000000000000e+01,1.000000000000000000e+01
8.740000026057487048e+01,1.500000000000000000e+01,1.000000000000000000e+01
8.741000026060467576e+01,1.800000000000000000e+01,1.300000000000000000e+01
8.742000026063449525e+01,1.700000000000000000e+01,1.400000000000000000e+01
8.743000026066430053e+01,1.900000000000000000e+01,1.200000000000000000e+01
8.744000026069412002e+01,1.900000000000000000e+01,1.500000000000000000e+01
8.745000026072393950e+01,1.700000000000000000e+01,1.200000000000000000e+01
8.746000026075374478e+01,1.700000000000000000e+01,1.300000000000000000e+01
8.747000026078356427e+01,1.700000000000000000e+01,1.100000000000000000e+01
8.748000026081336955e+01,1.600000000000000000e+01,1.200000000000000000e+01
8.749000026084318904e+01,1.600000000000000000e+01,1.200000000000000000e+01
8.750000026087300853e+01,1.500000000000000000e+01,1.000000000000000000e+01
8.751000026090281381e+01,1.500000000000000000e+01,1.100000000000000000e+01
8.752000026093263330e+01,1.500000000000000000e+01,1.000000000000000000e+01
8.753000026096245278e+01,1.700000000000000000e+01,1.200000000000000000e+01
8.754000026099225806e+01,1.800000000000000000e+01,1.100000000000000000e+01
8.755000026102207755e+01,1.600000000000000000e+01,1.400000000000000000e+01
8.756000026105188283e+01,1.600000000000000000e+01,1.500000000000000000e+01
8.757000026108170232e+01,1.600000000000000000e+01,1.100000000000000000e+01
8.758000026111152181e+01,1.600000000000000000e+01,1.300000000000000000e+01
8.759000026114132709e+01,1.700000000000000000e+01,1.100000000000000000e+01
8.760000026117114658e+01,1.500000000000000000e+01,1.100000000000000000e+01
8.761000026120096607e+01,1.500000000000000000e+01,1.100000000000000000e+01
8.762000026123077134e+01,1.500000000000000000e+01,1.100000000000000000e+01
8.763000026126059083e+01,1.500000000000000000e+01,1.100000000000000000e+01
8.764000026129039611e+01,1.500000000000000000e+01,1.100000000000000000e+01
8.765000026132021560e+01,1.500000000000000000e+01,9.000000000000000000e+00
8.766000026135003509e+01,1.400000000000000000e+01,1.000000000000000000e+01
8.767000026137984037e+01,1.700000000000000000e+01,1.200000000000000000e+01
8.768000026140965986e+01,1.400000000000000000e+01,9.000000000000000000e+00
8.769000026143946513e+01,1.400000000000000000e+01,9.000000000000000000e+00
8.770000026146928462e+01,1.400000000000000000e+01,9.000000000000000000e+00
8.771000026149910411e+01,1.500000000000000000e+01,1.100000000000000000e+01
8.772000026152890939e+01,1.500000000000000000e+01,1.100000000000000000e+01
8.773000026155872888e+01,1.400000000000000000e+01,1.000000000000000000e+01
8.774000026158854837e+01,1.500000000000000000e+01,1.000000000000000000e+01
8.775000026161835365e+01,1.400000000000000000e+01,1.000000000000000000e+01
8.776000026164817314e+01,1.600000000000000000e+01,1.000000000000000000e+01
8.777000026167797841e+01,1.500000000000000000e+01,1.000000000000000000e+01
8.778000026170779790e+01,1.400000000000000000e+01,1.000000000000000000e+01
8.779000026173761739e+01,1.400000000000000000e+01,9.000000000000000000e+00
8.780000026176742267e+01,1.400000000000000000e+01,9.000000000000000000e+00
8.781000026179724216e+01,1.400000000000000000e+01,9.000000000000000000e+00
8.782000026182706165e+01,1.500000000000000000e+01,1.000000000000000000e+01
8.783000026185686693e+01,1.400000000000000000e+01,1.000000000000000000e+01
8.784000026188668642e+01,1.500000000000000000e+01,1.100000000000000000e+01
8.785000026191649170e+01,1.400000000000000000e+01,9.000000000000000000e+00
8.786000026194631118e+01,1.500000000000000000e+01,1.000000000000000000e+01
8.787000026197613067e+01,1.400000000000000000e+01,9.000000000000000000e+00
8.788000026200593595e+01,1.400000000000000000e+01,9.000000000000000000e+00
8.789000026203575544e+01,1.400000000000000000e+01,8.000000000000000000e+00
8.790000026206556072e+01,1.600000000000000000e+01,9.000000000000000000e+00
8.791000026209538021e+01,1.500000000000000000e+01,9.000000000000000000e+00
8.792000026212519970e+01,1.600000000000000000e+01,1.100000000000000000e+01
8.793000026215500498e+01,1.400000000000000000e+01,9.000000000000000000e+00
8.794000026218482446e+01,1.400000000000000000e+01,8.000000000000000000e+00
8.795000026221464395e+01,1.500000000000000000e+01,7.000000000000000000e+00
8.796000026224444923e+01,1.400000000000000000e+01,8.000000000000000000e+00
8.797000026227426872e+01,1.400000000000000000e+01,8.000000000000000000e+00
8.798000026230407400e+01,1.300000000000000000e+01,8.000000000000000000e+00
8.799000026233389349e+01,1.300000000000000000e+01,6.000000000000000000e+00
8.800000026236371298e+01,1.300000000000000000e+01,8.000000000000000000e+00
8.801000026239351826e+01,1.300000000000000000e+01,7.000000000000000000e+00
8.802000026242333774e+01,1.400000000000000000e+01,7.000000000000000000e+00
8.803000026245314302e+01,1.300000000000000000e+01,8.000000000000000000e+00
8.804000026248296251e+01,1.400000000000000000e+01,8.000000000000000000e+00
8.805000026251278200e+01,1.600000000000000000e+01,9.000000000000000000e+00
8.806000026254258728e+01,1.500000000000000000e+01,8.000000000000000000e+00
8.807000026257240677e+01,1.300000000000000000e+01,8.000000000000000000e+00
8.808000026260222626e+01,1.300000000000000000e+01,8.000000000000000000e+00
8.809000026263203154e+01,1.400000000000000000e+01,7.000000000000000000e+00
8.810000026266185102e+01,1.400000000000000000e+01,7.000000000000000000e+00
8.811000026269165630e+01,1.300000000000000000e+01,8.000000000000000000e+00
8.812000026272147579e+01,1.300000000000000000e+01,7.000000000000000000e+00
8.813000026275129528e+01,1.300000000000000000e+01,6.000000000000000000e+00
8.814000026278110056e+01,1.300000000000000000e+01,8.000000000000000000e+00
8.815000026281092005e+01,1.600000000000000000e+01,1.100000000000000000e+01
8.816000026284073954e+01,1.700000000000000000e+01,9.000000000000000000e+00
8.817000026287054482e+01,1.500000000000000000e+01,1.000000000000000000e+01
8.818000026290036431e+01,1.300000000000000000e+01,9.000000000000000000e+00
8.819000026293016958e+01,1.300000000000000000e+01,1.100000000000000000e+01
8.820000026295998907e+01,1.500000000000000000e+01,1.100000000000000000e+01
8.821000026298980856e+01,1.300000000000000000e+01,9.000000000000000000e+00
8.822000026301961384e+01,1.600000000000000000e+01,9.000000000000000000e+00
8.823000026304943333e+01,1.400000000000000000e+01,8.000000000000000000e+00
8.824000026307923861e+01,1.300000000000000000e+01,1.000000000000000000e+01
8.825000026310905810e+01,1.700000000000000000e+01,1.100000000000000000e+01
8.826000026313887759e+01,1.300000000000000000e+01,1.100000000000000000e+01
8.827000026316868286e+01,1.400000000000000000e+01,1.000000000000000000e+01
8.828000026319850235e+01,1.300000000000000000e+01,1.100000000000000000e+01
8.829000026322832184e+01,1.400000000000000000e+01,8.000000000000000000e+00
8.830000026325812712e+01,1.500000000000000000e+01,1.000000000000000000e+01
8.831000026328794661e+01,1.300000000000000000e+01,8.000000000000000000e+00
8.832000026331775189e+01,1.500000000000000000e+01,1.000000000000000000e+01
8.833000026334757138e+01,1.300000000000000000e+01,9.000000000000000000e+00
8.834000026337739087e+01,1.400000000000000000e+01,1.100000000000000000e+01
8.835000026340719614e+01,1.400000000000000000e+01,1.000000000000000000e+01
8.836000026343701563e+01,1.400000000000000000e+01,9.000000000000000000e+00
8.837000026346682091e+01,1.300000000000000000e+01,8.000000000000000000e+00
8.838000026349664040e+01,1.300000000000000000e+01,9.000000000000000000e+00
8.839000026352645989e+01,1.300000000000000000e+01,9.000000000000000000e+00
8.840000026355626517e+01,1.500000000000000000e+01,9.000000000000000000e+00
8.841000026358608466e+01,1.400000000000000000e+01,9.000000000000000000e+00
8.842000026361590415e+01,1.300000000000000000e+01,1.000000000000000000e+01
8.843000026364570942e+01,1.300000000000000000e+01,1.000000000000000000e+01
8.844000026367552891e+01,1.400000000000000000e+01,9.000000000000000000e+00
8.845000026370533419e+01,1.400000000000000000e+01,1.000000000000000000e+01
8.846000026373515368e+01,1.700000000000000000e+01,1.000000000000000000e+01
8.847000026376497317e+01,1.500000000000000000e+01,1.000000000000000000e+01
8.848000026379477845e+01,1.500000000000000000e+01,1.000000000000000000e+01
8.849000026382459794e+01,1.300000000000000000e+01,1.000000000000000000e+01
8.850000026385441743e+01,1.300000000000000000e+01,1.000000000000000000e+01
8.851000026388422270e+01,1.300000000000000000e+01,1.000000000000000000e+01
8.852000026391404219e+01,1.400000000000000000e+01,9.000000000000000000e+00
8.853000026394384747e+01,1.600000000000000000e+01,1.100000000000000000e+01
8.854000026397366696e+01,1.400000000000000000e+01,8.000000000000000000e+00
8.855000026400348645e+01,1.300000000000000000e+01,8.000000000000000000e+00
8.856000026403329173e+01,1.400000000000000000e+01,8.000000000000000000e+00
8.857000026406311122e+01,1.300000000000000000e+01,8.000000000000000000e+00
8.858000026409291650e+01,1.400000000000000000e+01,8.000000000000000000e+00
8.859000026412273598e+01,1.400000000000000000e+01,1.000000000000000000e+01
8.860000026415255547e+01,1.400000000000000000e+01,8.000000000000000000e+00
8.861000026418236075e+01,1.300000000000000000e+01,1.000000000000000000e+01
8.862000026421218024e+01,1.400000000000000000e+01,8.000000000000000000e+00
8.863000026424199973e+01,1.500000000000000000e+01,9.000000000000000000e+00
8.864000026427180501e+01,1.500000000000000000e+01,9.000000000000000000e+00
8.865000026430162450e+01,1.400000000000000000e+01,8.000000000000000000e+00
8.866000026433142978e+01,1.500000000000000000e+01,1.000000000000000000e+01
8.867000026436124926e+01,1.500000000000000000e+01,9.000000000000000000e+00
8.868000026439106875e+01,1.600000000000000000e+01,1.100000000000000000e+01
8.869000026442087403e+01,1.400000000000000000e+01,1.000000000000000000e+01
8.870000026445069352e+01,1.500000000000000000e+01,1.000000000000000000e+01
8.871000026448049880e+01,1.800000000000000000e+01,1.300000000000000000e+01
8.872000026451031829e+01,1.500000000000000000e+01,1.200000000000000000e+01
8.873000026454013778e+01,1.500000000000000000e+01,1.200000000000000000e+01
8.874000026456994306e+01,1.500000000000000000e+01,1.100000000000000000e+01
8.875000026459976255e+01,1.500000000000000000e+01,1.100000000000000000e+01
8.876000026462958203e+01,1.600000000000000000e+01,1.000000000000000000e+01
8.877000026465938731e+01,1.400000000000000000e+01,1.100000000000000000e+01
8.878000026468920680e+01,1.600000000000000000e+01,9.000000000000000000e+00
8.879000026471901208e+01,1.700000000000000000e+01,1.300000000000000000e+01
8.880000026474883157e+01,1.500000000000000000e+01,1.000000000000000000e+01
8.881000026477865106e+01,1.400000000000000000e+01,9.000000000000000000e+00
8.882000026480845634e+01,1.700000000000000000e+01,1.300000000000000000e+01
8.883000026483827583e+01,1.400000000000000000e+01,9.000000000000000000e+00
8.884000026486809531e+01,1.500000000000000000e+01,9.000000000000000000e+00
8.885000026489790059e+01,1.400000000000000000e+01,1.000000000000000000e+01
8.886000026492772008e+01,1.500000000000000000e+01,9.000000000000000000e+00
8.887000026495752536e+01,1.700000000000000000e+01,1.300000000000000000e+01
8.888000026498734485e+01,1.500000000000000000e+01,1.100000000000000000e+01
8.889000026501716434e+01,1.500000000000000000e+01,1.000000000000000000e+01
8.890000026504696962e+01,1.400000000000000000e+01,9.000000000000000000e+00
8.891000026507678911e+01,1.400000000000000000e+01,8.000000000000000000e+00
8.892000026510659438e+01,1.400000000000000000e+01,1.100000000000000000e+01
8.893000026513641387e+01,1.600000000000000000e+01,1.100000000000000000e+01
8.894000026516623336e+01,1.700000000000000000e+01,1.100000000000000000e+01
8.895000026519603864e+01,1.600000000000000000e+01,1.400000000000000000e+01
8.896000026522585813e+01,1.500000000000000000e+01,1.000000000000000000e+01
8.897000026525567762e+01,1.500000000000000000e+01,9.000000000000000000e+00
8.898000026528548290e+01,1.500000000000000000e+01,1.000000000000000000e+01
8.899000026531530239e+01,1.400000000000000000e+01,1.100000000000000000e+01
8.900000026534510766e+01,1.600000000000000000e+01,1.300000000000000000e+01
8.901000026537492715e+01,1.400000000000000000e+01,9.000000000000000000e+00
8.902000026540474664e+01,1.500000000000000000e+01,1.100000000000000000e+01
8.903000026543455192e+01,1.700000000000000000e+01,8.000000000000000000e+00
8.904000026546437141e+01,1.600000000000000000e+01,1.100000000000000000e+01
8.905000026549417669e+01,1.600000000000000000e+01,1.100000000000000000e+01
8.906000026552399618e+01,1.700000000000000000e+01,1.500000000000000000e+01
8.907000026555381567e+01,1.700000000000000000e+01,1.100000000000000000e+01
8.908000026558362094e+01,1.700000000000000000e+01,1.500000000000000000e+01
8.909000026561344043e+01,1.700000000000000000e+01,1.200000000000000000e+01
8.910000026564325992e+01,1.600000000000000000e+01,1.000000000000000000e+01
8.911000026567306520e+01,1.600000000000000000e+01,1.100000000000000000e+01
8.912000026570288469e+01,1.700000000000000000e+01,1.300000000000000000e+01
8.913000026573268997e+01,1.800000000000000000e+01,1.300000000000000000e+01
8.914000026576250946e+01,1.700000000000000000e+01,1.400000000000000000e+01
8.915000026579232895e+01,1.500000000000000000e+01,1.000000000000000000e+01
8.916000026582213422e+01,1.600000000000000000e+01,1.000000000000000000e+01
8.917000026585195371e+01,1.600000000000000000e+01,1.100000000000000000e+01
8.918000026588177320e+01,1.600000000000000000e+01,1.200000000000000000e+01
8.919000026591157848e+01,1.800000000000000000e+01,1.400000000000000000e+01
8.920000026594139797e+01,1.700000000000000000e+01,1.100000000000000000e+01
8.921000026597120325e+01,1.900000000000000000e+01,1.700000000000000000e+01
8.922000026600102274e+01,1.800000000000000000e+01,1.100000000000000000e+01
8.923000026603084223e+01,1.700000000000000000e+01,1.200000000000000000e+01
8.924000026606064750e+01,1.800000000000000000e+01,1.200000000000000000e+01
8.925000026609046699e+01,1.700000000000000000e+01,1.200000000000000000e+01
8.926000026612027227e+01,1.800000000000000000e+01,1.400000000000000000e+01
8.927000026615009176e+01,1.600000000000000000e+01,1.200000000000000000e+01
8.928000026617991125e+01,1.800000000000000000e+01,1.300000000000000000e+01
8.929000026620971653e+01,1.900000000000000000e+01,1.100000000000000000e+01
8.930000026623953602e+01,1.900000000000000000e+01,1.300000000000000000e+01
8.931000026626935551e+01,1.900000000000000000e+01,1.400000000000000000e+01
8.932000026629916078e+01,1.700000000000000000e+01,1.100000000000000000e+01
8.933000026632898027e+01,1.800000000000000000e+01,1.300000000000000000e+01
8.934000026635878555e+01,1.800000000000000000e+01,1.600000000000000000e+01
8.935000026638860504e+01,1.800000000000000000e+01,1.300000000000000000e+01
8.936000026641842453e+01,1.600000000000000000e+01,1.400000000000000000e+01
8.937000026644822981e+01,1.600000000000000000e+01,1.200000000000000000e+01
8.938000026647804930e+01,1.700000000000000000e+01,1.300000000000000000e+01
8.939000026650785458e+01,1.500000000000000000e+01,1.200000000000000000e+01
8.940000026653767407e+01,1.600000000000000000e+01,1.300000000000000000e+01
8.941000026656749355e+01,1.600000000000000000e+01,1.000000000000000000e+01
8.942000026659729883e+01,1.700000000000000000e+01,1.200000000000000000e+01
8.943000026662711832e+01,1.600000000000000000e+01,1.500000000000000000e+01
8.944000026665693781e+01,1.600000000000000000e+01,1.100000000000000000e+01
8.945000026668674309e+01,1.600000000000000000e+01,1.300000000000000000e+01
8.946000026671656258e+01,1.800000000000000000e+01,1.200000000000000000e+01
8.947000026674636786e+01,1.700000000000000000e+01,1.100000000000000000e+01
8.948000026677618735e+01,1.700000000000000000e+01,1.100000000000000000e+01
8.949000026680600683e+01,1.400000000000000000e+01,9.000000000000000000e+00
8.950000026683581211e+01,1.600000000000000000e+01,1.100000000000000000e+01
8.951000026686563160e+01,1.500000000000000000e+01,1.200000000000000000e+01
8.952000026689545109e+01,1.700000000000000000e+01,1.200000000000000000e+01
8.953000026692525637e+01,1.600000000000000000e+01,1.100000000000000000e+01
8.954000026695507586e+01,1.600000000000000000e+01,1.200000000000000000e+01
8.955000026698488114e+01,1.600000000000000000e+01,1.000000000000000000e+01
8.956000026701470063e+01,1.600000000000000000e+01,1.200000000000000000e+01
8.957000026704452011e+01,1.700000000000000000e+01,1.000000000000000000e+01
8.958000026707432539e+01,1.800000000000000000e+01,1.200000000000000000e+01
8.959000026710414488e+01,1.500000000000000000e+01,9.000000000000000000e+00
8.960000026713395016e+01,1.600000000000000000e+01,1.200000000000000000e+01
8.961000026716376965e+01,1.500000000000000000e+01,9.000000000000000000e+00
8.962000026719358914e+01,1.800000000000000000e+01,1.100000000000000000e+01
8.963000026722339442e+01,1.700000000000000000e+01,1.000000000000000000e+01
8.964000026725321391e+01,1.600000000000000000e+01,1.200000000000000000e+01
8.965000026728303339e+01,1.400000000000000000e+01,1.200000000000000000e+01
8.966000026731283867e+01,1.600000000000000000e+01,1.100000000000000000e+01
8.967000026734265816e+01,1.400000000000000000e+01,1.000000000000000000e+01
8.968000026737246344e+01,1.600000000000000000e+01,1.300000000000000000e+01
8.969000026740228293e+01,1.600000000000000000e+01,1.000000000000000000e+01
8.970000026743210242e+01,1.500000000000000000e+01,1.000000000000000000e+01
8.971000026746190770e+01,1.600000000000000000e+01,1.200000000000000000e+01
8.972000026749172719e+01,1.500000000000000000e+01,1.000000000000000000e+01
8.973000026752154668e+01,1.600000000000000000e+01,1.000000000000000000e+01
8.974000026755135195e+01,1.800000000000000000e+01,1.200000000000000000e+01
8.975000026758117144e+01,1.600000000000000000e+01,1.300000000000000000e+01
8.976000026761097672e+01,1.600000000000000000e+01,1.100000000000000000e+01
8.977000026764079621e+01,1.600000000000000000e+01,9.000000000000000000e+00
8.978000026767061570e+01,1.600000000000000000e+01,1.000000000000000000e+01
8.979000026770042098e+01,1.600000000000000000e+01,1.100000000000000000e+01
8.980000026773024047e+01,1.600000000000000000e+01,9.000000000000000000e+00
8.981000026776004574e+01,1.700000000000000000e+01,1.200000000000000000e+01
8.982000026778986523e+01,1.700000000000000000e+01,1.200000000000000000e+01
8.983000026781968472e+01,1.700000000000000000e+01,1.200000000000000000e+01
8.984000026784949000e+01,1.600000000000000000e+01,1.100000000000000000e+01
8.985000026787930949e+01,1.600000000000000000e+01,1.100000000000000000e+01
8.986000026790912898e+01,1.600000000000000000e+01,1.000000000000000000e+01
8.987000026793893426e+01,1.800000000000000000e+01,1.200000000000000000e+01
8.988000026796875375e+01,1.600000000000000000e+01,9.000000000000000000e+00
8.989000026799855902e+01,1.700000000000000000e+01,1.300000000000000000e+01
8.990000026802837851e+01,1.600000000000000000e+01,1.000000000000000000e+01
8.991000026805819800e+01,1.600000000000000000e+01,1.000000000000000000e+01
8.992000026808800328e+01,1.700000000000000000e+01,1.200000000000000000e+01
8.993000026811782277e+01,1.500000000000000000e+01,1.400000000000000000e+01
8.994000026814762805e+01,1.500000000000000000e+01,1.200000000000000000e+01
8.995000026817744754e+01,1.800000000000000000e+01,1.200000000000000000e+01
8.996000026820726703e+01,1.700000000000000000e+01,1.300000000000000000e+01
8.997000026823707231e+01,1.900000000000000000e+01,1.500000000000000000e+01
8.998000026826689179e+01,2.000000000000000000e+01,1.700000000000000000e+01
8.999000026829671128e+01,2.000000000000000000e+01,1.300000000000000000e+01
9.000000026832651656e+01,1.900000000000000000e+01,1.500000000000000000e+01
9.001000026835633605e+01,2.000000000000000000e+01,1.700000000000000000e+01
9.002000026838614133e+01,1.800000000000000000e+01,1.400000000000000000e+01
9.003000026841596082e+01,2.000000000000000000e+01,1.300000000000000000e+01
9.004000026844578031e+01,1.900000000000000000e+01,1.500000000000000000e+01
9.005000026847558559e+01,1.800000000000000000e+01,1.500000000000000000e+01
9.006000026850540507e+01,1.700000000000000000e+01,1.500000000000000000e+01
9.007000026853522456e+01,1.900000000000000000e+01,1.600000000000000000e+01
9.008000026856502984e+01,1.800000000000000000e+01,1.400000000000000000e+01
9.009000026859484933e+01,1.700000000000000000e+01,1.600000000000000000e+01
9.010000026862465461e+01,1.800000000000000000e+01,1.300000000000000000e+01
9.011000026865447410e+01,1.900000000000000000e+01,1.800000000000000000e+01
9.012000026868429359e+01,1.800000000000000000e+01,1.500000000000000000e+01
9.013000026871409887e+01,1.800000000000000000e+01,1.300000000000000000e+01
9.014000026874391835e+01,1.800000000000000000e+01,1.500000000000000000e+01
9.015000026877372363e+01,1.700000000000000000e+01,1.600000000000000000e+01
9.016000026880354312e+01,1.900000000000000000e+01,1.500000000000000000e+01
9.017000026883336261e+01,1.800000000000000000e+01,1.500000000000000000e+01
9.018000026886316789e+01,1.800000000000000000e+01,1.300000000000000000e+01
9.019000026889298738e+01,1.900000000000000000e+01,1.300000000000000000e+01
9.020000026892280687e+01,1.600000000000000000e+01,1.200000000000000000e+01
9.021000026895261215e+01,2.000000000000000000e+01,1.700000000000000000e+01
9.022000026898243163e+01,1.700000000000000000e+01,1.600000000000000000e+01
9.023000026901223691e+01,2.100000000000000000e+01,2.000000000000000000e+01
9.024000026904205640e+01,1.900000000000000000e+01,1.700000000000000000e+01
9.025000026907187589e+01,1.800000000000000000e+01,1.600000000000000000e+01
9.026000026910168117e+01,1.700000000000000000e+01,1.200000000000000000e+01
9.027000026913150066e+01,1.900000000000000000e+01,1.600000000000000000e+01
9.028000026916130594e+01,1.900000000000000000e+01,1.200000000000000000e+01
9.029000026919112543e+01,2.100000000000000000e+01,1.600000000000000000e+01
9.030000026922094492e+01,1.800000000000000000e+01,1.700000000000000000e+01
9.031000026925075019e+01,2.000000000000000000e+01,1.500000000000000000e+01
9.032000026928056968e+01,2.200000000000000000e+01,2.000000000000000000e+01
9.033000026931038917e+01,2.000000000000000000e+01,1.900000000000000000e+01
9.034000026934019445e+01,2.100000000000000000e+01,1.800000000000000000e+01
9.035000026937001394e+01,1.900000000000000000e+01,1.400000000000000000e+01
9.036000026939981922e+01,2.000000000000000000e+01,1.900000000000000000e+01
9.037000026942963871e+01,1.900000000000000000e+01,1.600000000000000000e+01
9.038000026945945820e+01,2.000000000000000000e+01,1.600000000000000000e+01
9.039000026948926347e+01,2.000000000000000000e+01,1.600000000000000000e+01
9.040000026951908296e+01,2.000000000000000000e+01,1.700000000000000000e+01
9.041000026954890245e+01,1.900000000000000000e+01,1.700000000000000000e+01
9.042000026957870773e+01,1.900000000000000000e+01,1.400000000000000000e+01
9.043000026960852722e+01,1.900000000000000000e+01,1.700000000000000000e+01
9.044000026963833250e+01,1.800000000000000000e+01,1.300000000000000000e+01
9.045000026966815199e+01,1.800000000000000000e+01,1.100000000000000000e+01
9.046000026969797148e+01,1.800000000000000000e+01,1.100000000000000000e+01
9.047000026972777675e+01,1.600000000000000000e+01,1.000000000000000000e+01
9.048000026975759624e+01,1.700000000000000000e+01,1.300000000000000000e+01
9.049000026978740152e+01,1.700000000000000000e+01,1.500000000000000000e+01
9.050000026981722101e+01,1.900000000000000000e+01,1.300000000000000000e+01
9.051000026984704050e+01,1.800000000000000000e+01,1.100000000000000000e+01
9.052000026987684578e+01,1.600000000000000000e+01,1.200000000000000000e+01
9.053000026990666527e+01,1.500000000000000000e+01,9.000000000000000000e+00
9.054000026993648476e+01,1.800000000000000000e+01,1.000000000000000000e+01
9.055000026996629003e+01,1.700000000000000000e+01,1.300000000000000000e+01
9.056000026999610952e+01,1.800000000000000000e+01,1.400000000000000000e+01
9.057000027002591480e+01,1.800000000000000000e+01,1.100000000000000000e+01
9.058000027005573429e+01,1.800000000000000000e+01,1.500000000000000000e+01
9.059000027008555378e+01,1.700000000000000000e+01,1.300000000000000000e+01
9.060000027011535906e+01,1.700000000000000000e+01,1.200000000000000000e+01
9.061000027014517855e+01,1.700000000000000000e+01,1.100000000000000000e+01
9.062000027017498383e+01,1.800000000000000000e+01,1.400000000000000000e+01
9.063000027020480331e+01,1.800000000000000000e+01,1.400000000000000000e+01
9.064000027023462280e+01,1.800000000000000000e+01,1.200000000000000000e+01
9.065000027026442808e+01,1.700000000000000000e+01,1.200000000000000000e+01
9.066000027029424757e+01,1.600000000000000000e+01,1.200000000000000000e+01
9.067000027032406706e+01,1.800000000000000000e+01,1.200000000000000000e+01
9.068000027035387234e+01,2.000000000000000000e+01,1.400000000000000000e+01
9.069000027038369183e+01,1.800000000000000000e+01,1.400000000000000000e+01
9.070000027041349711e+01,1.700000000000000000e+01,1.200000000000000000e+01
9.071000027044331659e+01,1.700000000000000000e+01,1.200000000000000000e+01
9.072000027047313608e+01,1.600000000000000000e+01,9.000000000000000000e+00
9.073000027050294136e+01,1.700000000000000000e+01,1.100000000000000000e+01
9.074000027053276085e+01,1.800000000000000000e+01,1.000000000000000000e+01
9.075000027056258034e+01,1.700000000000000000e+01,1.100000000000000000e+01
9.076000027059238562e+01,1.800000000000000000e+01,1.100000000000000000e+01
9.077000027062220511e+01,1.700000000000000000e+01,8.000000000000000000e+00
9.078000027065201039e+01,1.700000000000000000e+01,9.000000000000000000e+00
9.079000027068182987e+01,1.700000000000000000e+01,1.100000000000000000e+01
9.080000027071164936e+01,1.900000000000000000e+01,1.300000000000000000e+01
9.081000027074145464e+01,1.900000000000000000e+01,1.500000000000000000e+01
9.082000027077127413e+01,1.600000000000000000e+01,9.000000000000000000e+00
9.083000027080107941e+01,1.800000000000000000e+01,1.100000000000000000e+01
9.084000027083089890e+01,1.700000000000000000e+01,1.100000000000000000e+01
9.085000027086071839e+01,1.700000000000000000e+01,1.200000000000000000e+01
9.086000027089052367e+01,1.800000000000000000e+01,1.400000000000000000e+01
9.087000027092034316e+01,1.800000000000000000e+01,1.500000000000000000e+01
9.088000027095016264e+01,1.700000000000000000e+01,1.200000000000000000e+01
9.089000027097996792e+01,1.800000000000000000e+01,1.500000000000000000e+01
9.090000027100978741e+01,1.700000000000000000e+01,1.100000000000000000e+01
9.091000027103959269e+01,1.600000000000000000e+01,1.000000000000000000e+01
9.092000027106941218e+01,1.600000000000000000e+01,1.200000000000000000e+01
9.093000027109923167e+01,1.700000000000000000e+01,1.200000000000000000e+01
9.094000027112903695e+01,1.700000000000000000e+01,1.400000000000000000e+01
9.095000027115885644e+01,1.600000000000000000e+01,1.300000000000000000e+01
9.096000027118866171e+01,1.600000000000000000e+01,1.000000000000000000e+01
9.097000027121848120e+01,1.700000000000000000e+01,1.400000000000000000e+01
9.098000027124830069e+01,1.800000000000000000e+01,1.600000000000000000e+01
9.099000027127810597e+01,1.700000000000000000e+01,1.300000000000000000e+01
9.100000027130792546e+01,1.600000000000000000e+01,1.200000000000000000e+01
9.101000027133774495e+01,1.700000000000000000e+01,1.300000000000000000e+01
9.102000027136755023e+01,1.900000000000000000e+01,1.400000000000000000e+01
9.103000027139736972e+01,1.900000000000000000e+01,1.700000000000000000e+01
9.104000027142717499e+01,1.700000000000000000e+01,1.300000000000000000e+01
9.105000027145699448e+01,1.800000000000000000e+01,1.400000000000000000e+01
9.106000027148681397e+01,1.800000000000000000e+01,1.400000000000000000e+01
9.107000027151661925e+01,1.700000000000000000e+01,1.300000000000000000e+01
9.108000027154643874e+01,1.800000000000000000e+01,1.600000000000000000e+01
9.109000027157625823e+01,1.700000000000000000e+01,1.300000000000000000e+01
9.110000027160606351e+01,1.800000000000000000e+01,1.700000000000000000e+01
9.111000027163588300e+01,1.800000000000000000e+01,1.500000000000000000e+01
9.112000027166568827e+01,2.100000000000000000e+01,2.200000000000000000e+01
9.113000027169550776e+01,1.900000000000000000e+01,1.500000000000000000e+01
9.114000027172532725e+01,1.800000000000000000e+01,1.200000000000000000e+01
9.115000027175513253e+01,2.000000000000000000e+01,1.700000000000000000e+01
9.116000027178495202e+01,1.900000000000000000e+01,1.500000000000000000e+01
9.117000027181475730e+01,2.000000000000000000e+01,1.800000000000000000e+01
9.118000027184457679e+01,1.800000000000000000e+01,1.400000000000000000e+01
9.119000027187439628e+01,1.800000000000000000e+01,1.400000000000000000e+01
9.120000027190420155e+01,1.800000000000000000e+01,1.100000000000000000e+01
9.121000027193402104e+01,1.800000000000000000e+01,1.700000000000000000e+01
9.122000027196384053e+01,1.800000000000000000e+01,1.200000000000000000e+01
9.123000027199364581e+01,1.700000000000000000e+01,1.300000000000000000e+01
9.124000027202346530e+01,1.900000000000000000e+01,1.400000000000000000e+01
9.125000027205327058e+01,1.900000000000000000e+01,1.400000000000000000e+01
9.126000027208309007e+01,1.900000000000000000e+01,1.100000000000000000e+01
9.127000027211290956e+01,1.600000000000000000e+01,1.200000000000000000e+01
9.128000027214271483e+01,2.000000000000000000e+01,1.900000000000000000e+01
9.129000027217253432e+01,1.900000000000000000e+01,1.200000000000000000e+01
9.130000027220233960e+01,2.000000000000000000e+01,1.700000000000000000e+01
9.131000027223215909e+01,1.900000000000000000e+01,1.600000000000000000e+01
9.132000027226197858e+01,1.900000000000000000e+01,1.200000000000000000e+01
9.133000027229178386e+01,1.700000000000000000e+01,1.300000000000000000e+01
9.134000027232160335e+01,1.800000000000000000e+01,1.500000000000000000e+01
9.135000027235142284e+01,1.900000000000000000e+01,1.600000000000000000e+01
9.136000027238122811e+01,2.000000000000000000e+01,1.800000000000000000e+01
9.137000027241104760e+01,2.000000000000000000e+01,1.800000000000000000e+01
9.138000027244085288e+01,2.000000000000000000e+01,1.600000000000000000e+01
9.139000027247067237e+01,1.800000000000000000e+01,1.300000000000000000e+01
9.140000027250049186e+01,1.800000000000000000e+01,1.300000000000000000e+01
9.141000027253029714e+01,1.800000000000000000e+01,1.500000000000000000e+01
9.142000027256011663e+01,1.700000000000000000e+01,1.500000000000000000e+01
9.143000027258993612e+01,1.600000000000000000e+01,1.500000000000000000e+01
9.144000027261974139e+01,1.800000000000000000e+01,1.700000000000000000e+01
9.145000027264956088e+01,1.800000000000000000e+01,1.800000000000000000e+01
9.146000027267936616e+01,1.800000000000000000e+01,1.800000000000000000e+01
9.147000027270918565e+01,1.800000000000000000e+01,1.400000000000000000e+01
9.148000027273900514e+01,1.800000000000000000e+01,1.500000000000000000e+01
9.149000027276881042e+01,2.000000000000000000e+01,1.600000000000000000e+01
9.150000027279862991e+01,1.900000000000000000e+01,1.600000000000000000e+01
9.151000027282843519e+01,1.800000000000000000e+01,1.400000000000000000e+01
9.152000027285825468e+01,1.700000000000000000e+01,1.200000000000000000e+01
9.153000027288807416e+01,1.700000000000000000e+01,1.100000000000000000e+01
9.154000027291787944e+01,1.800000000000000000e+01,1.300000000000000000e+01
9.155000027294769893e+01,1.900000000000000000e+01,1.500000000000000000e+01
9.156000027297751842e+01,1.700000000000000000e+01,1.200000000000000000e+01
9.157000027300732370e+01,1.900000000000000000e+01,1.500000000000000000e+01
9.158000027303714319e+01,1.800000000000000000e+01,1.800000000000000000e+01
9.159000027306694847e+01,1.800000000000000000e+01,1.500000000000000000e+01
9.160000027309676796e+01,1.800000000000000000e+01,1.600000000000000000e+01
9.161000027312658744e+01,1.800000000000000000e+01,1.800000000000000000e+01
9.162000027315639272e+01,1.800000000000000000e+01,1.600000000000000000e+01
9.163000027318621221e+01,1.800000000000000000e+01,1.500000000000000000e+01
9.164000027321601749e+01,1.700000000000000000e+01,1.400000000000000000e+01
9.165000027324583698e+01,1.700000000000000000e+01,1.300000000000000000e+01
9.166000027327565647e+01,1.700000000000000000e+01,1.300000000000000000e+01
9.167000027330546175e+01,1.700000000000000000e+01,1.600000000000000000e+01
9.168000027333528124e+01,1.700000000000000000e+01,1.100000000000000000e+01
9.169000027336510072e+01,1.700000000000000000e+01,1.300000000000000000e+01
9.170000027339490600e+01,1.700000000000000000e+01,1.200000000000000000e+01
9.171000027342472549e+01,1.700000000000000000e+01,1.100000000000000000e+01
9.172000027345453077e+01,1.800000000000000000e+01,1.200000000000000000e+01
9.173000027348435026e+01,1.600000000000000000e+01,1.200000000000000000e+01
9.174000027351416975e+01,1.800000000000000000e+01,1.400000000000000000e+01
9.175000027354397503e+01,1.600000000000000000e+01,1.400000000000000000e+01
9.176000027357379452e+01,1.600000000000000000e+01,1.200000000000000000e+01
9.177000027360361400e+01,1.700000000000000000e+01,1.100000000000000000e+01
9.178000027363341928e+01,1.500000000000000000e+01,9.000000000000000000e+00
9.179000027366323877e+01,1.700000000000000000e+01,1.200000000000000000e+01
9.180000027369304405e+01,1.700000000000000000e+01,1.100000000000000000e+01
9.181000027372286354e+01,1.500000000000000000e+01,1.000000000000000000e+01
9.182000027375268303e+01,1.400000000000000000e+01,9.000000000000000000e+00
9.183000027378248831e+01,1.600000000000000000e+01,1.000000000000000000e+01
9.184000027381230780e+01,1.400000000000000000e+01,1.100000000000000000e+01
9.185000027384211307e+01,1.500000000000000000e+01,1.100000000000000000e+01
9.186000027387193256e+01,1.500000000000000000e+01,1.000000000000000000e+01
9.187000027390175205e+01,1.600000000000000000e+01,1.100000000000000000e+01
9.188000027393155733e+01,1.600000000000000000e+01,1.000000000000000000e+01
9.189000027396137682e+01,1.700000000000000000e+01,1.200000000000000000e+01
9.190000027399119631e+01,1.600000000000000000e+01,1.000000000000000000e+01
9.191000027402100159e+01,1.500000000000000000e+01,7.000000000000000000e+00
9.192000027405082108e+01,1.500000000000000000e+01,9.000000000000000000e+00
9.193000027408062635e+01,1.600000000000000000e+01,1.100000000000000000e+01
9.194000027411044584e+01,1.600000000000000000e+01,1.100000000000000000e+01
9.195000027414026533e+01,1.800000000000000000e+01,1.300000000000000000e+01
9.196000027417007061e+01,1.800000000000000000e+01,1.500000000000000000e+01
9.197000027419989010e+01,1.800000000000000000e+01,1.200000000000000000e+01
9.198000027422970959e+01,1.800000000000000000e+01,1.500000000000000000e+01
9.199000027425951487e+01,1.800000000000000000e+01,1.800000000000000000e+01
9.200000027428933436e+01,1.600000000000000000e+01,1.300000000000000000e+01
9.201000027431913963e+01,1.700000000000000000e+01,1.300000000000000000e+01
9.202000027434895912e+01,1.800000000000000000e+01,1.300000000000000000e+01
9.203000027437877861e+01,1.500000000000000000e+01,1.300000000000000000e+01
9.204000027440858389e+01,1.900000000000000000e+01,1.700000000000000000e+01
9.205000027443840338e+01,1.900000000000000000e+01,1.300000000000000000e+01
9.206000027446820866e+01,1.800000000000000000e+01,1.300000000000000000e+01
9.207000027449802815e+01,1.500000000000000000e+01,8.000000000000000000e+00
9.208000027452784764e+01,1.700000000000000000e+01,1.200000000000000000e+01
9.209000027455765292e+01,1.600000000000000000e+01,1.100000000000000000e+01
9.210000027458747240e+01,1.800000000000000000e+01,1.100000000000000000e+01
9.211000027461729189e+01,1.800000000000000000e+01,1.300000000000000000e+01
9.212000027464709717e+01,1.800000000000000000e+01,1.100000000000000000e+01
9.213000027467691666e+01,1.600000000000000000e+01,1.100000000000000000e+01
9.214000027470672194e+01,1.800000000000000000e+01,1.200000000000000000e+01
9.215000027473654143e+01,1.800000000000000000e+01,1.100000000000000000e+01
9.216000027476636092e+01,1.800000000000000000e+01,1.200000000000000000e+01
9.217000027479616620e+01,1.600000000000000000e+01,1.200000000000000000e+01
9.218000027482598568e+01,1.700000000000000000e+01,1.500000000000000000e+01
9.219000027485579096e+01,1.800000000000000000e+01,1.300000000000000000e+01
9.220000027488561045e+01,1.700000000000000000e+01,1.200000000000000000e+01
9.221000027491542994e+01,1.800000000000000000e+01,1.800000000000000000e+01
9.222000027494523522e+01,1.800000000000000000e+01,1.600000000000000000e+01
9.223000027497505471e+01,1.800000000000000000e+01,1.500000000000000000e+01
9.224000027500487420e+01,1.800000000000000000e+01,1.100000000000000000e+01
9.225000027503467948e+01,1.700000000000000000e+01,1.400000000000000000e+01
9.226000027506449896e+01,1.700000000000000000e+01,1.300000000000000000e+01
9.227000027509430424e+01,1.500000000000000000e+01,1.200000000000000000e+01
9.228000027512412373e+01,1.800000000000000000e+01,1.100000000000000000e+01
9.229000027515394322e+01,1.800000000000000000e+01,1.400000000000000000e+01
9.230000027518374850e+01,1.800000000000000000e+01,1.300000000000000000e+01
9.231000027521356799e+01,1.700000000000000000e+01,1.100000000000000000e+01
9.232000027524338748e+01,1.800000000000000000e+01,1.300000000000000000e+01
9.233000027527319276e+01,1.800000000000000000e+01,1.300000000000000000e+01
9.234000027530301224e+01,1.800000000000000000e+01,1.200000000000000000e+01
9.235000027533281752e+01,1.800000000000000000e+01,1.700000000000000000e+01
9.236000027536263701e+01,1.800000000000000000e+01,1.600000000000000000e+01
9.237000027539245650e+01,1.700000000000000000e+01,1.300000000000000000e+01
9.238000027542226178e+01,1.900000000000000000e+01,1.100000000000000000e+01
9.239000027545208127e+01,1.700000000000000000e+01,1.200000000000000000e+01
9.240000027548188655e+01,1.700000000000000000e+01,1.300000000000000000e+01
9.241000027551170604e+01,1.900000000000000000e+01,1.500000000000000000e+01
9.242000027554152553e+01,1.800000000000000000e+01,1.500000000000000000e+01
9.243000027557133080e+01,1.700000000000000000e+01,1.000000000000000000e+01
9.244000027560115029e+01,1.700000000000000000e+01,1.100000000000000000e+01
9.245000027563096978e+01,1.700000000000000000e+01,1.300000000000000000e+01
9.246000027566077506e+01,1.900000000000000000e+01,1.700000000000000000e+01
9.247000027569059455e+01,1.900000000000000000e+01,1.400000000000000000e+01
9.248000027572039983e+01,1.900000000000000000e+01,1.400000000000000000e+01
9.249000027575021932e+01,1.900000000000000000e+01,1.300000000000000000e+01
9.250000027578003881e+01,1.800000000000000000e+01,1.400000000000000000e+01
9.251000027580984408e+01,1.600000000000000000e+01,1.300000000000000000e+01
9.252000027583966357e+01,1.800000000000000000e+01,1.400000000000000000e+01
9.253000027586946885e+01,1.700000000000000000e+01,1.400000000000000000e+01
9.254000027589928834e+01,1.600000000000000000e+01,1.200000000000000000e+01
9.255000027592910783e+01,1.600000000000000000e+01,1.100000000000000000e+01
9.256000027595891311e+01,1.600000000000000000e+01,1.300000000000000000e+01
9.257000027598873260e+01,1.500000000000000000e+01,1.300000000000000000e+01
9.258000027601855209e+01,1.600000000000000000e+01,1.200000000000000000e+01
9.259000027604835736e+01,1.500000000000000000e+01,1.000000000000000000e+01
9.260000027607817685e+01,1.600000000000000000e+01,1.500000000000000000e+01
9.261000027610798213e+01,1.600000000000000000e+01,1.000000000000000000e+01
9.262000027613780162e+01,1.600000000000000000e+01,1.200000000000000000e+01
9.263000027616762111e+01,1.600000000000000000e+01,1.000000000000000000e+01
9.264000027619742639e+01,1.700000000000000000e+01,1.200000000000000000e+01
9.265000027622724588e+01,1.500000000000000000e+01,1.100000000000000000e+01
9.266000027625706537e+01,1.500000000000000000e+01,1.300000000000000000e+01
9.267000027628687064e+01,1.500000000000000000e+01,1.200000000000000000e+01
9.268000027631669013e+01,1.600000000000000000e+01,1.500000000000000000e+01
9.269000027634649541e+01,1.800000000000000000e+01,1.400000000000000000e+01
9.270000027637631490e+01,1.700000000000000000e+01,1.500000000000000000e+01
9.271000027640613439e+01,1.800000000000000000e+01,1.400000000000000000e+01
9.272000027643593967e+01,1.800000000000000000e+01,1.400000000000000000e+01
9.273000027646575916e+01,1.800000000000000000e+01,1.800000000000000000e+01
9.274000027649556444e+01,1.700000000000000000e+01,1.200000000000000000e+01
9.275000027652538392e+01,1.600000000000000000e+01,1.200000000000000000e+01
9.276000027655520341e+01,1.600000000000000000e+01,1.300000000000000000e+01
9.277000027658500869e+01,1.900000000000000000e+01,1.800000000000000000e+01
9.278000027661482818e+01,1.800000000000000000e+01,1.300000000000000000e+01
9.279000027664464767e+01,1.800000000000000000e+01,1.500000000000000000e+01
9.280000027667445295e+01,1.800000000000000000e+01,1.300000000000000000e+01
9.281000027670427244e+01,1.700000000000000000e+01,1.200000000000000000e+01
9.282000027673407772e+01,1.800000000000000000e+01,1.200000000000000000e+01
9.283000027676389720e+01,1.800000000000000000e+01,1.300000000000000000e+01
9.284000027679371669e+01,1.800000000000000000e+01,1.500000000000000000e+01
9.285000027682352197e+01,1.800000000000000000e+01,1.500000000000000000e+01
9.286000027685334146e+01,1.700000000000000000e+01,1.100000000000000000e+01
9.287000027688314674e+01,2.000000000000000000e+01,1.600000000000000000e+01
9.288000027691296623e+01,1.700000000000000000e+01,1.200000000000000000e+01
9.289000027694278572e+01,1.800000000000000000e+01,1.300000000000000000e+01
9.290000027697259100e+01,1.800000000000000000e+01,1.200000000000000000e+01
9.291000027700241048e+01,2.000000000000000000e+01,1.700000000000000000e+01
9.292000027703222997e+01,1.900000000000000000e+01,1.800000000000000000e+01
9.293000027706203525e+01,1.800000000000000000e+01,1.400000000000000000e+01
9.294000027709185474e+01,1.900000000000000000e+01,1.600000000000000000e+01
9.295000027712166002e+01,1.900000000000000000e+01,1.500000000000000000e+01
9.296000027715147951e+01,1.900000000000000000e+01,1.300000000000000000e+01
9.297000027718129900e+01,1.800000000000000000e+01,1.200000000000000000e+01
9.298000027721110428e+01,1.800000000000000000e+01,1.200000000000000000e+01
9.299000027724092377e+01,1.800000000000000000e+01,1.400000000000000000e+01
9.300000027727074325e+01,1.700000000000000000e+01,1.100000000000000000e+01
9.301000027730054853e+01,1.700000000000000000e+01,1.400000000000000000e+01
9.302000027733036802e+01,1.800000000000000000e+01,1.500000000000000000e+01
9.303000027736017330e+01,1.800000000000000000e+01,1.300000000000000000e+01
9.304000027738999279e+01,1.900000000000000000e+01,1.400000000000000000e+01
9.305000027741981228e+01,1.800000000000000000e+01,1.600000000000000000e+01
9.306000027744961756e+01,1.800000000000000000e+01,1.500000000000000000e+01
9.307000027747943705e+01,1.800000000000000000e+01,1.600000000000000000e+01
9.308000027750924232e+01,1.800000000000000000e+01,1.300000000000000000e+01
9.309000027753906181e+01,1.800000000000000000e+01,1.500000000000000000e+01
9.310000027756888130e+01,1.700000000000000000e+01,1.500000000000000000e+01
9.311000027759868658e+01,1.600000000000000000e+01,1.500000000000000000e+01
9.312000027762850607e+01,1.800000000000000000e+01,1.500000000000000000e+01
9.313000027765832556e+01,1.600000000000000000e+01,1.300000000000000000e+01
9.314000027768813084e+01,1.900000000000000000e+01,1.400000000000000000e+01
9.315000027771795033e+01,1.700000000000000000e+01,1.100000000000000000e+01
9.316000027774775560e+01,1.800000000000000000e+01,1.400000000000000000e+01
9.317000027777757509e+01,1.800000000000000000e+01,1.600000000000000000e+01
9.318000027780739458e+01,1.700000000000000000e+01,1.400000000000000000e+01
9.319000027783719986e+01,1.900000000000000000e+01,1.300000000000000000e+01
9.320000027786701935e+01,1.800000000000000000e+01,1.200000000000000000e+01
9.321000027789682463e+01,1.800000000000000000e+01,1.200000000000000000e+01
9.322000027792664412e+01,2.000000000000000000e+01,1.700000000000000000e+01
9.323000027795646361e+01,1.800000000000000000e+01,1.400000000000000000e+01
9.324000027798626888e+01,1.900000000000000000e+01,1.400000000000000000e+01
9.325000027801608837e+01,1.600000000000000000e+01,1.100000000000000000e+01
9.326000027804590786e+01,1.400000000000000000e+01,8.000000000000000000e+00
9.327000027807571314e+01,1.400000000000000000e+01,8.000000000000000000e+00
9.328000027810553263e+01,1.600000000000000000e+01,8.000000000000000000e+00
9.329000027813533791e+01,1.400000000000000000e+01,9.000000000000000000e+00
9.330000027816515740e+01,1.500000000000000000e+01,9.000000000000000000e+00
9.331000027819497689e+01,1.700000000000000000e+01,1.200000000000000000e+01
9.332000027822478216e+01,1.600000000000000000e+01,1.200000000000000000e+01
9.333000027825460165e+01,1.800000000000000000e+01,1.200000000000000000e+01
9.334000027828442114e+01,1.600000000000000000e+01,1.000000000000000000e+01
9.335000027831422642e+01,1.700000000000000000e+01,1.000000000000000000e+01
9.336000027834404591e+01,1.500000000000000000e+01,8.000000000000000000e+00
9.337000027837385119e+01,1.800000000000000000e+01,1.300000000000000000e+01
9.338000027840367068e+01,1.700000000000000000e+01,1.200000000000000000e+01
9.339000027843349017e+01,1.600000000000000000e+01,1.100000000000000000e+01
9.340000027846329544e+01,1.500000000000000000e+01,1.000000000000000000e+01
9.341000027849311493e+01,1.600000000000000000e+01,9.000000000000000000e+00
9.342000027852292021e+01,1.600000000000000000e+01,1.100000000000000000e+01
9.343000027855273970e+01,1.600000000000000000e+01,1.100000000000000000e+01
9.344000027858255919e+01,1.400000000000000000e+01,9.000000000000000000e+00
9.345000027861236447e+01,1.700000000000000000e+01,1.200000000000000000e+01
9.346000027864218396e+01,1.400000000000000000e+01,1.000000000000000000e+01
9.347000027867200345e+01,1.700000000000000000e+01,1.300000000000000000e+01
9.348000027870180872e+01,1.700000000000000000e+01,1.300000000000000000e+01
9.349000027873162821e+01,1.900000000000000000e+01,1.400000000000000000e+01
9.350000027876143349e+01,1.600000000000000000e+01,1.400000000000000000e+01
9.351000027879125298e+01,1.700000000000000000e+01,1.500000000000000000e+01
9.352000027882107247e+01,1.700000000000000000e+01,1.300000000000000000e+01
9.353000027885087775e+01,1.800000000000000000e+01,1.700000000000000000e+01
9.354000027888069724e+01,1.800000000000000000e+01,1.200000000000000000e+01
9.355000027891050252e+01,1.600000000000000000e+01,1.600000000000000000e+01
9.356000027894032200e+01,1.800000000000000000e+01,1.200000000000000000e+01
9.357000027897014149e+01,1.800000000000000000e+01,1.300000000000000000e+01
9.358000027899994677e+01,2.000000000000000000e+01,1.600000000000000000e+01
9.359000027902976626e+01,2.100000000000000000e+01,1.700000000000000000e+01
9.360000027905958575e+01,2.000000000000000000e+01,1.300000000000000000e+01
9.361000027908939103e+01,1.900000000000000000e+01,1.400000000000000000e+01
9.362000027911921052e+01,1.800000000000000000e+01,1.300000000000000000e+01
9.363000027914901580e+01,1.400000000000000000e+01,9.000000000000000000e+00
9.364000027917883529e+01,1.700000000000000000e+01,1.000000000000000000e+01
9.365000027920865477e+01,1.600000000000000000e+01,1.000000000000000000e+01
9.366000027923846005e+01,1.400000000000000000e+01,1.000000000000000000e+01
9.367000027926827954e+01,1.300000000000000000e+01,1.100000000000000000e+01
9.368000027929809903e+01,1.400000000000000000e+01,1.000000000000000000e+01
9.369000027932790431e+01,1.500000000000000000e+01,9.000000000000000000e+00
9.370000027935772380e+01,1.800000000000000000e+01,1.100000000000000000e+01
9.371000027938752908e+01,1.500000000000000000e+01,9.000000000000000000e+00
9.372000027941734857e+01,1.500000000000000000e+01,1.200000000000000000e+01
9.373000027944716805e+01,1.500000000000000000e+01,1.300000000000000000e+01
9.374000027947697333e+01,1.600000000000000000e+01,1.100000000000000000e+01
9.375000027950679282e+01,1.600000000000000000e+01,1.000000000000000000e+01
9.376000027953659810e+01,1.500000000000000000e+01,1.000000000000000000e+01
9.377000027956641759e+01,1.700000000000000000e+01,1.200000000000000000e+01
9.378000027959623708e+01,1.800000000000000000e+01,1.300000000000000000e+01
9.379000027962604236e+01,1.800000000000000000e+01,1.200000000000000000e+01
9.380000027965586185e+01,1.600000000000000000e+01,1.000000000000000000e+01
9.381000027968568133e+01,2.000000000000000000e+01,1.800000000000000000e+01
9.382000027971548661e+01,1.700000000000000000e+01,1.000000000000000000e+01
9.383000027974530610e+01,1.600000000000000000e+01,1.100000000000000000e+01
9.384000027977511138e+01,1.700000000000000000e+01,1.200000000000000000e+01
9.385000027980493087e+01,1.500000000000000000e+01,1.000000000000000000e+01
9.386000027983475036e+01,1.600000000000000000e+01,1.100000000000000000e+01
9.387000027986455564e+01,1.600000000000000000e+01,1.100000000000000000e+01
9.388000027989437513e+01,1.400000000000000000e+01,1.000000000000000000e+01
9.389000027992419461e+01,1.400000000000000000e+01,9.000000000000000000e+00
9.390000027995399989e+01,1.300000000000000000e+01,9.000000000000000000e+00
9.391000027998381938e+01,1.300000000000000000e+01,9.000000000000000000e+00
9.392000028001362466e+01,1.600000000000000000e+01,1.200000000000000000e+01
9.393000028004344415e+01,1.500000000000000000e+01,1.000000000000000000e+01
9.394000028007326364e+01,1.500000000000000000e+01,1.000000000000000000e+01
9.395000028010306892e+01,1.900000000000000000e+01,1.200000000000000000e+01
9.396000028013288841e+01,1.600000000000000000e+01,8.000000000000000000e+00
9.397000028016269368e+01,1.600000000000000000e+01,9.000000000000000000e+00
9.398000028019251317e+01,1.500000000000000000e+01,1.100000000000000000e+01
9.399000028022233266e+01,1.700000000000000000e+01,1.000000000000000000e+01
9.400000028025213794e+01,1.500000000000000000e+01,8.000000000000000000e+00
9.401000028028195743e+01,1.400000000000000000e+01,9.000000000000000000e+00
9.402000028031177692e+01,1.600000000000000000e+01,1.200000000000000000e+01
9.403000028034158220e+01,1.400000000000000000e+01,1.200000000000000000e+01
9.404000028037140169e+01,1.300000000000000000e+01,1.000000000000000000e+01
9.405000028040120696e+01,1.600000000000000000e+01,1.100000000000000000e+01
9.406000028043102645e+01,1.400000000000000000e+01,1.000000000000000000e+01
9.407000028046084594e+01,1.300000000000000000e+01,9.000000000000000000e+00
9.408000028049065122e+01,1.300000000000000000e+01,8.000000000000000000e+00
9.409000028052047071e+01,1.400000000000000000e+01,8.000000000000000000e+00
9.410000028055027599e+01,1.300000000000000000e+01,9.000000000000000000e+00
9.411000028058009548e+01,1.600000000000000000e+01,1.200000000000000000e+01
9.412000028060991497e+01,1.500000000000000000e+01,1.100000000000000000e+01
9.413000028063972024e+01,1.600000000000000000e+01,1.400000000000000000e+01
9.414000028066953973e+01,1.600000000000000000e+01,1.000000000000000000e+01
9.415000028069935922e+01,1.600000000000000000e+01,1.100000000000000000e+01
9.416000028072916450e+01,1.500000000000000000e+01,1.100000000000000000e+01
9.417000028075898399e+01,1.500000000000000000e+01,8.000000000000000000e+00
9.418000028078878927e+01,1.300000000000000000e+01,9.000000000000000000e+00
9.419000028081860876e+01,1.800000000000000000e+01,1.200000000000000000e+01
9.420000028084842825e+01,1.600000000000000000e+01,1.300000000000000000e+01
9.421000028087823353e+01,1.500000000000000000e+01,7.000000000000000000e+00
9.422000028090805301e+01,1.400000000000000000e+01,1.000000000000000000e+01
9.423000028093787250e+01,1.700000000000000000e+01,1.200000000000000000e+01
9.424000028096767778e+01,1.300000000000000000e+01,8.000000000000000000e+00
9.425000028099749727e+01,1.400000000000000000e+01,9.000000000000000000e+00
9.426000028102730255e+01,1.400000000000000000e+01,1.200000000000000000e+01
9.427000028105712204e+01,1.300000000000000000e+01,1.000000000000000000e+01
9.428000028108694153e+01,1.400000000000000000e+01,8.000000000000000000e+00
9.429000028111674681e+01,1.400000000000000000e+01,8.000000000000000000e+00
9.430000028114656629e+01,1.400000000000000000e+01,1.000000000000000000e+01
9.431000028117637157e+01,1.400000000000000000e+01,9.000000000000000000e+00
9.432000028120619106e+01,1.500000000000000000e+01,9.000000000000000000e+00
9.433000028123601055e+01,1.400000000000000000e+01,8.000000000000000000e+00
9.434000028126581583e+01,1.400000000000000000e+01,7.000000000000000000e+00
9.435000028129563532e+01,1.300000000000000000e+01,9.000000000000000000e+00
9.436000028132545481e+01,1.300000000000000000e+01,8.000000000000000000e+00
9.437000028135526009e+01,1.400000000000000000e+01,9.000000000000000000e+00
9.438000028138507957e+01,1.500000000000000000e+01,9.000000000000000000e+00
9.439000028141488485e+01,1.500000000000000000e+01,1.000000000000000000e+01
9.440000028144470434e+01,1.400000000000000000e+01,1.000000000000000000e+01
9.441000028147452383e+01,1.300000000000000000e+01,8.000000000000000000e+00
9.442000028150432911e+01,1.300000000000000000e+01,7.000000000000000000e+00
9.443000028153414860e+01,1.300000000000000000e+01,8.000000000000000000e+00
9.444000028156395388e+01,1.300000000000000000e+01,8.000000000000000000e+00
9.445000028159377337e+01,1.300000000000000000e+01,8.000000000000000000e+00
9.446000028162359285e+01,1.600000000000000000e+01,1.300000000000000000e+01
9.447000028165339813e+01,1.400000000000000000e+01,8.000000000000000000e+00
9.448000028168321762e+01,1.500000000000000000e+01,1.100000000000000000e+01
9.449000028171303711e+01,1.300000000000000000e+01,9.000000000000000000e+00
9.450000028174284239e+01,1.300000000000000000e+01,9.000000000000000000e+00
9.451000028177266188e+01,1.300000000000000000e+01,1.000000000000000000e+01
9.452000028180246716e+01,1.300000000000000000e+01,1.100000000000000000e+01
9.453000028183228665e+01,1.300000000000000000e+01,8.000000000000000000e+00
9.454000028186210614e+01,1.300000000000000000e+01,1.000000000000000000e+01
9.455000028189191141e+01,1.300000000000000000e+01,1.000000000000000000e+01
9.456000028192173090e+01,1.700000000000000000e+01,1.100000000000000000e+01
9.457000028195155039e+01,1.400000000000000000e+01,8.000000000000000000e+00
9.458000028198135567e+01,1.700000000000000000e+01,1.300000000000000000e+01
9.459000028201117516e+01,1.300000000000000000e+01,9.000000000000000000e+00
9.460000028204098044e+01,1.300000000000000000e+01,1.100000000000000000e+01
9.461000028207079993e+01,1.600000000000000000e+01,1.200000000000000000e+01
9.462000028210061942e+01,1.500000000000000000e+01,1.100000000000000000e+01
9.463000028213042469e+01,1.900000000000000000e+01,1.400000000000000000e+01
9.464000028216024418e+01,1.400000000000000000e+01,9.000000000000000000e+00
9.465000028219004946e+01,1.700000000000000000e+01,1.200000000000000000e+01
9.466000028221986895e+01,1.700000000000000000e+01,1.300000000000000000e+01
9.467000028224968844e+01,1.800000000000000000e+01,1.200000000000000000e+01
9.468000028227949372e+01,1.400000000000000000e+01,1.000000000000000000e+01
9.469000028230931321e+01,1.900000000000000000e+01,1.200000000000000000e+01
9.470000028233913270e+01,1.300000000000000000e+01,1.100000000000000000e+01
9.471000028236893797e+01,1.300000000000000000e+01,9.000000000000000000e+00
9.472000028239875746e+01,1.500000000000000000e+01,1.100000000000000000e+01
9.473000028242856274e+01,1.300000000000000000e+01,9.000000000000000000e+00
9.474000028245838223e+01,1.600000000000000000e+01,1.100000000000000000e+01
9.475000028248820172e+01,1.600000000000000000e+01,1.100000000000000000e+01
9.476000028251800700e+01,1.600000000000000000e+01,9.000000000000000000e+00
9.477000028254782649e+01,1.400000000000000000e+01,1.200000000000000000e+01
9.478000028257763176e+01,1.700000000000000000e+01,1.300000000000000000e+01
9.479000028260745125e+01,1.300000000000000000e+01,8.000000000000000000e+00
9.480000028263727074e+01,1.600000000000000000e+01,1.100000000000000000e+01
9.481000028266707602e+01,1.400000000000000000e+01,1.000000000000000000e+01
9.482000028269689551e+01,1.700000000000000000e+01,1.100000000000000000e+01
9.483000028272671500e+01,1.800000000000000000e+01,1.300000000000000000e+01
9.484000028275652028e+01,1.600000000000000000e+01,1.100000000000000000e+01
9.485000028278633977e+01,1.500000000000000000e+01,1.200000000000000000e+01
9.486000028281614505e+01,1.400000000000000000e+01,1.100000000000000000e+01
9.487000028284596453e+01,1.500000000000000000e+01,1.100000000000000000e+01
9.488000028287578402e+01,1.600000000000000000e+01,1.300000000000000000e+01
9.489000028290558930e+01,1.500000000000000000e+01,1.000000000000000000e+01
9.490000028293540879e+01,1.500000000000000000e+01,1.200000000000000000e+01
9.491000028296522828e+01,1.500000000000000000e+01,1.100000000000000000e+01
9.492000028299503356e+01,1.400000000000000000e+01,1.100000000000000000e+01
9.493000028302485305e+01,1.400000000000000000e+01,1.100000000000000000e+01
9.494000028305465833e+01,1.600000000000000000e+01,9.000000000000000000e+00
9.495000028308447781e+01,1.400000000000000000e+01,1.100000000000000000e+01
9.496000028311429730e+01,1.400000000000000000e+01,1.200000000000000000e+01
9.497000028314410258e+01,1.400000000000000000e+01,1.000000000000000000e+01
9.498000028317392207e+01,1.300000000000000000e+01,8.000000000000000000e+00
9.499000028320372735e+01,1.400000000000000000e+01,9.000000000000000000e+00
9.500000028323354684e+01,1.400000000000000000e+01,9.000000000000000000e+00
9.501000028326336633e+01,1.300000000000000000e+01,9.000000000000000000e+00
9.502000028329317161e+01,1.300000000000000000e+01,1.100000000000000000e+01
9.503000028332299109e+01,1.300000000000000000e+01,1.000000000000000000e+01
9.504000028335281058e+01,1.300000000000000000e+01,1.200000000000000000e+01
9.505000028338261586e+01,1.300000000000000000e+01,9.000000000000000000e+00
9.506000028341243535e+01,1.300000000000000000e+01,1.000000000000000000e+01
9.507000028344224063e+01,1.400000000000000000e+01,8.000000000000000000e+00
9.508000028347206012e+01,1.300000000000000000e+01,1.000000000000000000e+01
9.509000028350187961e+01,1.400000000000000000e+01,1.200000000000000000e+01
9.510000028353168489e+01,1.400000000000000000e+01,1.100000000000000000e+01
9.511000028356150438e+01,1.400000000000000000e+01,1.000000000000000000e+01
9.512000028359130965e+01,1.300000000000000000e+01,1.000000000000000000e+01
9.513000028362112914e+01,1.500000000000000000e+01,1.300000000000000000e+01
9.514000028365094863e+01,1.500000000000000000e+01,1.400000000000000000e+01
9.515000028368075391e+01,1.600000000000000000e+01,1.400000000000000000e+01
9.516000028371057340e+01,1.500000000000000000e+01,1.100000000000000000e+01
9.517000028374039289e+01,1.400000000000000000e+01,1.000000000000000000e+01
9.518000028377019817e+01,1.600000000000000000e+01,1.500000000000000000e+01
9.519000028380001766e+01,1.600000000000000000e+01,1.300000000000000000e+01
9.520000028382982293e+01,1.500000000000000000e+01,9.000000000000000000e+00
9.521000028385964242e+01,1.500000000000000000e+01,1.000000000000000000e+01
9.522000028388946191e+01,1.400000000000000000e+01,1.100000000000000000e+01
9.523000028391926719e+01,1.400000000000000000e+01,9.000000000000000000e+00
9.524000028394908668e+01,1.600000000000000000e+01,1.300000000000000000e+01
9.525000028397890617e+01,1.600000000000000000e+01,9.000000000000000000e+00
9.526000028400871145e+01,1.500000000000000000e+01,1.000000000000000000e+01
9.527000028403853094e+01,1.400000000000000000e+01,1.000000000000000000e+01
9.528000028406833621e+01,1.700000000000000000e+01,1.000000000000000000e+01
9.529000028409815570e+01,1.300000000000000000e+01,8.000000000000000000e+00
9.530000028412797519e+01,1.600000000000000000e+01,1.000000000000000000e+01
9.531000028415778047e+01,1.400000000000000000e+01,9.000000000000000000e+00
9.532000028418759996e+01,1.800000000000000000e+01,1.100000000000000000e+01
9.533000028421740524e+01,1.500000000000000000e+01,7.000000000000000000e+00
9.534000028424722473e+01,1.500000000000000000e+01,1.100000000000000000e+01
9.535000028427704422e+01,1.600000000000000000e+01,1.200000000000000000e+01
9.536000028430684949e+01,1.600000000000000000e+01,1.300000000000000000e+01
9.537000028433666898e+01,1.700000000000000000e+01,1.200000000000000000e+01
9.538000028436648847e+01,1.900000000000000000e+01,1.400000000000000000e+01
9.539000028439629375e+01,1.800000000000000000e+01,1.200000000000000000e+01
9.540000028442611324e+01,1.800000000000000000e+01,1.100000000000000000e+01
9.541000028445591852e+01,1.700000000000000000e+01,1.400000000000000000e+01
9.542000028448573801e+01,1.500000000000000000e+01,1.200000000000000000e+01
9.543000028451555750e+01,1.700000000000000000e+01,1.300000000000000000e+01
9.544000028454536277e+01,1.900000000000000000e+01,1.500000000000000000e+01
9.545000028457518226e+01,1.800000000000000000e+01,1.300000000000000000e+01
9.546000028460498754e+01,1.600000000000000000e+01,1.500000000000000000e+01
9.547000028463480703e+01,1.800000000000000000e+01,1.500000000000000000e+01
9.548000028466462652e+01,1.600000000000000000e+01,1.000000000000000000e+01
9.549000028469443180e+01,1.600000000000000000e+01,1.200000000000000000e+01
9.550000028472425129e+01,1.700000000000000000e+01,1.300000000000000000e+01
9.551000028475407078e+01,1.800000000000000000e+01,1.300000000000000000e+01
9.552000028478387605e+01,1.800000000000000000e+01,1.100000000000000000e+01
9.553000028481369554e+01,1.600000000000000000e+01,1.200000000000000000e+01
9.554000028484350082e+01,1.700000000000000000e+01,1.500000000000000000e+01
9.555000028487332031e+01,2.200000000000000000e+01,1.800000000000000000e+01
9.556000028490313980e+01,1.700000000000000000e+01,1.400000000000000000e+01
9.557000028493294508e+01,1.700000000000000000e+01,1.300000000000000000e+01
9.558000028496276457e+01,1.900000000000000000e+01,1.500000000000000000e+01
9.559000028499258406e+01,1.800000000000000000e+01,1.300000000000000000e+01
9.560000028502238933e+01,1.700000000000000000e+01,1.400000000000000000e+01
9.561000028505220882e+01,1.800000000000000000e+01,1.500000000000000000e+01
9.562000028508201410e+01,1.700000000000000000e+01,1.700000000000000000e+01
9.563000028511183359e+01,1.700000000000000000e+01,1.300000000000000000e+01
9.564000028514165308e+01,1.600000000000000000e+01,1.300000000000000000e+01
9.565000028517145836e+01,1.600000000000000000e+01,1.300000000000000000e+01
9.566000028520127785e+01,1.600000000000000000e+01,1.300000000000000000e+01
9.567000028523108313e+01,1.600000000000000000e+01,1.400000000000000000e+01
9.568000028526090261e+01,1.600000000000000000e+01,1.600000000000000000e+01
9.569000028529072210e+01,1.600000000000000000e+01,1.600000000000000000e+01
9.570000028532052738e+01,1.600000000000000000e+01,1.200000000000000000e+01
9.571000028535034687e+01,1.800000000000000000e+01,1.500000000000000000e+01
9.572000028538016636e+01,1.800000000000000000e+01,1.600000000000000000e+01
9.573000028540997164e+01,1.700000000000000000e+01,1.200000000000000000e+01
9.574000028543979113e+01,1.500000000000000000e+01,1.400000000000000000e+01
9.575000028546959641e+01,1.600000000000000000e+01,1.500000000000000000e+01
9.576000028549941590e+01,1.700000000000000000e+01,1.500000000000000000e+01
9.577000028552923538e+01,1.700000000000000000e+01,1.400000000000000000e+01
9.578000028555904066e+01,1.500000000000000000e+01,1.300000000000000000e+01
9.579000028558886015e+01,1.500000000000000000e+01,1.100000000000000000e+01
9.580000028561867964e+01,1.500000000000000000e+01,1.200000000000000000e+01
9.581000028564848492e+01,1.800000000000000000e+01,1.500000000000000000e+01
9.582000028567830441e+01,1.800000000000000000e+01,1.500000000000000000e+01
9.583000028570810969e+01,1.700000000000000000e+01,1.200000000000000000e+01
9.584000028573792918e+01,1.700000000000000000e+01,1.200000000000000000e+01
9.585000028576774866e+01,1.700000000000000000e+01,1.300000000000000000e+01
9.586000028579755394e+01,1.600000000000000000e+01,1.200000000000000000e+01
9.587000028582737343e+01,1.700000000000000000e+01,1.200000000000000000e+01
9.588000028585717871e+01,1.400000000000000000e+01,9.000000000000000000e+00
9.589000028588699820e+01,1.600000000000000000e+01,1.300000000000000000e+01
9.590000028591681769e+01,1.600000000000000000e+01,1.200000000000000000e+01
9.591000028594662297e+01,1.400000000000000000e+01,1.000000000000000000e+01
9.592000028597644246e+01,1.300000000000000000e+01,9.000000000000000000e+00
9.593000028600626194e+01,1.600000000000000000e+01,1.200000000000000000e+01
9.594000028603606722e+01,1.300000000000000000e+01,1.000000000000000000e+01
9.595000028606588671e+01,1.400000000000000000e+01,8.000000000000000000e+00
9.596000028609569199e+01,1.500000000000000000e+01,9.000000000000000000e+00
9.597000028612551148e+01,1.300000000000000000e+01,1.000000000000000000e+01
9.598000028615533097e+01,1.400000000000000000e+01,1.000000000000000000e+01
9.599000028618513625e+01,1.500000000000000000e+01,1.100000000000000000e+01
9.600000028621495574e+01,1.500000000000000000e+01,1.000000000000000000e+01
9.601000028624476101e+01,1.200000000000000000e+01,8.000000000000000000e+00
9.602000028627458050e+01,1.500000000000000000e+01,1.100000000000000000e+01
9.603000028630439999e+01,1.500000000000000000e+01,1.100000000000000000e+01
9.604000028633420527e+01,1.600000000000000000e+01,1.200000000000000000e+01
9.605000028636402476e+01,1.600000000000000000e+01,1.200000000000000000e+01
9.606000028639384425e+01,1.300000000000000000e+01,1.000000000000000000e+01
9.607000028642364953e+01,1.500000000000000000e+01,1.000000000000000000e+01
9.608000028645346902e+01,1.300000000000000000e+01,9.000000000000000000e+00
9.609000028648327429e+01,1.500000000000000000e+01,8.000000000000000000e+00
9.610000028651309378e+01,1.500000000000000000e+01,1.000000000000000000e+01
9.611000028654291327e+01,1.400000000000000000e+01,6.000000000000000000e+00
9.612000028657271855e+01,1.500000000000000000e+01,1.000000000000000000e+01
9.613000028660253804e+01,1.500000000000000000e+01,9.000000000000000000e+00
9.614000028663235753e+01,1.400000000000000000e+01,7.000000000000000000e+00
9.615000028666216281e+01,1.500000000000000000e+01,1.100000000000000000e+01
9.616000028669198230e+01,1.500000000000000000e+01,8.000000000000000000e+00
9.617000028672178757e+01,1.500000000000000000e+01,9.000000000000000000e+00
9.618000028675160706e+01,1.600000000000000000e+01,1.500000000000000000e+01
9.619000028678142655e+01,1.400000000000000000e+01,9.000000000000000000e+00
9.620000028681123183e+01,1.400000000000000000e+01,9.000000000000000000e+00
9.621000028684105132e+01,1.600000000000000000e+01,1.600000000000000000e+01
9.622000028687085660e+01,1.500000000000000000e+01,9.000000000000000000e+00
9.623000028690067609e+01,1.400000000000000000e+01,9.000000000000000000e+00
9.624000028693049558e+01,1.700000000000000000e+01,1.000000000000000000e+01
9.625000028696030085e+01,1.300000000000000000e+01,9.000000000000000000e+00
9.626000028699012034e+01,1.500000000000000000e+01,1.100000000000000000e+01
9.627000028701993983e+01,1.500000000000000000e+01,1.100000000000000000e+01
9.628000028704974511e+01,1.300000000000000000e+01,7.000000000000000000e+00
9.629000028707956460e+01,1.400000000000000000e+01,9.000000000000000000e+00
9.630000028710936988e+01,1.600000000000000000e+01,1.500000000000000000e+01
9.631000028713918937e+01,1.600000000000000000e+01,1.300000000000000000e+01
9.632000028716900886e+01,1.700000000000000000e+01,1.100000000000000000e+01
9.633000028719881414e+01,1.400000000000000000e+01,1.100000000000000000e+01
9.634000028722863362e+01,1.700000000000000000e+01,1.400000000000000000e+01
9.635000028725843890e+01,1.600000000000000000e+01,1.500000000000000000e+01
9.636000028728825839e+01,1.500000000000000000e+01,1.100000000000000000e+01
9.637000028731807788e+01,1.600000000000000000e+01,1.300000000000000000e+01
9.638000028734788316e+01,1.500000000000000000e+01,1.100000000000000000e+01
9.639000028737770265e+01,1.300000000000000000e+01,1.000000000000000000e+01
9.640000028740752214e+01,1.600000000000000000e+01,1.300000000000000000e+01
9.641000028743732742e+01,1.600000000000000000e+01,1.100000000000000000e+01
9.642000028746714690e+01,1.700000000000000000e+01,1.400000000000000000e+01
9.643000028749695218e+01,1.800000000000000000e+01,1.400000000000000000e+01
9.644000028752677167e+01,1.700000000000000000e+01,1.500000000000000000e+01
9.645000028755659116e+01,1.900000000000000000e+01,1.600000000000000000e+01
9.646000028758639644e+01,1.600000000000000000e+01,1.000000000000000000e+01
9.647000028761621593e+01,1.700000000000000000e+01,1.300000000000000000e+01
9.648000028764603542e+01,1.700000000000000000e+01,1.300000000000000000e+01
9.649000028767584070e+01,1.600000000000000000e+01,1.100000000000000000e+01
9.650000028770566018e+01,1.800000000000000000e+01,1.600000000000000000e+01
9.651000028773546546e+01,1.700000000000000000e+01,1.400000000000000000e+01
9.652000028776528495e+01,1.700000000000000000e+01,1.300000000000000000e+01
9.653000028779510444e+01,1.600000000000000000e+01,1.000000000000000000e+01
9.654000028782490972e+01,1.600000000000000000e+01,1.000000000000000000e+01
9.655000028785472921e+01,1.500000000000000000e+01,1.100000000000000000e+01
9.656000028788453449e+01,1.600000000000000000e+01,1.200000000000000000e+01
9.657000028791435398e+01,1.800000000000000000e+01,1.600000000000000000e+01
9.658000028794417346e+01,1.700000000000000000e+01,1.100000000000000000e+01
9.659000028797397874e+01,1.500000000000000000e+01,1.000000000000000000e+01
9.660000028800379823e+01,1.500000000000000000e+01,1.200000000000000000e+01
9.661000028803361772e+01,1.600000000000000000e+01,1.100000000000000000e+01
9.662000028806342300e+01,1.300000000000000000e+01,1.000000000000000000e+01
9.663000028809324249e+01,1.500000000000000000e+01,9.000000000000000000e+00
9.664000028812304777e+01,1.400000000000000000e+01,8.000000000000000000e+00
9.665000028815286726e+01,1.800000000000000000e+01,1.600000000000000000e+01
9.666000028818268675e+01,1.500000000000000000e+01,1.100000000000000000e+01
9.667000028821249202e+01,1.700000000000000000e+01,1.400000000000000000e+01
9.668000028824231151e+01,1.500000000000000000e+01,9.000000000000000000e+00
9.669000028827211679e+01,1.800000000000000000e+01,1.100000000000000000e+01
9.670000028830193628e+01,1.800000000000000000e+01,1.600000000000000000e+01
9.671000028833175577e+01,1.800000000000000000e+01,9.000000000000000000e+00
9.672000028836156105e+01,1.800000000000000000e+01,1.300000000000000000e+01
9.673000028839138054e+01,1.900000000000000000e+01,1.800000000000000000e+01
9.674000028842120003e+01,1.800000000000000000e+01,1.800000000000000000e+01
9.675000028845100530e+01,1.700000000000000000e+01,1.200000000000000000e+01
9.676000028848082479e+01,1.700000000000000000e+01,1.300000000000000000e+01
9.677000028851063007e+01,1.500000000000000000e+01,1.000000000000000000e+01
9.678000028854044956e+01,2.000000000000000000e+01,2.000000000000000000e+01
9.679000028857026905e+01,1.300000000000000000e+01,8.000000000000000000e+00
9.680000028860007433e+01,1.600000000000000000e+01,1.100000000000000000e+01
9.681000028862989382e+01,1.900000000000000000e+01,1.500000000000000000e+01
9.682000028865971331e+01,1.500000000000000000e+01,1.000000000000000000e+01
9.683000028868951858e+01,1.700000000000000000e+01,1.200000000000000000e+01
9.684000028871933807e+01,1.700000000000000000e+01,9.000000000000000000e+00
9.685000028874914335e+01,1.500000000000000000e+01,1.000000000000000000e+01
9.686000028877896284e+01,1.700000000000000000e+01,8.000000000000000000e+00
9.687000028880878233e+01,1.500000000000000000e+01,8.000000000000000000e+00
9.688000028883858761e+01,1.300000000000000000e+01,7.000000000000000000e+00
9.689000028886840710e+01,1.500000000000000000e+01,9.000000000000000000e+00
9.690000028889821237e+01,1.700000000000000000e+01,1.300000000000000000e+01
9.691000028892803186e+01,1.300000000000000000e+01,6.000000000000000000e+00
9.692000028895785135e+01,1.600000000000000000e+01,8.000000000000000000e+00
9.693000028898765663e+01,1.500000000000000000e+01,9.000000000000000000e+00
9.694000028901747612e+01,1.400000000000000000e+01,1.000000000000000000e+01
9.695000028904729561e+01,1.700000000000000000e+01,1.100000000000000000e+01
9.696000028907710089e+01,1.200000000000000000e+01,6.000000000000000000e+00
9.697000028910692038e+01,1.200000000000000000e+01,9.000000000000000000e+00
9.698000028913672566e+01,1.600000000000000000e+01,1.000000000000000000e+01
9.699000028916654514e+01,1.700000000000000000e+01,1.400000000000000000e+01
9.700000028919636463e+01,1.600000000000000000e+01,1.300000000000000000e+01
9.701000028922616991e+01,1.500000000000000000e+01,1.100000000000000000e+01
9.702000028925598940e+01,1.500000000000000000e+01,1.300000000000000000e+01
9.703000028928579468e+01,1.500000000000000000e+01,1.100000000000000000e+01
9.704000028931561417e+01,1.400000000000000000e+01,1.100000000000000000e+01
9.705000028934543366e+01,1.500000000000000000e+01,9.000000000000000000e+00
9.706000028937523894e+01,1.800000000000000000e+01,1.500000000000000000e+01
9.707000028940505842e+01,1.600000000000000000e+01,1.000000000000000000e+01
9.708000028943487791e+01,1.400000000000000000e+01,1.100000000000000000e+01
9.709000028946468319e+01,1.500000000000000000e+01,1.000000000000000000e+01
9.710000028949450268e+01,1.500000000000000000e+01,9.000000000000000000e+00
9.711000028952430796e+01,1.500000000000000000e+01,1.000000000000000000e+01
9.712000028955412745e+01,1.400000000000000000e+01,9.000000000000000000e+00
9.713000028958394694e+01,1.700000000000000000e+01,1.600000000000000000e+01
9.714000028961375222e+01,1.600000000000000000e+01,1.200000000000000000e+01
9.715000028964357170e+01,1.600000000000000000e+01,1.000000000000000000e+01
9.716000028967339119e+01,1.500000000000000000e+01,1.000000000000000000e+01
9.717000028970319647e+01,1.600000000000000000e+01,9.000000000000000000e+00
9.718000028973301596e+01,1.700000000000000000e+01,1.300000000000000000e+01
9.719000028976282124e+01,1.500000000000000000e+01,1.100000000000000000e+01
9.720000028979264073e+01,1.600000000000000000e+01,9.000000000000000000e+00
9.721000028982246022e+01,1.600000000000000000e+01,1.300000000000000000e+01
9.722000028985226550e+01,1.600000000000000000e+01,1.500000000000000000e+01
9.723000028988208499e+01,1.400000000000000000e+01,1.200000000000000000e+01
9.724000028991189026e+01,1.400000000000000000e+01,9.000000000000000000e+00
9.725000028994170975e+01,1.400000000000000000e+01,8.000000000000000000e+00
9.726000028997152924e+01,1.300000000000000000e+01,1.000000000000000000e+01
9.727000029000133452e+01,1.400000000000000000e+01,1.000000000000000000e+01
9.728000029003115401e+01,1.400000000000000000e+01,1.100000000000000000e+01
9.729000029006097350e+01,1.300000000000000000e+01,9.000000000000000000e+00
9.730000029009077878e+01,1.500000000000000000e+01,1.200000000000000000e+01
9.731000029012059827e+01,1.800000000000000000e+01,1.300000000000000000e+01
9.732000029015040354e+01,1.600000000000000000e+01,1.400000000000000000e+01
9.733000029018022303e+01,1.400000000000000000e+01,1.200000000000000000e+01
9.734000029021004252e+01,1.600000000000000000e+01,1.300000000000000000e+01
9.735000029023984780e+01,1.700000000000000000e+01,1.200000000000000000e+01
9.736000029026966729e+01,1.800000000000000000e+01,1.700000000000000000e+01
9.737000029029947257e+01,1.700000000000000000e+01,1.200000000000000000e+01
9.738000029032929206e+01,1.700000000000000000e+01,9.000000000000000000e+00
9.739000029035911155e+01,1.500000000000000000e+01,1.200000000000000000e+01
9.740000029038891682e+01,1.300000000000000000e+01,9.000000000000000000e+00
9.741000029041873631e+01,1.400000000000000000e+01,9.000000000000000000e+00
9.742000029044855580e+01,1.500000000000000000e+01,1.200000000000000000e+01
9.743000029047836108e+01,1.500000000000000000e+01,1.100000000000000000e+01
9.744000029050818057e+01,1.400000000000000000e+01,1.200000000000000000e+01
9.745000029053798585e+01,1.600000000000000000e+01,9.000000000000000000e+00
9.746000029056780534e+01,1.600000000000000000e+01,1.100000000000000000e+01
9.747000029059762483e+01,1.500000000000000000e+01,1.300000000000000000e+01
9.748000029062743010e+01,1.200000000000000000e+01,8.000000000000000000e+00
9.749000029065724959e+01,1.600000000000000000e+01,1.100000000000000000e+01
9.750000029068706908e+01,1.500000000000000000e+01,9.000000000000000000e+00
9.751000029071687436e+01,1.700000000000000000e+01,1.300000000000000000e+01
9.752000029074669385e+01,1.400000000000000000e+01,9.000000000000000000e+00
9.753000029077649913e+01,1.600000000000000000e+01,1.100000000000000000e+01
9.754000029080631862e+01,1.400000000000000000e+01,1.200000000000000000e+01
9.755000029083613811e+01,1.400000000000000000e+01,1.000000000000000000e+01
9.756000029086594338e+01,1.500000000000000000e+01,9.000000000000000000e+00
9.757000029089576287e+01,1.400000000000000000e+01,9.000000000000000000e+00
9.758000029092556815e+01,1.500000000000000000e+01,1.000000000000000000e+01
9.759000029095538764e+01,1.600000000000000000e+01,1.100000000000000000e+01
9.760000029098520713e+01,1.500000000000000000e+01,1.200000000000000000e+01
9.761000029101501241e+01,1.400000000000000000e+01,8.000000000000000000e+00
9.762000029104483190e+01,1.500000000000000000e+01,8.000000000000000000e+00
9.763000029107465139e+01,1.500000000000000000e+01,1.000000000000000000e+01
9.764000029110445666e+01,1.500000000000000000e+01,1.000000000000000000e+01
9.765000029113427615e+01,1.300000000000000000e+01,1.000000000000000000e+01
9.766000029116408143e+01,1.600000000000000000e+01,9.000000000000000000e+00
9.767000029119390092e+01,1.400000000000000000e+01,7.000000000000000000e+00
9.768000029122372041e+01,1.500000000000000000e+01,9.000000000000000000e+00
9.769000029125352569e+01,1.500000000000000000e+01,1.200000000000000000e+01
9.770000029128334518e+01,1.400000000000000000e+01,1.000000000000000000e+01
9.771000029131316467e+01,1.400000000000000000e+01,9.000000000000000000e+00
9.772000029134296994e+01,1.400000000000000000e+01,1.300000000000000000e+01
9.773000029137278943e+01,1.700000000000000000e+01,1.000000000000000000e+01
9.774000029140259471e+01,1.700000000000000000e+01,1.100000000000000000e+01
9.775000029143241420e+01,1.500000000000000000e+01,1.100000000000000000e+01
9.776000029146223369e+01,1.600000000000000000e+01,1.300000000000000000e+01
9.777000029149203897e+01,1.400000000000000000e+01,8.000000000000000000e+00
9.778000029152185846e+01,1.300000000000000000e+01,8.000000000000000000e+00
9.779000029155166374e+01,1.700000000000000000e+01,1.300000000000000000e+01
9.780000029158148322e+01,1.300000000000000000e+01,9.000000000000000000e+00
9.781000029161130271e+01,1.700000000000000000e+01,1.100000000000000000e+01
9.782000029164110799e+01,1.300000000000000000e+01,8.000000000000000000e+00
9.783000029167092748e+01,1.400000000000000000e+01,1.100000000000000000e+01
9.784000029170074697e+01,1.500000000000000000e+01,9.000000000000000000e+00
9.785000029173055225e+01,1.600000000000000000e+01,1.200000000000000000e+01
9.786000029176037174e+01,1.500000000000000000e+01,1.000000000000000000e+01
9.787000029179017702e+01,1.600000000000000000e+01,1.300000000000000000e+01
9.788000029181999651e+01,1.400000000000000000e+01,9.000000000000000000e+00
9.789000029184981599e+01,1.500000000000000000e+01,1.100000000000000000e+01
9.790000029187962127e+01,1.700000000000000000e+01,1.300000000000000000e+01
9.791000029190944076e+01,1.400000000000000000e+01,1.100000000000000000e+01
9.792000029193924604e+01,1.300000000000000000e+01,9.000000000000000000e+00
9.793000029196906553e+01,1.400000000000000000e+01,1.100000000000000000e+01
9.794000029199888502e+01,1.500000000000000000e+01,9.000000000000000000e+00
9.795000029202869030e+01,1.500000000000000000e+01,8.000000000000000000e+00
9.796000029205850979e+01,1.400000000000000000e+01,1.000000000000000000e+01
9.797000029208832927e+01,1.300000000000000000e+01,1.100000000000000000e+01
9.798000029211813455e+01,1.700000000000000000e+01,1.400000000000000000e+01
9.799000029214795404e+01,1.400000000000000000e+01,9.000000000000000000e+00
9.800000029217775932e+01,1.500000000000000000e+01,1.200000000000000000e+01
9.801000029220757881e+01,1.600000000000000000e+01,1.000000000000000000e+01
9.802000029223739830e+01,2.000000000000000000e+01,1.700000000000000000e+01
9.803000029226720358e+01,1.500000000000000000e+01,1.100000000000000000e+01
9.804000029229702307e+01,1.500000000000000000e+01,1.000000000000000000e+01
9.805000029232684255e+01,1.800000000000000000e+01,1.400000000000000000e+01
9.806000029235664783e+01,1.600000000000000000e+01,1.100000000000000000e+01
9.807000029238646732e+01,1.500000000000000000e+01,1.200000000000000000e+01
9.808000029241627260e+01,1.700000000000000000e+01,1.300000000000000000e+01
9.809000029244609209e+01,1.600000000000000000e+01,1.200000000000000000e+01
9.810000029247591158e+01,1.900000000000000000e+01,1.400000000000000000e+01
9.811000029250571686e+01,1.600000000000000000e+01,1.300000000000000000e+01
9.812000029253553635e+01,1.600000000000000000e+01,1.200000000000000000e+01
9.813000029256534162e+01,1.800000000000000000e+01,1.400000000000000000e+01
9.814000029259516111e+01,1.700000000000000000e+01,1.300000000000000000e+01
9.815000029262498060e+01,1.800000000000000000e+01,1.300000000000000000e+01
9.816000029265478588e+01,1.600000000000000000e+01,1.200000000000000000e+01
9.817000029268460537e+01,2.000000000000000000e+01,1.200000000000000000e+01
9.818000029271442486e+01,1.900000000000000000e+01,1.500000000000000000e+01
9.819000029274423014e+01,1.800000000000000000e+01,1.700000000000000000e+01
9.820000029277404963e+01,1.800000000000000000e+01,1.600000000000000000e+01
9.821000029280385490e+01,1.800000000000000000e+01,1.400000000000000000e+01
9.822000029283367439e+01,1.700000000000000000e+01,1.400000000000000000e+01
9.823000029286349388e+01,1.500000000000000000e+01,1.200000000000000000e+01
9.824000029289329916e+01,1.500000000000000000e+01,1.100000000000000000e+01
9.825000029292311865e+01,1.800000000000000000e+01,1.400000000000000000e+01
9.826000029295292393e+01,1.600000000000000000e+01,1.100000000000000000e+01
9.827000029298274342e+01,1.700000000000000000e+01,1.200000000000000000e+01
9.828000029301256291e+01,1.700000000000000000e+01,1.100000000000000000e+01
9.829000029304236818e+01,1.600000000000000000e+01,1.500000000000000000e+01
9.830000029307218767e+01,1.600000000000000000e+01,1.200000000000000000e+01
9.831000029310200716e+01,1.800000000000000000e+01,1.300000000000000000e+01
9.832000029313181244e+01,1.700000000000000000e+01,1.100000000000000000e+01
9.833000029316163193e+01,1.400000000000000000e+01,1.200000000000000000e+01
9.834000029319143721e+01,1.800000000000000000e+01,1.100000000000000000e+01
9.835000029322125670e+01,1.600000000000000000e+01,8.000000000000000000e+00
9.836000029325107619e+01,1.800000000000000000e+01,1.300000000000000000e+01
9.837000029328088146e+01,1.900000000000000000e+01,1.600000000000000000e+01
9.838000029331070095e+01,1.800000000000000000e+01,1.200000000000000000e+01
9.839000029334052044e+01,1.700000000000000000e+01,1.400000000000000000e+01
9.840000029337032572e+01,1.900000000000000000e+01,1.400000000000000000e+01
9.841000029340014521e+01,1.500000000000000000e+01,1.000000000000000000e+01
9.842000029342995049e+01,1.500000000000000000e+01,1.100000000000000000e+01
9.843000029345976998e+01,1.400000000000000000e+01,1.000000000000000000e+01
9.844000029348958947e+01,1.500000000000000000e+01,9.000000000000000000e+00
9.845000029351939475e+01,1.700000000000000000e+01,1.300000000000000000e+01
9.846000029354921423e+01,1.500000000000000000e+01,1.100000000000000000e+01
9.847000029357901951e+01,1.600000000000000000e+01,1.200000000000000000e+01
9.848000029360883900e+01,2.100000000000000000e+01,1.400000000000000000e+01
9.849000029363865849e+01,2.100000000000000000e+01,1.900000000000000000e+01
9.850000029366846377e+01,1.700000000000000000e+01,1.500000000000000000e+01
9.851000029369828326e+01,1.800000000000000000e+01,1.300000000000000000e+01
9.852000029372810275e+01,1.900000000000000000e+01,1.500000000000000000e+01
9.853000029375790803e+01,2.100000000000000000e+01,1.900000000000000000e+01
9.854000029378772751e+01,2.200000000000000000e+01,1.900000000000000000e+01
9.855000029381753279e+01,2.200000000000000000e+01,2.100000000000000000e+01
9.856000029384735228e+01,2.200000000000000000e+01,1.900000000000000000e+01
9.857000029387717177e+01,2.200000000000000000e+01,2.000000000000000000e+01
9.858000029390697705e+01,2.200000000000000000e+01,1.900000000000000000e+01
9.859000029393679654e+01,2.200000000000000000e+01,2.300000000000000000e+01
9.860000029396660182e+01,1.800000000000000000e+01,1.400000000000000000e+01
9.861000029399642131e+01,2.200000000000000000e+01,1.800000000000000000e+01
9.862000029402624079e+01,1.900000000000000000e+01,1.500000000000000000e+01
9.863000029405604607e+01,2.100000000000000000e+01,2.000000000000000000e+01
9.864000029408586556e+01,2.100000000000000000e+01,1.600000000000000000e+01
9.865000029411568505e+01,1.800000000000000000e+01,1.600000000000000000e+01
9.866000029414549033e+01,2.100000000000000000e+01,2.200000000000000000e+01
9.867000029417530982e+01,2.100000000000000000e+01,1.700000000000000000e+01
9.868000029420511510e+01,1.700000000000000000e+01,1.100000000000000000e+01
9.869000029423493459e+01,1.800000000000000000e+01,1.200000000000000000e+01
9.870000029426475407e+01,2.100000000000000000e+01,1.500000000000000000e+01
9.871000029429455935e+01,2.200000000000000000e+01,1.600000000000000000e+01
9.872000029432437884e+01,2.000000000000000000e+01,1.400000000000000000e+01
9.873000029435419833e+01,2.000000000000000000e+01,1.400000000000000000e+01
9.874000029438400361e+01,2.000000000000000000e+01,1.400000000000000000e+01
9.875000029441382310e+01,1.900000000000000000e+01,1.400000000000000000e+01
9.876000029444362838e+01,1.900000000000000000e+01,1.600000000000000000e+01
9.877000029447344787e+01,2.200000000000000000e+01,1.400000000000000000e+01
9.878000029450326736e+01,2.300000000000000000e+01,2.100000000000000000e+01
9.879000029453307263e+01,1.800000000000000000e+01,1.400000000000000000e+01
9.880000029456289212e+01,1.800000000000000000e+01,1.700000000000000000e+01
9.881000029459269740e+01,2.000000000000000000e+01,1.500000000000000000e+01
9.882000029462251689e+01,2.100000000000000000e+01,1.500000000000000000e+01
9.883000029465233638e+01,1.900000000000000000e+01,1.300000000000000000e+01
9.884000029468214166e+01,1.800000000000000000e+01,1.300000000000000000e+01
9.885000029471196115e+01,2.000000000000000000e+01,1.600000000000000000e+01
9.886000029474178064e+01,2.200000000000000000e+01,1.600000000000000000e+01
9.887000029477158591e+01,1.900000000000000000e+01,1.400000000000000000e+01
9.888000029480140540e+01,2.100000000000000000e+01,1.900000000000000000e+01
9.889000029483121068e+01,2.100000000000000000e+01,1.500000000000000000e+01
9.890000029486103017e+01,2.400000000000000000e+01,1.900000000000000000e+01
9.891000029489084966e+01,2.000000000000000000e+01,1.600000000000000000e+01
9.892000029492065494e+01,2.100000000000000000e+01,1.600000000000000000e+01
9.893000029495047443e+01,2.200000000000000000e+01,1.900000000000000000e+01
9.894000029498027970e+01,2.300000000000000000e+01,1.900000000000000000e+01
9.895000029501009919e+01,2.200000000000000000e+01,1.400000000000000000e+01
9.896000029503991868e+01,1.900000000000000000e+01,1.600000000000000000e+01
9.897000029506972396e+01,2.200000000000000000e+01,1.600000000000000000e+01
9.898000029509954345e+01,2.000000000000000000e+01,1.300000000000000000e+01
9.899000029512936294e+01,1.800000000000000000e+01,1.200000000000000000e+01
9.900000029515916822e+01,2.000000000000000000e+01,1.800000000000000000e+01
9.901000029518898771e+01,1.900000000000000000e+01,1.700000000000000000e+01
9.902000029521879298e+01,1.800000000000000000e+01,1.300000000000000000e+01
9.903000029524861247e+01,2.200000000000000000e+01,1.700000000000000000e+01
9.904000029527843196e+01,1.900000000000000000e+01,1.300000000000000000e+01
9.905000029530823724e+01,2.200000000000000000e+01,1.800000000000000000e+01
9.906000029533805673e+01,1.900000000000000000e+01,1.300000000000000000e+01
9.907000029536787622e+01,2.200000000000000000e+01,1.700000000000000000e+01
9.908000029539768150e+01,1.900000000000000000e+01,1.600000000000000000e+01
9.909000029542750099e+01,1.800000000000000000e+01,1.500000000000000000e+01
9.910000029545730627e+01,1.800000000000000000e+01,1.400000000000000000e+01
9.911000029548712575e+01,1.900000000000000000e+01,1.400000000000000000e+01
9.912000029551694524e+01,1.900000000000000000e+01,1.600000000000000000e+01
9.913000029554675052e+01,1.800000000000000000e+01,1.400000000000000000e+01
9.914000029557657001e+01,2.100000000000000000e+01,1.900000000000000000e+01
9.915000029560637529e+01,2.200000000000000000e+01,2.300000000000000000e+01
9.916000029563619478e+01,1.900000000000000000e+01,1.700000000000000000e+01
9.917000029566601427e+01,1.900000000000000000e+01,1.400000000000000000e+01
9.918000029569581955e+01,2.200000000000000000e+01,2.100000000000000000e+01
9.919000029572563903e+01,2.100000000000000000e+01,1.800000000000000000e+01
9.920000029575545852e+01,2.000000000000000000e+01,1.600000000000000000e+01
9.921000029578526380e+01,1.700000000000000000e+01,1.300000000000000000e+01
9.922000029581508329e+01,1.600000000000000000e+01,1.100000000000000000e+01
9.923000029584488857e+01,1.700000000000000000e+01,1.400000000000000000e+01
9.924000029587470806e+01,2.000000000000000000e+01,1.800000000000000000e+01
9.925000029590452755e+01,1.700000000000000000e+01,1.200000000000000000e+01
9.926000029593433283e+01,1.700000000000000000e+01,1.200000000000000000e+01
9.927000029596415231e+01,1.700000000000000000e+01,1.200000000000000000e+01
9.928000029599395759e+01,1.600000000000000000e+01,1.100000000000000000e+01
9.929000029602377708e+01,2.000000000000000000e+01,1.600000000000000000e+01
9.930000029605359657e+01,1.900000000000000000e+01,1.100000000000000000e+01
9.931000029608340185e+01,1.900000000000000000e+01,1.700000000000000000e+01
9.932000029611322134e+01,1.900000000000000000e+01,1.200000000000000000e+01
9.933000029614304083e+01,1.700000000000000000e+01,9.000000000000000000e+00
9.934000029617284611e+01,1.700000000000000000e+01,1.300000000000000000e+01
9.935000029620266560e+01,1.700000000000000000e+01,1.200000000000000000e+01
9.936000029623247087e+01,1.800000000000000000e+01,1.700000000000000000e+01
9.937000029626229036e+01,1.500000000000000000e+01,1.000000000000000000e+01
9.938000029629210985e+01,1.800000000000000000e+01,1.200000000000000000e+01
9.939000029632191513e+01,1.600000000000000000e+01,1.100000000000000000e+01
9.940000029635173462e+01,1.900000000000000000e+01,1.200000000000000000e+01
9.941000029638155411e+01,2.000000000000000000e+01,1.600000000000000000e+01
9.942000029641135939e+01,2.000000000000000000e+01,1.400000000000000000e+01
9.943000029644117888e+01,1.800000000000000000e+01,1.000000000000000000e+01
9.944000029647098415e+01,1.800000000000000000e+01,1.200000000000000000e+01
9.945000029650080364e+01,1.800000000000000000e+01,1.400000000000000000e+01
9.946000029653062313e+01,1.800000000000000000e+01,1.100000000000000000e+01
9.947000029656042841e+01,1.500000000000000000e+01,1.000000000000000000e+01
9.948000029659024790e+01,1.700000000000000000e+01,1.400000000000000000e+01
9.949000029662005318e+01,1.900000000000000000e+01,1.300000000000000000e+01
9.950000029664987267e+01,1.900000000000000000e+01,1.400000000000000000e+01
9.951000029667969216e+01,1.900000000000000000e+01,1.100000000000000000e+01
9.952000029670949743e+01,1.700000000000000000e+01,1.400000000000000000e+01
9.953000029673931692e+01,1.800000000000000000e+01,1.200000000000000000e+01
9.954000029676913641e+01,1.900000000000000000e+01,1.500000000000000000e+01
9.955000029679894169e+01,2.000000000000000000e+01,1.500000000000000000e+01
9.956000029682876118e+01,1.900000000000000000e+01,1.400000000000000000e+01
9.957000029685856646e+01,2.000000000000000000e+01,1.700000000000000000e+01
9.958000029688838595e+01,1.800000000000000000e+01,1.300000000000000000e+01
9.959000029691820544e+01,1.800000000000000000e+01,1.000000000000000000e+01
9.960000029694801071e+01,1.500000000000000000e+01,1.000000000000000000e+01
9.961000029697783020e+01,1.800000000000000000e+01,1.100000000000000000e+01
9.962000029700764969e+01,1.900000000000000000e+01,1.200000000000000000e+01
9.963000029703745497e+01,1.500000000000000000e+01,1.100000000000000000e+01
9.964000029706727446e+01,1.900000000000000000e+01,1.500000000000000000e+01
9.965000029709707974e+01,1.600000000000000000e+01,1.000000000000000000e+01
9.966000029712689923e+01,1.800000000000000000e+01,1.200000000000000000e+01
9.967000029715671872e+01,2.000000000000000000e+01,1.200000000000000000e+01
9.968000029718652399e+01,1.500000000000000000e+01,1.100000000000000000e+01
9.969000029721634348e+01,1.800000000000000000e+01,1.100000000000000000e+01
9.970000029724614876e+01,1.700000000000000000e+01,1.300000000000000000e+01
9.971000029727596825e+01,1.700000000000000000e+01,1.000000000000000000e+01
9.972000029730578774e+01,1.600000000000000000e+01,1.400000000000000000e+01
9.973000029733559302e+01,1.600000000000000000e+01,1.100000000000000000e+01
9.974000029736541251e+01,1.900000000000000000e+01,1.500000000000000000e+01
9.975000029739523200e+01,1.600000000000000000e+01,1.200000000000000000e+01
9.976000029742503727e+01,1.800000000000000000e+01,1.400000000000000000e+01
9.977000029745485676e+01,1.700000000000000000e+01,1.200000000000000000e+01
9.978000029748466204e+01,1.700000000000000000e+01,1.300000000000000000e+01
9.979000029751448153e+01,1.600000000000000000e+01,1.200000000000000000e+01
9.980000029754430102e+01,1.900000000000000000e+01,1.300000000000000000e+01
9.981000029757410630e+01,1.800000000000000000e+01,9.000000000000000000e+00
9.982000029760392579e+01,1.700000000000000000e+01,1.500000000000000000e+01
9.983000029763373107e+01,1.600000000000000000e+01,1.300000000000000000e+01
9.984000029766355055e+01,1.800000000000000000e+01,1.600000000000000000e+01
9.985000029769337004e+01,1.700000000000000000e+01,1.300000000000000000e+01
9.986000029772317532e+01,1.500000000000000000e+01,1.100000000000000000e+01
9.987000029775299481e+01,1.700000000000000000e+01,1.100000000000000000e+01
9.988000029778281430e+01,1.700000000000000000e+01,1.000000000000000000e+01
9.989000029781261958e+01,1.600000000000000000e+01,9.000000000000000000e+00
9.990000029784243907e+01,1.600000000000000000e+01,1.100000000000000000e+01
9.991000029787224435e+01,1.800000000000000000e+01,1.500000000000000000e+01
9.992000029790206383e+01,1.800000000000000000e+01,1.600000000000000000e+01
9.993000029793188332e+01,1.600000000000000000e+01,1.000000000000000000e+01
9.994000029796168860e+01,1.500000000000000000e+01,1.100000000000000000e+01
9.995000029799150809e+01,1.700000000000000000e+01,1.200000000000000000e+01
9.996000029802132758e+01,1.500000000000000000e+01,7.000000000000000000e+00
9.997000029805113286e+01,1.500000000000000000e+01,1.000000000000000000e+01
9.998000029808095235e+01,2.000000000000000000e+01,1.400000000000000000e+01
9.999000029811075763e+01,1.600000000000000000e+01,8.000000000000000000e+00
