time_ns,rmsd_A
0.000000000000000000e+00,3.833915005719040288e-07
1.000000002981405768e-02,5.404231546253371876e-01
2.000000005962811536e-02,6.151673306795554241e-01
3.000000008944217131e-02,7.054842166879791154e-01
4.000000011925623072e-02,7.390527742313502957e-01
5.000000014907028667e-02,7.133815073244409444e-01
6.000000017888434262e-02,7.325857274641640604e-01
7.000000020869839856e-02,6.535120529748109641e-01
8.000000023851246145e-02,7.399551722190558234e-01
9.000000026832651046e-02,6.845178575864675485e-01
1.000000002981405733e-01,6.665239229977668600e-01
1.100000003279546223e-01,6.853651148609974930e-01
1.200000003577686852e-01,7.167530827953523254e-01
1.300000003875827204e-01,7.928512851032160080e-01
1.400000004173967971e-01,8.656377026285123621e-01
1.500000004472108461e-01,8.275031615131276386e-01
1.600000004770249229e-01,7.520468256937445917e-01
1.700000005068389719e-01,6.716883331927141487e-01
1.800000005366530209e-01,6.754958591394462086e-01
1.900000005664670977e-01,7.157702552517589689e-01
2.000000005962811467e-01,8.417642082975612672e-01
2.100000006260951957e-01,8.382769298067432873e-01
2.200000006559092447e-01,7.862057756431515276e-01
2.300000006857232937e-01,6.769307161214735968e-01
2.400000007155373705e-01,8.206132602102842455e-01
2.500000007453514472e-01,7.832072384478671045e-01
2.600000007751654407e-01,7.803641970299555197e-01
2.700000008049795452e-01,8.282785914140978756e-01
2.800000008347935943e-01,8.475469706289742167e-01
2.900000008646076433e-01,8.788901606237548014e-01
3.000000008944216923e-01,8.106417999682364872e-01
3.100000009242357968e-01,9.287705729225375073e-01
3.200000009540498458e-01,8.510560435707096305e-01
3.300000009838638393e-01,9.155451933067211279e-01
3.400000010136779438e-01,9.803668636482018028e-01
3.500000010434919928e-01,9.411012631405127893e-01
3.600000010733060418e-01,9.596242067263202058e-01
3.700000011031200908e-01,1.037788359164689256e+00
3.800000011329341953e-01,1.057464605605790364e+00
3.900000011627482444e-01,1.003869596914670703e+00
4.000000011925622934e-01,1.035475352243477865e+00
4.100000012223763424e-01,1.105183645681767191e+00
4.200000012521903914e-01,9.290098183256625397e-01
4.300000012820044404e-01,9.215266322058088821e-01
4.400000013118184894e-01,9.644041588516777397e-01
4.500000013416325939e-01,8.227082734740155390e-01
4.600000013714465874e-01,8.951926974000968817e-01
4.700000014012606919e-01,8.212377253999265658e-01
4.800000014310747409e-01,8.596428889271433560e-01
4.900000014608887899e-01,9.191505478073881408e-01
5.000000014907028945e-01,8.754770500183813864e-01
5.100000015205169435e-01,1.032011559958319058e+00
5.200000015503308815e-01,9.084094896630702243e-01
5.300000015801450415e-01,8.687709125412776956e-01
5.400000016099590905e-01,9.662184247691059102e-01
5.500000016397731395e-01,9.306728876401549888e-01
5.600000016695871885e-01,8.714670874862295857e-01
5.700000016994012375e-01,1.021518719757934734e+00
5.800000017292152865e-01,9.686830928470568924e-01
5.900000017590293355e-01,9.267455966593293182e-01
6.000000017888433845e-01,9.629005386943394473e-01
6.100000018186574335e-01,9.448297895118621392e-01
6.200000018484715936e-01,8.918688226830929766e-01
6.300000018782856426e-01,9.300255794145092514e-01
6.400000019080996916e-01,8.684313089584296819e-01
6.500000019379136296e-01,9.920480136173085439e-01
6.600000019677276786e-01,8.787251438108779622e-01
6.700000019975418386e-01,9.731204761830577477e-01
6.800000020273558876e-01,9.062490170675189249e-01
6.900000020571699366e-01,9.676432273182618005e-01
7.000000020869839856e-01,9.445290122173124470e-01
7.100000021167981457e-01,9.901733244156454283e-01
7.200000021466120836e-01,9.226564762430725652e-01
7.300000021764261326e-01,9.234419939876234995e-01
7.400000022062401817e-01,9.176296960043771600e-01
7.500000022360542307e-01,9.516667236547468045e-01
7.600000022658683907e-01,9.323809672297558304e-01
7.700000022956824397e-01,8.663253146761256129e-01
7.800000023254964887e-01,9.394080917056442104e-01
7.900000023553104267e-01,1.038401974490218205e+00
8.000000023851245867e-01,9.181695323011392906e-01
8.100000024149386357e-01,9.557926555142255420e-01
8.200000024447526847e-01,9.512360843448035563e-01
8.300000024745667337e-01,9.852175340716438079e-01
8.400000025043807828e-01,9.318915066812758496e-01
8.500000025341949428e-01,8.606502132427392704e-01
8.600000025640088808e-01,8.635228154935784550e-01
8.700000025938229298e-01,9.183902219660790012e-01
8.800000026236369788e-01,1.030305044082273414e+00
8.900000026534510278e-01,9.011432888721432333e-01
9.000000026832651878e-01,8.384557741278003684e-01
9.100000027130792368e-01,9.998294073119434744e-01
9.200000027428931748e-01,1.001379736553237976e+00
9.300000027727072238e-01,9.151673398668600523e-01
9.400000028025213838e-01,1.031441407161455492e+00
9.500000028323354329e-01,1.108648924208827768e+00
9.600000028621494819e-01,9.722618151363254801e-01
9.700000028919635309e-01,1.052605678683646850e+00
9.800000029217775799e-01,9.638348683406617878e-01
9.900000029515916289e-01,1.057504036754269627e+00
1.000000002981405789e+00,1.143123934368999839e+00
1.010000003011219727e+00,1.104996746842606292e+00
1.020000003041033887e+00,9.337909475777426138e-01
1.030000003070847825e+00,9.706272581837289692e-01
1.040000003100661763e+00,9.832029588347339644e-01
1.050000003130475923e+00,1.011471179372244622e+00
1.060000003160290083e+00,9.975288583401762388e-01
1.070000003190104021e+00,9.099355474115915499e-01
1.080000003219918181e+00,9.061315149068429609e-01
1.090000003249732119e+00,9.227930740414996835e-01
1.100000003279546279e+00,8.941745193348551446e-01
1.110000003309360439e+00,9.617354871615361178e-01
1.120000003339174377e+00,9.686110983769471439e-01
1.130000003368988537e+00,9.101237878340916465e-01
1.140000003398802475e+00,9.762018782484377377e-01
1.150000003428616635e+00,1.011312770479316780e+00
1.160000003458430573e+00,1.033235645337615471e+00
1.170000003488244511e+00,9.213573165551885991e-01
1.180000003518058671e+00,9.457319795569655296e-01
1.190000003547872831e+00,9.229994289773196803e-01
1.200000003577686769e+00,1.047434407155064751e+00
1.210000003607500929e+00,9.108703650609144553e-01
1.220000003637314867e+00,9.591010742828997016e-01
1.230000003667129027e+00,9.734669892077322251e-01
1.240000003696943187e+00,1.007675748853860132e+00
1.250000003726757125e+00,9.653625564394120451e-01
1.260000003756571285e+00,1.039356329795578571e+00
1.270000003786385223e+00,9.285988611250165503e-01
1.280000003816199383e+00,9.368677531897466881e-01
1.290000003846013543e+00,9.583441284109146530e-01
1.300000003875827259e+00,1.004940064630613694e+00
1.310000003905641419e+00,1.036757409814572428e+00
1.320000003935455357e+00,9.885526675417795062e-01
1.330000003965269517e+00,1.013112980332463442e+00
1.340000003995083677e+00,9.831793824705024054e-01
1.350000004024897615e+00,1.074814082425544104e+00
1.360000004054711775e+00,1.054877598687719686e+00
1.370000004084525713e+00,1.053376884879710262e+00
1.380000004114339873e+00,1.016473619568488695e+00
1.390000004144154033e+00,9.925946487625146863e-01
1.400000004173967971e+00,1.000446205337341743e+00
1.410000004203782131e+00,1.039996402278865695e+00
1.420000004233596291e+00,9.346895780865205339e-01
1.430000004263410229e+00,9.501230745233157915e-01
1.440000004293224167e+00,1.031568886126793538e+00
1.450000004323038105e+00,1.010763843465754430e+00
1.460000004352852265e+00,1.092815105862983138e+00
1.470000004382666425e+00,9.818277941958372113e-01
1.480000004412480363e+00,9.850603679594103212e-01
1.490000004442294523e+00,1.071744503789780367e+00
1.500000004472108461e+00,1.027024888996406649e+00
1.510000004501922621e+00,1.083950627287084245e+00
1.520000004531736781e+00,1.128862386572609067e+00
1.530000004561550719e+00,1.065674038815574320e+00
1.540000004591364879e+00,1.132261803706480885e+00
1.550000004621178817e+00,1.221241698381567931e+00
1.560000004650992977e+00,1.272308697965007118e+00
1.570000004680806915e+00,1.083295294156405797e+00
1.580000004710620853e+00,1.180075348810963876e+00
1.590000004740435013e+00,1.153662017406253515e+00
1.600000004770249173e+00,1.108196437141375501e+00
1.610000004800063111e+00,1.181248453726724268e+00
1.620000004829877271e+00,1.219144635125354981e+00
1.630000004859691209e+00,1.104577842898661233e+00
1.640000004889505369e+00,1.137769580660938473e+00
1.650000004919319530e+00,1.036545643694041896e+00
1.660000004949133467e+00,1.033637594099166446e+00
1.670000004978947628e+00,1.034563848916935092e+00
1.680000005008761566e+00,1.118068309863722964e+00
1.690000005038575726e+00,1.038066693903314075e+00
1.700000005068389886e+00,1.025860130714626228e+00
1.710000005098203602e+00,1.007874866425817473e+00
1.720000005128017762e+00,1.113131032452179703e+00
1.730000005157831700e+00,1.002125439388820372e+00
1.740000005187645860e+00,1.012209272369434254e+00
1.750000005217460020e+00,1.126034948508793931e+00
1.760000005247273958e+00,1.046844555496459162e+00
1.770000005277088118e+00,1.149243744441846626e+00
1.780000005306902056e+00,1.003116766225738088e+00
1.790000005336716216e+00,1.039882972682157236e+00
1.800000005366530376e+00,1.076058845147453313e+00
1.810000005396344314e+00,1.043483392463991910e+00
1.820000005426158474e+00,9.793093465139900422e-01
1.830000005455972634e+00,1.096903464474821455e+00
1.840000005485786350e+00,1.053778986859874589e+00
1.850000005515600510e+00,1.101859390755503876e+00
1.860000005545414448e+00,1.116393274960266746e+00
1.870000005575228608e+00,1.136769860554232681e+00
1.880000005605042768e+00,1.021516312028154960e+00
1.890000005634856706e+00,1.083790828002099360e+00
1.900000005664670866e+00,1.046844031444844392e+00
1.910000005694484804e+00,1.024444201095303653e+00
1.920000005724298964e+00,1.137266293223110125e+00
1.930000005754113124e+00,1.220585423357124055e+00
1.940000005783927062e+00,1.040083987369697871e+00
1.950000005813741222e+00,1.067960396466669071e+00
1.960000005843555160e+00,1.067429131243570861e+00
1.970000005873369320e+00,9.966534158258205656e-01
1.980000005903183258e+00,1.049294677847820267e+00
1.990000005932997196e+00,1.120814402023936340e+00
2.000000005962811578e+00,1.056112638061892151e+00
2.010000005992625294e+00,1.160041605028851563e+00
2.020000006022439454e+00,1.127478840101544311e+00
2.030000006052253614e+00,1.109442915116330974e+00
2.040000006082067774e+00,1.178809140449907922e+00
2.050000006111881490e+00,1.125556503666376607e+00
2.060000006141695650e+00,1.083351381222453780e+00
2.070000006171509810e+00,1.098218620003862167e+00
2.080000006201323526e+00,1.187292927014998778e+00
2.090000006231137686e+00,1.075873805755195756e+00
2.100000006260951846e+00,1.059677351847649884e+00
2.110000006290766006e+00,1.066359720337401340e+00
2.120000006320580166e+00,1.198199246927461381e+00
2.130000006350393882e+00,1.084120766772146638e+00
2.140000006380208042e+00,1.116020860309474561e+00
2.150000006410022202e+00,1.049287016288542373e+00
2.160000006439836362e+00,1.135372427376885707e+00
2.170000006469650522e+00,1.001104837105396772e+00
2.180000006499464238e+00,9.918042564533856575e-01
2.190000006529278398e+00,1.034160777839235879e+00
2.200000006559092558e+00,1.027806455138701391e+00
2.210000006588906718e+00,1.030724483235513578e+00
2.220000006618720878e+00,1.063278235764145263e+00
2.230000006648534594e+00,1.075619668160774145e+00
2.240000006678348754e+00,1.074798962649977208e+00
2.250000006708162914e+00,1.037456927514645910e+00
2.260000006737977074e+00,1.051380876768915007e+00
2.270000006767791234e+00,1.116997611447409167e+00
2.280000006797604950e+00,9.893880089132407463e-01
2.290000006827419110e+00,9.622663954196595260e-01
2.300000006857233270e+00,1.001381805360771038e+00
2.310000006887047430e+00,1.081235767917140933e+00
2.320000006916861146e+00,1.115478117553705628e+00
2.330000006946674862e+00,1.115535815216334603e+00
2.340000006976489022e+00,1.095247805944373098e+00
2.350000007006303182e+00,1.119636765169840897e+00
2.360000007036117342e+00,9.321842327032585640e-01
2.370000007065931502e+00,1.120022091587561608e+00
2.380000007095745662e+00,1.051868859974488979e+00
2.390000007125559378e+00,1.064929284316190827e+00
2.400000007155373538e+00,1.153662582250588597e+00
2.410000007185187698e+00,1.010481120064749216e+00
2.420000007215001858e+00,1.024110846287645149e+00
2.430000007244816018e+00,1.043744785956611576e+00
2.440000007274629734e+00,1.067847093711709272e+00
2.450000007304443894e+00,9.811557619781837714e-01
2.460000007334258054e+00,1.149329046039245572e+00
2.470000007364072214e+00,1.075640909273513079e+00
2.480000007393886374e+00,1.024419012831681686e+00
2.490000007423700090e+00,1.122466225814256369e+00
2.500000007453514250e+00,1.072204264838019894e+00
2.510000007483328410e+00,1.024471992140776555e+00
2.520000007513142570e+00,9.886398786898924484e-01
2.530000007542956730e+00,1.075982604516402041e+00
2.540000007572770446e+00,9.870131585966896992e-01
2.550000007602584606e+00,9.746299671249013530e-01
2.560000007632398766e+00,1.038713371525619378e+00
2.570000007662212926e+00,9.691050742054202471e-01
2.580000007692027086e+00,9.495812109661516676e-01
2.590000007721840358e+00,9.858826055903294749e-01
2.600000007751654518e+00,1.080070756260356868e+00
2.610000007781468678e+00,1.065839885709116697e+00
2.620000007811282838e+00,9.833014662661753169e-01
2.630000007841096998e+00,1.061195505499042513e+00
2.640000007870910714e+00,1.039418220070307486e+00
2.650000007900724874e+00,1.102466893651279589e+00
2.660000007930539034e+00,1.057621222488630552e+00
2.670000007960353194e+00,1.115312128979483841e+00
2.680000007990167354e+00,1.013806024433874686e+00
2.690000008019981070e+00,1.170805935042768642e+00
2.700000008049795230e+00,1.080983328266823085e+00
2.710000008079609390e+00,1.110690097061707737e+00
2.720000008109423550e+00,1.121352256632480060e+00
2.730000008139237710e+00,1.117513982505089487e+00
2.740000008169051426e+00,1.193124054414099522e+00
2.750000008198865586e+00,1.219700059651205315e+00
2.760000008228679746e+00,1.037573399110197414e+00
2.770000008258493907e+00,1.154087501267046845e+00
2.780000008288308067e+00,1.111569509891552121e+00
2.790000008318122227e+00,1.022708002228049695e+00
2.800000008347935943e+00,1.091900553719738154e+00
2.810000008377750103e+00,1.085666912840340670e+00
2.820000008407564263e+00,1.127895466795500345e+00
2.830000008437378423e+00,1.147523543187267903e+00
2.840000008467192583e+00,1.160410431796860209e+00
2.850000008497006299e+00,1.127124383262493090e+00
2.860000008526820459e+00,1.335602877899341179e+00
2.870000008556634175e+00,1.265251621971612339e+00
2.880000008586448335e+00,1.203039106077608444e+00
2.890000008616262495e+00,1.167647568017443405e+00
2.900000008646076211e+00,1.216031838570418744e+00
2.910000008675890371e+00,1.198667812773186458e+00
2.920000008705704531e+00,1.198131120751464884e+00
2.930000008735518691e+00,1.161173492124597306e+00
2.940000008765332851e+00,1.173342807519269781e+00
2.950000008795146567e+00,1.171266769811982078e+00
2.960000008824960727e+00,1.151255800135369878e+00
2.970000008854774887e+00,1.192072252795163489e+00
2.980000008884589047e+00,1.131161033792829285e+00
2.990000008914403207e+00,1.211699875691476080e+00
3.000000008944216923e+00,1.127713704160116626e+00
3.010000008974031083e+00,1.103329082653309090e+00
3.020000009003845243e+00,1.126196986153842339e+00
3.030000009033659403e+00,1.091074355634405135e+00
3.040000009063473563e+00,1.067879469386094904e+00
3.050000009093287279e+00,1.150346531607945755e+00
3.060000009123101439e+00,1.091839107493018490e+00
3.070000009152915599e+00,1.186871574044247479e+00
3.080000009182729759e+00,1.120248965506141836e+00
3.090000009212543919e+00,1.130264380008409786e+00
3.100000009242357635e+00,1.132763521416495278e+00
3.110000009272171795e+00,1.116745857336462588e+00
3.120000009301985955e+00,1.099660185633342335e+00
3.130000009331800115e+00,1.234188110461135635e+00
3.140000009361613831e+00,1.027665192585740517e+00
3.150000009391427547e+00,1.106354147262152754e+00
3.160000009421241707e+00,1.048320787552629696e+00
3.170000009451055867e+00,1.049378089692964533e+00
3.180000009480870027e+00,9.822258634635318009e-01
3.190000009510684187e+00,1.047297510394031850e+00
3.200000009540498347e+00,1.095280218817906714e+00
3.210000009570312063e+00,9.623336341240155134e-01
3.220000009600126223e+00,9.973803344813253480e-01
3.230000009629940383e+00,1.100267344631048028e+00
3.240000009659754543e+00,1.092812424151655026e+00
3.250000009689568703e+00,1.233202788151538165e+00
3.260000009719382419e+00,1.119701283098909483e+00
3.270000009749196579e+00,9.769226475333032678e-01
3.280000009779010739e+00,1.086209808992367742e+00
3.290000009808824899e+00,9.729193490621763640e-01
3.300000009838639059e+00,9.577779762465206126e-01
3.310000009868452775e+00,9.359415148499765635e-01
3.320000009898266935e+00,9.342766899582256590e-01
3.330000009928081095e+00,9.922157265981158547e-01
3.340000009957895255e+00,9.407903572598143027e-01
3.350000009987709415e+00,1.090815837854925752e+00
3.360000010017523131e+00,9.938381088423815513e-01
3.370000010047337291e+00,1.028581227912288121e+00
3.380000010077151451e+00,1.008792049725352635e+00
3.390000010106965611e+00,9.494592846611099590e-01
3.400000010136779771e+00,1.005270317354140630e+00
3.410000010166593043e+00,1.110028886624185418e+00
3.420000010196407203e+00,9.697424464095433239e-01
3.430000010226221363e+00,1.037491430022343675e+00
3.440000010256035523e+00,1.006105780149338491e+00
3.450000010285849683e+00,1.021781887949212209e+00
3.460000010315663399e+00,9.665324915482734758e-01
3.470000010345477559e+00,1.144478115447369548e+00
3.480000010375291719e+00,9.658295047763169050e-01
3.490000010405105879e+00,8.376546292775849389e-01
3.500000010434920039e+00,8.732907988576247282e-01
3.510000010464733755e+00,9.877018979910615615e-01
3.520000010494547915e+00,9.371366116727747331e-01
3.530000010524362075e+00,9.301075883077638551e-01
3.540000010554176235e+00,9.327458775429844362e-01
3.550000010583990395e+00,9.980356414960890321e-01
3.560000010613804111e+00,9.371942244915216769e-01
3.570000010643618271e+00,8.851225743416611946e-01
3.580000010673432431e+00,8.622465795419779200e-01
3.590000010703246591e+00,9.322109965748379690e-01
3.600000010733060751e+00,9.688685672547947547e-01
3.610000010762874467e+00,1.036744100343048203e+00
3.620000010792688627e+00,1.021685659686837777e+00
3.630000010822502787e+00,1.013377361351379236e+00
3.640000010852316947e+00,1.010584797466917539e+00
3.650000010882131107e+00,1.015406263920031416e+00
3.660000010911945267e+00,1.057399492957749931e+00
3.670000010941758983e+00,1.046416845471676016e+00
3.680000010971572699e+00,1.061322576674384344e+00
3.690000011001386859e+00,1.132100955633789763e+00
3.700000011031201019e+00,1.091098246814885320e+00
3.710000011061015179e+00,1.113288500096992539e+00
3.720000011090828895e+00,1.019228432025512499e+00
3.730000011120643055e+00,1.049922604529629711e+00
3.740000011150457215e+00,1.055641271640141321e+00
3.750000011180271375e+00,1.052029109451428024e+00
3.760000011210085535e+00,1.101444044250303067e+00
3.770000011239899251e+00,1.170004167870046574e+00
3.780000011269713411e+00,1.071690764101771220e+00
3.790000011299527571e+00,1.144500586426103750e+00
3.800000011329341731e+00,1.120898399770174025e+00
3.810000011359155891e+00,1.055677467709622563e+00
3.820000011388969607e+00,1.225989259308066126e+00
3.830000011418783767e+00,1.171368302544326001e+00
3.840000011448597927e+00,1.125366957623485931e+00
3.850000011478412087e+00,1.222417741388669210e+00
3.860000011508226248e+00,1.129827695931025389e+00
3.870000011538039963e+00,1.212215634534052011e+00
3.880000011567854123e+00,1.281407992469296486e+00
3.890000011597668284e+00,1.226078521486387851e+00
3.900000011627482444e+00,1.289660441261235135e+00
3.910000011657296604e+00,1.282296985928921274e+00
3.920000011687110320e+00,1.197857121942814462e+00
3.930000011716924480e+00,1.381797997072607531e+00
3.940000011746738640e+00,1.437200588477817176e+00
3.950000011776552800e+00,1.463933672762797400e+00
3.960000011806366516e+00,1.503559529781098858e+00
3.970000011836180231e+00,1.528230435110164986e+00
3.980000011865994392e+00,1.384437572196555166e+00
3.990000011895808552e+00,1.544471515549459939e+00
4.000000011925623156e+00,1.420100063080005137e+00
4.010000011955437316e+00,1.322366923978681497e+00
4.020000011985250588e+00,1.245179635086937298e+00
4.030000012015064748e+00,1.293282058890210307e+00
4.040000012044878908e+00,1.301279422014219200e+00
4.050000012074693068e+00,1.323857736809542551e+00
4.060000012104507228e+00,1.106014964896313790e+00
4.070000012134321388e+00,1.062960073893808755e+00
4.080000012164135548e+00,1.171700777539208538e+00
4.090000012193948820e+00,1.142983830624131114e+00
4.100000012223762980e+00,1.109429822951266909e+00
4.110000012253577140e+00,1.100344873170281623e+00
4.120000012283391300e+00,1.022001757404747746e+00
4.130000012313205460e+00,1.074702404192908523e+00
4.140000012343019620e+00,1.146946784977388889e+00
4.150000012372832892e+00,1.114483906551969383e+00
4.160000012402647052e+00,1.100476986667365153e+00
4.170000012432461212e+00,1.097783326628431366e+00
4.180000012462275372e+00,1.289131526466324340e+00
4.190000012492089532e+00,1.289897534329446538e+00
4.200000012521903692e+00,1.138934753876660988e+00
4.210000012551717852e+00,1.170924610466521187e+00
4.220000012581532012e+00,1.127689928762627858e+00
4.230000012611346172e+00,1.235648375932245857e+00
4.240000012641160332e+00,1.194280934460242749e+00
4.250000012670973604e+00,1.172619116448502696e+00
4.260000012700787764e+00,1.141282692236686325e+00
4.270000012730601924e+00,1.114698566204398000e+00
4.280000012760416084e+00,1.100710111984624540e+00
4.290000012790230244e+00,1.135051033146826649e+00
4.300000012820044404e+00,1.154532902046197407e+00
4.310000012849858564e+00,8.993203072053145286e-01
4.320000012879672724e+00,9.819026082505503128e-01
4.330000012909486884e+00,9.528014411635592484e-01
4.340000012939301044e+00,9.824975111549592022e-01
4.350000012969115204e+00,1.024309819355491813e+00
4.360000012998928476e+00,9.741618136268769268e-01
4.370000013028742636e+00,1.041830281003367942e+00
4.380000013058556796e+00,9.655312591324370919e-01
4.390000013088370956e+00,1.029878596368062116e+00
4.400000013118185116e+00,1.100842307420578425e+00
4.410000013147999276e+00,9.582232250505161586e-01
4.420000013177813436e+00,1.015814427206173542e+00
4.430000013207627596e+00,1.093499382332302927e+00
4.440000013237441756e+00,1.041715283270111536e+00
4.450000013267255916e+00,9.667523037418918053e-01
4.460000013297069188e+00,1.088519459578835002e+00
4.470000013326883348e+00,9.216046496891465711e-01
4.480000013356697508e+00,1.073844487299949524e+00
4.490000013386511668e+00,1.084772652943593041e+00
4.500000013416325828e+00,1.075796294390757524e+00
4.510000013446139988e+00,1.096933777325618697e+00
4.520000013475954148e+00,1.069759624955787691e+00
4.530000013505768308e+00,1.019475867506314692e+00
4.540000013535582468e+00,1.082084506330951212e+00
4.550000013565396628e+00,1.043597499576437881e+00
4.560000013595209900e+00,1.082771454020101221e+00
4.570000013625024060e+00,1.034673604479527276e+00
4.580000013654838220e+00,1.048663699146724193e+00
4.590000013684652380e+00,8.512197958498324279e-01
4.600000013714466540e+00,9.744251701237893748e-01
4.610000013744280700e+00,9.200999668168600154e-01
4.620000013774094860e+00,9.649402540313641863e-01
4.630000013803909020e+00,1.035964349098976722e+00
4.640000013833722292e+00,1.084927796467973993e+00
4.650000013863536452e+00,9.850893373678839549e-01
4.660000013893349724e+00,1.005521001837824224e+00
4.670000013923163884e+00,9.771414814643712976e-01
4.680000013952978044e+00,9.517858966759270567e-01
4.690000013982792204e+00,9.971440568853977560e-01
4.700000014012606364e+00,9.123262542552311727e-01
4.710000014042420524e+00,9.887819356824224526e-01
4.720000014072234684e+00,9.218982845270806692e-01
4.730000014102048844e+00,9.577728477422093878e-01
4.740000014131863004e+00,9.192088842332655219e-01
4.750000014161677164e+00,9.456854649492235643e-01
4.760000014191491324e+00,9.987143433745460097e-01
4.770000014221304596e+00,9.792035859215740823e-01
4.780000014251118756e+00,9.802166666534414263e-01
4.790000014280932916e+00,1.013542805251479217e+00
4.800000014310747076e+00,1.124225576211206334e+00
4.810000014340561236e+00,1.082694913397246994e+00
4.820000014370375396e+00,1.114430729307135826e+00
4.830000014400189556e+00,1.179895769348545898e+00
4.840000014430003716e+00,1.236445849942644282e+00
4.850000014459817876e+00,1.012040403514277154e+00
4.860000014489632036e+00,1.099278079666527130e+00
4.870000014519445308e+00,1.131245024762422835e+00
4.880000014549259468e+00,1.095027053650502458e+00
4.890000014579073628e+00,1.101516034977502834e+00
4.900000014608887788e+00,1.079389167742657918e+00
4.910000014638701948e+00,1.151819384513445232e+00
4.920000014668516108e+00,1.006792293024883822e+00
4.930000014698330268e+00,1.080527854653407394e+00
4.940000014728144428e+00,1.147226723649140467e+00
4.950000014757958589e+00,1.086884336182047495e+00
4.960000014787772749e+00,1.094021383550310533e+00
4.970000014817586020e+00,1.055556887695830559e+00
4.980000014847400180e+00,9.712556322133069076e-01
4.990000014877214340e+00,9.771741393265470643e-01
5.000000014907028500e+00,9.415853116293713132e-01
5.010000014936842661e+00,1.073893687764460481e+00
5.020000014966656821e+00,9.474106150327566978e-01
5.030000014996470981e+00,1.015237699190812526e+00
5.040000015026285141e+00,1.027412978048252601e+00
5.050000015056099301e+00,1.055313459334786153e+00
5.060000015085913461e+00,1.073083337674533011e+00
5.070000015115726733e+00,1.014549734789413238e+00
5.080000015145540893e+00,1.016322985593913319e+00
5.090000015175355053e+00,9.459046000597255421e-01
5.100000015205169213e+00,1.044683702031338646e+00
5.110000015234983373e+00,1.008953752438516815e+00
5.120000015264797533e+00,9.626770129140865828e-01
5.130000015294611693e+00,1.034894034499996840e+00
5.140000015324425853e+00,9.151180962031263411e-01
5.150000015354240013e+00,9.303986693094761229e-01
5.160000015384054173e+00,9.734889865040070589e-01
5.170000015413868333e+00,1.053266923864428328e+00
5.180000015443680716e+00,1.031041932450598164e+00
5.190000015473494877e+00,9.962300827459628083e-01
5.200000015503309037e+00,9.871532809468100966e-01
5.210000015533123197e+00,9.367879945416672793e-01
5.220000015562937357e+00,1.010061377967123919e+00
5.230000015592751517e+00,9.292559941043855298e-01
5.240000015622565677e+00,9.481606642991777800e-01
5.250000015652379837e+00,9.288415163271747099e-01
5.260000015682193997e+00,9.071781030238431631e-01
5.270000015712008157e+00,9.120167552346516437e-01
5.280000015741821429e+00,9.711707016769794976e-01
5.290000015771635589e+00,9.793481447413514562e-01
5.300000015801449749e+00,1.077438529615900364e+00
5.310000015831263909e+00,9.412555040717515142e-01
5.320000015861078069e+00,9.400524762806190537e-01
5.330000015890892229e+00,9.187293579996956838e-01
5.340000015920706389e+00,8.880775156314639762e-01
5.350000015950520549e+00,9.495341566502852881e-01
5.360000015980334709e+00,9.321992264123506455e-01
5.370000016010148869e+00,9.313551278833401836e-01
5.380000016039962141e+00,9.017865630872154981e-01
5.390000016069776301e+00,8.711040317244301834e-01
5.400000016099590461e+00,8.447711953243375316e-01
5.410000016129404621e+00,8.597100726761875977e-01
5.420000016159218781e+00,9.240586270634162380e-01
5.430000016189032941e+00,9.036810613591924612e-01
5.440000016218847101e+00,9.621211982814552588e-01
5.450000016248661261e+00,9.712814363979062060e-01
5.460000016278475421e+00,9.805309706360716415e-01
5.470000016308289581e+00,9.967162995799414560e-01
5.480000016338102853e+00,9.900112669945962951e-01
5.490000016367917013e+00,9.392378193249821816e-01
5.500000016397731173e+00,8.923572703341300372e-01
5.510000016427545333e+00,8.492020267106512588e-01
5.520000016457359493e+00,9.431880020704712653e-01
5.530000016487173653e+00,9.717829777260147406e-01
5.540000016516987813e+00,9.895878360858919587e-01
5.550000016546801973e+00,1.133394399872958980e+00
5.560000016576616133e+00,9.271399158685712516e-01
5.570000016606430293e+00,9.395693976594887697e-01
5.580000016636244453e+00,9.779566803996098123e-01
5.590000016666057725e+00,9.632826546673770585e-01
5.600000016695871885e+00,9.743144869363375982e-01
5.610000016725686045e+00,9.253458428190926011e-01
5.620000016755500205e+00,1.054483571699176725e+00
5.630000016785314365e+00,1.018212763615086169e+00
5.640000016815128525e+00,1.121998859516354585e+00
5.650000016844942685e+00,1.025841115617122101e+00
5.660000016874756845e+00,1.059600631848431007e+00
5.670000016904571005e+00,9.441394786576121634e-01
5.680000016934385165e+00,9.824159412164514826e-01
5.690000016964198437e+00,9.770130566180627030e-01
5.700000016994012597e+00,9.478668286109175334e-01
5.710000017023826757e+00,1.001278984039896791e+00
5.720000017053640917e+00,9.705817359000061817e-01
5.730000017083454189e+00,9.920753186500929077e-01
5.740000017113268349e+00,1.030413836859342513e+00
5.750000017143082509e+00,8.887284437441962393e-01
5.760000017172896669e+00,9.524171777954684170e-01
5.770000017202710829e+00,8.841219448140641424e-01
5.780000017232524989e+00,1.008516249233543105e+00
5.790000017262338261e+00,9.919476897774961444e-01
5.800000017292152421e+00,1.050165515810588923e+00
5.810000017321966581e+00,9.864683140535591699e-01
5.820000017351780741e+00,9.401703750558307870e-01
5.830000017381594901e+00,9.975672642055565253e-01
5.840000017411409061e+00,9.917975842055465341e-01
5.850000017441223221e+00,1.116061444262310465e+00
5.860000017471037381e+00,1.029761807232738580e+00
5.870000017500851541e+00,9.520065679947629089e-01
5.880000017530665701e+00,1.061773949101229020e+00
5.890000017560478973e+00,1.004753049235086904e+00
5.900000017590293133e+00,9.223707325359917775e-01
5.910000017620107293e+00,9.518695772941517808e-01
5.920000017649921453e+00,9.108498731566856410e-01
5.930000017679735613e+00,9.164232231012761076e-01
5.940000017709549773e+00,9.603779542771958555e-01
5.950000017739363933e+00,9.090279482087476604e-01
5.960000017769178093e+00,9.680714085323789408e-01
5.970000017798992253e+00,8.933449055650904969e-01
5.980000017828806413e+00,8.780455755657622374e-01
5.990000017858620573e+00,8.703234937169722629e-01
6.000000017888433845e+00,9.327810523496009587e-01
6.010000017918248005e+00,1.144413891545431161e+00
6.020000017948062165e+00,1.084052083358843399e+00
6.030000017977876325e+00,1.045049624944386579e+00
6.040000018007690485e+00,1.010098502830760747e+00
6.050000018037504645e+00,1.027083992032620241e+00
6.060000018067318805e+00,9.825222779700812925e-01
6.070000018097132966e+00,1.061058026875944194e+00
6.080000018126947126e+00,1.139745363514904852e+00
6.090000018156761286e+00,1.010404355579625824e+00
6.100000018186574557e+00,1.010953046830638691e+00
6.110000018216388717e+00,1.097267671404996481e+00
6.120000018246202877e+00,1.042421072246636937e+00
6.130000018276017038e+00,9.997607378562471947e-01
6.140000018305831198e+00,9.954218122466701457e-01
6.150000018335645358e+00,9.805220785902019065e-01
6.160000018365459518e+00,1.037667834250148413e+00
6.170000018395273678e+00,1.012335166757306615e+00
6.180000018425087838e+00,1.005962053897861086e+00
6.190000018454901998e+00,1.016462156574235109e+00
6.200000018484715270e+00,9.857957502670483541e-01
6.210000018514529430e+00,9.113486253349957211e-01
6.220000018544343590e+00,9.390081318203349348e-01
6.230000018574157750e+00,1.041937686336289248e+00
6.240000018603971910e+00,1.106040221940378210e+00
6.250000018633786070e+00,1.029670661348529581e+00
6.260000018663600230e+00,9.423921802063076614e-01
6.270000018693414390e+00,9.258964890230245715e-01
6.280000018723227662e+00,1.029040154804858442e+00
6.290000018753041822e+00,1.030580335031315853e+00
6.300000018782855093e+00,1.060619194989747660e+00
6.310000018812669254e+00,9.172006131146174246e-01
6.320000018842483414e+00,9.999561049011558289e-01
6.330000018872297574e+00,9.064710918587561839e-01
6.340000018902111734e+00,9.547882406583179105e-01
6.350000018931925894e+00,1.108942516384038735e+00
6.360000018961740054e+00,9.724427521530356611e-01
6.370000018991554214e+00,9.858008791995759301e-01
6.380000019021368374e+00,9.729791057306343971e-01
6.390000019051182534e+00,9.639238535522376417e-01
6.400000019080996694e+00,9.291294349559138244e-01
6.410000019110809966e+00,9.170868073445925805e-01
6.420000019140624126e+00,9.887627121330918589e-01
6.430000019170438286e+00,1.088900403554221130e+00
6.440000019200252446e+00,9.818194151263034408e-01
6.450000019230066606e+00,1.096783991106187628e+00
6.460000019259880766e+00,9.796290761158389371e-01
6.470000019289694926e+00,1.002404382941971095e+00
6.480000019319509086e+00,1.135518341165293599e+00
6.490000019349323246e+00,9.316769577910899436e-01
6.500000019379137406e+00,9.513613339629575227e-01
6.510000019408950678e+00,9.163487384704082084e-01
6.520000019438764838e+00,8.397443089003723271e-01
6.530000019468578998e+00,8.908277423989510169e-01
6.540000019498393158e+00,1.075703066794613250e+00
6.550000019528207318e+00,9.920817790976625972e-01
6.560000019558021478e+00,9.643536054563238702e-01
6.570000019587835638e+00,1.002247899283700727e+00
6.580000019617649798e+00,9.276019716334097387e-01
6.590000019647463958e+00,1.088470579355220069e+00
6.600000019677278118e+00,1.017421732099107468e+00
6.610000019707091390e+00,1.070278044448984778e+00
6.620000019736905550e+00,1.021250898863337753e+00
6.630000019766719710e+00,9.979476404637693809e-01
6.640000019796533870e+00,1.029554180750417380e+00
6.650000019826348030e+00,9.946227174094808277e-01
6.660000019856162190e+00,1.001485103572785640e+00
6.670000019885976350e+00,1.014224977062228250e+00
6.680000019915790510e+00,1.083462717343615767e+00
6.690000019945604670e+00,1.054231149451260841e+00
6.700000019975418830e+00,1.090144328629198300e+00
6.710000020005232102e+00,1.177789211664074243e+00
6.720000020035046262e+00,1.112626618570844439e+00
6.730000020064860422e+00,1.195395225057164001e+00
6.740000020094674582e+00,1.176683815506108566e+00
6.750000020124488742e+00,1.151606262384300194e+00
6.760000020154302902e+00,1.066980106973182796e+00
6.770000020184117062e+00,1.096909346480016589e+00
6.780000020213931222e+00,1.112787139364325828e+00
6.790000020243745382e+00,1.048810563433234755e+00
6.800000020273559542e+00,1.029942068370119923e+00
6.810000020303371926e+00,1.022151408853405385e+00
6.820000020333186086e+00,1.065236044973292273e+00
6.830000020363000246e+00,9.406133305806622102e-01
6.840000020392814406e+00,9.967186841950351761e-01
6.850000020422628566e+00,9.705921760044623481e-01
6.860000020452442726e+00,9.230354421606136173e-01
6.870000020482256886e+00,8.761478467308951856e-01
6.880000020512071046e+00,9.459282591879598634e-01
6.890000020541885206e+00,9.338898000100951391e-01
6.900000020571699366e+00,9.408312266115113065e-01
6.910000020601513526e+00,9.453872813755351823e-01
6.920000020631326798e+00,9.720431300736754876e-01
6.930000020661140958e+00,9.338308900182381578e-01
6.940000020690955118e+00,9.494943578477823554e-01
6.950000020720769278e+00,1.004552471620770104e+00
6.960000020750583438e+00,9.388865622645324871e-01
6.970000020780397598e+00,1.092600342663742508e+00
6.980000020810211758e+00,1.015648947463846152e+00
6.990000020840025918e+00,9.883790129716303330e-01
7.000000020869840078e+00,1.013519972659989943e+00
7.010000020899654238e+00,9.655924253675214342e-01
7.020000020929467510e+00,1.035929158293814600e+00
7.030000020959281670e+00,1.036342567504055845e+00
7.040000020989095830e+00,1.046157765515139948e+00
7.050000021018909990e+00,1.051549697281010110e+00
7.060000021048724150e+00,9.837238274701662899e-01
7.070000021078538310e+00,1.078126573926162735e+00
7.080000021108352470e+00,1.105834667564157270e+00
7.090000021138166630e+00,1.011346811557253478e+00
7.100000021167980790e+00,1.108721390553395025e+00
7.110000021197794950e+00,1.093226828437224851e+00
7.120000021227608222e+00,1.048592361037690823e+00
7.130000021257422382e+00,1.027632664159625620e+00
7.140000021287236542e+00,1.007456839094530432e+00
7.150000021317050702e+00,1.071320367397568418e+00
7.160000021346864862e+00,1.135647035447107323e+00
7.170000021376679022e+00,1.103455630483721750e+00
7.180000021406493182e+00,1.165898970787733635e+00
7.190000021436307343e+00,1.218346459344331612e+00
7.200000021466121503e+00,1.245334386593510478e+00
7.210000021495935663e+00,1.293988605863189090e+00
7.220000021525748934e+00,1.272223575695013542e+00
7.230000021555563094e+00,1.307567409333635577e+00
7.240000021585377254e+00,1.292415540472622526e+00
7.250000021615191415e+00,1.293992977442170567e+00
7.260000021645005575e+00,1.346289693416906408e+00
7.270000021674819735e+00,1.288546340209548502e+00
7.280000021704633895e+00,1.160245105248558062e+00
7.290000021734448055e+00,1.274514536364309558e+00
7.300000021764262215e+00,1.189682657056850390e+00
7.310000021794076375e+00,1.161623902170013656e+00
7.320000021823890535e+00,1.010181504332674729e+00
7.330000021853703807e+00,1.133590648476858753e+00
7.340000021883517967e+00,1.206758620879998078e+00
7.350000021913332127e+00,9.928325783609432964e-01
7.360000021943145398e+00,1.018677761953723060e+00
7.370000021972959559e+00,9.614970246308283119e-01
7.380000022002773719e+00,8.907180999631801877e-01
7.390000022032587879e+00,1.080590242863424866e+00
7.400000022062402039e+00,1.078324409541618012e+00
7.410000022092216199e+00,1.057659239248100347e+00
7.420000022122030359e+00,9.986022054468950415e-01
7.430000022151843631e+00,1.045232000376569825e+00
7.440000022181657791e+00,1.101142676532402609e+00
7.450000022211471951e+00,1.087300320877220061e+00
7.460000022241286111e+00,1.022284954352760566e+00
7.470000022271100271e+00,1.137725713223707968e+00
7.480000022300914431e+00,1.158332280448379548e+00
7.490000022330728591e+00,1.143494978133533291e+00
7.500000022360542751e+00,1.265175783333970738e+00
7.510000022390356911e+00,1.049626975681837715e+00
7.520000022420171071e+00,1.122147756078530456e+00
7.530000022449984343e+00,9.947546074163515772e-01
7.540000022479798503e+00,1.180413552461755167e+00
7.550000022509612663e+00,1.023211856838369460e+00
7.560000022539426823e+00,1.241666373680581081e+00
7.570000022569240983e+00,1.229944913264829021e+00
7.580000022599055143e+00,1.097770163535582766e+00
7.590000022628869303e+00,1.161522664162489393e+00
7.600000022658683463e+00,1.098766392345620124e+00
7.610000022688497623e+00,1.095457963517427302e+00
7.620000022718311783e+00,1.145455903251057395e+00
7.630000022748125055e+00,1.111801495216034219e+00
7.640000022777939215e+00,1.134411991866683067e+00
7.650000022807753375e+00,1.106711227976834966e+00
7.660000022837567535e+00,1.040157237464013784e+00
7.670000022867381695e+00,1.036609370832643373e+00
7.680000022897195855e+00,1.089440484442739443e+00
7.690000022927010015e+00,1.061337415468388334e+00
7.700000022956824175e+00,9.843405576059790496e-01
7.710000022986638335e+00,1.030003783078513813e+00
7.720000023016452495e+00,1.061590446223189321e+00
7.730000023046266655e+00,1.060178477949234033e+00
7.740000023076079927e+00,1.048245005765521487e+00
7.750000023105894087e+00,1.008640439010614509e+00
7.760000023135708247e+00,9.794971706941468792e-01
7.770000023165522407e+00,1.015483053152425930e+00
7.780000023195336567e+00,1.112749805168980366e+00
7.790000023225150727e+00,1.106211618444066236e+00
7.800000023254964887e+00,1.028950058863485895e+00
7.810000023284779047e+00,1.009966448408676776e+00
7.820000023314593207e+00,1.088432250842106264e+00
7.830000023344407367e+00,1.078162964530740453e+00
7.840000023374220639e+00,1.104396256417683242e+00
7.850000023404034799e+00,1.177054149993079557e+00
7.860000023433848959e+00,1.184761928292857203e+00
7.870000023463663119e+00,1.132813252614887300e+00
7.880000023493477279e+00,1.094999739448040410e+00
7.890000023523291439e+00,1.118612204907832419e+00
7.900000023553105599e+00,9.849039922984534901e-01
7.910000023582918871e+00,1.032401627819699241e+00
7.920000023612733031e+00,1.062794187211783870e+00
7.930000023642547191e+00,1.049115884107192143e+00
7.940000023672360463e+00,1.117382994700931054e+00
7.950000023702174623e+00,1.058509197418320946e+00
7.960000023731988783e+00,9.615530821594274746e-01
7.970000023761802943e+00,1.081087972481967086e+00
7.980000023791617103e+00,1.088679710313142923e+00
7.990000023821431263e+00,9.877131304003003986e-01
8.000000023851246311e+00,1.048741973797129079e+00
8.010000023881060471e+00,9.433630597233877424e-01
8.020000023910874631e+00,9.985947908319219302e-01
8.030000023940688791e+00,1.000157869907205344e+00
8.040000023970501175e+00,9.787454001582094332e-01
8.050000024000315335e+00,1.007517172007559747e+00
8.060000024030129495e+00,8.955940630625595089e-01
8.070000024059943655e+00,9.128096381406661797e-01
8.080000024089757815e+00,9.585338878907205817e-01
8.090000024119571975e+00,9.299472623235928159e-01
8.100000024149386135e+00,9.201691263364506490e-01
8.110000024179200295e+00,9.535005368309786844e-01
8.120000024209014455e+00,9.058462112205974970e-01
8.130000024238828615e+00,9.047657351205938836e-01
8.140000024268642775e+00,8.945584277479429192e-01
8.150000024298456935e+00,9.223331050365174422e-01
8.160000024328271095e+00,9.520695393592892852e-01
8.170000024358085255e+00,9.346416408892349592e-01
8.180000024387897639e+00,9.292504275308465234e-01
8.190000024417711799e+00,9.072269508958293871e-01
8.200000024447525959e+00,9.418751500060140724e-01
8.210000024477340119e+00,8.426813812374662760e-01
8.220000024507154279e+00,8.927511234528990869e-01
8.230000024536968439e+00,9.740774612895443108e-01
8.240000024566782599e+00,8.945593972604601873e-01
8.250000024596596759e+00,9.352192256971237905e-01
8.260000024626410919e+00,9.566063453679939377e-01
8.270000024656225079e+00,9.004533020074166894e-01
8.280000024686039239e+00,9.667128324873799361e-01
8.290000024715853399e+00,9.742775874033451355e-01
8.300000024745665783e+00,1.029469283407144164e+00
8.310000024775481720e+00,1.068814441527975889e+00
8.320000024805294103e+00,1.067870191066870200e+00
8.330000024835110040e+00,1.184921266801691075e+00
8.340000024864922423e+00,1.210753054068115508e+00
8.350000024894738360e+00,1.115203305891484087e+00
8.360000024924550743e+00,1.201827273059006496e+00
8.370000024954366680e+00,1.112664933301630299e+00
8.380000024984179063e+00,1.085582432894233618e+00
8.390000025013995000e+00,1.065473528815174431e+00
8.400000025043807383e+00,1.133477683777080580e+00
8.410000025073621543e+00,1.132521556047052957e+00
8.420000025103435703e+00,1.049239901347555515e+00
8.430000025133249864e+00,1.151577208378662398e+00
8.440000025163064024e+00,1.137170725670396010e+00
8.450000025192878184e+00,1.037560581717496877e+00
8.460000025222692344e+00,1.115254754729257503e+00
8.470000025252506504e+00,1.106462100842572349e+00
8.480000025282320664e+00,1.059943433419282321e+00
8.490000025312134824e+00,1.004778621826492024e+00
8.500000025341947207e+00,1.050208996437696385e+00
8.510000025371763144e+00,1.038155002766168566e+00
8.520000025401575527e+00,1.046399792637392911e+00
8.530000025431391464e+00,9.395979374258535133e-01
8.540000025461203847e+00,9.246969143904762989e-01
8.550000025491019784e+00,9.826874075230628280e-01
8.560000025520832168e+00,1.058010913536454378e+00
8.570000025550648104e+00,1.064880083537903976e+00
8.580000025580460488e+00,1.150776123452726507e+00
8.590000025610276424e+00,1.045213680625364239e+00
8.600000025640088808e+00,1.157919712085349273e+00
8.610000025669902968e+00,1.143301698258671895e+00
8.620000025699717128e+00,1.090738821862824004e+00
8.630000025729531288e+00,1.046663841630686820e+00
8.640000025759345448e+00,1.058287454802392391e+00
8.650000025789159608e+00,1.110569665821817154e+00
8.660000025818973768e+00,9.010841722617970451e-01
8.670000025848787928e+00,1.043982277866113417e+00
8.680000025878602088e+00,8.951125008847803377e-01
8.690000025908416248e+00,9.329212762047702778e-01
8.700000025938230408e+00,9.412411173557958532e-01
8.710000025968044568e+00,9.155193044627801813e-01
8.720000025997856952e+00,9.936194381975087531e-01
8.730000026027671112e+00,8.430690211050245741e-01
8.740000026057485272e+00,8.888106839670244508e-01
8.750000026087299432e+00,7.882869523025166636e-01
8.760000026117113592e+00,8.542929139660815352e-01
8.770000026146927752e+00,8.584813399048366600e-01
8.780000026176741912e+00,8.876478489277822570e-01
8.790000026206556072e+00,9.232362606460498000e-01
8.800000026236370232e+00,1.016524254536723904e+00
8.810000026266182616e+00,1.013485433755502152e+00
8.820000026295998552e+00,1.038374589476657395e+00
8.830000026325810936e+00,9.076782491122611374e-01
8.840000026355626872e+00,8.636838717882734384e-01
8.850000026385439256e+00,9.023254746240334523e-01
8.860000026415255192e+00,9.701830666947479642e-01
8.870000026445067576e+00,9.752215261022293413e-01
8.880000026474883512e+00,9.426635543151279384e-01
8.890000026504695896e+00,8.955027443512920682e-01
8.900000026534511832e+00,9.980198768347198213e-01
8.910000026564324216e+00,9.067029867545718380e-01
8.920000026594138376e+00,9.562888624419713102e-01
8.930000026623952536e+00,8.936969234646547910e-01
8.940000026653766696e+00,9.407103270573572429e-01
8.950000026683580856e+00,9.101490831051410879e-01
8.960000026713395016e+00,8.688088193013177030e-01
8.970000026743209176e+00,9.224974239535989051e-01
8.980000026773023336e+00,8.719185211842900296e-01
8.990000026802837496e+00,8.000904937332333766e-01
9.000000026832651656e+00,9.036270587958564748e-01
9.010000026862465816e+00,7.877880471253702055e-01
9.020000026892279976e+00,8.809893553882967021e-01
9.030000026922092360e+00,8.847467385612814983e-01
9.040000026951908296e+00,9.479653736662432273e-01
9.050000026981720680e+00,9.949216741498185801e-01
9.060000027011536616e+00,9.118283401782103503e-01
9.070000027041349000e+00,1.073263258867712011e+00
9.080000027071164936e+00,9.587756354851014740e-01
9.090000027100977320e+00,9.695026320333629544e-01
9.100000027130793256e+00,9.858103415141307169e-01
9.110000027160605640e+00,9.158347188969278019e-01
9.120000027190419800e+00,1.062407071470305109e+00
9.130000027220233960e+00,9.183717858004416534e-01
9.140000027250048120e+00,1.015722253260334496e+00
9.150000027279862280e+00,9.322149113999448344e-01
9.160000027309676440e+00,1.018055838216624931e+00
9.170000027339490600e+00,9.273538669419141289e-01
9.180000027369304760e+00,9.198532729016842824e-01
9.190000027399118920e+00,9.262733872961247394e-01
9.200000027428933080e+00,9.747681180795855216e-01
9.210000027458747240e+00,9.366320423026699427e-01
9.220000027488561400e+00,9.399209907348710091e-01
9.230000027518373784e+00,1.029520637110343806e+00
9.240000027548189721e+00,9.935098442849970013e-01
9.250000027578002104e+00,9.559050366170900315e-01
9.260000027607818041e+00,9.908068458990870742e-01
9.270000027637630424e+00,9.948824951338871569e-01
9.280000027667444584e+00,1.041905156918216280e+00
9.290000027697258744e+00,1.125082272993288113e+00
9.300000027727072904e+00,1.045793284026472536e+00
9.310000027756887064e+00,1.061478712137143399e+00
9.320000027786699448e+00,9.744603778096372348e-01
9.330000027816515384e+00,1.054712426071638287e+00
9.340000027846327768e+00,9.769559325142818107e-01
9.350000027876143704e+00,1.057707335158143414e+00
9.360000027905956088e+00,9.967854102411796147e-01
9.370000027935772025e+00,1.002989598242388647e+00
9.380000027965584408e+00,1.039843388194764184e+00
9.390000027995400345e+00,1.113375458832279064e+00
9.400000028025212728e+00,1.058601521451276284e+00
9.410000028055028665e+00,1.005525570131047042e+00
9.420000028084841048e+00,9.799922081548879671e-01
9.430000028114655208e+00,9.767203763797780436e-01
9.440000028144469368e+00,9.365485160573493451e-01
9.450000028174283528e+00,1.049044845783154267e+00
9.460000028204097688e+00,1.011925078378674181e+00
9.470000028233911848e+00,9.826449539592099214e-01
9.480000028263726009e+00,1.029620780531359969e+00
9.490000028293540169e+00,9.908100173421316992e-01
9.500000028323354329e+00,1.072746908198568994e+00
9.510000028353168489e+00,1.021841596414278186e+00
9.520000028382982649e+00,9.822700767399024091e-01
9.530000028412796809e+00,9.835845874578912351e-01
9.540000028442609192e+00,9.803630683064326057e-01
9.550000028472425129e+00,1.050119977438804364e+00
9.560000028502237512e+00,1.082957529360938143e+00
9.570000028532053449e+00,9.944259422731985820e-01
9.580000028561865832e+00,9.712720584865369711e-01
9.590000028591681769e+00,1.034558595760823874e+00
9.600000028621494153e+00,1.168064308893188352e+00
9.610000028651310089e+00,1.115376864850627481e+00
9.620000028681122473e+00,1.042188528411083892e+00
9.630000028710936633e+00,1.103070355363346966e+00
9.640000028740750793e+00,1.138386328374982215e+00
9.650000028770564953e+00,1.039559933886685217e+00
9.660000028800379113e+00,1.153106130512837835e+00
9.670000028830193273e+00,1.150872428009874548e+00
9.680000028860007433e+00,1.100889919415386053e+00
9.690000028889821593e+00,1.227822896076500081e+00
9.700000028919635753e+00,1.295014947960775542e+00
9.710000028949449913e+00,1.291768507313256098e+00
9.720000028979264073e+00,1.270421179241857601e+00
9.730000029009078233e+00,1.234107327063085124e+00
9.740000029038890617e+00,1.250382644180841663e+00
9.750000029068706553e+00,1.271612545439489983e+00
9.760000029098518937e+00,1.003188820794554736e+00
9.770000029128334873e+00,1.106694976628470384e+00
9.780000029158147257e+00,1.081490171260326427e+00
9.790000029187963193e+00,1.095831482486991248e+00
9.800000029217775577e+00,1.212619735727970216e+00
9.810000029247591513e+00,1.025800275374245007e+00
9.820000029277403897e+00,1.080650481411112196e+00
9.830000029307218057e+00,1.030155019639894087e+00
9.840000029337032217e+00,1.102714061762850584e+00
9.850000029366844601e+00,1.031805442070267587e+00
9.860000029396660537e+00,1.044221316636683383e+00
9.870000029426472921e+00,1.039723166075121386e+00
9.880000029456288857e+00,1.160111432170339851e+00
9.890000029486101241e+00,1.173849319661383284e+00
9.900000029515917177e+00,1.254030155244941325e+00
9.910000029545729561e+00,1.200659128009848420e+00
9.920000029575545497e+00,1.104507298977913221e+00
9.930000029605357881e+00,1.194630439666211741e+00
9.940000029635172041e+00,1.076953161376337231e+00
9.950000029664986201e+00,1.103302931279910748e+00
9.960000029694800361e+00,1.163334246285308238e+00
9.970000029724614521e+00,1.052076856640924651e+00
9.980000029754428681e+00,1.128358511793266183e+00
9.990000029784242841e+00,1.085564857046743104e+00
1.000000002981405700e+01,1.116955977229897590e+00
1.001000002984386938e+01,1.279600284180963055e+00
1.002000002987368532e+01,1.089014938365866936e+00
1.003000002990349770e+01,1.210880184542075577e+00
1.004000002993331364e+01,1.233698567727283812e+00
1.005000002996312602e+01,1.350344374447302265e+00
1.006000002999294196e+01,1.097895842976538860e+00
1.007000003002275434e+01,1.223167790122690946e+00
1.008000003005257028e+01,1.167096818243662959e+00
1.009000003008238266e+01,1.204939218417783842e+00
1.010000003011219860e+01,1.124942464646465190e+00
1.011000003014201098e+01,1.244586428947694889e+00
1.012000003017182514e+01,1.186736653642451511e+00
1.013000003020163931e+01,1.314819820839842279e+00
1.014000003023145347e+01,1.271795645137590913e+00
1.015000003026126763e+01,1.506222560798599730e+00
1.016000003029108179e+01,1.279341009950655028e+00
1.017000003032089595e+01,1.292415002757596021e+00
1.018000003035071011e+01,1.213454088385689911e+00
1.019000003038052427e+01,1.161159239362060003e+00
1.020000003041033843e+01,1.265064481297810239e+00
1.021000003044015081e+01,1.135155620031057078e+00
1.022000003046996675e+01,1.130567517836345237e+00
1.023000003049977913e+01,1.296043254132337008e+00
1.024000003052959507e+01,1.183307706141073057e+00
1.025000003055940745e+01,1.276295338641388222e+00
1.026000003058922339e+01,1.169423000427028514e+00
1.027000003061903577e+01,1.174718878003359945e+00
1.028000003064885171e+01,1.226702197413076290e+00
1.029000003067866409e+01,1.087487502134248496e+00
1.030000003070848003e+01,1.339248277952993282e+00
1.031000003073829241e+01,1.261677039532942857e+00
1.032000003076810657e+01,1.235508305783108218e+00
1.033000003079792073e+01,1.305547114513327722e+00
1.034000003082773489e+01,1.303804292205966719e+00
1.035000003085754905e+01,1.398218739418140011e+00
1.036000003088736143e+01,1.517426817472691258e+00
1.037000003091717737e+01,1.267516162539239932e+00
1.038000003094698975e+01,1.299561029448389471e+00
1.039000003097680569e+01,1.385736158123508588e+00
1.040000003100661807e+01,1.287564342321862565e+00
1.041000003103643401e+01,1.327386827410984793e+00
1.042000003106624639e+01,1.210966489480105768e+00
1.043000003109606055e+01,1.357047341461024903e+00
1.044000003112587471e+01,1.301513615752512010e+00
1.045000003115568887e+01,1.202111586028201895e+00
1.046000003118550303e+01,1.243594830622782643e+00
1.047000003121531719e+01,1.458081763146587884e+00
1.048000003124513135e+01,1.294958036209286067e+00
1.049000003127494551e+01,1.283556057763687086e+00
1.050000003130475967e+01,1.333804441306684074e+00
1.051000003133457383e+01,1.376361816803881810e+00
1.052000003136438622e+01,1.411019746398517016e+00
1.053000003139420215e+01,1.425208172832229669e+00
1.054000003142401454e+01,1.380982889531275903e+00
1.055000003145383047e+01,1.414639619441965701e+00
1.056000003148364286e+01,1.279535782264993093e+00
1.057000003151345879e+01,1.365639290667427064e+00
1.058000003154327118e+01,1.438751991310033951e+00
1.059000003157308711e+01,1.371475752615870958e+00
1.060000003160289950e+01,1.372048961873044481e+00
1.061000003163271366e+01,1.456533259664955837e+00
1.062000003166252782e+01,1.294044572165769180e+00
1.063000003169234198e+01,1.315858178550420421e+00
1.064000003172215614e+01,1.415862870105172977e+00
1.065000003175197030e+01,1.377345048600180588e+00
1.066000003178178446e+01,1.289432674506284071e+00
1.067000003181159862e+01,1.361334938004027606e+00
1.068000003184141278e+01,1.351218982035364613e+00
1.069000003187122694e+01,1.250215464022715217e+00
1.070000003190104110e+01,1.423595557439558679e+00
1.071000003193085526e+01,1.424003509046766203e+00
1.072000003196066942e+01,1.339080452718630854e+00
1.073000003199048358e+01,1.366307113230374126e+00
1.074000003202029596e+01,1.460778015657366868e+00
1.075000003205011190e+01,1.382155098182135777e+00
1.076000003207992428e+01,1.455200435069788689e+00
1.077000003210974022e+01,1.489800074854914946e+00
1.078000003213955260e+01,1.564841248431165344e+00
1.079000003216936854e+01,1.462401528720105981e+00
1.080000003219918092e+01,1.596502013352538274e+00
1.081000003222899686e+01,1.656314730688557946e+00
1.082000003225880924e+01,1.680107826066750354e+00
1.083000003228862340e+01,1.702165518774211517e+00
1.084000003231843756e+01,1.565123778371079633e+00
1.085000003234825172e+01,1.510001746021933045e+00
1.086000003237806588e+01,1.539288029241608680e+00
1.087000003240788004e+01,1.405569088204774220e+00
1.088000003243769420e+01,1.275757338578271005e+00
1.089000003246750836e+01,1.288646228803177918e+00
1.090000003249732252e+01,1.165452685415308443e+00
1.091000003252713491e+01,1.356769715954983191e+00
1.092000003255694907e+01,1.292623665990443094e+00
1.093000003258676323e+01,1.162906037220520217e+00
1.094000003261657739e+01,1.228144456375145355e+00
1.095000003264639155e+01,1.208196543610164486e+00
1.096000003267620571e+01,1.291428002898999283e+00
1.097000003270601987e+01,1.259888297197734985e+00
1.098000003273583403e+01,1.216251029107281889e+00
1.099000003276564819e+01,1.164934071506459112e+00
1.100000003279546235e+01,1.292484099265666986e+00
1.101000003282527651e+01,1.232688091859367452e+00
1.102000003285509067e+01,1.365153953285916044e+00
1.103000003288490483e+01,1.279709753794730176e+00
1.104000003291471899e+01,1.345972409492692368e+00
1.105000003294453137e+01,1.471530377940285295e+00
1.106000003297434731e+01,1.451790395821219715e+00
1.107000003300415969e+01,1.377829701298401766e+00
1.108000003303397563e+01,1.368568343593906667e+00
1.109000003306378801e+01,1.336193664500003209e+00
1.110000003309360395e+01,1.359256452749322941e+00
1.111000003312341633e+01,1.354253403572242664e+00
1.112000003315323227e+01,1.526455225546289762e+00
1.113000003318304465e+01,1.447442468386860082e+00
1.114000003321285881e+01,1.301476880425719296e+00
1.115000003324267297e+01,1.320855210432739346e+00
1.116000003327248713e+01,1.417314984799219468e+00
1.117000003330230129e+01,1.305290131955537891e+00
1.118000003333211545e+01,1.232028469371495127e+00
1.119000003336192961e+01,1.359173274138600673e+00
1.120000003339174377e+01,1.336304095061766395e+00
1.121000003342155793e+01,1.450826230702629394e+00
1.122000003345137209e+01,1.234616927484261772e+00
1.123000003348118447e+01,1.298382498108882954e+00
1.124000003351100041e+01,1.178279903974650988e+00
1.125000003354081279e+01,1.234394623338666674e+00
1.126000003357062873e+01,1.335639702450932997e+00
1.127000003360044111e+01,1.290977955128708388e+00
1.128000003363025705e+01,1.300256594638092844e+00
1.129000003366006943e+01,1.400195185011102961e+00
1.130000003368988537e+01,1.373641711404228305e+00
1.131000003371969775e+01,1.442461693439365922e+00
1.132000003374951191e+01,1.452606305446521473e+00
1.133000003377932607e+01,1.407670001220276079e+00
1.134000003380914201e+01,1.457544361631474050e+00
1.135000003383895439e+01,1.428304671696384309e+00
1.136000003386876855e+01,1.408867607707100289e+00
1.137000003389858271e+01,1.336416064070356846e+00
1.138000003392839687e+01,1.421200401234595789e+00
1.139000003395821103e+01,1.383892088589469216e+00
1.140000003398802519e+01,1.405961084644921533e+00
1.141000003401783935e+01,1.379256000075055111e+00
1.142000003404765351e+01,1.508149427510793616e+00
1.143000003407746767e+01,1.392207404815916538e+00
1.144000003410728183e+01,1.373150843191685011e+00
1.145000003413709422e+01,1.434305412665822788e+00
1.146000003416690838e+01,1.402622364790820697e+00
1.147000003419672254e+01,1.268201493147750991e+00
1.148000003422653670e+01,1.164543009400397677e+00
1.149000003425635086e+01,1.352414516205590722e+00
1.150000003428616502e+01,1.372533326166254897e+00
1.151000003431597918e+01,1.416953648433100454e+00
1.152000003434579334e+01,1.354618853691244906e+00
1.153000003437560750e+01,1.377265795159242412e+00
1.154000003440541988e+01,1.385376923731207466e+00
1.155000003443523582e+01,1.248054621028888533e+00
1.156000003446504820e+01,1.408849675231427234e+00
1.157000003449486414e+01,1.470072825522914739e+00
1.158000003452467652e+01,1.497915515968783584e+00
1.159000003455449246e+01,1.396483713814680394e+00
1.160000003458430484e+01,1.497265457642582343e+00
1.161000003461412078e+01,1.410696133658448037e+00
1.162000003464393316e+01,1.514321004610880150e+00
1.163000003467374732e+01,1.584071794979193148e+00
1.164000003470356148e+01,1.457114982744384779e+00
1.165000003473337742e+01,1.445208550064057018e+00
1.166000003476318980e+01,1.422716473824496619e+00
1.167000003479300396e+01,1.456580102946445354e+00
1.168000003482281812e+01,1.303067649315066134e+00
1.169000003485263228e+01,1.383796302954941826e+00
1.170000003488244644e+01,1.379173904832627029e+00
1.171000003491226060e+01,1.428338707097631222e+00
1.172000003494207476e+01,1.367507698785112691e+00
1.173000003497188892e+01,1.382063613547332093e+00
1.174000003500170308e+01,1.321704687944334156e+00
1.175000003503151724e+01,1.183439553203445405e+00
1.176000003506132963e+01,1.305635818043350938e+00
1.177000003509114556e+01,1.289344647497662866e+00
1.178000003512095795e+01,1.511002954463380732e+00
1.179000003515077388e+01,1.527509432900519659e+00
1.180000003518058627e+01,1.580380437551871298e+00
1.181000003521040220e+01,1.533892406432715294e+00
1.182000003524021459e+01,1.568885930881738000e+00
1.183000003527003052e+01,1.410276175457206405e+00
1.184000003529984291e+01,1.565600021481815984e+00
1.185000003532965707e+01,1.591609733459290243e+00
1.186000003535947123e+01,1.561194533243878801e+00
1.187000003538928539e+01,1.545781209041818816e+00
1.188000003541909955e+01,1.477882028250878221e+00
1.189000003544891371e+01,1.451703809839655523e+00
1.190000003547872787e+01,1.422487178016949683e+00
1.191000003550854203e+01,1.303930497505847441e+00
1.192000003553835619e+01,1.279429092204851459e+00
1.193000003556817035e+01,1.326694056455455240e+00
1.194000003559798273e+01,1.416601916512623349e+00
1.195000003562779867e+01,1.358225251643895737e+00
1.196000003565761105e+01,1.291982518276923342e+00
1.197000003568742699e+01,1.286531919461463724e+00
1.198000003571723937e+01,1.412072326994237459e+00
1.199000003574705531e+01,1.242210674920611657e+00
1.200000003577686769e+01,1.411114511312970388e+00
1.201000003580668185e+01,1.307022408704291871e+00
1.202000003583649601e+01,1.398035896078598350e+00
1.203000003586631017e+01,1.301991444064417358e+00
1.204000003589612433e+01,1.348566134093646340e+00
1.205000003592593849e+01,1.380812520120199949e+00
1.206000003595575265e+01,1.288579513746813898e+00
1.207000003598556503e+01,1.302805115621251453e+00
1.208000003601538097e+01,1.286352464025425801e+00
1.209000003604519335e+01,1.234900366316330489e+00
1.210000003607500929e+01,1.314514924356827930e+00
1.211000003610482167e+01,1.318561314825053232e+00
1.212000003613463761e+01,1.172661693710366659e+00
1.213000003616444999e+01,1.243060489659768786e+00
1.214000003619426593e+01,1.234494205676592626e+00
1.215000003622407831e+01,1.300423644441724091e+00
1.216000003625389247e+01,1.404210091161055329e+00
1.217000003628370663e+01,1.389294946238989192e+00
1.218000003631352079e+01,1.339394647810456140e+00
1.219000003634333495e+01,1.265207915250151638e+00
1.220000003637314911e+01,1.338515477329922598e+00
1.221000003640296327e+01,1.242482650945244460e+00
1.222000003643277743e+01,1.249473107512633963e+00
1.223000003646259159e+01,1.182004237349008280e+00
1.224000003649240575e+01,1.227741272444096809e+00
1.225000003652221814e+01,1.276636966338449808e+00
1.226000003655203408e+01,1.185133666772455685e+00
1.227000003658184824e+01,1.269069874417590338e+00
1.228000003661166240e+01,1.325803312426326430e+00
1.229000003664147478e+01,1.352202685167936957e+00
1.230000003667129072e+01,1.249757800134557506e+00
1.231000003670110310e+01,1.354134817830716653e+00
1.232000003673091904e+01,1.225293218927482997e+00
1.233000003676073142e+01,1.313393774929345836e+00
1.234000003679054558e+01,1.352460836638570418e+00
1.235000003682035974e+01,1.309003216027019967e+00
1.236000003685017568e+01,1.235982241424299133e+00
1.237000003687998806e+01,1.209463355825170172e+00
1.238000003690980222e+01,1.323799117420169313e+00
1.239000003693961638e+01,1.352416080029368084e+00
1.240000003696943054e+01,1.386015800777299578e+00
1.241000003699924470e+01,1.172025684100300058e+00
1.242000003702905886e+01,1.233478714387083786e+00
1.243000003705887302e+01,1.313392547648609021e+00
1.244000003708868718e+01,1.200035928590003298e+00
1.245000003711850134e+01,1.235030765539574693e+00
1.246000003714831550e+01,1.316781281544999516e+00
1.247000003717812788e+01,1.215883433224118848e+00
1.248000003720794382e+01,1.140899280685221839e+00
1.249000003723775620e+01,1.204662530109468666e+00
1.250000003726757214e+01,1.089243117051047260e+00
1.251000003729738452e+01,1.127283817940598842e+00
1.252000003732720046e+01,1.102463138081492433e+00
1.253000003735701284e+01,1.053393293241257744e+00
1.254000003738682878e+01,1.019626299104789968e+00
1.255000003741664116e+01,1.206453310680845270e+00
1.256000003744645355e+01,1.155936764347026635e+00
1.257000003747626948e+01,1.255756218946193048e+00
1.258000003750608364e+01,1.221946916324790022e+00
1.259000003753589780e+01,1.187800823561432573e+00
1.260000003756571019e+01,1.119510559863753363e+00
1.261000003759552612e+01,1.129239447610325575e+00
1.262000003762533851e+01,1.116996525041502819e+00
1.263000003765515444e+01,1.154213417529773134e+00
1.264000003768496683e+01,1.233182254052865190e+00
1.265000003771478099e+01,1.180854947567295588e+00
1.266000003774459515e+01,1.274032671580563214e+00
1.267000003777441108e+01,1.082089734151324034e+00
1.268000003780422347e+01,1.299922328190768805e+00
1.269000003783403763e+01,1.325514737217743155e+00
1.270000003786385179e+01,1.286311800010155659e+00
1.271000003789366595e+01,1.263546739907384531e+00
1.272000003792348011e+01,1.156002552040813480e+00
1.273000003795329427e+01,1.145309312502389876e+00
1.274000003798310665e+01,1.172635393233101508e+00
1.275000003801292259e+01,1.265685679918773454e+00
1.276000003804273675e+01,1.072887605858364957e+00
1.277000003807255091e+01,1.245692249137167806e+00
1.278000003810236329e+01,1.224676529590465801e+00
1.279000003813217923e+01,1.251887967324655682e+00
1.280000003816199161e+01,1.234556775178692556e+00
1.281000003819180755e+01,1.210734646847778873e+00
1.282000003822161993e+01,1.154529275161574109e+00
1.283000003825143587e+01,1.154308295654770777e+00
1.284000003828124825e+01,1.234928492856068205e+00
1.285000003831106419e+01,1.226792238884198971e+00
1.286000003834087657e+01,1.251482643436314435e+00
1.287000003837069073e+01,1.270098922401314168e+00
1.288000003840050489e+01,1.120750428710639124e+00
1.289000003843032083e+01,1.118082803091679400e+00
1.290000003846013321e+01,1.169429284756992482e+00
1.291000003848994737e+01,1.134680458293867655e+00
1.292000003851976153e+01,1.260805142578075300e+00
1.293000003854957569e+01,1.215754578398905661e+00
1.294000003857938985e+01,1.152979705329236326e+00
1.295000003860920401e+01,1.243520401099182715e+00
1.296000003863901640e+01,1.188930295409889260e+00
1.297000003866883233e+01,1.122589226019147457e+00
1.298000003869864649e+01,1.281853250095685404e+00
1.299000003872846065e+01,1.349215638563659114e+00
1.300000003875827304e+01,1.468633493266386036e+00
1.301000003878808897e+01,1.410447728353936281e+00
1.302000003881790136e+01,1.281433906692108771e+00
1.303000003884771729e+01,1.388957094072457599e+00
1.304000003887752968e+01,1.346348114489176684e+00
1.305000003890734384e+01,1.562880481127255861e+00
1.306000003893715800e+01,1.428749242325169089e+00
1.307000003896697393e+01,1.590180543503379784e+00
1.308000003899678632e+01,1.584304945963834532e+00
1.309000003902659870e+01,1.519181876518851837e+00
1.310000003905641464e+01,1.357415198231431308e+00
1.311000003908622702e+01,1.491737525725357116e+00
1.312000003911604296e+01,1.549861543575491885e+00
1.313000003914585534e+01,1.483544153198381066e+00
1.314000003917567128e+01,1.474180937127628876e+00
1.315000003920548366e+01,1.507430348016364885e+00
1.316000003923529960e+01,1.431731228296402092e+00
1.317000003926511198e+01,1.360388996555092822e+00
1.318000003929492614e+01,1.410042988761954552e+00
1.319000003932474030e+01,1.533238776715058815e+00
1.320000003935455624e+01,1.416113715873173806e+00
1.321000003938436862e+01,1.411111614483853138e+00
1.322000003941418278e+01,1.397222933621231622e+00
1.323000003944399694e+01,1.430301596460988867e+00
1.324000003947381110e+01,1.481577002948278876e+00
1.325000003950362526e+01,1.385652743122663288e+00
1.326000003953343942e+01,1.429718905761080627e+00
1.327000003956325180e+01,1.420891718885601396e+00
1.328000003959306774e+01,1.495901356038227492e+00
1.329000003962288190e+01,1.514768786517591614e+00
1.330000003965269606e+01,1.515459838652511770e+00
1.331000003968250844e+01,1.372031229301194477e+00
1.332000003971232438e+01,1.500770828006062985e+00
1.333000003974213676e+01,1.501617450287636490e+00
1.334000003977195270e+01,1.710814573918405079e+00
1.335000003980176508e+01,1.694661264070767448e+00
1.336000003983157924e+01,1.614727452561218080e+00
1.337000003986139340e+01,1.681664607813375900e+00
1.338000003989120934e+01,1.632197189707217833e+00
1.339000003992102172e+01,1.680891154682644384e+00
1.340000003995083588e+01,1.748787991079539417e+00
1.341000003998065004e+01,1.805333191468127207e+00
1.342000004001046420e+01,1.654840385129695779e+00
1.343000004004027836e+01,1.760588924230198637e+00
1.344000004007009252e+01,1.618628553811099824e+00
1.345000004009990668e+01,1.707038597959288806e+00
1.346000004012972084e+01,1.775682877401861148e+00
1.347000004015953500e+01,1.679763800776648219e+00
1.348000004018934916e+01,1.757091241075680710e+00
1.349000004021916155e+01,1.763953928170607366e+00
1.350000004024897748e+01,1.649229820844198668e+00
1.351000004027878987e+01,1.596348924707567729e+00
1.352000004030860580e+01,1.574127842738474836e+00
1.353000004033841819e+01,1.525001212806478268e+00
1.354000004036823412e+01,1.410484368033573466e+00
1.355000004039804651e+01,1.310041884098811948e+00
1.356000004042786244e+01,1.333150671843863933e+00
1.357000004045767483e+01,1.438802170759529320e+00
1.358000004048748899e+01,1.488887505716493642e+00
1.359000004051730315e+01,1.424278542033265094e+00
1.360000004054711908e+01,1.520996831673143701e+00
1.361000004057693147e+01,1.345429356799571208e+00
1.362000004060674385e+01,1.475835387435374457e+00
1.363000004063655979e+01,1.340966169121911689e+00
1.364000004066637217e+01,1.619867773965493862e+00
1.365000004069618811e+01,1.522331704785984119e+00
1.366000004072600049e+01,1.558406367510765556e+00
1.367000004075581465e+01,1.419607523432656171e+00
1.368000004078562881e+01,1.362811182883693961e+00
1.369000004081544475e+01,1.398643498167392307e+00
1.370000004084525713e+01,1.432759529616464578e+00
1.371000004087507129e+01,1.493659732028416620e+00
1.372000004090488545e+01,1.566029004806866132e+00
1.373000004093469961e+01,1.355214366188376651e+00
1.374000004096451377e+01,1.479435416807745707e+00
1.375000004099432793e+01,1.313910369268364908e+00
1.376000004102414209e+01,1.349023634640441616e+00
1.377000004105395625e+01,1.378564349314946869e+00
1.378000004108377041e+01,1.266346113147957642e+00
1.379000004111358457e+01,1.480140871879908948e+00
1.380000004114339696e+01,1.458299792239366566e+00
1.381000004117321289e+01,1.394202224517218536e+00
1.382000004120302528e+01,1.437909076763249194e+00
1.383000004123284121e+01,1.304750033887064564e+00
1.384000004126265360e+01,1.442480380563440967e+00
1.385000004129246953e+01,1.484676115395223261e+00
1.386000004132228192e+01,1.436458320368265706e+00
1.387000004135209785e+01,1.326897346982497172e+00
1.388000004138191024e+01,1.411889991206262351e+00
1.389000004141172440e+01,1.439149695848107147e+00
1.390000004144153856e+01,1.481222577642508531e+00
1.391000004147135449e+01,1.454843494238970525e+00
1.392000004150116688e+01,1.466274522503935085e+00
1.393000004153098104e+01,1.441518519979011925e+00
1.394000004156079520e+01,1.401955459299527584e+00
1.395000004159060936e+01,1.407967530738220230e+00
1.396000004162042352e+01,1.303392295187770333e+00
1.397000004165023768e+01,1.415564621532256151e+00
1.398000004168005006e+01,1.497537827881577632e+00
1.399000004170986600e+01,1.389887713856463813e+00
1.400000004173968016e+01,1.395588001404411749e+00
1.401000004176949432e+01,1.338458453438649887e+00
1.402000004179930670e+01,1.309138071863479080e+00
1.403000004182912264e+01,1.422180105467374389e+00
1.404000004185893502e+01,1.452538961142714413e+00
1.405000004188875096e+01,1.443132783053212354e+00
1.406000004191856334e+01,1.289676487547755768e+00
1.407000004194837928e+01,1.400931459312503735e+00
1.408000004197819166e+01,1.420033291366581851e+00
1.409000004200800760e+01,1.341877205378057880e+00
1.410000004203781998e+01,1.370811128302262372e+00
1.411000004206763414e+01,1.330019066994421850e+00
1.412000004209744830e+01,1.315453306665888444e+00
1.413000004212726424e+01,1.232899681535208014e+00
1.414000004215707662e+01,1.160833684926185105e+00
1.415000004218689078e+01,1.434752436420518640e+00
1.416000004221670316e+01,1.345484309775866638e+00
1.417000004224651732e+01,1.420468312393676547e+00
1.418000004227633326e+01,1.455600885577439607e+00
1.419000004230614564e+01,1.375826038732317347e+00
1.420000004233595980e+01,1.469840930341209662e+00
1.421000004236577396e+01,1.320704848794512998e+00
1.422000004239558990e+01,1.436983301349306519e+00
1.423000004242540228e+01,1.337319101629825147e+00
1.424000004245521644e+01,1.278148924707618095e+00
1.425000004248502883e+01,1.267813024326680749e+00
1.426000004251484476e+01,1.346575061649849303e+00
1.427000004254465892e+01,1.235731303258029934e+00
1.428000004257447308e+01,1.168128483748240409e+00
1.429000004260428547e+01,1.235269251747598274e+00
1.430000004263410140e+01,1.233695842218991645e+00
1.431000004266391556e+01,1.158652124869635314e+00
1.432000004269372972e+01,1.325818726994932639e+00
1.433000004272354211e+01,1.154597135658705254e+00
1.434000004275335804e+01,1.236206964718511658e+00
1.435000004278317220e+01,1.197175189967832454e+00
1.436000004281298636e+01,1.256631359939602399e+00
1.437000004284279875e+01,1.237826972326865560e+00
1.438000004287261291e+01,1.350203843017550920e+00
1.439000004290242707e+01,1.175024913010795924e+00
1.440000004293224301e+01,1.246653368541377427e+00
1.441000004296205539e+01,1.310399361338727697e+00
1.442000004299186955e+01,1.272533700819693969e+00
1.443000004302168371e+01,1.336028681557104747e+00
1.444000004305149965e+01,1.441895637920197037e+00
1.445000004308131203e+01,1.555064921193500149e+00
1.446000004311112619e+01,1.545618294763957845e+00
1.447000004314093857e+01,1.352515464579828075e+00
1.448000004317075451e+01,1.538185954992657534e+00
1.449000004320056867e+01,1.428876860961003636e+00
1.450000004323038283e+01,1.440277796217995787e+00
1.451000004326019521e+01,1.472632014899270869e+00
1.452000004329001115e+01,1.422032387871797088e+00
1.453000004331982531e+01,1.364252976678929530e+00
1.454000004334963947e+01,1.511801634936730254e+00
1.455000004337945185e+01,1.415349165447435498e+00
1.456000004340926601e+01,1.450963489226350545e+00
1.457000004343908017e+01,1.479745699434976913e+00
1.458000004346889611e+01,1.279584988897889186e+00
1.459000004349870849e+01,1.559533008261443143e+00
1.460000004352852265e+01,1.548764089915162234e+00
1.461000004355833681e+01,1.367575991690410664e+00
1.462000004358815275e+01,1.464988551499415426e+00
1.463000004361796513e+01,1.423024636160595380e+00
1.464000004364777929e+01,1.347495022624824568e+00
1.465000004367759345e+01,1.329868948027956632e+00
1.466000004370740761e+01,1.389627112115686680e+00
1.467000004373722177e+01,1.436744027260304701e+00
1.468000004376703593e+01,1.472428486785489543e+00
1.469000004379684832e+01,1.500517486439810977e+00
1.470000004382666425e+01,1.484187372112162784e+00
1.471000004385647841e+01,1.397407988139222734e+00
1.472000004388629080e+01,1.352584413815002273e+00
1.473000004391610496e+01,1.410516556898974594e+00
1.474000004394591912e+01,1.502106701751996232e+00
1.475000004397573505e+01,1.619444354736941705e+00
1.476000004400554744e+01,1.463950331069480804e+00
1.477000004403536160e+01,1.455951585039511054e+00
1.478000004406517398e+01,1.322857741791940489e+00
1.479000004409498992e+01,1.349530070396712356e+00
1.480000004412480408e+01,1.402851823340133475e+00
1.481000004415461824e+01,1.321285443034754925e+00
1.482000004418443062e+01,1.308980355629590031e+00
1.483000004421424656e+01,1.362091733070153632e+00
1.484000004424406072e+01,1.397124928082719153e+00
1.485000004427387488e+01,1.382346431539215326e+00
1.486000004430368726e+01,1.521269919812632931e+00
1.487000004433350142e+01,1.318228249937099639e+00
1.488000004436331558e+01,1.456645497761372754e+00
1.489000004439313152e+01,1.632848361882474064e+00
1.490000004442294390e+01,1.500669256529330253e+00
1.491000004445275806e+01,1.520195261373962436e+00
1.492000004448257222e+01,1.579064292691083837e+00
1.493000004451238816e+01,1.559283931278359736e+00
1.494000004454220054e+01,1.449503611615168941e+00
1.495000004457201470e+01,1.505592421064645858e+00
1.496000004460182886e+01,1.647566475472116654e+00
1.497000004463164302e+01,1.538656533232037216e+00
1.498000004466145718e+01,1.438429726708247314e+00
1.499000004469127134e+01,1.508836441498633940e+00
1.500000004472108373e+01,1.644750829503140555e+00
1.501000004475089966e+01,1.457004390196586563e+00
1.502000004478071382e+01,1.442456371560274064e+00
1.503000004481052798e+01,1.504566807478243229e+00
1.504000004484034037e+01,1.626549889540496174e+00
1.505000004487015630e+01,1.547752193884867955e+00
1.506000004489997046e+01,1.560739372464929220e+00
1.507000004492978462e+01,1.446419847516767110e+00
1.508000004495959701e+01,1.442426519965746223e+00
1.509000004498941117e+01,1.446917941806533658e+00
1.510000004501922533e+01,1.628881721031871344e+00
1.511000004504904126e+01,1.402542004008201060e+00
1.512000004507885365e+01,1.429174784202040360e+00
1.513000004510866781e+01,1.318444959421057439e+00
1.514000004513848197e+01,1.352064066511546869e+00
1.515000004516829790e+01,1.379527865591866798e+00
1.516000004519811029e+01,1.486278991228968449e+00
1.517000004522792445e+01,1.417977481777730864e+00
1.518000004525773683e+01,1.419003933991667132e+00
1.519000004528755277e+01,1.436219308107004489e+00
1.520000004531736693e+01,1.547885793240159513e+00
1.521000004534718109e+01,1.250437967071758916e+00
1.522000004537699347e+01,1.426782354551658472e+00
1.523000004540680941e+01,1.369417355145516657e+00
1.524000004543662357e+01,1.255881196926490473e+00
1.525000004546643773e+01,1.277572739641232635e+00
1.526000004549625011e+01,1.363489641088126758e+00
1.527000004552606427e+01,1.332774105873549608e+00
1.528000004555587843e+01,1.298075291967071943e+00
1.529000004558569259e+01,1.371921144756457434e+00
1.530000004561550675e+01,1.271526658126582943e+00
1.531000004564531913e+01,1.293982943199485813e+00
1.532000004567513507e+01,1.408051663161846712e+00
1.533000004570494923e+01,1.323353995176763220e+00
1.534000004573476339e+01,1.301531540786254437e+00
1.535000004576457577e+01,1.279239054743314563e+00
1.536000004579439171e+01,1.304207111899893912e+00
1.537000004582420587e+01,1.280730908328386208e+00
1.538000004585402003e+01,1.357684075407563196e+00
1.539000004588383241e+01,1.443241839391557590e+00
1.540000004591364657e+01,1.295026223732300030e+00
1.541000004594346073e+01,1.350803984754722409e+00
1.542000004597327667e+01,1.346175697813583039e+00
1.543000004600308905e+01,1.225932540783197799e+00
1.544000004603290321e+01,1.225328899419827922e+00
1.545000004606271737e+01,1.360454612091354321e+00
1.546000004609253331e+01,1.345424755554140539e+00
1.547000004612234569e+01,1.350686754728040118e+00
1.548000004615215985e+01,1.417555849643139521e+00
1.549000004618197224e+01,1.473054457816631801e+00
1.550000004621178817e+01,1.282884291708353608e+00
1.551000004624160233e+01,1.356404600743659206e+00
1.552000004627141649e+01,1.292155615174830796e+00
1.553000004630122888e+01,1.373195840853860483e+00
1.554000004633104481e+01,1.322528879700118898e+00
1.555000004636085897e+01,1.312301472888338649e+00
1.556000004639067313e+01,1.190639191292969468e+00
1.557000004642048552e+01,1.470252171900099158e+00
1.558000004645030145e+01,1.492266092063747829e+00
1.559000004648011384e+01,1.390351796142992535e+00
1.560000004650992977e+01,1.562833348905551256e+00
1.561000004653974216e+01,1.458687470261802233e+00
1.562000004656955632e+01,1.443138697712397445e+00
1.563000004659937048e+01,1.430584630548806802e+00
1.564000004662918641e+01,1.346569019214314045e+00
1.565000004665899880e+01,1.412720741675130398e+00
1.566000004668881296e+01,1.394145681943614434e+00
1.567000004671862712e+01,1.490948594173436170e+00
1.568000004674844305e+01,1.508302050957344820e+00
1.569000004677825544e+01,1.352791896915185976e+00
1.570000004680806960e+01,1.490014042672462402e+00
1.571000004683788198e+01,1.561408414937116573e+00
1.572000004686769792e+01,1.472298590819687503e+00
1.573000004689751208e+01,1.514940367110333641e+00
1.574000004692732624e+01,1.436619421302079758e+00
1.575000004695713862e+01,1.413946971870045033e+00
1.576000004698695456e+01,1.587220354713028136e+00
1.577000004701676872e+01,1.589432719993962184e+00
1.578000004704658288e+01,1.571617154306155006e+00
1.579000004707639526e+01,1.528012398666356297e+00
1.580000004710620765e+01,1.760072596593992067e+00
1.581000004713602358e+01,1.697147858770645890e+00
1.582000004716583774e+01,1.667391383553263218e+00
1.583000004719565190e+01,1.530172531202677710e+00
1.584000004722546429e+01,1.625287684621574469e+00
1.585000004725528022e+01,1.507429797939910276e+00
1.586000004728509438e+01,1.486823888752442979e+00
1.587000004731490854e+01,1.689159922948463510e+00
1.588000004734472093e+01,1.622240360781013191e+00
1.589000004737453509e+01,1.594065627432488697e+00
1.590000004740434925e+01,1.465160175956993882e+00
1.591000004743416518e+01,1.573064618486178956e+00
1.592000004746397757e+01,1.565056858675363261e+00
1.593000004749379173e+01,1.392595027752979053e+00
1.594000004752360589e+01,1.317338893303612979e+00
1.595000004755342182e+01,1.440099677153006352e+00
1.596000004758323421e+01,1.415724000336859190e+00
1.597000004761304837e+01,1.521353866236669905e+00
1.598000004764286253e+01,1.452241935870248080e+00
1.599000004767267846e+01,1.472898439553405936e+00
1.600000004770249262e+01,1.362589795980722496e+00
1.601000004773230501e+01,1.548326562505615733e+00
1.602000004776211739e+01,1.580015286511759154e+00
1.603000004779193333e+01,1.505787986772042730e+00
1.604000004782174926e+01,1.591302393428072115e+00
1.605000004785156165e+01,1.546839305242034612e+00
1.606000004788137403e+01,1.419210991091572671e+00
1.607000004791118997e+01,1.521994690819948648e+00
1.608000004794100590e+01,1.398676460907136487e+00
1.609000004797081829e+01,1.436140238830300841e+00
1.610000004800063067e+01,1.385918683265539686e+00
1.611000004803044305e+01,1.344194396153276294e+00
1.612000004806025899e+01,1.350059566572887837e+00
1.613000004809007493e+01,1.372110846698921138e+00
1.614000004811988731e+01,1.245816780827811998e+00
1.615000004814969969e+01,1.338379069912222219e+00
1.616000004817951563e+01,1.427302875114670799e+00
1.617000004820933157e+01,1.501581891852642014e+00
1.618000004823914395e+01,1.371853612329509753e+00
1.619000004826895633e+01,1.422926214299877312e+00
1.620000004829877227e+01,1.500796441620849464e+00
1.621000004832858465e+01,1.434272988442511831e+00
1.622000004835840059e+01,1.326090494645020268e+00
1.623000004838821297e+01,1.392525391955335756e+00
1.624000004841802891e+01,1.376052006266031746e+00
1.625000004844784129e+01,1.367301135678863133e+00
1.626000004847765723e+01,1.304851144698937038e+00
1.627000004850746961e+01,1.360707543653673746e+00
1.628000004853728555e+01,1.383512207862513943e+00
1.629000004856709793e+01,1.365506383331161588e+00
1.630000004859691387e+01,1.272703983658959537e+00
1.631000004862672625e+01,1.318673620249569689e+00
1.632000004865654219e+01,1.269920243670583870e+00
1.633000004868635457e+01,1.342939085258678888e+00
1.634000004871617051e+01,1.390079788944480033e+00
1.635000004874598289e+01,1.348995170552611755e+00
1.636000004877579528e+01,1.353183363465451317e+00
1.637000004880561121e+01,1.439496362441085697e+00
1.638000004883542360e+01,1.424698553037551330e+00
1.639000004886523953e+01,1.414757015875198087e+00
1.640000004889505192e+01,1.459125207497973253e+00
1.641000004892486785e+01,1.267275112108624091e+00
1.642000004895468024e+01,1.264756705588564900e+00
1.643000004898449617e+01,1.236308230202233904e+00
1.644000004901430856e+01,1.478777206842012415e+00
1.645000004904412449e+01,1.384693514455181074e+00
1.646000004907393688e+01,1.492988590135732263e+00
1.647000004910374926e+01,1.369853091384958033e+00
1.648000004913356520e+01,1.402922789371563228e+00
1.649000004916338114e+01,1.410985981785105592e+00
1.650000004919319352e+01,1.313406367144376974e+00
1.651000004922300590e+01,1.349833351587073960e+00
1.652000004925281829e+01,1.219907542134743617e+00
1.653000004928263778e+01,1.469258219112705488e+00
1.654000004931245016e+01,1.297103022575761599e+00
1.655000004934226254e+01,1.275678621731027196e+00
1.656000004937207848e+01,1.354021081935931514e+00
1.657000004940189442e+01,1.367430048628517580e+00
1.658000004943170680e+01,1.423855533390030237e+00
1.659000004946151918e+01,1.418333082498400177e+00
1.660000004949133157e+01,1.439883138992801737e+00
1.661000004952115106e+01,1.371980208834229442e+00
1.662000004955096344e+01,1.320078114504209088e+00
1.663000004958077582e+01,1.308656174480581136e+00
1.664000004961058821e+01,1.327298129911931746e+00
1.665000004964040414e+01,1.332572099002249155e+00
1.666000004967022008e+01,1.447645292564856412e+00
1.667000004970003246e+01,1.397146332066236729e+00
1.668000004972984485e+01,1.233378269432606089e+00
1.669000004975966434e+01,1.349377448825891612e+00
1.670000004978947672e+01,1.433080528624627759e+00
1.671000004981928910e+01,1.379786525013018350e+00
1.672000004984910149e+01,1.445945148419723880e+00
1.673000004987891742e+01,1.432594208041087613e+00
1.674000004990873336e+01,1.388301149677686031e+00
1.675000004993854574e+01,1.356830520258982098e+00
1.676000004996835813e+01,1.337699688045762780e+00
1.677000004999817406e+01,1.413877435394053084e+00
1.678000005002798645e+01,1.283667222470558311e+00
1.679000005005780238e+01,1.336310850496433611e+00
1.680000005008761477e+01,1.316755435271570018e+00
1.681000005011743070e+01,1.230649522384758665e+00
1.682000005014724309e+01,1.255313941400794997e+00
1.683000005017705547e+01,1.344128003344231992e+00
1.684000005020687141e+01,1.279880140851099357e+00
1.685000005023668734e+01,1.435034821840626140e+00
1.686000005026649973e+01,1.293508334033862894e+00
1.687000005029631566e+01,1.204712793290399153e+00
1.688000005032612805e+01,1.293312219256525175e+00
1.689000005035594398e+01,1.268826625425686139e+00
1.690000005038575637e+01,1.238344716405611168e+00
1.691000005041556875e+01,1.284615774015371414e+00
1.692000005044538469e+01,1.239656819706864477e+00
1.693000005047519707e+01,1.296523956795378574e+00
1.694000005050501301e+01,1.278002626447098056e+00
1.695000005053482539e+01,1.245572309561037372e+00
1.696000005056463777e+01,1.215749976260667609e+00
1.697000005059445371e+01,1.309519462721769223e+00
1.698000005062426965e+01,1.171756615757354014e+00
1.699000005065408203e+01,1.096316124904437306e+00
1.700000005068389797e+01,1.101363926593964981e+00
1.701000005071371035e+01,1.177944289475044481e+00
1.702000005074352629e+01,1.121923775845252491e+00
1.703000005077333867e+01,1.138689137003058516e+00
1.704000005080315105e+01,1.194537077389107305e+00
1.705000005083296699e+01,1.235519944179903851e+00
1.706000005086278293e+01,1.195969649358321840e+00
1.707000005089259531e+01,1.066234173440916866e+00
1.708000005092240769e+01,1.125151593351957580e+00
1.709000005095222008e+01,1.093684848584187019e+00
1.710000005098203957e+01,1.177166763619533985e+00
1.711000005101185195e+01,1.176567166621200977e+00
1.712000005104166434e+01,1.189662767848240321e+00
1.713000005107147672e+01,1.201333297434550751e+00
1.714000005110129266e+01,1.252484047170199677e+00
1.715000005113110859e+01,1.148584130387455771e+00
1.716000005116092098e+01,1.208013318516188539e+00
1.717000005119073336e+01,1.173893642596149922e+00
1.718000005122055285e+01,1.202153521124005753e+00
1.719000005125036523e+01,1.268670533879614037e+00
1.720000005128017762e+01,1.231938250260499412e+00
1.721000005130999000e+01,1.315197948079513957e+00
1.722000005133980594e+01,1.322805899200165003e+00
1.723000005136962187e+01,1.191632138240023231e+00
1.724000005139943426e+01,1.267375734591632552e+00
1.725000005142924664e+01,1.124500550245792985e+00
1.726000005145906258e+01,1.183788517486818792e+00
1.727000005148887496e+01,1.235605311988117405e+00
1.728000005151869090e+01,1.132747091814592766e+00
1.729000005154850328e+01,1.119647200889253513e+00
1.730000005157831922e+01,1.196195445763266862e+00
1.731000005160813515e+01,1.301596587879128242e+00
1.732000005163794754e+01,1.141779457324029856e+00
1.733000005166775992e+01,1.193295452761083730e+00
1.734000005169757586e+01,1.242298294806599035e+00
1.735000005172738824e+01,1.219976380049193843e+00
1.736000005175720418e+01,1.206546014219683327e+00
1.737000005178701656e+01,1.262885405085019563e+00
1.738000005181683250e+01,1.136146867373112324e+00
1.739000005184664488e+01,1.084737415542688321e+00
1.740000005187645726e+01,1.112106761872700744e+00
1.741000005190627320e+01,1.174009046659319599e+00
1.742000005193608914e+01,1.177263820750993117e+00
1.743000005196590152e+01,1.255930093791504554e+00
1.744000005199571390e+01,1.205893549964277556e+00
1.745000005202552629e+01,1.244624788615669164e+00
1.746000005205534222e+01,1.327732549406217100e+00
1.747000005208515816e+01,1.220816613541998441e+00
1.748000005211497054e+01,1.304104832715681228e+00
1.749000005214478648e+01,1.441605039978423486e+00
1.750000005217459886e+01,1.323779578968689474e+00
1.751000005220441480e+01,1.259826256133971256e+00
1.752000005223422718e+01,1.266656973362737970e+00
1.753000005226403957e+01,1.366114472494384113e+00
1.754000005229385550e+01,1.252845939304043865e+00
1.755000005232367144e+01,1.295250998180042190e+00
1.756000005235348382e+01,1.195704770744374423e+00
1.757000005238329621e+01,1.224717462872209284e+00
1.758000005241310859e+01,1.256275528650681705e+00
1.759000005244292808e+01,1.285679728313828374e+00
1.760000005247274046e+01,1.308508891485709924e+00
1.761000005250255285e+01,1.284350764148247004e+00
1.762000005253236878e+01,1.191979827652330126e+00
1.763000005256218117e+01,1.252783288326027922e+00
1.764000005259199710e+01,1.220797332675635394e+00
1.765000005262180949e+01,1.222042585017421024e+00
1.766000005265162187e+01,1.243316961037446600e+00
1.767000005268144136e+01,1.194158677450750883e+00
1.768000005271125374e+01,1.291197244063872374e+00
1.769000005274106613e+01,1.287663369037732597e+00
1.770000005277087851e+01,1.264381940656518877e+00
1.771000005280069445e+01,1.266959611395440222e+00
1.772000005283051038e+01,1.291075820417220132e+00
1.773000005286032277e+01,1.325284468889893930e+00
1.774000005289013515e+01,1.182604276988472813e+00
1.775000005291995109e+01,1.341969801846551125e+00
1.776000005294976347e+01,1.291214742182421826e+00
1.777000005297957941e+01,1.326092412092196859e+00
1.778000005300939179e+01,1.254731412674777502e+00
1.779000005303920773e+01,1.299334180726326560e+00
1.780000005306902366e+01,1.273329875407071654e+00
1.781000005309883605e+01,1.260223945062104001e+00
1.782000005312864843e+01,1.367663740943679596e+00
1.783000005315846437e+01,1.309570782173777204e+00
1.784000005318827675e+01,1.345242457324329344e+00
1.785000005321809269e+01,1.317146756054175194e+00
1.786000005324790507e+01,1.249995888189606497e+00
1.787000005327772101e+01,1.180765574308240806e+00
1.788000005330753339e+01,1.295224602362788469e+00
1.789000005333734578e+01,1.288348936932151689e+00
1.790000005336716171e+01,1.223876000052890101e+00
1.791000005339697765e+01,1.272019535004341728e+00
1.792000005342679003e+01,1.268811008572522159e+00
1.793000005345660597e+01,1.252755852075041032e+00
1.794000005348641480e+01,1.289013705641715690e+00
1.795000005351623429e+01,1.266214619737282332e+00
1.796000005354604667e+01,1.235991068782631208e+00
1.797000005357585906e+01,1.403957909348350297e+00
1.798000005360567499e+01,1.319505912199997466e+00
1.799000005363549093e+01,1.337130110039902453e+00
1.800000005366530331e+01,1.304578377614115547e+00
1.801000005369511570e+01,1.193044697154753253e+00
1.802000005372492808e+01,1.198741293067092650e+00
1.803000005375474402e+01,1.289155476812352985e+00
1.804000005378455995e+01,1.357262029805464287e+00
1.805000005381437234e+01,1.277274712387626909e+00
1.806000005384418472e+01,1.201380949327169878e+00
1.807000005387399710e+01,1.272104540626713298e+00
1.808000005390381659e+01,1.213829390591191215e+00
1.809000005393362898e+01,1.263142160323906582e+00
1.810000005396344136e+01,1.277477016214178640e+00
1.811000005399325730e+01,1.275402495005760084e+00
1.812000005402307323e+01,1.268820187366342278e+00
1.813000005405288562e+01,1.236321570329232067e+00
1.814000005408269800e+01,1.330849809349327062e+00
1.815000005411251038e+01,1.299067937475993695e+00
1.816000005414232987e+01,1.296807568691046963e+00
1.817000005417214226e+01,1.363957113904147977e+00
1.818000005420195464e+01,1.383918789286731732e+00
1.819000005423176702e+01,1.347220242613985430e+00
1.820000005426158296e+01,1.401155902267057884e+00
1.821000005429139890e+01,1.420193706155671975e+00
1.822000005432121128e+01,1.356480816302313430e+00
1.823000005435102366e+01,1.274725054310668737e+00
1.824000005438084315e+01,1.443847287248955835e+00
1.825000005441065198e+01,1.385293311479594447e+00
1.826000005444046792e+01,1.414578578382770901e+00
1.827000005447028030e+01,1.417008798347055176e+00
1.828000005450009624e+01,1.465316641061900294e+00
1.829000005452991218e+01,1.412784062269938135e+00
1.830000005455972101e+01,1.483350711237804376e+00
1.831000005458953694e+01,1.469404945826307873e+00
1.832000005461935288e+01,1.368187561469955682e+00
1.833000005464916526e+01,1.488122143644895035e+00
1.834000005467898120e+01,1.395763379126997439e+00
1.835000005470879358e+01,1.370082858199241027e+00
1.836000005473860952e+01,1.301752489321039707e+00
1.837000005476842546e+01,1.404387272038910783e+00
1.838000005479823429e+01,1.334343777691999078e+00
1.839000005482805022e+01,1.341142280499788564e+00
1.840000005485786616e+01,1.241264169996755484e+00
1.841000005488767854e+01,1.325865944819982101e+00
1.842000005491749448e+01,1.264589821232405820e+00
1.843000005494730331e+01,1.431822796011205545e+00
1.844000005497712280e+01,1.214818030371163982e+00
1.845000005500693518e+01,1.244592188239115771e+00
1.846000005503674757e+01,1.256713812341611280e+00
1.847000005506656350e+01,1.259106815152590819e+00
1.848000005509637944e+01,1.167659810025956091e+00
1.849000005512619182e+01,1.287530493215828464e+00
1.850000005515600421e+01,1.341178355205971506e+00
1.851000005518581659e+01,1.430905572924010549e+00
1.852000005521563608e+01,1.482587526836980585e+00
1.853000005524544846e+01,1.451938950937319950e+00
1.854000005527526085e+01,1.331276877726145003e+00
1.855000005530507678e+01,1.259867986459500599e+00
1.856000005533488562e+01,1.228713422972812053e+00
1.857000005536470510e+01,1.249955080420722009e+00
1.858000005539451749e+01,1.285733334752222845e+00
1.859000005542432987e+01,1.314569255326492714e+00
1.860000005545414581e+01,1.436647220714915685e+00
1.861000005548395819e+01,1.423162473060892941e+00
1.862000005551377413e+01,1.300914696855523411e+00
1.863000005554358651e+01,1.302406101898136326e+00
1.864000005557339890e+01,1.267857750696113728e+00
1.865000005560321839e+01,1.262440358084978786e+00
1.866000005563303077e+01,1.374118477329268506e+00
1.867000005566284315e+01,1.326949519095322216e+00
1.868000005569265909e+01,1.327374547237049507e+00
1.869000005572247147e+01,1.343143037436479448e+00
1.870000005575228741e+01,1.194114206815384271e+00
1.871000005578209979e+01,1.262559929027764039e+00
1.872000005581191218e+01,1.389991805519396717e+00
1.873000005584173167e+01,1.244630125771191143e+00
1.874000005587154050e+01,1.284091494098323016e+00
1.875000005590135643e+01,1.314611371922967509e+00
1.876000005593116882e+01,1.319436753747055935e+00
1.877000005596098475e+01,1.228410543578857261e+00
1.878000005599080069e+01,1.325536338004476455e+00
1.879000005602061307e+01,1.266239997760898239e+00
1.880000005605042546e+01,1.251993155491308851e+00
1.881000005608024139e+01,1.227183131046104769e+00
1.882000005611005378e+01,1.245638311162357459e+00
1.883000005613986971e+01,1.301807589400840515e+00
1.884000005616968210e+01,1.246435433334260212e+00
1.885000005619949803e+01,1.343410878971435407e+00
1.886000005622931397e+01,1.221566629969186746e+00
1.887000005625912280e+01,1.254611619141042356e+00
1.888000005628893874e+01,1.188628299787223952e+00
1.889000005631875467e+01,1.301693848550866894e+00
1.890000005634856706e+01,1.227878735099154017e+00
1.891000005637838299e+01,1.265667619918283915e+00
1.892000005640819182e+01,1.320120301249807282e+00
1.893000005643801131e+01,1.225136380761836730e+00
1.894000005646782370e+01,1.246092113934464729e+00
1.895000005649763608e+01,1.273976652834185819e+00
1.896000005652745202e+01,1.294285666909477106e+00
1.897000005655726795e+01,1.263218858711918635e+00
1.898000005658708034e+01,1.249350925069582230e+00
1.899000005661689627e+01,1.373608511864206294e+00
1.900000005664670510e+01,1.297955785197049572e+00
1.901000005667652459e+01,1.193440041609524771e+00
1.902000005670633698e+01,1.231139945209724029e+00
1.903000005673614936e+01,1.199267740773511726e+00
1.904000005676596530e+01,1.167705924002227391e+00
1.905000005679577413e+01,1.254904667592288803e+00
1.906000005682559362e+01,1.146303335677943736e+00
1.907000005685540600e+01,1.181181312679753237e+00
1.908000005688521838e+01,1.203006370223508759e+00
1.909000005691503787e+01,1.347526560136949936e+00
1.910000005694485026e+01,1.254444121218049935e+00
1.911000005697466264e+01,1.316477178301244111e+00
1.912000005700447502e+01,1.250249071241126497e+00
1.913000005703428741e+01,1.178486209272528118e+00
1.914000005706410690e+01,1.336373865989792797e+00
1.915000005709391928e+01,1.316924398273549235e+00
1.916000005712373166e+01,1.274482572966165517e+00
1.917000005715354760e+01,1.308749634068065992e+00
1.918000005718335998e+01,1.294933428111034734e+00
1.919000005721317592e+01,1.250620460740663908e+00
1.920000005724298831e+01,1.283771325905235461e+00
1.921000005727280069e+01,1.231332461638471321e+00
1.922000005730262018e+01,1.407565277563162409e+00
1.923000005733242901e+01,1.419803634542726067e+00
1.924000005736224495e+01,1.481957300648910403e+00
1.925000005739205733e+01,1.402522564466004207e+00
1.926000005742187327e+01,1.419134851839288558e+00
1.927000005745168920e+01,1.451788101588711521e+00
1.928000005748150159e+01,1.456675661654693199e+00
1.929000005751131397e+01,1.300599277471638393e+00
1.930000005754113346e+01,1.367631043686495351e+00
1.931000005757094229e+01,1.408518680990025196e+00
1.932000005760075823e+01,1.311041905701662680e+00
1.933000005763057061e+01,1.433723449635752489e+00
1.934000005766038655e+01,1.460789809689932328e+00
1.935000005769020248e+01,1.432508297506865480e+00
1.936000005772001131e+01,1.514503495608049199e+00
1.937000005774982725e+01,1.414179387035196411e+00
1.938000005777964319e+01,1.472942171452892079e+00
1.939000005780945557e+01,1.406209880905639809e+00
1.940000005783927151e+01,1.363447223323263513e+00
1.941000005786908389e+01,1.390632284052649492e+00
1.942000005789889983e+01,1.453436710483580807e+00
1.943000005792871221e+01,1.477653853418112062e+00
1.944000005795852459e+01,1.428654711649293141e+00
1.945000005798834053e+01,1.501381420986718229e+00
1.946000005801815647e+01,1.419141511564848024e+00
1.947000005804796885e+01,1.347713857039082974e+00
1.948000005807778479e+01,1.459612188893651297e+00
1.949000005810759362e+01,1.422367411588235209e+00
1.950000005813741311e+01,1.515020197098960963e+00
1.951000005816722549e+01,1.515248077496905932e+00
1.952000005819703787e+01,1.566725548322883244e+00
1.953000005822685381e+01,1.447147898281539780e+00
1.954000005825666619e+01,1.619991100292007102e+00
1.955000005828648213e+01,1.618830195139090877e+00
1.956000005831629451e+01,1.513277024091230327e+00
1.957000005834610690e+01,1.617197656117225435e+00
1.958000005837592639e+01,1.514925429435759252e+00
1.959000005840573877e+01,1.485919535564583338e+00
1.960000005843555115e+01,1.386010314432079893e+00
1.961000005846536709e+01,1.483508543856811190e+00
1.962000005849517592e+01,1.452499535301401190e+00
1.963000005852499541e+01,1.383501714082393752e+00
1.964000005855480779e+01,1.496777407390448289e+00
1.965000005858462018e+01,1.475656642028742693e+00
1.966000005861443611e+01,1.501812192442511629e+00
1.967000005864424850e+01,1.372015120889261919e+00
1.968000005867406443e+01,1.457979631212152016e+00
1.969000005870387682e+01,1.399275114953450805e+00
1.970000005873368920e+01,1.431991681014766371e+00
1.971000005876350869e+01,1.486086421343150832e+00
1.972000005879332107e+01,1.396469974916363599e+00
1.973000005882313346e+01,1.475052652027459166e+00
1.974000005885294584e+01,1.443310804094554811e+00
1.975000005888276178e+01,1.505400858382766049e+00
1.976000005891257771e+01,1.478448865303313431e+00
1.977000005894239010e+01,1.516777235226000720e+00
1.978000005897220248e+01,1.576170433157817907e+00
1.979000005900202197e+01,1.527157439056565424e+00
1.980000005903183080e+01,1.545437943141300563e+00
1.981000005906164674e+01,1.564101779902236533e+00
1.982000005909145912e+01,1.495941072662456905e+00
1.983000005912127506e+01,1.518745766873327518e+00
1.984000005915109099e+01,1.450057930268127793e+00
1.985000005918089983e+01,1.585454997470533423e+00
1.986000005921071576e+01,1.660545059112879862e+00
1.987000005924053170e+01,1.554457986615531695e+00
1.988000005927034408e+01,1.536871277149301385e+00
1.989000005930016002e+01,1.453692949103083221e+00
1.990000005932997240e+01,1.533379257416393360e+00
1.991000005935978834e+01,1.513544500761658362e+00
1.992000005938960427e+01,1.525829887603148860e+00
1.993000005941941311e+01,1.517742187672686649e+00
1.994000005944922904e+01,1.617731553438610748e+00
1.995000005947904498e+01,1.509479463988754988e+00
1.996000005950885736e+01,1.473606325855483679e+00
1.997000005953867330e+01,1.445621764047152924e+00
1.998000005956848213e+01,1.398638373514065503e+00
1.999000005959830162e+01,1.330831441939595461e+00
2.000000005962811400e+01,1.412490749486095654e+00
2.001000005965792639e+01,1.426499623962076413e+00
2.002000005968773877e+01,1.378957298836408496e+00
2.003000005971755826e+01,1.410284106347597932e+00
2.004000005974737064e+01,1.445380151982988970e+00
2.005000005977718303e+01,1.556467444353589968e+00
2.006000005980699541e+01,1.460863646435295315e+00
2.007000005983681490e+01,1.545921825853207698e+00
2.008000005986662728e+01,1.587694116446749071e+00
2.009000005989643967e+01,1.504443924815626721e+00
2.010000005992625205e+01,1.504268271463839568e+00
2.011000005995606799e+01,1.497836428808178244e+00
2.012000005998588392e+01,1.415101599787621733e+00
2.013000006001569631e+01,1.365869746665231421e+00
2.014000006004550869e+01,1.484729301096692655e+00
2.015000006007532107e+01,1.405857816575272423e+00
2.016000006010514056e+01,1.492307653968197201e+00
2.017000006013495295e+01,1.585265936535771303e+00
2.018000006016476533e+01,1.534527067008658818e+00
2.019000006019457771e+01,1.535986039944224890e+00
2.020000006022439720e+01,1.529378283867495192e+00
2.021000006025420959e+01,1.501207036436797759e+00
2.022000006028402197e+01,1.558649059962189387e+00
2.023000006031383435e+01,1.540201483361701484e+00
2.024000006034365029e+01,1.484395774750742802e+00
2.025000006037346623e+01,1.542750708106660262e+00
2.026000006040327861e+01,1.587267067795431696e+00
2.027000006043309099e+01,1.505726332428844350e+00
2.028000006046290693e+01,1.494761040135117458e+00
2.029000006049272287e+01,1.485625887053348082e+00
2.030000006052253525e+01,1.567183130929704404e+00
2.031000006055234763e+01,1.595675230533935229e+00
2.032000006058216357e+01,1.539632366676122466e+00
2.033000006061197595e+01,1.670944297163449388e+00
2.034000006064179189e+01,1.588518946077832172e+00
2.035000006067160427e+01,1.595759656701685403e+00
2.036000006070142021e+01,1.552132773582346026e+00
2.037000006073123259e+01,1.639137210910973863e+00
2.038000006076104853e+01,1.493140178586020994e+00
2.039000006079086091e+01,1.490337029776546363e+00
2.040000006082067685e+01,1.583179170872380803e+00
2.041000006085048923e+01,1.405645770677543149e+00
2.042000006088030162e+01,1.381839873601366175e+00
2.043000006091011755e+01,1.404378400825185613e+00
2.044000006093993349e+01,1.480870205776883886e+00
2.045000006096974587e+01,1.454472173634138388e+00
2.046000006099955826e+01,1.393952655467138202e+00
2.047000006102937419e+01,1.499089283048546495e+00
2.048000006105919013e+01,1.492735733358278916e+00
2.049000006108900251e+01,1.422318505786592135e+00
2.050000006111881490e+01,1.335581352617639883e+00
2.051000006114863083e+01,1.309089248920005000e+00
2.052000006117844677e+01,1.383779768297568324e+00
2.053000006120825915e+01,1.392455801392688652e+00
2.054000006123807154e+01,1.394419105877576115e+00
2.055000006126788392e+01,1.567029478836467593e+00
2.056000006129770341e+01,1.507845246484371016e+00
2.057000006132751579e+01,1.440859889998343357e+00
2.058000006135732818e+01,1.448954358175133628e+00
2.059000006138714056e+01,1.512472391886205969e+00
2.060000006141696005e+01,1.550563525072700788e+00
2.061000006144677243e+01,1.386527269401034879e+00
2.062000006147658482e+01,1.425904632152364959e+00
2.063000006150639720e+01,1.450255173644023454e+00
2.064000006153621314e+01,1.521787262553090603e+00
2.065000006156602907e+01,1.461891258339539146e+00
2.066000006159584146e+01,1.449723645503858460e+00
2.067000006162565384e+01,1.444836915625191676e+00
2.068000006165546978e+01,1.528918922745986952e+00
2.069000006168528571e+01,1.368107228914863471e+00
2.070000006171509810e+01,1.345384049467062804e+00
2.071000006174491048e+01,1.428227424577137805e+00
2.072000006177472287e+01,1.461676759508677925e+00
2.073000006180453880e+01,1.463787463974648206e+00
2.074000006183435474e+01,1.505469500511867897e+00
2.075000006186416712e+01,1.457989770626367587e+00
2.076000006189397951e+01,1.469115209292275237e+00
2.077000006192379544e+01,1.447189195095568426e+00
2.078000006195361138e+01,1.577783231985110390e+00
2.079000006198342376e+01,1.383668957842799196e+00
2.080000006201323615e+01,1.395762952897178666e+00
2.081000006204305208e+01,1.470551292330845250e+00
2.082000006207286802e+01,1.470017391865462431e+00
2.083000006210268040e+01,1.595383814910662501e+00
2.084000006213249279e+01,1.560940586284387921e+00
2.085000006216230872e+01,1.537824092115982033e+00
2.086000006219212111e+01,1.558398470543377101e+00
2.087000006222193704e+01,1.618376079851748139e+00
2.088000006225174943e+01,1.740327681358099454e+00
2.089000006228156536e+01,1.632336707633036843e+00
2.090000006231137775e+01,1.512229363463637899e+00
2.091000006234119368e+01,1.557972639598162123e+00
2.092000006237100607e+01,1.439843076334168970e+00
2.093000006240082200e+01,1.479482565036291719e+00
2.094000006243063439e+01,1.571686948298184783e+00
2.095000006246044677e+01,1.426879747265753062e+00
2.096000006249026271e+01,1.320830237667437679e+00
2.097000006252007864e+01,1.357545032281935349e+00
2.098000006254989103e+01,1.387030885422672499e+00
2.099000006257970341e+01,1.339955839777628555e+00
2.100000006260951935e+01,1.539949731207877370e+00
2.101000006263933528e+01,1.436846968762313104e+00
2.102000006266914767e+01,1.528695406016048253e+00
2.103000006269896005e+01,1.556672288723844444e+00
2.104000006272877243e+01,1.472334962878789621e+00
2.105000006275859192e+01,1.521049379920256905e+00
2.106000006278840431e+01,1.552041715320797710e+00
2.107000006281821669e+01,1.513034015272779920e+00
2.108000006284802907e+01,1.479593336000013970e+00
2.109000006287784856e+01,1.471419660359216008e+00
2.110000006290766095e+01,1.481128675847344089e+00
2.111000006293747333e+01,1.521849857744051349e+00
2.112000006296728571e+01,1.424270582806079322e+00
2.113000006299710520e+01,1.467488731048950168e+00
2.114000006302691759e+01,1.449030386029198425e+00
2.115000006305672997e+01,1.385160989181437596e+00
2.116000006308654235e+01,1.534477621274160652e+00
2.117000006311635829e+01,1.466141381766405738e+00
2.118000006314617423e+01,1.481644581179152542e+00
2.119000006317598661e+01,1.534980284933213035e+00
2.120000006320579899e+01,1.598111931044553291e+00
2.121000006323561493e+01,1.610551399163345332e+00
2.122000006326542731e+01,1.510707363910200884e+00
2.123000006329524325e+01,1.609177332127420978e+00
2.124000006332505563e+01,1.515220354554616122e+00
2.125000006335486802e+01,1.642475384192975341e+00
2.126000006338468395e+01,1.541926214805780182e+00
2.127000006341449989e+01,1.653927883799436671e+00
2.128000006344431227e+01,1.497787831196291108e+00
2.129000006347412466e+01,1.516690989468417294e+00
2.130000006350394059e+01,1.455757153161375994e+00
2.131000006353375653e+01,1.468631379556589067e+00
2.132000006356356892e+01,1.444414851053056559e+00
2.133000006359338130e+01,1.447936060678009396e+00
2.134000006362319724e+01,1.379239112453181981e+00
2.135000006365300962e+01,1.438289061506462518e+00
2.136000006368282556e+01,1.370404483874517743e+00
2.137000006371263794e+01,1.453714989572624461e+00
2.138000006374245388e+01,1.452048660467857966e+00
2.139000006377226626e+01,1.467394077933811714e+00
2.140000006380208220e+01,1.417767731985561053e+00
2.141000006383189458e+01,1.528795759721380820e+00
2.142000006386171052e+01,1.514340543238860137e+00
2.143000006389152290e+01,1.420564931971435518e+00
2.144000006392133884e+01,1.418194904248540889e+00
2.145000006395115122e+01,1.487300501766953831e+00
2.146000006398096716e+01,1.399940679141968847e+00
2.147000006401077954e+01,1.494825436952008202e+00
2.148000006404059192e+01,1.502771687265917810e+00
2.149000006407040786e+01,1.456461672119199191e+00
2.150000006410022380e+01,1.457221507969457264e+00
2.151000006413003618e+01,1.412684461181747064e+00
2.152000006415984856e+01,1.421900326908873913e+00
2.153000006418966095e+01,1.415200235929749750e+00
2.154000006421948044e+01,1.345806535438401230e+00
2.155000006424929282e+01,1.430906002589072301e+00
2.156000006427910520e+01,1.403447383495550982e+00
2.157000006430891759e+01,1.420897927337300803e+00
2.158000006433873708e+01,1.441219642568832615e+00
2.159000006436854946e+01,1.525948854940180066e+00
2.160000006439836184e+01,1.518872627059105973e+00
2.161000006442817423e+01,1.610864990301020816e+00
2.162000006445799372e+01,1.508563133530339107e+00
2.163000006448780610e+01,1.439848789154637876e+00
2.164000006451761848e+01,1.500629486778581878e+00
2.165000006454743087e+01,1.437594443119348586e+00
2.166000006457724680e+01,1.371828236107013099e+00
2.167000006460706274e+01,1.361211878983962897e+00
2.168000006463687512e+01,1.410839722934766227e+00
2.169000006466668751e+01,1.393199229725164523e+00
2.170000006469650344e+01,1.495409186996663475e+00
2.171000006472631938e+01,1.437680567604128434e+00
2.172000006475613176e+01,1.390779844864182158e+00
2.173000006478594415e+01,1.556871297252217623e+00
2.174000006481576008e+01,1.534293965860298981e+00
2.175000006484557602e+01,1.496032722871180498e+00
2.176000006487538840e+01,1.449381974219183578e+00
2.177000006490520079e+01,1.441051274358935652e+00
2.178000006493501672e+01,1.429620841597077474e+00
2.179000006496482911e+01,1.441982228655377174e+00
2.180000006499464504e+01,1.393149874614027839e+00
2.181000006502445743e+01,1.352794401572833261e+00
2.182000006505426981e+01,1.443304155024466517e+00
2.183000006508408575e+01,1.425589211523661026e+00
2.184000006511389813e+01,1.496360817740615357e+00
2.185000006514371407e+01,1.466442403426491792e+00
2.186000006517352645e+01,1.388332434365319834e+00
2.187000006520334239e+01,1.438558396798721439e+00
2.188000006523315477e+01,1.475954952712872137e+00
2.189000006526297071e+01,1.455205240307046788e+00
2.190000006529278309e+01,1.346731806594115843e+00
2.191000006532259903e+01,1.419053746096607505e+00
2.192000006535241141e+01,1.535482134586596770e+00
2.193000006538222735e+01,1.604795925848325089e+00
2.194000006541203973e+01,1.488835883997740250e+00
2.195000006544185567e+01,1.517904977955345736e+00
2.196000006547166805e+01,1.579112154034053139e+00
2.197000006550148044e+01,1.516640215973873662e+00
2.198000006553129637e+01,1.520875379537242500e+00
2.199000006556111231e+01,1.546661754224793572e+00
2.200000006559092469e+01,1.460540993827535106e+00
2.201000006562073708e+01,1.392306389863122273e+00
2.202000006565055301e+01,1.372918662740087559e+00
2.203000006568036895e+01,1.459696483371864417e+00
2.204000006571018133e+01,1.462720062089304607e+00
2.205000006573999372e+01,1.494683604111322284e+00
2.206000006576980965e+01,1.613270974967099480e+00
2.207000006579962559e+01,1.496195038568580937e+00
2.208000006582943797e+01,1.577860191935423151e+00
2.209000006585925036e+01,1.518383024544257109e+00
2.210000006588906274e+01,1.638493242510128178e+00
2.211000006591888223e+01,1.651393413964278301e+00
2.212000006594869461e+01,1.536098336393825647e+00
2.213000006597850700e+01,1.598630160650649668e+00
2.214000006600831938e+01,1.502124465874268511e+00
2.215000006603813532e+01,1.503751273849551096e+00
2.216000006606795125e+01,1.600067495480618884e+00
2.217000006609776364e+01,1.469955025488379530e+00
2.218000006612757602e+01,1.420455069972756723e+00
2.219000006615739196e+01,1.469392136533840709e+00
2.220000006618720789e+01,1.553470093879372405e+00
2.221000006621702028e+01,1.507763619574180591e+00
2.222000006624683266e+01,1.476086113075177231e+00
2.223000006627664860e+01,1.519466435322600839e+00
2.224000006630646453e+01,1.547536401981764564e+00
2.225000006633627692e+01,1.484952255631574181e+00
2.226000006636608930e+01,1.398160976354075657e+00
2.227000006639590524e+01,1.336944756862467498e+00
2.228000006642571762e+01,1.354029236577375839e+00
2.229000006645553356e+01,1.389449936762922722e+00
2.230000006648534594e+01,1.418113590432202198e+00
2.231000006651516188e+01,1.435811074129491383e+00
2.232000006654497426e+01,1.362113786314148589e+00
2.233000006657478664e+01,1.386679796804517473e+00
2.234000006660460258e+01,1.361365047561563513e+00
2.235000006663441496e+01,1.287218614993310473e+00
2.236000006666423090e+01,1.355845747121631639e+00
2.237000006669404684e+01,1.395256732736747107e+00
2.238000006672385922e+01,1.424335098479515782e+00
2.239000006675367160e+01,1.475499021286027279e+00
2.240000006678348754e+01,1.472130931047015201e+00
2.241000006681329992e+01,1.502480769348523149e+00
2.242000006684311586e+01,1.461695671736585433e+00
2.243000006687292824e+01,1.443122805534740483e+00
2.244000006690274418e+01,1.496728803494540516e+00
2.245000006693255656e+01,1.447651513195069128e+00
2.246000006696236895e+01,1.414609989602040319e+00
2.247000006699218488e+01,1.369296448693842150e+00
2.248000006702200082e+01,1.433434915505832574e+00
2.249000006705181320e+01,1.469361577031445876e+00
2.250000006708162559e+01,1.353307460377628280e+00
2.251000006711144152e+01,1.298986168663503138e+00
2.252000006714125746e+01,1.272281681131500530e+00
2.253000006717106984e+01,1.355457273244755623e+00
2.254000006720088223e+01,1.335364013916099157e+00
2.255000006723069816e+01,1.388276925959222252e+00
2.256000006726051410e+01,1.403885204383144014e+00
2.257000006729032648e+01,1.274555179597801624e+00
2.258000006732013887e+01,1.360067224966979849e+00
2.259000006734995125e+01,1.339883910122545707e+00
2.260000006737977074e+01,1.326929938657613217e+00
2.261000006740958312e+01,1.405537215029629472e+00
2.262000006743939551e+01,1.428924659800985042e+00
2.263000006746920789e+01,1.337953078411153962e+00
2.264000006749902383e+01,1.438003281911710785e+00
2.265000006752883976e+01,1.409311080483684142e+00
2.266000006755865215e+01,1.382321772158775941e+00
2.267000006758846453e+01,1.389640189764514089e+00
2.268000006761828402e+01,1.354992862838889645e+00
2.269000006764809640e+01,1.385820095617468883e+00
2.270000006767790879e+01,1.392738868345434478e+00
2.271000006770772117e+01,1.357257507959723331e+00
2.272000006773753711e+01,1.317911035728770663e+00
2.273000006776735304e+01,1.410788779936785975e+00
2.274000006779716543e+01,1.319476391133391324e+00
2.275000006782697781e+01,1.462533800244619098e+00
2.276000006785679375e+01,1.494156963124623649e+00
2.277000006788660613e+01,1.393960563850302758e+00
2.278000006791642207e+01,1.480273199227293279e+00
2.279000006794623445e+01,1.520154186304056632e+00
2.280000006797605039e+01,1.410292055639951192e+00
2.281000006800586277e+01,1.500019708862210699e+00
2.282000006803567871e+01,1.464541877306942075e+00
2.283000006806549109e+01,1.519106063979861032e+00
2.284000006809530703e+01,1.441524735569469362e+00
2.285000006812511941e+01,1.421433724901596030e+00
2.286000006815493535e+01,1.490520180006413842e+00
2.287000006818474773e+01,1.522921425726140532e+00
2.288000006821456367e+01,1.444289369249634358e+00
2.289000006824437605e+01,1.398202070305067046e+00
2.290000006827418844e+01,1.438880204757611025e+00
2.291000006830400437e+01,1.585955162790103401e+00
2.292000006833381676e+01,1.389224709838154270e+00
2.293000006836363269e+01,1.437873066701812474e+00
2.294000006839344508e+01,1.493539689393123204e+00
2.295000006842325746e+01,1.451609248816519537e+00
2.296000006845307340e+01,1.561042090713401720e+00
2.297000006848288933e+01,1.688515418822041703e+00
2.298000006851270172e+01,1.602284756200210047e+00
2.299000006854251765e+01,1.598617087767478795e+00
2.300000006857233004e+01,1.655789803950210581e+00
2.301000006860214597e+01,1.500890012033115894e+00
2.302000006863195836e+01,1.581985739094837307e+00
2.303000006866177074e+01,1.485464048785550162e+00
2.304000006869158668e+01,1.567784804160864853e+00
2.305000006872140261e+01,1.506862504121563529e+00
2.306000006875121500e+01,1.511815426619153468e+00
2.307000006878102738e+01,1.525291384714787313e+00
2.308000006881083976e+01,1.656413364608924299e+00
2.309000006884065925e+01,1.541882090461126342e+00
2.310000006887047164e+01,1.458177077312320824e+00
2.311000006890028402e+01,1.493382685777126628e+00
2.312000006893009640e+01,1.650755430141009894e+00
2.313000006895991589e+01,1.552654895391796908e+00
2.314000006898972828e+01,1.459723887211217486e+00
2.315000006901954066e+01,1.439633961557280406e+00
2.316000006904935304e+01,1.470222958672046110e+00
2.317000006907917253e+01,1.342564962894950531e+00
2.318000006910898492e+01,1.261191833352483194e+00
2.319000006913879730e+01,1.411761255130057124e+00
2.320000006916860968e+01,1.476995912414567513e+00
2.321000006919842562e+01,1.445367359061640933e+00
2.322000006922824156e+01,1.243613216873268534e+00
2.323000006925805394e+01,1.313536835131042579e+00
2.324000006928786632e+01,1.353012909184277968e+00
2.325000006931768226e+01,1.379191493877961916e+00
2.326000006934749464e+01,1.346583494579011608e+00
2.327000006937731058e+01,1.439773190801414415e+00
2.328000006940712296e+01,1.469865955261368429e+00
2.329000006943693890e+01,1.482185903248818715e+00
2.330000006946675484e+01,1.416834830129946043e+00
2.331000006949656722e+01,1.490078040006661109e+00
2.332000006952637960e+01,1.393544753829145444e+00
2.333000006955619554e+01,1.403513385036665673e+00
2.334000006958600792e+01,1.390503807507927014e+00
2.335000006961582386e+01,1.456583578709018667e+00
2.336000006964563624e+01,1.511530314879186765e+00
2.337000006967545218e+01,1.418484985928995856e+00
2.338000006970526456e+01,1.495703775985921302e+00
2.339000006973507695e+01,1.541178789228487389e+00
2.340000006976489288e+01,1.450513036761786889e+00
2.341000006979470882e+01,1.558788134769148126e+00
2.342000006982452120e+01,1.583134197070622529e+00
2.343000006985433359e+01,1.467119044397013905e+00
2.344000006988414953e+01,1.462344939611909700e+00
2.345000006991396191e+01,1.545558132655516781e+00
2.346000006994377785e+01,1.665672441831876016e+00
2.347000006997359023e+01,1.492240932522235441e+00
2.348000007000340617e+01,1.539953032789043608e+00
2.349000007003321855e+01,1.545773467067999896e+00
2.350000007006303449e+01,1.531703817329951089e+00
2.351000007009284687e+01,1.588436976951279611e+00
2.352000007012265925e+01,1.497003510278942739e+00
2.353000007015247519e+01,1.495133468962864143e+00
2.354000007018229113e+01,1.470301390051561796e+00
2.355000007021210351e+01,1.465406182799594781e+00
2.356000007024191589e+01,1.477554785602296139e+00
2.357000007027172828e+01,1.489359743715272355e+00
2.358000007030154777e+01,1.506513337759419535e+00
2.359000007033136015e+01,1.577867230746141880e+00
2.360000007036117253e+01,1.473901039500751464e+00
2.361000007039098492e+01,1.543440852790285645e+00
2.362000007042080441e+01,1.568064286609287317e+00
2.363000007045061679e+01,1.399730368196936858e+00
2.364000007048042917e+01,1.518373864889851266e+00
2.365000007051024156e+01,1.447026329964623770e+00
2.366000007054006105e+01,1.442354450472929983e+00
2.367000007056987343e+01,1.405794924110327582e+00
2.368000007059968581e+01,1.349238053815976945e+00
2.369000007062949820e+01,1.343766716265270889e+00
2.370000007065931413e+01,1.462251856748579160e+00
2.371000007068913007e+01,1.521583679759259899e+00
2.372000007071894245e+01,1.447619884769676402e+00
2.373000007074875484e+01,1.479801602280369943e+00
2.374000007077857077e+01,1.505310786881258078e+00
2.375000007080838671e+01,1.528039671944960265e+00
2.376000007083819909e+01,1.429772180898946088e+00
2.377000007086801148e+01,1.481279670370586832e+00
2.378000007089782741e+01,1.452096047469065399e+00
2.379000007092764335e+01,1.498190020831414726e+00
2.380000007095745573e+01,1.460044211211608989e+00
2.381000007098726812e+01,1.445492310157987736e+00
2.382000007101708405e+01,1.387105111372439747e+00
2.383000007104689644e+01,1.369082220968742769e+00
2.384000007107671237e+01,1.411571176466102528e+00
2.385000007110652476e+01,1.506829711597196031e+00
2.386000007113634069e+01,1.560424513086109854e+00
2.387000007116615308e+01,1.376970383921843677e+00
2.388000007119596546e+01,1.386979609665666580e+00
2.389000007122578140e+01,1.451350393266825245e+00
2.390000007125559733e+01,1.407326545544269836e+00
2.391000007128540972e+01,1.452021534604339470e+00
2.392000007131522210e+01,1.288535247972731446e+00
2.393000007134503804e+01,1.365839858745120150e+00
2.394000007137485397e+01,1.474844480296961802e+00
2.395000007140466636e+01,1.516541911454644120e+00
2.396000007143447874e+01,1.586510961945544196e+00
2.397000007146429468e+01,1.532253835355488869e+00
2.398000007149411061e+01,1.643881608054805099e+00
2.399000007152392300e+01,1.506395649582920715e+00
2.400000007155373538e+01,1.465078771887515563e+00
2.401000007158354776e+01,1.472322193817713343e+00
2.402000007161336370e+01,1.610960847089195624e+00
2.403000007164317964e+01,1.468709900616733011e+00
2.404000007167299202e+01,1.489861069076952038e+00
2.405000007170280441e+01,1.467461328540430543e+00
2.406000007173262034e+01,1.545611565898137085e+00
2.407000007176243628e+01,1.666664240789041740e+00
2.408000007179224866e+01,1.563292541812354219e+00
2.409000007182206105e+01,1.566097549103612430e+00
2.410000007185187698e+01,1.645869389871368549e+00
2.411000007188169292e+01,1.602940405784226918e+00
2.412000007191150530e+01,1.520347946405377071e+00
2.413000007194131769e+01,1.591089605343472435e+00
2.414000007197113007e+01,1.692325539143869184e+00
2.415000007200094956e+01,1.479555692538313982e+00
2.416000007203076194e+01,1.574226514037388336e+00
2.417000007206057433e+01,1.628454216391120202e+00
2.418000007209038671e+01,1.598917213455228747e+00
2.419000007212020265e+01,1.518753393667754858e+00
2.420000007215001858e+01,1.600258363203601153e+00
2.421000007217983097e+01,1.581077645771868934e+00
2.422000007220964335e+01,1.575903845070022680e+00
2.423000007223946284e+01,1.602437080136913661e+00
2.424000007226927522e+01,1.547247902880625192e+00
2.425000007229908761e+01,1.471396292025977104e+00
2.426000007232889999e+01,1.460127497731257495e+00
2.427000007235871593e+01,1.520091278836628979e+00
2.428000007238853186e+01,1.531719984522522227e+00
2.429000007241834425e+01,1.586853148005832548e+00
2.430000007244815663e+01,1.457219159523859942e+00
2.431000007247797257e+01,1.447290649858201883e+00
2.432000007250778495e+01,1.530252835049325189e+00
2.433000007253760089e+01,1.597062365653119542e+00
2.434000007256741327e+01,1.556295369330578104e+00
2.435000007259722921e+01,1.569003616547842261e+00
2.436000007262704159e+01,1.582858605984828637e+00
2.437000007265685397e+01,1.505708225281920942e+00
2.438000007268666991e+01,1.625187132454364969e+00
2.439000007271648585e+01,1.564456472365954642e+00
2.440000007274629823e+01,1.639615929553088991e+00
2.441000007277611417e+01,1.543154783530760632e+00
2.442000007280592655e+01,1.650285142407529104e+00
2.443000007283574249e+01,1.634166873066103642e+00
2.444000007286555487e+01,1.463730273603024212e+00
2.445000007289536725e+01,1.332451074681254344e+00
2.446000007292518319e+01,1.407622470367528411e+00
2.447000007295499913e+01,1.450544793897742935e+00
2.448000007298481151e+01,1.449306483250478728e+00
2.449000007301462389e+01,1.438084285256365114e+00
2.450000007304443628e+01,1.463195674365407761e+00
2.451000007307425577e+01,1.434330527870286254e+00
2.452000007310406815e+01,1.472737387754650351e+00
2.453000007313388053e+01,1.419069381399281404e+00
2.454000007316369647e+01,1.437277501227043119e+00
2.455000007319350885e+01,1.393978257485015249e+00
2.456000007322332479e+01,1.355166052064672222e+00
2.457000007325313717e+01,1.486201292157511400e+00
2.458000007328294956e+01,1.637312916731587187e+00
2.459000007331276549e+01,1.638488066651659469e+00
2.460000007334258143e+01,1.567677519063814362e+00
2.461000007337239381e+01,1.524604262828167078e+00
2.462000007340220620e+01,1.603765992912659311e+00
2.463000007343201858e+01,1.563071401963024964e+00
2.464000007346183807e+01,1.477594002925870287e+00
2.465000007349165045e+01,1.417206794545642579e+00
2.466000007352146284e+01,1.509637390385767164e+00
2.467000007355127522e+01,1.473233335700548041e+00
2.468000007358109116e+01,1.509642578217663234e+00
2.469000007361090709e+01,1.488495614359176544e+00
2.470000007364071948e+01,1.442179043206861744e+00
2.471000007367053186e+01,1.608433254413924374e+00
2.472000007370035135e+01,1.580242915049097308e+00
2.473000007373016373e+01,1.479447174476747895e+00
2.474000007375997612e+01,1.583467371314680294e+00
2.475000007378978850e+01,1.451112874921793194e+00
2.476000007381960444e+01,1.522505973360932741e+00
2.477000007384942037e+01,1.381728709467353822e+00
2.478000007387923276e+01,1.432402761504676381e+00
2.479000007390904514e+01,1.399021630139883454e+00
2.480000007393886108e+01,1.382806667086536656e+00
2.481000007396867346e+01,1.418296161377245346e+00
2.482000007399848940e+01,1.523201448206856545e+00
2.483000007402830178e+01,1.502772101514985970e+00
2.484000007405811772e+01,1.468150590663723998e+00
2.485000007408793365e+01,1.550481861063792488e+00
2.486000007411774604e+01,1.677143700315062214e+00
2.487000007414755842e+01,1.398976012631151011e+00
2.488000007417737436e+01,1.473180768023292231e+00
2.489000007420718674e+01,1.418986351579209160e+00
2.490000007423700268e+01,1.507320687955060468e+00
2.491000007426681506e+01,1.582803565019699432e+00
2.492000007429663100e+01,1.502815945491537297e+00
2.493000007432644338e+01,1.452647317616477363e+00
2.494000007435625577e+01,1.440447288975095441e+00
2.495000007438607170e+01,1.414689509713954907e+00
2.496000007441588764e+01,1.480325983806112689e+00
2.497000007444570002e+01,1.439194785838388668e+00
2.498000007447551241e+01,1.468805970369323921e+00
2.499000007450532479e+01,1.568228578505112436e+00
2.500000007453514428e+01,1.620403121205087116e+00
2.501000007456495666e+01,1.475648755192057626e+00
2.502000007459476905e+01,1.347958997006772686e+00
2.503000007462458498e+01,1.331143335882972512e+00
2.504000007465440092e+01,1.457093307200751253e+00
2.505000007468421330e+01,1.409019202439326213e+00
2.506000007471402569e+01,1.387965568051271470e+00
2.507000007474383807e+01,1.342414089050735448e+00
2.508000007477365756e+01,1.461441311288010692e+00
2.509000007480346994e+01,1.414987961866868593e+00
2.510000007483328233e+01,1.464014559328840948e+00
2.511000007486309471e+01,1.460662573995262559e+00
2.512000007489290709e+01,1.411010385191759253e+00
2.513000007492272658e+01,1.448911770643463548e+00
2.514000007495253897e+01,1.413733603744391054e+00
2.515000007498235135e+01,1.352296724257235905e+00
2.516000007501216729e+01,1.318062409970007787e+00
2.517000007504198322e+01,1.312161505414035867e+00
2.518000007507179561e+01,1.279451389116392557e+00
2.519000007510160799e+01,1.381542744189641292e+00
2.520000007513142037e+01,1.393447640921881225e+00
2.521000007516123986e+01,1.486559267363458670e+00
2.522000007519105225e+01,1.482761976489879174e+00
2.523000007522086463e+01,1.321755182669423379e+00
2.524000007525067701e+01,1.418176134676125466e+00
2.525000007528049295e+01,1.311337120663627731e+00
2.526000007531030889e+01,1.388571912925812057e+00
2.527000007534012127e+01,1.313095998470132697e+00
2.528000007536993365e+01,1.327342320314985447e+00
2.529000007539974959e+01,1.389111235442306524e+00
2.530000007542956197e+01,1.471362542605538115e+00
2.531000007545937791e+01,1.422229409751433638e+00
2.532000007548919029e+01,1.439789861911716207e+00
2.533000007551900623e+01,1.352176541273652610e+00
2.534000007554882217e+01,1.402070362406856230e+00
2.535000007557863455e+01,1.278442429720328510e+00
2.536000007560844693e+01,1.345688501772365653e+00
2.537000007563826287e+01,1.397965486711830740e+00
2.538000007566807525e+01,1.326008862328234672e+00
2.539000007569789119e+01,1.305549499819630199e+00
2.540000007572770357e+01,1.378243394127135035e+00
2.541000007575751951e+01,1.423394566731176480e+00
2.542000007578733189e+01,1.508756959900140027e+00
2.543000007581714428e+01,1.453552806603871206e+00
2.544000007584696021e+01,1.409629651072452639e+00
2.545000007587677615e+01,1.477478795938549139e+00
2.546000007590658853e+01,1.365020382674617450e+00
2.547000007593640447e+01,1.463221781092309159e+00
2.548000007596621330e+01,1.486296770319003979e+00
2.549000007599603279e+01,1.449976377387501847e+00
2.550000007602584517e+01,1.389150699224440233e+00
2.551000007605565756e+01,1.492494995767126076e+00
2.552000007608547349e+01,1.414124334496648983e+00
2.553000007611528943e+01,1.518194628983977612e+00
2.554000007614510181e+01,1.462029709203142458e+00
2.555000007617491420e+01,1.557905966858167623e+00
2.556000007620472658e+01,1.400559582680817705e+00
2.557000007623454607e+01,1.512616988443102883e+00
2.558000007626435846e+01,1.401498343929970192e+00
2.559000007629417084e+01,1.571674973547696252e+00
2.560000007632398322e+01,1.537764776206813178e+00
2.561000007635379561e+01,1.508777176690501154e+00
2.562000007638361510e+01,1.607001605710576486e+00
2.563000007641342748e+01,1.540115285973042258e+00
2.564000007644323986e+01,1.583721589189744483e+00
2.565000007647305580e+01,1.571393389901953874e+00
2.566000007650287174e+01,1.579597679593591986e+00
2.567000007653268412e+01,1.629768390635420339e+00
2.568000007656249650e+01,1.529319445630851648e+00
2.569000007659230889e+01,1.565958447424778743e+00
2.570000007662212838e+01,1.613810343255835056e+00
2.571000007665194076e+01,1.568736472263595472e+00
2.572000007668175314e+01,1.563724736541327154e+00
2.573000007671156553e+01,1.606129131340622074e+00
2.574000007674138146e+01,1.557915502506443284e+00
2.575000007677119740e+01,1.575920113668022315e+00
2.576000007680100978e+01,1.505239208015334729e+00
2.577000007683082217e+01,1.585685303605735452e+00
2.578000007686064166e+01,1.479086145529063812e+00
2.579000007689045049e+01,1.526790102892105816e+00
2.580000007692026642e+01,1.490303095237154318e+00
2.581000007695007881e+01,1.585841054315708432e+00
2.582000007697989474e+01,1.564318570996578783e+00
2.583000007700971068e+01,1.614304338155537311e+00
2.584000007703952306e+01,1.626591720297409616e+00
2.585000007706933545e+01,1.536512940200389421e+00
2.586000007709915138e+01,1.560818620359567310e+00
2.587000007712896377e+01,1.706238905099404013e+00
2.588000007715877970e+01,1.667977469388064460e+00
2.589000007718859209e+01,1.676543509939895982e+00
2.590000007721840802e+01,1.595142852231738129e+00
2.591000007724822041e+01,1.726094218468722685e+00
2.592000007727803279e+01,1.698766875331710668e+00
2.593000007730784873e+01,1.682917594965514851e+00
2.594000007733766466e+01,1.665722266740935931e+00
2.595000007736747705e+01,1.588065762393244817e+00
2.596000007739729298e+01,1.651153209382576259e+00
2.597000007742710537e+01,1.811343472417801914e+00
2.598000007745692130e+01,1.628362632440760516e+00
2.599000007748673369e+01,1.656067073642957466e+00
2.600000007751654607e+01,1.752485981190154529e+00
2.601000007754636201e+01,1.796856886693336541e+00
2.602000007757617794e+01,1.647944923606094125e+00
2.603000007760599033e+01,1.496176180989108540e+00
2.604000007763580271e+01,1.608752462532759386e+00
2.605000007766561509e+01,1.449117484314356830e+00
2.606000007769543458e+01,1.394940058403642213e+00
2.607000007772524697e+01,1.376221984527499664e+00
2.608000007775505935e+01,1.397975843705030030e+00
2.609000007778487529e+01,1.474539580790005466e+00
2.610000007781468767e+01,1.361288826309612343e+00
2.611000007784450361e+01,1.506007965771319457e+00
2.612000007787431599e+01,1.630454289091285425e+00
2.613000007790412837e+01,1.531807358229713589e+00
2.614000007793394786e+01,1.486984544484746706e+00
2.615000007796376025e+01,1.560264946864684754e+00
2.616000007799357263e+01,1.498048439353902195e+00
2.617000007802338502e+01,1.557534939354105363e+00
2.618000007805319740e+01,1.477774350588612284e+00
2.619000007808301689e+01,1.662986088792770989e+00
2.620000007811282927e+01,1.608079160054365131e+00
2.621000007814264166e+01,1.512356301856696783e+00
2.622000007817245404e+01,1.535401730744209159e+00
2.623000007820226998e+01,1.607908791777743485e+00
2.624000007823208591e+01,1.520631684874369061e+00
2.625000007826189830e+01,1.517132810118966280e+00
2.626000007829171068e+01,1.696251542716526117e+00
2.627000007832153017e+01,1.641080092935162549e+00
2.628000007835134255e+01,1.567797721512707909e+00
2.629000007838115494e+01,1.637375136135425846e+00
2.630000007841096732e+01,1.663973681777787039e+00
2.631000007844078326e+01,1.566606132178524291e+00
2.632000007847059919e+01,1.603072303494272211e+00
2.633000007850041158e+01,1.607610902124045449e+00
2.634000007853022396e+01,1.694582413496314777e+00
2.635000007856003990e+01,1.759323866531435687e+00
2.636000007858985228e+01,1.866321193182902016e+00
2.637000007861966822e+01,1.689495579051993213e+00
2.638000007864948060e+01,1.667280048997068276e+00
2.639000007867929654e+01,1.498522223663174779e+00
2.640000007870911247e+01,1.529685935873395186e+00
2.641000007873892130e+01,1.651176412067381971e+00
2.642000007876873724e+01,1.598878489977874962e+00
2.643000007879855318e+01,1.771117057019610863e+00
2.644000007882836556e+01,1.698422363285055914e+00
2.645000007885818150e+01,1.719587407849143323e+00
2.646000007888799388e+01,1.775263414414746554e+00
2.647000007891780982e+01,1.842379139542021926e+00
2.648000007894762220e+01,1.731693163240280997e+00
2.649000007897743458e+01,1.747378931251936107e+00
2.650000007900725052e+01,1.784492752917168135e+00
2.651000007903706646e+01,1.660606097313208185e+00
2.652000007906687884e+01,1.653724336924340843e+00
2.653000007909669122e+01,1.784649301371853403e+00
2.654000007912650361e+01,1.688290085710988819e+00
2.655000007915632310e+01,1.660987665940172775e+00
2.656000007918613548e+01,1.600922296327848438e+00
2.657000007921594786e+01,1.587921749991124676e+00
2.658000007924576380e+01,1.643733822666644473e+00
2.659000007927557974e+01,1.700831682191640271e+00
2.660000007930539212e+01,1.682962719223219272e+00
2.661000007933520450e+01,1.573947450228580625e+00
2.662000007936501689e+01,1.698334723248162925e+00
2.663000007939483638e+01,1.688473845749072444e+00
2.664000007942464876e+01,1.659382256646533271e+00
2.665000007945446114e+01,1.492180027034320622e+00
2.666000007948427353e+01,1.634234274253425490e+00
2.667000007951408946e+01,1.669605980586726934e+00
2.668000007954390540e+01,1.638721980138562406e+00
2.669000007957371778e+01,1.415293542674279870e+00
2.670000007960353017e+01,1.606010046101360222e+00
2.671000007963334255e+01,1.475602456450883837e+00
2.672000007966315849e+01,1.644967453563194182e+00
2.673000007969297442e+01,1.632391522290889574e+00
2.674000007972278681e+01,1.602715915788093692e+00
2.675000007975259919e+01,1.675881206550032143e+00
2.676000007978241868e+01,1.721544047151996715e+00
2.677000007981223106e+01,1.674149643100383278e+00
2.678000007984204345e+01,1.682256785894036932e+00
2.679000007987185583e+01,1.575424575160817797e+00
2.680000007990167177e+01,1.612466573599339315e+00
2.681000007993148770e+01,1.533767782541766600e+00
2.682000007996130009e+01,1.561430527535642820e+00
2.683000007999111247e+01,1.528907568472557710e+00
2.684000008002092841e+01,1.568027898545654386e+00
2.685000008005074079e+01,1.614826041511790988e+00
2.686000008008055673e+01,1.654157259710268058e+00
2.687000008011036911e+01,1.550895171418407159e+00
2.688000008014018505e+01,1.556850166684430992e+00
2.689000008017000098e+01,1.456268196663286663e+00
2.690000008019981337e+01,1.750576307345662608e+00
2.691000008022962575e+01,1.520303628725388823e+00
2.692000008025944169e+01,1.651540340070895674e+00
2.693000008028925407e+01,1.466427930475086017e+00
2.694000008031907001e+01,1.553761632234984535e+00
2.695000008034888239e+01,1.566643815675306861e+00
2.696000008037869833e+01,1.633730089407935626e+00
2.697000008040851071e+01,1.561513602662282008e+00
2.698000008043832310e+01,1.650323745534032938e+00
2.699000008046813903e+01,1.704004974604395484e+00
2.700000008049795497e+01,1.765516775304284192e+00
2.701000008052776735e+01,1.758467412572046751e+00
2.702000008055757974e+01,1.742425698372706000e+00
2.703000008058739212e+01,1.792063194529136982e+00
2.704000008061721161e+01,1.728123929900353462e+00
2.705000008064702399e+01,1.689352298410691011e+00
2.706000008067683638e+01,1.611510225850298905e+00
2.707000008070665231e+01,1.641144427313350196e+00
2.708000008073646825e+01,1.665010369977937721e+00
2.709000008076628063e+01,1.685771731379213101e+00
2.710000008079609302e+01,1.708775908417114353e+00
2.711000008082590540e+01,1.603925544159481964e+00
2.712000008085572489e+01,1.695786767861477085e+00
2.713000008088553727e+01,1.705346207970805938e+00
2.714000008091534966e+01,1.654987066366945259e+00
2.715000008094516204e+01,1.597848611081236436e+00
2.716000008097497798e+01,1.479830467733876720e+00
2.717000008100479391e+01,1.836847659637206753e+00
2.718000008103460630e+01,1.587426608874789258e+00
2.719000008106441868e+01,1.745486398168952569e+00
2.720000008109423817e+01,1.656455147184187071e+00
2.721000008112405055e+01,1.652333830289443251e+00
2.722000008115386294e+01,1.584804611660679763e+00
2.723000008118367532e+01,1.561222329240517182e+00
2.724000008121348770e+01,1.667085919216717338e+00
2.725000008124330719e+01,1.766513009269515377e+00
2.726000008127311958e+01,1.505884554277161724e+00
2.727000008130293196e+01,1.574919183816869683e+00
2.728000008133274434e+01,1.559154768439244831e+00
2.729000008136256028e+01,1.632459923840147376e+00
2.730000008139237622e+01,1.557302979479515015e+00
2.731000008142218860e+01,1.534600020441034163e+00
2.732000008145200098e+01,1.746519684873718781e+00
2.733000008148181692e+01,1.607412399941544390e+00
2.734000008151162930e+01,1.657885322765560776e+00
2.735000008154144524e+01,1.514112580757097870e+00
2.736000008157125762e+01,1.488494975493526162e+00
2.737000008160107356e+01,1.562815359320263164e+00
2.738000008163088950e+01,1.625193162721509488e+00
2.739000008166070188e+01,1.694804332877937858e+00
2.740000008169051426e+01,1.772332353170712693e+00
2.741000008172033020e+01,1.661701047915995932e+00
2.742000008175014258e+01,1.702942921484966732e+00
2.743000008177995852e+01,1.633427897282178520e+00
2.744000008180977090e+01,1.768098618320606441e+00
2.745000008183958684e+01,1.630038967594983568e+00
2.746000008186939922e+01,1.658509452513446281e+00
2.747000008189921161e+01,1.819605311884158638e+00
2.748000008192902754e+01,1.592858802984279842e+00
2.749000008195884348e+01,1.710696426793723024e+00
2.750000008198865586e+01,1.757512902973417113e+00
2.751000008201847180e+01,1.770989072555477106e+00
2.752000008204828418e+01,1.614055058118352592e+00
2.753000008207810012e+01,1.613699538262524991e+00
2.754000008210791250e+01,1.662345980310384164e+00
2.755000008213772489e+01,1.639469436498589117e+00
2.756000008216754082e+01,1.560503506753877723e+00
2.757000008219735676e+01,1.618316078181615048e+00
2.758000008222716914e+01,1.621751129332376085e+00
2.759000008225698153e+01,1.691377019806374227e+00
2.760000008228679391e+01,1.585912875797638621e+00
2.761000008231661340e+01,1.577204843092356423e+00
2.762000008234642578e+01,1.514916411264563001e+00
2.763000008237623817e+01,1.460872171184072199e+00
2.764000008240605055e+01,1.525347014329525575e+00
2.765000008243586649e+01,1.483289008737223469e+00
2.766000008246568242e+01,1.556385719074311558e+00
2.767000008249549481e+01,1.577884169327180119e+00
2.768000008252530719e+01,1.569239129923770681e+00
2.769000008255512668e+01,1.564918609333458610e+00
2.770000008258493907e+01,1.443145080211269748e+00
2.771000008261475145e+01,1.378645423955725313e+00
2.772000008264456383e+01,1.425006263689804653e+00
2.773000008267437977e+01,1.447776895133231712e+00
2.774000008270419571e+01,1.481862800833367633e+00
2.775000008273400809e+01,1.432137812821068668e+00
2.776000008276382047e+01,1.458588811128792795e+00
2.777000008279363641e+01,1.572359998422081517e+00
2.778000008282344879e+01,1.498928221612133793e+00
2.779000008285326473e+01,1.606967037691163336e+00
2.780000008288307711e+01,1.447154846318258414e+00
2.781000008291288950e+01,1.544659846929124392e+00
2.782000008294270899e+01,1.600857188817918386e+00
2.783000008297252137e+01,1.505195778749797375e+00
2.784000008300233375e+01,1.528158992517054893e+00
2.785000008303214614e+01,1.440066662184139146e+00
2.786000008306196207e+01,1.519349333828964532e+00
2.787000008309177801e+01,1.482527746145273717e+00
2.788000008312159039e+01,1.521697368865849720e+00
2.789000008315140278e+01,1.615034539031320326e+00
2.790000008318121871e+01,1.602968417406504642e+00
2.791000008321103110e+01,1.500697349434312766e+00
2.792000008324084703e+01,1.591571303158143547e+00
2.793000008327065942e+01,1.593086859082824880e+00
2.794000008330047535e+01,1.537374746987327123e+00
2.795000008333028774e+01,1.495767392235076043e+00
2.796000008336010012e+01,1.574177975738155544e+00
2.797000008338991606e+01,1.532111302418315057e+00
2.798000008341973199e+01,1.567895118029203783e+00
2.799000008344954438e+01,1.556045810294982790e+00
2.800000008347936031e+01,1.412211986452370116e+00
2.801000008350917270e+01,1.545432172278472738e+00
2.802000008353898863e+01,1.487346790292956911e+00
2.803000008356880102e+01,1.461069881001715309e+00
2.804000008359861340e+01,1.401603000477107841e+00
2.805000008362842934e+01,1.419772278986000780e+00
2.806000008365824527e+01,1.402434122548980922e+00
2.807000008368805766e+01,1.487832864637876229e+00
2.808000008371787004e+01,1.413257572805610485e+00
2.809000008374768242e+01,1.495148267692850697e+00
2.810000008377750191e+01,1.482439628018649147e+00
2.811000008380731430e+01,1.402673317598136071e+00
2.812000008383712668e+01,1.392382466635244009e+00
2.813000008386694262e+01,1.361336369933416224e+00
2.814000008389675855e+01,1.310059022635684522e+00
2.815000008392657094e+01,1.386341377889660720e+00
2.816000008395638332e+01,1.290830830632808235e+00
2.817000008398619570e+01,1.235064322021458105e+00
2.818000008401601519e+01,1.185217586871889717e+00
2.819000008404582758e+01,1.225392790413378563e+00
2.820000008407563996e+01,1.237135118469413264e+00
2.821000008410545234e+01,1.241441299806104626e+00
2.822000008413526828e+01,1.280942667963909765e+00
2.823000008416508422e+01,1.264335826817325481e+00
2.824000008419489660e+01,1.308396919153207882e+00
2.825000008422470898e+01,1.243437981687319560e+00
2.826000008425452847e+01,1.365844522305927899e+00
2.827000008428433731e+01,1.406053539989075007e+00
2.828000008431415324e+01,1.377414935687283792e+00
2.829000008434396563e+01,1.393823469758631362e+00
2.830000008437378156e+01,1.384147444612577660e+00
2.831000008440359750e+01,1.488243574677786230e+00
2.832000008443340633e+01,1.483040801333623815e+00
2.833000008446322227e+01,1.600312365259776382e+00
2.834000008449303465e+01,1.758709275896568114e+00
2.835000008452285059e+01,1.904674119251932973e+00
2.836000008455266652e+01,1.839270698025159190e+00
2.837000008458247891e+01,1.661531543365980523e+00
2.838000008461229129e+01,1.629303044420687963e+00
2.839000008464211078e+01,1.656411647777666252e+00
2.840000008467191961e+01,1.670234692522952091e+00
2.841000008470173555e+01,1.803801153020327508e+00
2.842000008473154793e+01,1.526336971113725127e+00
2.843000008476136387e+01,1.534923771957315886e+00
2.844000008479117980e+01,1.496324759645039748e+00
2.845000008482098863e+01,1.571682438479862887e+00
2.846000008485080457e+01,1.648150068982469962e+00
2.847000008488062051e+01,1.448489376352022573e+00
2.848000008491043289e+01,1.469319054050073126e+00
2.849000008494024883e+01,1.418359507995976765e+00
2.850000008497005766e+01,1.467866410419934819e+00
2.851000008499987715e+01,1.478041222698215362e+00
2.852000008502968953e+01,1.552072526768560667e+00
2.853000008505950191e+01,1.662339307347524109e+00
2.854000008508931785e+01,1.538221575863839785e+00
2.855000008511913379e+01,1.357292917569645541e+00
2.856000008514894617e+01,1.393963958989312024e+00
2.857000008517876211e+01,1.303708883822776388e+00
2.858000008520857094e+01,1.378673565258397238e+00
2.859000008523839043e+01,1.527164961330293780e+00
2.860000008526820281e+01,1.463797594317522099e+00
2.861000008529801519e+01,1.470450909006840057e+00
2.862000008532783113e+01,1.388078593505547520e+00
2.863000008535764351e+01,1.457393179341383460e+00
2.864000008538745945e+01,1.517085157651999250e+00
2.865000008541727183e+01,1.363081825159166316e+00
2.866000008544708422e+01,1.417479906479395702e+00
2.867000008547690371e+01,1.400410277768386003e+00
2.868000008550671609e+01,1.342470968037968948e+00
2.869000008553652847e+01,1.359564165037594252e+00
2.870000008556634441e+01,1.372131407757496424e+00
2.871000008559615679e+01,1.309910754785047260e+00
2.872000008562597273e+01,1.448379969240500387e+00
2.873000008565578511e+01,1.443327456057941438e+00
2.874000008568559750e+01,1.433434851029110835e+00
2.875000008571541699e+01,1.482687065195077869e+00
2.876000008574522582e+01,1.450062624786242482e+00
2.877000008577504175e+01,1.493680578239768630e+00
2.878000008580485414e+01,1.414422580521993211e+00
2.879000008583467007e+01,1.456705432701286496e+00
2.880000008586448601e+01,1.468871440045558696e+00
2.881000008589429484e+01,1.458840118692622090e+00
2.882000008592411078e+01,1.487107442470374963e+00
2.883000008595392671e+01,1.527941948711644793e+00
2.884000008598373910e+01,1.516736988730852387e+00
2.885000008601355503e+01,1.450020993531893065e+00
2.886000008604336742e+01,1.495931324154658348e+00
2.887000008607318335e+01,1.493163583535866312e+00
2.888000008610299929e+01,1.607032262862953642e+00
2.889000008613280812e+01,1.552378395411064371e+00
2.890000008616262406e+01,1.480322024773843115e+00
2.891000008619243644e+01,1.445204699069049470e+00
2.892000008622225238e+01,1.450001230742834935e+00
2.893000008625206831e+01,1.493810329291878514e+00
2.894000008628187715e+01,1.475214021069338965e+00
2.895000008631169308e+01,1.505589706281533546e+00
2.896000008634150902e+01,1.406057141067591276e+00
2.897000008637132140e+01,1.360513637888403071e+00
2.898000008640113734e+01,1.281442745506544911e+00
2.899000008643094972e+01,1.510077959461371799e+00
2.900000008646076566e+01,1.527161963355444296e+00
2.901000008649058159e+01,1.433933536544826692e+00
2.902000008652039043e+01,1.479660137640557593e+00
2.903000008655020636e+01,1.289854366191536927e+00
2.904000008658002230e+01,1.338830989371822433e+00
2.905000008660983468e+01,1.282198693636270148e+00
2.906000008663965062e+01,1.319044081336015362e+00
2.907000008666945945e+01,1.285666096521670632e+00
2.908000008669927894e+01,1.352129981613552134e+00
2.909000008672909132e+01,1.494554500677857334e+00
2.910000008675890371e+01,1.313849188437230087e+00
2.911000008678871964e+01,1.351743476339879679e+00
2.912000008681853203e+01,1.231996398639382484e+00
2.913000008684834796e+01,1.248071912141327955e+00
2.914000008687816035e+01,1.285970212707740146e+00
2.915000008690797273e+01,1.304997423073312346e+00
2.916000008693779222e+01,1.332964507510231433e+00
2.917000008696760460e+01,1.354110545937963206e+00
2.918000008699741699e+01,1.334391213053876424e+00
2.919000008702723292e+01,1.395699293330617152e+00
2.920000008705704531e+01,1.394683506679105234e+00
2.921000008708686124e+01,1.352304934771674461e+00
2.922000008711667363e+01,1.322271129465576456e+00
2.923000008714648601e+01,1.314765018006309516e+00
2.924000008717630550e+01,1.480352930141882961e+00
2.925000008720611433e+01,1.288137560865753928e+00
2.926000008723593027e+01,1.364933272701662093e+00
2.927000008726574265e+01,1.391063930163210172e+00
2.928000008729555859e+01,1.395877102197088826e+00
2.929000008732537452e+01,1.335026208051993457e+00
2.930000008735518691e+01,1.353092187248275069e+00
2.931000008738499929e+01,1.278707337816598288e+00
2.932000008741481523e+01,1.371105973933862465e+00
2.933000008744462761e+01,1.318803259666200933e+00
2.934000008747444355e+01,1.451047789959149847e+00
2.935000008750425593e+01,1.385616076946187603e+00
2.936000008753407187e+01,1.367861243329819620e+00
2.937000008756388780e+01,1.330720659896194924e+00
2.938000008759369663e+01,1.281884092387918450e+00
2.939000008762351257e+01,1.321612873462740145e+00
2.940000008765332851e+01,1.402118609963395768e+00
2.941000008768314089e+01,1.505367613519014602e+00
2.942000008771295683e+01,1.393638816907937006e+00
2.943000008774276566e+01,1.410242712570274559e+00
2.944000008777258159e+01,1.375172574230604461e+00
2.945000008780239753e+01,1.279854255735547452e+00
2.946000008783220991e+01,1.193296545806581843e+00
2.947000008786202585e+01,1.289178794622772184e+00
2.948000008789183823e+01,1.285604952291987235e+00
2.949000008792165417e+01,1.337185107807523199e+00
2.950000008795147011e+01,1.288315302294977593e+00
2.951000008798127894e+01,1.318216772676432891e+00
2.952000008801109487e+01,1.285905880289498704e+00
2.953000008804091081e+01,1.267790405997933689e+00
2.954000008807072319e+01,1.273597994386801657e+00
2.955000008810053913e+01,1.255640357022751452e+00
2.956000008813034796e+01,1.275607124515791169e+00
2.957000008816016745e+01,1.130768119968561969e+00
2.958000008818997983e+01,1.203648691843834717e+00
2.959000008821979222e+01,1.193967860991749674e+00
2.960000008824960815e+01,1.229609898370021881e+00
2.961000008827942409e+01,1.214712378137030369e+00
2.962000008830923647e+01,1.134462957428858054e+00
2.963000008833904886e+01,1.205950708048606046e+00
2.964000008836886124e+01,1.251352326366651946e+00
2.965000008839868073e+01,1.269955609117781270e+00
2.966000008842849311e+01,1.538990571516731132e+00
2.967000008845830550e+01,1.457350326323632483e+00
2.968000008848812143e+01,1.255293996523080269e+00
2.969000008851793382e+01,1.227699865385030842e+00
2.970000008854774975e+01,1.247733213891973003e+00
2.971000008857756214e+01,1.266977741732298046e+00
2.972000008860737452e+01,1.321683931120261057e+00
2.973000008863719401e+01,1.361621261459376120e+00
2.974000008866700284e+01,1.328547929013569107e+00
2.975000008869681878e+01,1.270323456547092666e+00
2.976000008872663116e+01,1.212359797870330658e+00
2.977000008875644710e+01,1.313494583742044641e+00
2.978000008878626303e+01,1.324295141733484726e+00
2.979000008881607542e+01,1.256464175624940838e+00
2.980000008884588780e+01,1.265937966596508035e+00
2.981000008887570729e+01,1.149083463979494679e+00
2.982000008890551612e+01,1.274075221277642056e+00
2.983000008893533206e+01,1.330908758930618330e+00
2.984000008896514444e+01,1.371243284504548576e+00
2.985000008899496038e+01,1.308991392700459055e+00
2.986000008902477632e+01,1.135639215629909549e+00
2.987000008905458515e+01,1.212941564360824342e+00
2.988000008908440108e+01,1.211459259006578915e+00
2.989000008911421702e+01,1.232654059881626907e+00
2.990000008914402940e+01,1.335262535780426862e+00
2.991000008917384534e+01,1.280820226670634110e+00
2.992000008920365772e+01,1.184773374464191731e+00
2.993000008923347366e+01,1.292808196670823140e+00
2.994000008926328604e+01,1.284683618710447561e+00
2.995000008929309843e+01,1.417921829732529559e+00
2.996000008932291436e+01,1.403805519465699758e+00
2.997000008935273030e+01,1.362013692809523002e+00
2.998000008938254268e+01,1.438435560825043646e+00
2.999000008941235862e+01,1.387175679130038919e+00
3.000000008944216745e+01,1.481310193245986451e+00
3.001000008947197983e+01,1.471543196067986781e+00
3.002000008950179577e+01,1.391797911585554548e+00
3.003000008953161171e+01,1.366888943856413352e+00
3.004000008956142409e+01,1.454836744790536374e+00
3.005000008959123647e+01,1.283201107729633916e+00
3.006000008962105241e+01,1.309541141803596487e+00
3.007000008965086835e+01,1.335320600040405647e+00
3.008000008968068073e+01,1.377350329813717744e+00
3.009000008971049311e+01,1.338752480420584146e+00
3.010000008974030905e+01,1.357070368453380471e+00
3.011000008977012143e+01,1.377529249393544708e+00
3.012000008979993737e+01,1.381338066375308538e+00
3.013000008982974975e+01,1.375830879852196542e+00
3.014000008985956569e+01,1.519668405601687367e+00
3.015000008988937807e+01,1.509104248335288112e+00
3.016000008991919401e+01,1.608722055272983287e+00
3.017000008994900639e+01,1.431020410530300824e+00
3.018000008997882233e+01,1.559847081612293129e+00
3.019000009000863471e+01,1.541220890852530667e+00
3.020000009003845065e+01,1.444541037486435364e+00
3.021000009006826303e+01,1.514670568704350018e+00
3.022000009009807897e+01,1.534716591547621967e+00
3.023000009012789135e+01,1.424280726764848959e+00
3.024000009015770374e+01,1.432230742958118697e+00
3.025000009018751967e+01,1.262788435960352285e+00
3.026000009021733561e+01,1.304961250238088510e+00
3.027000009024714799e+01,1.193259424967659355e+00
3.028000009027696038e+01,1.288005822330960948e+00
3.029000009030677631e+01,1.315236669338534670e+00
3.030000009033659225e+01,1.319729658008381934e+00
3.031000009036640463e+01,1.403115747661593415e+00
3.032000009039621702e+01,1.274883168669576294e+00
3.033000009042602940e+01,1.243696566751110399e+00
3.034000009045584889e+01,1.354053709977819819e+00
3.035000009048566127e+01,1.356546516058326768e+00
3.036000009051547366e+01,1.298483619774314590e+00
3.037000009054528604e+01,1.310461054944388026e+00
3.038000009057510553e+01,1.263308888183046097e+00
3.039000009060491792e+01,1.406285382535586548e+00
3.040000009063473030e+01,1.249481523712172137e+00
3.041000009066454268e+01,1.227635984442802197e+00
3.042000009069435862e+01,1.291541587072557951e+00
3.043000009072417456e+01,1.242376661033095075e+00
3.044000009075398694e+01,1.216077984824595948e+00
3.045000009078379932e+01,1.143677162156245819e+00
3.046000009081361526e+01,1.189702889134599317e+00
3.047000009084343120e+01,1.048555012879844872e+00
3.048000009087324358e+01,1.201290437592611005e+00
3.049000009090305596e+01,1.337057826989734410e+00
3.050000009093286835e+01,1.314053512386977207e+00
3.051000009096268428e+01,1.414327916452657874e+00
3.052000009099250022e+01,1.332375108043466705e+00
3.053000009102231260e+01,1.316154394085003121e+00
3.054000009105212499e+01,1.317025668096839075e+00
3.055000009108194092e+01,1.367723048155140564e+00
3.056000009111175686e+01,1.454017384291580228e+00
3.057000009114156924e+01,1.524961444715860148e+00
3.058000009117138163e+01,1.387197595212058321e+00
3.059000009120119756e+01,1.443567128260484278e+00
3.060000009123101350e+01,1.253807740416788441e+00
3.061000009126082588e+01,1.386219697118883154e+00
3.062000009129063827e+01,1.425039328075335954e+00
3.063000009132045420e+01,1.335285775468480152e+00
3.064000009135026659e+01,1.304425381014057583e+00
3.065000009138008252e+01,1.455385363551397582e+00
3.066000009140989491e+01,1.436796519107493841e+00
3.067000009143971084e+01,1.428441398566001164e+00
3.068000009146952323e+01,1.341664823184969269e+00
3.069000009149933916e+01,1.383889340951746538e+00
3.070000009152915155e+01,1.455243883904565605e+00
3.071000009155896748e+01,1.424169769452033885e+00
3.072000009158877987e+01,1.539339547801284791e+00
3.073000009161859225e+01,1.515435637099966426e+00
3.074000009164840819e+01,1.491423406388775463e+00
3.075000009167822412e+01,1.480572198629487746e+00
3.076000009170803651e+01,1.419189401464522549e+00
3.077000009173784889e+01,1.343614184109363174e+00
3.078000009176766483e+01,1.402787463276351287e+00
3.079000009179748076e+01,1.417777877946237108e+00
3.080000009182729315e+01,1.459426776099820300e+00
3.081000009185710553e+01,1.334816578062513193e+00
3.082000009188691791e+01,1.467710441182922043e+00
3.083000009191673740e+01,1.456380896939287961e+00
3.084000009194654979e+01,1.378067114139059024e+00
3.085000009197636217e+01,1.395050306386285133e+00
3.086000009200617455e+01,1.432157290010963369e+00
3.087000009203599404e+01,1.347007696033896806e+00
3.088000009206580643e+01,1.423580081055945357e+00
3.089000009209561881e+01,1.439980493328899769e+00
3.090000009212543119e+01,1.247714750856775190e+00
3.091000009215525068e+01,1.499662874260037970e+00
3.092000009218506307e+01,1.502216366127389069e+00
3.093000009221487545e+01,1.557211285543355750e+00
3.094000009224468783e+01,1.494241513268514510e+00
3.095000009227450377e+01,1.548893338993882152e+00
3.096000009230431971e+01,1.445039913682375943e+00
3.097000009233413209e+01,1.421581604346455086e+00
3.098000009236394447e+01,1.393299587860221678e+00
3.099000009239376041e+01,1.421938576636026408e+00
3.100000009242357635e+01,1.314833813169161036e+00
3.101000009245338873e+01,1.419810064982633513e+00
3.102000009248320112e+01,1.555475890268817940e+00
3.103000009251301350e+01,1.552828730805913882e+00
3.104000009254282944e+01,1.463683870746649074e+00
3.105000009257264537e+01,1.467632941479810382e+00
3.106000009260245776e+01,1.508060946139300862e+00
3.107000009263227014e+01,1.493151339450475401e+00
3.108000009266208608e+01,1.590459685996128858e+00
3.109000009269190201e+01,1.485218568429015562e+00
3.110000009272171440e+01,1.563594205360760991e+00
3.111000009275152678e+01,1.667043321814008605e+00
3.112000009278134272e+01,1.663171767159891568e+00
3.113000009281115510e+01,1.720045068791148823e+00
3.114000009284097104e+01,1.537796093364832029e+00
3.115000009287078342e+01,1.526665840119543427e+00
3.116000009290059936e+01,1.564013487067969166e+00
3.117000009293041174e+01,1.486008415763515167e+00
3.118000009296022768e+01,1.592924664095559883e+00
3.119000009299004006e+01,1.495485951404910807e+00
3.120000009301985600e+01,1.519988291640858691e+00
3.121000009304966838e+01,1.458048157294900227e+00
3.122000009307948432e+01,1.459873264471066578e+00
3.123000009310929670e+01,1.526026505043695636e+00
3.124000009313911264e+01,1.576030496035955908e+00
3.125000009316892502e+01,1.508620776693638588e+00
3.126000009319873740e+01,1.469075763672092805e+00
3.127000009322855334e+01,1.418660647525634699e+00
3.128000009325836928e+01,1.509285740403491838e+00
3.129000009328818166e+01,1.420663908308114287e+00
3.130000009331799404e+01,1.438660569348538365e+00
3.131000009334780998e+01,1.412868678118866406e+00
3.132000009337762592e+01,1.289750037749448630e+00
3.133000009340743830e+01,1.479433504833142621e+00
3.134000009343725068e+01,1.490327238989208603e+00
3.135000009346706307e+01,1.420436190127496445e+00
3.136000009349688256e+01,1.344165710970665950e+00
3.137000009352669494e+01,1.386511680290695603e+00
3.138000009355650732e+01,1.374254637111750110e+00
3.139000009358631971e+01,1.376123945539925675e+00
3.140000009361613920e+01,1.310993480541454259e+00
3.141000009364595158e+01,1.342297165712048379e+00
3.142000009367576396e+01,1.346385445774576972e+00
3.143000009370557635e+01,1.289215901499402461e+00
3.144000009373539228e+01,1.266689553272297264e+00
3.145000009376520822e+01,1.259437787023524047e+00
3.146000009379502060e+01,1.276798347042790827e+00
3.147000009382483299e+01,1.323737230234324658e+00
3.148000009385464892e+01,1.218918899051285365e+00
3.149000009388446486e+01,1.183533769679465220e+00
3.150000009391427724e+01,1.261894330931614849e+00
3.151000009394408963e+01,1.368159881576102022e+00
3.152000009397390556e+01,1.232693157959587227e+00
3.153000009400372150e+01,1.346859199548279484e+00
3.154000009403353388e+01,1.280840469601219445e+00
3.155000009406334627e+01,1.429968299332089243e+00
3.156000009409316220e+01,1.373663084527821487e+00
3.157000009412297459e+01,1.288307136785047824e+00
3.158000009415279052e+01,1.298258338862082084e+00
3.159000009418260291e+01,1.241564444249973809e+00
3.160000009421241529e+01,1.230901992948543633e+00
3.161000009424223123e+01,1.212319614631198750e+00
3.162000009427204716e+01,1.262810685768451346e+00
3.163000009430185955e+01,1.254013332588921781e+00
3.164000009433167193e+01,1.324523838049045388e+00
3.165000009436148787e+01,1.329878697616721395e+00
3.166000009439130025e+01,1.292243620153885608e+00
3.167000009442111619e+01,1.479114647716811559e+00
3.168000009445092857e+01,1.416131141964065865e+00
3.169000009448074451e+01,1.331044644833682566e+00
3.170000009451055689e+01,1.406320110090480524e+00
3.171000009454037283e+01,1.465540754175367555e+00
3.172000009457018521e+01,1.534429183135930241e+00
3.173000009460000115e+01,1.457992443881203304e+00
3.174000009462981353e+01,1.466282057060651400e+00
3.175000009465962592e+01,1.378829003951148158e+00
3.176000009468944185e+01,1.368553676957342979e+00
3.177000009471925779e+01,1.377990770176270585e+00
3.178000009474907017e+01,1.471090446492575587e+00
3.179000009477888256e+01,1.312957482519109043e+00
3.180000009480869849e+01,1.319116789447063676e+00
3.181000009483851443e+01,1.334706924763324087e+00
3.182000009486832681e+01,1.213629481512862096e+00
3.183000009489813920e+01,1.314250138671742896e+00
3.184000009492795513e+01,1.246260230832812343e+00
3.185000009495777107e+01,1.364809846136275207e+00
3.186000009498758345e+01,1.333431381410135952e+00
3.187000009501739584e+01,1.411663547300532784e+00
3.188000009504720822e+01,1.356881556730105132e+00
3.189000009507702771e+01,1.346594122700112806e+00
3.190000009510684009e+01,1.312968221517414102e+00
3.191000009513665248e+01,1.308902754583605832e+00
3.192000009516646486e+01,1.444449610475724510e+00
3.193000009519628435e+01,1.427293014877760058e+00
3.194000009522609673e+01,1.377116926142754716e+00
3.195000009525590912e+01,1.379040213170548590e+00
3.196000009528572150e+01,1.341659343341315314e+00
3.197000009531553744e+01,1.294604419107585835e+00
3.198000009534535337e+01,1.252985451103631354e+00
3.199000009537516576e+01,1.284977908593194273e+00
3.200000009540497814e+01,1.205806935461099627e+00
3.201000009543479052e+01,1.305393006151498891e+00
3.202000009546461001e+01,1.337532915800787370e+00
3.203000009549442240e+01,1.380914075062031898e+00
3.204000009552423478e+01,1.264083129107525405e+00
3.205000009555404716e+01,1.357074033049033623e+00
3.206000009558385955e+01,1.480562328185039300e+00
3.207000009561367904e+01,1.266104587536651227e+00
3.208000009564349142e+01,1.274104840814393791e+00
3.209000009567330380e+01,1.276977223757792990e+00
3.210000009570311619e+01,1.208384162929407868e+00
3.211000009573293568e+01,1.295913980229496332e+00
3.212000009576274806e+01,1.344705398491049531e+00
3.213000009579256044e+01,1.401658278918388900e+00
3.214000009582237283e+01,1.343585199405065600e+00
3.215000009585219232e+01,1.536502196391438257e+00
3.216000009588200470e+01,1.350362277164733005e+00
3.217000009591181708e+01,1.392366945242014875e+00
3.218000009594162947e+01,1.316213740660704401e+00
3.219000009597144185e+01,1.281771402451111541e+00
3.220000009600126134e+01,1.362012764158930356e+00
3.221000009603107372e+01,1.385607274171316128e+00
3.222000009606088611e+01,1.372342663963138421e+00
3.223000009609069849e+01,1.430024902997364178e+00
3.224000009612051798e+01,1.384809741635854685e+00
3.225000009615033036e+01,1.432211833950914226e+00
3.226000009618014275e+01,1.502103623087841511e+00
3.227000009620995513e+01,1.450375356140098493e+00
3.228000009623977462e+01,1.316372727407672416e+00
3.229000009626958700e+01,1.359809376051603014e+00
3.230000009629939939e+01,1.394467827795471182e+00
3.231000009632921177e+01,1.494367835976908587e+00
3.232000009635903126e+01,1.420068980158985639e+00
3.233000009638884364e+01,1.433524597604090456e+00
3.234000009641865603e+01,1.444328580106576831e+00
3.235000009644846841e+01,1.271551889954168901e+00
3.236000009647828790e+01,1.197631920732768807e+00
3.237000009650810028e+01,1.408910779460655238e+00
3.238000009653791267e+01,1.425442992105086848e+00
3.239000009656772505e+01,1.373078148737767457e+00
3.240000009659754454e+01,1.341759699536301031e+00
3.241000009662735692e+01,1.416170221906878579e+00
3.242000009665716931e+01,1.360604638030851632e+00
3.243000009668698169e+01,1.338043739063128790e+00
3.244000009671680118e+01,1.328402384887134691e+00
3.245000009674661356e+01,1.373814979487020027e+00
3.246000009677642595e+01,1.412844293608904955e+00
3.247000009680623833e+01,1.341648168076917669e+00
3.248000009683605782e+01,1.356783346200489682e+00
3.249000009686587020e+01,1.393796291032231682e+00
3.250000009689568259e+01,1.340760518769313903e+00
3.251000009692549497e+01,1.278426781979851157e+00
3.252000009695531446e+01,1.332890860325962823e+00
3.253000009698512685e+01,1.132801267439984994e+00
3.254000009701493923e+01,1.302246039897894336e+00
3.255000009704475161e+01,1.252715773548996880e+00
3.256000009707457110e+01,1.221947842377953952e+00
3.257000009710438349e+01,1.320901416525772420e+00
3.258000009713419587e+01,1.228033367194089509e+00
3.259000009716400825e+01,1.368822765235774064e+00
3.260000009719382774e+01,1.296071172598511234e+00
3.261000009722364013e+01,1.324083550887980687e+00
3.262000009725345251e+01,1.221842256819279049e+00
3.263000009728326489e+01,1.217284563026185928e+00
3.264000009731308438e+01,1.218069389425352478e+00
3.265000009734289677e+01,1.324990010920011230e+00
3.266000009737270915e+01,1.241723406173625532e+00
3.267000009740252153e+01,1.308023017477196293e+00
3.268000009743233392e+01,1.174142366293104756e+00
3.269000009746215341e+01,1.197384213672947784e+00
3.270000009749196579e+01,1.103585150518387792e+00
3.271000009752177817e+01,1.133091206858330535e+00
3.272000009755159056e+01,1.199272528597703946e+00
3.273000009758141005e+01,1.132890928425434707e+00
3.274000009761122243e+01,1.160268927028674568e+00
3.275000009764103481e+01,1.131340596880083371e+00
3.276000009767084720e+01,1.099357842302428168e+00
3.277000009770066669e+01,1.159615247735401145e+00
3.278000009773047196e+01,1.174040113521884088e+00
3.279000009776029145e+01,1.205909493956569323e+00
3.280000009779010384e+01,1.148780133479281762e+00
3.281000009781991622e+01,1.176587315303571080e+00
3.282000009784973571e+01,1.161481030653520818e+00
3.283000009787954099e+01,1.135867336070197187e+00
3.284000009790936048e+01,1.114188326466258427e+00
3.285000009793917997e+01,1.166166702792219567e+00
3.286000009796898524e+01,1.195531368686324702e+00
3.287000009799880473e+01,1.201807534386796661e+00
3.288000009802861001e+01,1.293298711151483538e+00
3.289000009805842950e+01,1.349526099668797663e+00
3.290000009808824899e+01,1.322031285656974697e+00
3.291000009811805427e+01,1.357212507867765927e+00
3.292000009814787376e+01,1.288405000718452209e+00
3.293000009817769325e+01,1.280680882571505919e+00
3.294000009820749852e+01,1.229728666404869442e+00
3.295000009823731801e+01,1.132676213712823898e+00
3.296000009826712329e+01,1.360824234245437081e+00
3.297000009829694278e+01,1.306134440569131527e+00
3.298000009832676227e+01,1.299999153500955629e+00
3.299000009835656755e+01,1.353407401675357002e+00
3.300000009838638704e+01,1.252703186244825240e+00
3.301000009841619942e+01,1.200448517000619608e+00
3.302000009844601180e+01,1.254791659012452820e+00
3.303000009847583129e+01,1.339186893125539068e+00
3.304000009850563657e+01,1.249730952801096695e+00
3.305000009853545606e+01,1.247312366976067066e+00
3.306000009856527555e+01,1.233860550627761565e+00
3.307000009859508083e+01,1.302573692726755716e+00
3.308000009862490032e+01,1.456334002519279691e+00
3.309000009865471270e+01,1.428135718499777829e+00
3.310000009868452508e+01,1.341745729904074924e+00
3.311000009871434457e+01,1.257971490493273059e+00
3.312000009874414985e+01,1.273084679490840143e+00
3.313000009877396934e+01,1.161042515436065958e+00
3.314000009880378173e+01,1.491654535633053502e+00
3.315000009883359411e+01,1.234043881566918133e+00
3.316000009886341360e+01,1.232359211351993444e+00
3.317000009889322598e+01,1.350820337889437228e+00
3.318000009892303837e+01,1.310062289928684676e+00
3.319000009895285075e+01,1.317017536005074874e+00
3.320000009898266313e+01,1.267654563902647080e+00
3.321000009901248262e+01,1.333479358454605856e+00
3.322000009904229501e+01,1.257396512100067865e+00
3.323000009907210739e+01,1.079464642790493256e+00
3.324000009910192688e+01,1.237104610177448771e+00
3.325000009913173216e+01,1.288633259765702199e+00
3.326000009916155165e+01,1.312657379549552195e+00
3.327000009919136403e+01,1.176215491592026652e+00
3.328000009922117641e+01,1.243332860076135304e+00
3.329000009925099590e+01,1.369459715430998425e+00
3.330000009928080829e+01,1.276271844479381024e+00
3.331000009931062067e+01,1.304080163233658940e+00
3.332000009934043305e+01,1.257057563563803937e+00
3.333000009937024544e+01,1.182961962268722855e+00
3.334000009940006493e+01,1.375232774896661514e+00
3.335000009942987731e+01,1.194574038648770875e+00
3.336000009945968969e+01,1.313805562127698057e+00
3.337000009948950918e+01,1.281763976132676230e+00
3.338000009951932157e+01,1.296374053102038237e+00
3.339000009954913395e+01,1.213551783512765603e+00
3.340000009957894633e+01,1.311422588113793308e+00
3.341000009960875872e+01,1.210874062294394760e+00
3.342000009963857821e+01,1.244336672230429652e+00
3.343000009966839059e+01,1.278963645181026454e+00
3.344000009969820297e+01,1.296285541315597589e+00
3.345000009972801536e+01,1.276080913842139619e+00
3.346000009975783485e+01,1.247448170455764282e+00
3.347000009978764723e+01,1.231537948206511635e+00
3.348000009981745961e+01,1.123398986823987755e+00
3.349000009984727200e+01,1.188181520957027448e+00
3.350000009987708438e+01,1.068097683167340550e+00
3.351000009990690387e+01,9.858067230085825194e-01
3.352000009993671625e+01,1.011046657253303227e+00
3.353000009996652864e+01,1.073981628170129543e+00
3.354000009999634813e+01,1.048203203675890594e+00
3.355000010002616051e+01,1.041537252402573888e+00
3.356000010005597289e+01,1.008748982178071962e+00
3.357000010008578528e+01,1.074001693040193217e+00
3.358000010011559766e+01,1.115262777928158755e+00
3.359000010014541715e+01,1.125491828410408957e+00
3.360000010017522953e+01,1.191212636979912531e+00
3.361000010020504192e+01,1.268476190412942461e+00
3.362000010023486141e+01,1.236256142405407266e+00
3.363000010026466668e+01,1.287484157980738786e+00
3.364000010029448617e+01,1.141117579936307802e+00
3.365000010032429856e+01,1.081064005718414878e+00
3.366000010035411094e+01,1.165659853251067579e+00
3.367000010038393043e+01,1.184520901582313712e+00
3.368000010041374281e+01,1.199722531441726137e+00
3.369000010044355520e+01,1.263177758633584391e+00
3.370000010047337469e+01,1.156941015998385947e+00
3.371000010050317997e+01,1.218457877710555914e+00
3.372000010053299945e+01,1.205066581533460912e+00
3.373000010056281184e+01,1.136475449070198929e+00
3.374000010059262422e+01,1.290737770313599819e+00
3.375000010062244371e+01,1.257223129738325840e+00
3.376000010065224899e+01,1.234604828320445824e+00
3.377000010068206848e+01,1.416031612751508462e+00
3.378000010071188797e+01,1.413700720956719170e+00
3.379000010074169325e+01,1.354453400128816210e+00
3.380000010077151273e+01,1.322671720404409390e+00
3.381000010080131801e+01,1.322920016236981633e+00
3.382000010083113750e+01,1.418367898597847843e+00
3.383000010086095699e+01,1.277406133522205334e+00
3.384000010089076227e+01,1.440879395425837650e+00
3.385000010092058176e+01,1.409420275601586559e+00
3.386000010095039414e+01,1.377314107425117617e+00
3.387000010098020653e+01,1.471934140584736594e+00
3.388000010101002601e+01,1.217799491127184108e+00
3.389000010103983129e+01,1.255835155306920470e+00
3.390000010106965078e+01,1.200987364551807213e+00
3.391000010109947027e+01,1.240437089770876522e+00
3.392000010112927555e+01,1.133049997926032892e+00
3.393000010115909504e+01,1.105302244491251251e+00
3.394000010118890032e+01,1.160647249952002191e+00
3.395000010121871981e+01,1.081105107032692692e+00
3.396000010124853929e+01,1.249080827660338677e+00
3.397000010127834457e+01,1.208882966375160128e+00
3.398000010130816406e+01,1.251592035201964714e+00
3.399000010133798355e+01,1.233849376550288701e+00
3.400000010136778883e+01,1.382452193487198722e+00
3.401000010139760832e+01,1.353963044349502765e+00
3.402000010142741360e+01,1.337679269414595140e+00
3.403000010145723309e+01,1.371726535138519720e+00
3.404000010148705258e+01,1.450169832639366829e+00
3.405000010151685785e+01,1.297239872717771414e+00
3.406000010154667734e+01,1.284327421623263188e+00
3.407000010157648973e+01,1.340444545351871630e+00
3.408000010160630211e+01,1.473314428845261315e+00
3.409000010163612160e+01,1.275361818165424044e+00
3.410000010166592688e+01,1.312306429411784769e+00
3.411000010169574637e+01,1.362839862168502503e+00
3.412000010172555875e+01,1.287017075764282259e+00
3.413000010175537113e+01,1.432675100345131680e+00
3.414000010178519062e+01,1.410928333517243116e+00
3.415000010181500301e+01,1.336146146872605023e+00
3.416000010184481539e+01,1.255959498536691754e+00
3.417000010187462777e+01,1.375664680603163381e+00
3.418000010190444016e+01,1.226780463957979794e+00
3.419000010193425965e+01,1.487278666930591298e+00
3.420000010196407203e+01,1.468827328212510608e+00
3.421000010199388441e+01,1.380735008858672508e+00
3.422000010202370390e+01,1.410178958183992526e+00
3.423000010205351629e+01,1.347788466359212123e+00
3.424000010208332867e+01,1.285020759731310136e+00
3.425000010211314105e+01,1.403454800899354371e+00
3.426000010214295344e+01,1.360219518766334401e+00
3.427000010217277293e+01,1.387428434735160643e+00
3.428000010220258531e+01,1.503065453026433351e+00
3.429000010223239769e+01,1.480787147336176446e+00
3.430000010226221718e+01,1.348218746377353616e+00
3.431000010229202246e+01,1.374609431540556814e+00
3.432000010232184195e+01,1.290517884130723658e+00
3.433000010235165433e+01,1.282288392187809212e+00
3.434000010238146672e+01,1.264242132138023056e+00
3.435000010241128621e+01,1.209366932792052873e+00
3.436000010244109859e+01,1.140430171916959390e+00
3.437000010247091097e+01,1.284659379299839754e+00
3.438000010250072336e+01,1.305426307163200406e+00
3.439000010253053574e+01,1.275801300127778592e+00
3.440000010256035523e+01,1.272582196993436998e+00
3.441000010259016761e+01,1.480588396671632889e+00
3.442000010261998000e+01,1.360666833355510752e+00
3.443000010264979238e+01,1.339866418925266256e+00
3.444000010267961187e+01,1.374923515911391947e+00
3.445000010270942425e+01,1.323362691662140600e+00
3.446000010273923664e+01,1.205370311656860371e+00
3.447000010276904902e+01,1.207937258977924033e+00
3.448000010279886141e+01,1.315552672784007004e+00
3.449000010282868089e+01,1.234104710182670539e+00
3.450000010285849328e+01,1.385924945079837434e+00
3.451000010288830566e+01,1.190431714619523129e+00
3.452000010291812515e+01,1.150659995001363178e+00
3.453000010294793753e+01,1.216670495093487681e+00
3.454000010297774992e+01,1.153636310771550377e+00
3.455000010300756230e+01,1.109181894741866348e+00
3.456000010303737469e+01,1.182365591264807669e+00
3.457000010306719417e+01,1.240072966483121819e+00
3.458000010309700656e+01,1.176136784473376551e+00
3.459000010312681894e+01,1.256085314343605042e+00
3.460000010315663843e+01,1.211260231577585778e+00
3.461000010318645081e+01,1.248370375074136840e+00
3.462000010321626320e+01,1.196412362147631026e+00
3.463000010324607558e+01,1.182616581626180219e+00
3.464000010327588797e+01,1.205194174385273209e+00
3.465000010330570746e+01,1.246959751142222572e+00
3.466000010333551984e+01,1.070445126384367285e+00
3.467000010336533222e+01,1.207470890504251493e+00
3.468000010339515171e+01,1.269367639753209653e+00
3.469000010342495699e+01,1.358031980649881287e+00
3.470000010345477648e+01,1.309136687460306980e+00
3.471000010348458886e+01,1.223483446137451969e+00
3.472000010351440125e+01,1.152742152593808189e+00
3.473000010354422074e+01,1.236039386155140862e+00
3.474000010357402601e+01,1.281465712524936240e+00
3.475000010360384550e+01,1.215152224608239351e+00
3.476000010363366499e+01,1.313982512669930047e+00
3.477000010366347027e+01,1.181670098873003560e+00
3.478000010369328976e+01,1.169695498980545478e+00
3.479000010372309504e+01,1.195149210486962099e+00
3.480000010375291453e+01,1.244153526114674335e+00
3.481000010378273402e+01,1.121526708677675233e+00
3.482000010381253929e+01,1.186874798675257470e+00
3.483000010384235878e+01,1.281480412209333730e+00
3.484000010387217827e+01,1.326322822952536562e+00
3.485000010390198355e+01,1.272641710139996052e+00
3.486000010393180304e+01,1.293976901325151863e+00
3.487000010396160832e+01,1.235837216099840319e+00
3.488000010399142781e+01,1.109991598842369420e+00
3.489000010402124730e+01,1.131807284177869466e+00
3.490000010405105257e+01,1.171669633837189473e+00
3.491000010408087206e+01,1.148623578457875327e+00
3.492000010411068445e+01,1.239765802641541459e+00
3.493000010414049683e+01,1.168855881972246102e+00
3.494000010417031632e+01,1.170202746846071395e+00
3.495000010420012160e+01,1.215226392624531693e+00
3.496000010422994109e+01,1.135149931603911311e+00
3.497000010425976058e+01,1.235939751170213263e+00
3.498000010428956585e+01,1.085823028949815416e+00
3.499000010431938534e+01,1.266178795151973624e+00
3.500000010434919062e+01,1.370569649857402039e+00
3.501000010437901011e+01,1.233860379477070834e+00
3.502000010440882960e+01,1.235274522663515118e+00
3.503000010443863488e+01,1.088325091710659276e+00
3.504000010446845437e+01,1.076871490213723526e+00
3.505000010449826675e+01,1.081506720485701178e+00
3.506000010452807913e+01,1.149637751438148836e+00
3.507000010455789862e+01,1.201339058566445628e+00
3.508000010458770390e+01,1.090116875349949499e+00
3.509000010461752339e+01,1.223866680346169078e+00
3.510000010464733577e+01,1.109017851424639822e+00
3.511000010467714816e+01,1.190924413137647297e+00
3.512000010470696765e+01,1.137210092113299709e+00
3.513000010473678003e+01,1.117252600853705147e+00
3.514000010476659241e+01,1.158981800411404972e+00
3.515000010479641190e+01,1.179663696838163078e+00
3.516000010482621718e+01,1.218119393584888188e+00
3.517000010485603667e+01,1.197834450536083173e+00
3.518000010488584905e+01,1.281129163894840550e+00
3.519000010491566144e+01,1.269994778718770645e+00
3.520000010494548093e+01,1.272481628797789588e+00
3.521000010497529331e+01,1.295951685740084125e+00
3.522000010500510569e+01,1.137141960727669598e+00
3.523000010503492518e+01,1.256717617466994286e+00
3.524000010506473046e+01,1.248960803145684917e+00
3.525000010509454995e+01,1.307135828053485493e+00
3.526000010512436234e+01,1.289277233045509341e+00
3.527000010515417472e+01,1.166465417596306287e+00
3.528000010518399421e+01,1.178010950535393508e+00
3.529000010521380659e+01,1.295958536459093757e+00
3.530000010524361898e+01,1.239118468433734410e+00
3.531000010527343136e+01,1.355470828860800836e+00
3.532000010530324374e+01,1.226118045580123050e+00
3.533000010533306323e+01,1.248032677672269886e+00
3.534000010536287562e+01,1.239336242748457106e+00
3.535000010539268800e+01,1.190917123825330881e+00
3.536000010542250038e+01,1.258654115493924586e+00
3.537000010545231987e+01,1.287798920627238886e+00
3.538000010548213226e+01,1.148245428392890455e+00
3.539000010551194464e+01,1.140013022436302537e+00
3.540000010554175702e+01,1.158206987396585674e+00
3.541000010557156941e+01,1.191798751329072426e+00
3.542000010560138890e+01,1.104725154463698455e+00
3.543000010563120128e+01,1.184516237286610707e+00
3.544000010566101366e+01,1.178833153449983406e+00
3.545000010569082605e+01,1.078436524029517729e+00
3.546000010572064554e+01,1.169945016520619996e+00
3.547000010575045792e+01,1.221497541550472077e+00
3.548000010578027030e+01,1.189960782058323563e+00
3.549000010581008269e+01,1.172792793896125785e+00
3.550000010583990218e+01,1.137116915016163077e+00
3.551000010586971456e+01,1.025990897298435067e+00
3.552000010589952694e+01,1.186664121186635557e+00
3.553000010592933933e+01,1.273491934609711551e+00
3.554000010595915882e+01,1.284780589992754463e+00
3.555000010598897120e+01,1.155163021946061574e+00
3.556000010601878358e+01,1.229651497594227205e+00
3.557000010604859597e+01,1.161499275417146926e+00
3.558000010607841546e+01,1.101490063626802574e+00
3.559000010610822784e+01,1.200185179889349696e+00
3.560000010613804022e+01,1.125000034251320891e+00
3.561000010616785261e+01,1.228232307601646811e+00
3.562000010619766499e+01,1.061100573349154974e+00
3.563000010622748448e+01,1.195394008395779473e+00
3.564000010625729686e+01,1.220148254145653421e+00
3.565000010628710925e+01,1.158786640160104353e+00
3.566000010631692874e+01,1.225836254611721188e+00
3.567000010634673401e+01,1.217624049187185475e+00
3.568000010637655350e+01,1.167950625971238887e+00
3.569000010640636589e+01,1.249422943371819361e+00
3.570000010643617827e+01,1.189988699611544520e+00
3.571000010646599776e+01,1.244095592864995936e+00
3.572000010649580304e+01,1.194040602528470219e+00
3.573000010652562253e+01,1.296404199751452602e+00
3.574000010655544202e+01,1.290364466355106154e+00
3.575000010658524729e+01,1.314384435265920192e+00
3.576000010661506678e+01,1.243162059177186141e+00
3.577000010664487917e+01,1.241923448020035403e+00
3.578000010667469155e+01,1.189822854835104637e+00
3.579000010670451104e+01,1.234006399707720192e+00
3.580000010673431632e+01,1.310296280590031781e+00
3.581000010676413581e+01,1.253433862869853144e+00
3.582000010679395530e+01,1.240152545892708069e+00
3.583000010682376058e+01,1.202960913005020505e+00
3.584000010685358006e+01,1.274179185092417566e+00
3.585000010688339245e+01,1.228601383402890823e+00
3.586000010691320483e+01,1.097128890425776770e+00
3.587000010694302432e+01,1.098421821755394934e+00
3.588000010697282960e+01,1.084177630537691783e+00
3.589000010700264909e+01,1.084636481428145505e+00
3.590000010703246858e+01,1.222429439119285588e+00
3.591000010706227386e+01,1.090247373472270409e+00
3.592000010709209334e+01,1.131105988075215452e+00
3.593000010712189862e+01,1.081999283732760109e+00
3.594000010715171811e+01,1.089702300663882628e+00
3.595000010718153760e+01,1.172304596337802485e+00
3.596000010721134288e+01,1.169554918193915993e+00
3.597000010724116237e+01,1.168201122236373291e+00
3.598000010727096765e+01,1.065582542593279225e+00
3.599000010730078714e+01,1.160707411963131319e+00
3.600000010733060662e+01,1.206318111119830450e+00
3.601000010736041190e+01,1.122622091776988018e+00
3.602000010739023139e+01,1.099232923787499594e+00
3.603000010742004378e+01,1.010110692428669577e+00
3.604000010744985616e+01,1.190162284560941641e+00
3.605000010747967565e+01,1.081471225274719394e+00
3.606000010750948093e+01,1.085428832979993929e+00
3.607000010753930042e+01,1.269169047946283380e+00
3.608000010756911990e+01,1.234142069135938824e+00
3.609000010759892518e+01,1.314127097547669321e+00
3.610000010762874467e+01,1.266586574314442215e+00
3.611000010765855706e+01,1.324677990262583149e+00
3.612000010768836944e+01,1.217148282458457853e+00
3.613000010771818893e+01,1.142786141196986627e+00
3.614000010774799421e+01,1.142065391730903157e+00
3.615000010777781370e+01,1.039357072458497067e+00
3.616000010780763319e+01,1.195337052866726868e+00
3.617000010783743846e+01,1.049828427541028564e+00
3.618000010786725795e+01,1.099228603473134225e+00
3.619000010789707034e+01,1.128318738968867141e+00
3.620000010792688272e+01,1.079828263252438303e+00
3.621000010795670221e+01,1.129265095098997973e+00
3.622000010798650749e+01,1.123057812730321015e+00
3.623000010801632698e+01,1.199758563517232979e+00
3.624000010804613936e+01,1.148788296212859272e+00
3.625000010807595174e+01,1.245652441451730930e+00
3.626000010810577123e+01,1.164966088984554338e+00
3.627000010813558362e+01,1.332008132209769879e+00
3.628000010816539600e+01,1.228475549171234471e+00
3.629000010819520838e+01,1.347377937911226509e+00
3.630000010822502077e+01,1.252980511602467706e+00
3.631000010825484026e+01,1.225160998715798311e+00
3.632000010828465264e+01,1.272293614644231630e+00
3.633000010831446502e+01,1.268299318632278849e+00
3.634000010834427741e+01,1.291599870615453671e+00
3.635000010837409690e+01,1.445550265890072295e+00
3.636000010840390928e+01,1.388569839371165626e+00
3.637000010843372166e+01,1.346355947453574231e+00
3.638000010846353405e+01,1.337618735077689580e+00
3.639000010849335354e+01,1.163016441663378364e+00
3.640000010852316592e+01,1.161831531466456013e+00
3.641000010855297830e+01,1.163910959104902609e+00
3.642000010858279069e+01,1.138785856194504786e+00
3.643000010861261018e+01,1.073311235619829107e+00
3.644000010864242256e+01,1.142598053299145100e+00
3.645000010867223494e+01,1.261887764859773053e+00
3.646000010870204733e+01,1.220985411969454093e+00
3.647000010873186682e+01,1.277095899311950111e+00
3.648000010876167920e+01,1.313403278735020052e+00
3.649000010879149158e+01,1.401371383243145141e+00
3.650000010882130397e+01,1.279090409823015140e+00
3.651000010885111635e+01,1.350724788432949852e+00
3.652000010888093584e+01,1.241899577542068922e+00
3.653000010891074822e+01,1.260301841228962605e+00
3.654000010894056061e+01,1.290127486013738611e+00
3.655000010897037299e+01,1.308496620429149937e+00
3.656000010900019248e+01,1.355961622188050386e+00
3.657000010903000486e+01,1.416756843913294039e+00
3.658000010905981725e+01,1.375796748580950357e+00
3.659000010908962963e+01,1.271641544900791843e+00
3.660000010911944202e+01,1.332956825246564891e+00
3.661000010914926150e+01,1.418972806842640155e+00
3.662000010917907389e+01,1.252414082769820469e+00
3.663000010920888627e+01,1.436127034580506390e+00
3.664000010923870576e+01,1.398666459012239738e+00
3.665000010926851104e+01,1.441471611839347799e+00
3.666000010929833053e+01,1.412923793054845278e+00
3.667000010932814291e+01,1.444396463801167041e+00
3.668000010935795530e+01,1.378875362251937631e+00
3.669000010938777478e+01,1.490513224883480925e+00
3.670000010941758717e+01,1.403495806903524601e+00
3.671000010944739955e+01,1.318756933273419474e+00
3.672000010947721904e+01,1.265623566341262274e+00
3.673000010950702432e+01,1.087430493134975418e+00
3.674000010953684381e+01,1.229986752846577325e+00
3.675000010956665619e+01,1.189157595826225267e+00
3.676000010959646858e+01,1.152910036405516259e+00
3.677000010962628807e+01,1.175961253598019285e+00
3.678000010965610045e+01,1.135846614793603937e+00
3.679000010968591283e+01,1.202583032236656191e+00
3.680000010971573232e+01,1.268377082596102046e+00
3.681000010974553760e+01,1.300778878068880928e+00
3.682000010977535709e+01,1.301771868067746807e+00
3.683000010980516947e+01,1.150448745188048072e+00
3.684000010983498186e+01,1.105744585593078533e+00
3.685000010986480135e+01,1.117926935209405448e+00
3.686000010989460662e+01,1.053380989248846156e+00
3.687000010992442611e+01,1.153060759070040131e+00
3.688000010995424560e+01,1.076597407344393131e+00
3.689000010998405088e+01,9.825797764268059398e-01
3.690000011001387037e+01,1.063276532583382838e+00
3.691000011004367565e+01,1.177522080597183107e+00
3.692000011007349514e+01,1.179928012121502334e+00
3.693000011010331463e+01,1.101177306292622449e+00
3.694000011013311990e+01,1.164898056494994005e+00
3.695000011016293939e+01,1.125232116774665503e+00
3.696000011019275178e+01,1.124360506485600375e+00
3.697000011022256416e+01,1.253610336595999408e+00
3.698000011025238365e+01,1.268471547713349468e+00
3.699000011028218893e+01,1.166040678241809792e+00
3.700000011031200842e+01,1.167360758906649698e+00
3.701000011034182791e+01,1.323560364537677891e+00
3.702000011037163318e+01,1.057231848392008677e+00
3.703000011040145267e+01,9.927508680598604585e-01
3.704000011043125795e+01,9.223461526113013731e-01
3.705000011046107744e+01,1.048880992202721796e+00
3.706000011049089693e+01,1.014070706633561691e+00
3.707000011052070221e+01,1.165223268483692731e+00
3.708000011055052170e+01,1.167833574481355940e+00
3.709000011058034119e+01,1.065772386056490717e+00
3.710000011061014646e+01,1.054789074560747331e+00
3.711000011063996595e+01,1.085396081651236022e+00
3.712000011066977123e+01,1.207710478532866061e+00
3.713000011069959072e+01,1.127819962675993937e+00
3.714000011072941021e+01,1.203759426134948241e+00
3.715000011075921549e+01,1.139078066602374983e+00
3.716000011078903498e+01,1.148293137463834990e+00
3.717000011081884736e+01,1.023288964929977229e+00
3.718000011084865974e+01,1.237795103035721267e+00
3.719000011087847923e+01,1.181367332326024311e+00
3.720000011090828451e+01,1.074744579674131062e+00
3.721000011093810400e+01,1.047296923315386152e+00
3.722000011096791638e+01,9.804798484620199650e-01
3.723000011099772877e+01,9.179528286381107849e-01
3.724000011102754826e+01,9.566189642889328937e-01
3.725000011105736064e+01,1.079073290495002224e+00
3.726000011108717302e+01,1.079279313411127372e+00
3.727000011111698541e+01,1.061254717899923650e+00
3.728000011114679779e+01,1.039472622155942938e+00
3.729000011117661728e+01,1.070006559535745527e+00
3.730000011120642966e+01,9.330046518088155327e-01
3.731000011123624205e+01,9.831871729093184520e-01
3.732000011126606154e+01,9.814827258821484657e-01
3.733000011129587392e+01,9.916732716163151329e-01
3.734000011132568631e+01,9.804876711056206284e-01
3.735000011135549869e+01,8.830335977460826991e-01
3.736000011138531107e+01,9.622642438234189077e-01
3.737000011141513056e+01,9.492096035390921172e-01
3.738000011144494295e+01,9.580040618102093619e-01
3.739000011147475533e+01,1.068692576160947594e+00
3.740000011150457482e+01,1.010403670740480209e+00
3.741000011153438720e+01,1.006405814050969516e+00
3.742000011156419959e+01,1.008763713519464478e+00
3.743000011159401197e+01,9.721436114207505641e-01
3.744000011162382435e+01,9.679656224322878977e-01
3.745000011165364384e+01,1.075291654792939644e+00
3.746000011168345623e+01,1.052872374604812089e+00
3.747000011171326861e+01,9.802114092448775962e-01
3.748000011174308099e+01,9.584669767109356142e-01
3.749000011177290048e+01,1.120865227484270976e+00
3.750000011180271287e+01,1.018118226998283804e+00
3.751000011183252525e+01,9.612605438832502180e-01
3.752000011186233763e+01,9.542003122360060985e-01
3.753000011189215002e+01,1.098506634221172673e+00
3.754000011192196951e+01,1.002440385813714085e+00
3.755000011195178189e+01,9.650872796446421376e-01
3.756000011198159427e+01,1.033236211021714146e+00
3.757000011201141376e+01,1.041577346405430982e+00
3.758000011204121904e+01,1.052108561679420795e+00
3.759000011207103853e+01,1.160252815529311032e+00
3.760000011210085091e+01,1.261638283312070730e+00
3.761000011213066330e+01,1.133511495104239319e+00
3.762000011216048279e+01,1.275055571099350971e+00
3.763000011219028806e+01,1.231380016687804391e+00
3.764000011222010755e+01,1.338770049464556466e+00
3.765000011224991994e+01,1.233735758588568654e+00
3.766000011227973232e+01,1.257100976451465568e+00
3.767000011230955181e+01,1.261788467735648345e+00
3.768000011233936419e+01,1.355962541035339974e+00
3.769000011236917658e+01,1.278297967446555106e+00
3.770000011239899607e+01,1.291073334144608342e+00
3.771000011242880845e+01,1.206503919775040901e+00
3.772000011245862083e+01,1.240991469903622857e+00
3.773000011248843322e+01,1.308246762778021210e+00
3.774000011251824560e+01,1.303506592214757509e+00
3.775000011254806509e+01,1.329890876033588798e+00
3.776000011257787747e+01,1.257986663100610247e+00
3.777000011260768986e+01,1.226434646194377365e+00
3.778000011263750935e+01,1.176363953402556950e+00
3.779000011266731462e+01,1.234129864913719343e+00
3.780000011269713411e+01,1.153136779589998051e+00
3.781000011272694650e+01,1.194334117125479544e+00
3.782000011275675888e+01,1.152172672975045664e+00
3.783000011278657837e+01,1.104250426217331160e+00
3.784000011281638365e+01,1.109326236578943803e+00
3.785000011284620314e+01,1.164462586888823203e+00
3.786000011287602263e+01,1.133589475357604792e+00
3.787000011290582790e+01,1.098614409055161056e+00
3.788000011293564739e+01,1.207744531938006904e+00
3.789000011296545267e+01,1.161260708955731857e+00
3.790000011299527216e+01,1.152841020528015070e+00
3.791000011302509165e+01,1.082127014326009773e+00
3.792000011305489693e+01,1.023719348032074095e+00
3.793000011308471642e+01,1.058918185681140045e+00
3.794000011311452880e+01,1.061487281711714026e+00
3.795000011314434119e+01,1.044367799564740684e+00
3.796000011317416067e+01,1.004608717011007180e+00
3.797000011320396595e+01,1.061074172360760182e+00
3.798000011323378544e+01,1.074602617054259968e+00
3.799000011326360493e+01,1.048474842252753669e+00
3.800000011329341021e+01,1.047847125253904332e+00
3.801000011332322970e+01,1.059571242601038410e+00
3.802000011335304919e+01,1.184145031716386409e+00
3.803000011338285447e+01,1.143546746981086049e+00
3.804000011341267395e+01,1.128367402089170302e+00
3.805000011344247923e+01,1.051499918659306365e+00
3.806000011347229872e+01,1.080791068993600224e+00
3.807000011350211821e+01,1.135536259429764216e+00
3.808000011353192349e+01,1.099556450418542441e+00
3.809000011356174298e+01,1.017215611512449991e+00
3.810000011359154826e+01,1.065592075255458404e+00
3.811000011362136775e+01,1.152815542684236805e+00
3.812000011365118723e+01,1.141324970824242113e+00
3.813000011368099251e+01,1.142020224305688059e+00
3.814000011371081200e+01,1.171295687101565175e+00
3.815000011374062439e+01,1.084174737337054717e+00
3.816000011377043677e+01,1.184120564168699818e+00
3.817000011380025626e+01,1.095467426595674532e+00
3.818000011383006154e+01,9.851011463536539781e-01
3.819000011385988103e+01,1.077797815436920104e+00
3.820000011388969341e+01,1.218798495298148321e+00
3.821000011391950579e+01,1.252495372703648524e+00
3.822000011394932528e+01,1.208557200086173511e+00
3.823000011397913767e+01,1.134824201722069326e+00
3.824000011400895005e+01,1.148433865130168430e+00
3.825000011403876243e+01,1.153124018563896458e+00
3.826000011406857482e+01,1.261759257224125408e+00
3.827000011409839431e+01,1.251404104784690885e+00
3.828000011412821380e+01,1.173979828323808761e+00
3.829000011415801907e+01,1.146475159956053647e+00
3.830000011418783146e+01,1.089371959719336092e+00
3.831000011421765095e+01,1.086602822499153520e+00
3.832000011424746333e+01,1.073574541496188361e+00
3.833000011427728282e+01,1.096880233665139759e+00
3.834000011430708810e+01,1.189180015583377825e+00
3.835000011433690759e+01,1.164121747503898963e+00
3.836000011436671997e+01,1.272164967941473712e+00
3.837000011439653235e+01,1.212160410871586436e+00
3.838000011442635184e+01,1.152183221784073730e+00
3.839000011445616423e+01,1.204362503843909193e+00
3.840000011448597661e+01,1.117396978099712612e+00
3.841000011451578899e+01,1.091678057007357205e+00
3.842000011454560138e+01,1.034439461545124006e+00
3.843000011457542087e+01,1.016479959241990416e+00
3.844000011460523325e+01,1.038489860846699697e+00
3.845000011463504563e+01,9.817842974906455522e-01
3.846000011466485802e+01,9.952995268446366284e-01
3.847000011469467751e+01,9.727467677878700592e-01
3.848000011472448989e+01,9.903922691388711286e-01
3.849000011475430227e+01,1.030159803689694842e+00
3.850000011478411466e+01,1.067049356863533083e+00
3.851000011481392704e+01,1.050147488076189850e+00
3.852000011484374653e+01,1.157897238275233720e+00
3.853000011487355891e+01,1.003132046282991574e+00
3.854000011490337130e+01,9.738578568412532555e-01
3.855000011493319079e+01,1.025175058164585984e+00
3.856000011496299607e+01,1.112671565390642270e+00
3.857000011499281555e+01,1.132522542859934367e+00
3.858000011502262794e+01,1.120057745355619305e+00
3.859000011505244743e+01,1.131884266195315458e+00
3.860000011508225981e+01,1.000542641161199509e+00
3.861000011511206509e+01,1.044375987786112736e+00
3.862000011514188458e+01,1.118016385798239698e+00
3.863000011517170407e+01,1.119557533366041024e+00
3.864000011520151645e+01,1.060271400850275159e+00
3.865000011523132883e+01,1.046049742602663590e+00
3.866000011526114122e+01,1.096609354982661655e+00
3.867000011529095360e+01,1.099936189578148982e+00
3.868000011532077309e+01,1.087918418086447625e+00
3.869000011535058547e+01,1.098749980088979727e+00
3.870000011538039786e+01,1.220908447667902186e+00
3.871000011541021024e+01,1.058876099340765542e+00
3.872000011544002263e+01,1.108086235000772968e+00
3.873000011546984211e+01,1.147239661473542727e+00
3.874000011549965450e+01,1.119295560201845507e+00
3.875000011552946688e+01,1.060879540618693051e+00
3.876000011555928637e+01,1.082038510877278314e+00
3.877000011558909165e+01,1.115570992987436227e+00
3.878000011561891114e+01,1.177343911778526264e+00
3.879000011564872352e+01,1.121484971722864765e+00
3.880000011567853591e+01,1.179207170568103313e+00
3.881000011570835539e+01,1.136979954817812333e+00
3.882000011573816067e+01,1.083895374609450846e+00
3.883000011576798016e+01,1.146736324050104505e+00
3.884000011579779965e+01,1.150741383722070799e+00
3.885000011582760493e+01,1.226244438531755021e+00
3.886000011585742442e+01,1.119491205180186855e+00
3.887000011588722970e+01,1.144793941950749572e+00
3.888000011591704919e+01,1.119851047080737905e+00
3.889000011594686868e+01,1.013272271733887564e+00
3.890000011597668106e+01,1.109751084898862539e+00
3.891000011600649344e+01,1.127343495574945731e+00
3.892000011603630583e+01,1.067432738353764510e+00
3.893000011606611821e+01,1.118136928729771773e+00
3.894000011609593770e+01,1.065130418290623604e+00
3.895000011612575008e+01,1.104316086443456024e+00
3.896000011615556247e+01,1.076525523735611944e+00
3.897000011618538196e+01,1.035927938137895854e+00
3.898000011621518723e+01,1.071705789277437537e+00
3.899000011624500672e+01,1.059481314404971064e+00
3.900000011627482621e+01,1.055788918068947924e+00
3.901000011630463149e+01,1.055353479808529116e+00
3.902000011633445098e+01,1.052491368229196977e+00
3.903000011636425626e+01,1.027216956747784460e+00
3.904000011639407575e+01,1.069709732908407984e+00
3.905000011642389524e+01,1.088574575819859502e+00
3.906000011645370051e+01,1.052733878181761673e+00
3.907000011648352000e+01,1.027602030017544799e+00
3.908000011651333239e+01,1.062886559227766980e+00
3.909000011654314477e+01,1.141159070938611686e+00
3.910000011657296426e+01,1.147623730835909184e+00
3.911000011660276954e+01,1.190407192303854389e+00
3.912000011663258903e+01,1.220040633799749585e+00
3.913000011666240141e+01,1.183046025176537341e+00
3.914000011669221379e+01,1.185097110998609038e+00
3.915000011672203328e+01,1.148001589223632823e+00
3.916000011675184567e+01,1.071589661312417396e+00
3.917000011678165805e+01,1.119508266963207710e+00
3.918000011681147043e+01,1.200600902110612322e+00
3.919000011684128282e+01,1.016605430786711839e+00
3.920000011687110231e+01,9.448436838951315142e-01
3.921000011690092180e+01,1.189521015128352843e+00
3.922000011693072707e+01,1.116570019486347931e+00
3.923000011696053946e+01,1.092723084259819233e+00
3.924000011699035184e+01,1.038210681911472699e+00
3.925000011702017133e+01,1.094610343543817033e+00
3.926000011704999082e+01,1.080900920708550039e+00
3.927000011707979610e+01,1.037408818302622437e+00
3.928000011710961559e+01,1.104790645979190300e+00
3.929000011713942797e+01,1.121794122529011561e+00
3.930000011716924035e+01,1.103461545433718438e+00
3.931000011719905984e+01,1.142400500619743076e+00
3.932000011722886512e+01,1.109751053780030805e+00
3.933000011725868461e+01,1.170057173753725976e+00
3.934000011728849699e+01,1.135963700070117488e+00
3.935000011731830938e+01,1.131494941245075658e+00
3.936000011734812887e+01,1.122480165964860221e+00
3.937000011737794125e+01,1.129090242801489063e+00
3.938000011740775363e+01,1.222387892113274921e+00
3.939000011743756602e+01,1.160055668105849147e+00
3.940000011746737840e+01,1.119948721233301248e+00
3.941000011749719789e+01,1.073359551188730832e+00
3.942000011752701027e+01,1.125011729762647184e+00
3.943000011755682266e+01,1.082929579625329763e+00
3.944000011758663504e+01,1.023149085400255398e+00
3.945000011761645453e+01,1.059399682584327484e+00
3.946000011764626692e+01,1.049849803292899342e+00
3.947000011767607930e+01,1.239296978339425426e+00
3.948000011770589168e+01,1.219004426343623937e+00
3.949000011773570407e+01,1.261526959197930342e+00
3.950000011776552356e+01,1.086531699950460172e+00
3.951000011779533594e+01,1.269990357363156797e+00
3.952000011782515543e+01,1.151752736255058585e+00
3.953000011785496781e+01,1.155126795180680732e+00
3.954000011788477309e+01,1.154529403810480304e+00
3.955000011791459258e+01,1.249955442416655682e+00
3.956000011794440496e+01,1.309729853084925288e+00
3.957000011797422445e+01,1.154358125795101442e+00
3.958000011800403684e+01,1.169334086494858038e+00
3.959000011803384922e+01,1.184109833439368931e+00
3.960000011806366160e+01,1.192917965758025334e+00
3.961000011809348109e+01,1.275345256019247309e+00
3.962000011812329348e+01,1.221826493745004294e+00
3.963000011815310586e+01,1.223280454658423055e+00
3.964000011818291824e+01,1.183378438655977583e+00
3.965000011821273063e+01,1.277495424410869385e+00
3.966000011824255012e+01,1.201556717581635514e+00
3.967000011827236250e+01,1.269107352773544806e+00
3.968000011830217488e+01,1.232355391075852458e+00
3.969000011833199437e+01,1.154455242493449107e+00
3.970000011836179965e+01,1.165594887312420447e+00
3.971000011839161914e+01,1.252356735986908776e+00
3.972000011842143152e+01,1.193884771191916050e+00
3.973000011845124391e+01,1.246741973730961961e+00
3.974000011848106340e+01,1.150714906548959915e+00
3.975000011851086867e+01,1.152256251543071652e+00
3.976000011854068816e+01,1.250265255113099050e+00
3.977000011857050765e+01,1.191897396017318700e+00
3.978000011860031293e+01,1.208799914722701541e+00
3.979000011863013242e+01,1.159781528354422386e+00
3.980000011865993770e+01,1.183970265004913536e+00
3.981000011868975719e+01,1.074452118232614550e+00
3.982000011871957668e+01,1.114208670505270726e+00
3.983000011874938906e+01,1.149479284288462688e+00
3.984000011877920144e+01,1.275747388539160143e+00
3.985000011880900672e+01,1.191179535616336160e+00
3.986000011883882621e+01,1.113319643062399278e+00
3.987000011886864570e+01,1.238035333930745496e+00
3.988000011889845808e+01,1.202271197476396880e+00
3.989000011892827047e+01,1.245678914711257468e+00
3.990000011895808996e+01,1.211580051908788924e+00
3.991000011898789523e+01,1.271741504913570964e+00
3.992000011901771472e+01,1.230666909936013909e+00
3.993000011904752711e+01,1.350384535159799393e+00
3.994000011907733949e+01,1.305522023415302213e+00
3.995000011910715898e+01,1.181701340396310584e+00
3.996000011913696426e+01,1.268705717304612790e+00
3.997000011916678375e+01,1.313650995396290933e+00
3.998000011919660324e+01,1.225183253546578754e+00
3.999000011922640851e+01,1.279240866773476037e+00
4.000000011925622800e+01,1.351536549717399893e+00
4.001000011928604039e+01,1.273252442996188893e+00
4.002000011931585277e+01,1.266118615464914887e+00
4.003000011934567226e+01,1.285473869530674218e+00
4.004000011937547754e+01,1.220719430742009504e+00
4.005000011940529703e+01,1.314489969565999949e+00
4.006000011943511652e+01,1.319697664467016196e+00
4.007000011946492180e+01,1.268566828284158010e+00
4.008000011949474128e+01,1.256808763418396424e+00
4.009000011952455367e+01,1.263925908173940682e+00
4.010000011955436605e+01,1.131905756345296554e+00
4.011000011958418554e+01,1.166769928447667137e+00
4.012000011961399082e+01,1.257285030984523821e+00
4.013000011964381031e+01,1.170837404594055497e+00
4.014000011967362980e+01,1.216606086544917087e+00
4.015000011970343508e+01,1.301266315593260448e+00
4.016000011973325456e+01,1.232489883106814288e+00
4.017000011976305984e+01,1.152011934082711520e+00
4.018000011979287933e+01,1.242619119015523799e+00
4.019000011982269882e+01,1.189575220572474334e+00
4.020000011985250410e+01,1.248144588366998375e+00
4.021000011988232359e+01,1.272719258580465418e+00
4.022000011991213597e+01,1.219196106488947606e+00
4.023000011994194836e+01,1.330202473605789359e+00
4.024000011997176784e+01,1.288688600134115347e+00
4.025000012000157312e+01,1.206231043546970305e+00
4.026000012003139261e+01,1.215585327547206385e+00
4.027000012006121210e+01,1.286602481962947353e+00
4.028000012009101738e+01,1.309845540421409105e+00
4.029000012012083687e+01,1.382649919630049462e+00
4.030000012015064215e+01,1.233239973011594381e+00
4.031000012018046164e+01,1.119498407408876295e+00
4.032000012021028112e+01,1.260374743674274711e+00
4.033000012024008640e+01,1.325323160816390455e+00
4.034000012026990589e+01,1.398528774570352073e+00
4.035000012029971828e+01,1.489020775257572371e+00
4.036000012032953066e+01,1.461535180485757701e+00
4.037000012035935015e+01,1.353961525809352251e+00
4.038000012038915543e+01,1.332320383787524154e+00
4.039000012041897492e+01,1.269627150688803940e+00
4.040000012044879441e+01,1.288467036654222353e+00
4.041000012047859968e+01,1.372021327963252268e+00
4.042000012050841917e+01,1.159711475994459118e+00
4.043000012053823156e+01,1.166171544032563290e+00
4.044000012056804394e+01,1.219380423328557450e+00
4.045000012059786343e+01,1.381085412088081332e+00
4.046000012062766871e+01,1.312551850052873670e+00
4.047000012065748820e+01,1.296092314112093247e+00
4.048000012068730058e+01,1.271868902954023772e+00
4.049000012071711296e+01,1.279766832880143035e+00
4.050000012074693245e+01,1.275433566992435930e+00
4.051000012077674484e+01,1.309199047413414529e+00
4.052000012080655722e+01,1.232054235363467143e+00
4.053000012083636960e+01,1.269714257807514901e+00
4.054000012086618199e+01,1.258995397988742271e+00
4.055000012089600148e+01,1.305123627039572964e+00
4.056000012092581386e+01,1.342956411939915773e+00
4.057000012095562624e+01,1.248149903255261872e+00
4.058000012098544573e+01,1.195340488713402261e+00
4.059000012101525812e+01,1.370867787328384324e+00
4.060000012104507050e+01,1.323420533498553375e+00
4.061000012107488288e+01,1.245533633298334886e+00
4.062000012110469527e+01,1.270620665307861996e+00
4.063000012113451476e+01,1.225967777554503257e+00
4.064000012116432714e+01,1.067801998828947774e+00
4.065000012119413952e+01,1.222555355256991660e+00
4.066000012122395191e+01,1.057876852358265340e+00
4.067000012125377140e+01,1.107333094057978196e+00
4.068000012128358378e+01,1.100175160243423544e+00
4.069000012131339616e+01,1.183421614518730847e+00
4.070000012134320855e+01,1.203861461987089543e+00
4.071000012137302804e+01,1.141920208736149966e+00
4.072000012140284042e+01,1.217451981897858637e+00
4.073000012143265280e+01,1.098567236751478715e+00
4.074000012146246519e+01,1.166049923520159792e+00
4.075000012149228468e+01,1.103228545328580168e+00
4.076000012152209706e+01,1.136503282369426104e+00
4.077000012155190944e+01,1.228310730199426493e+00
4.078000012158172183e+01,1.336650213568579826e+00
4.079000012161153421e+01,1.380144487783034446e+00
4.080000012164135370e+01,1.393977910240006723e+00
4.081000012167116608e+01,1.325876201639941687e+00
4.082000012170097847e+01,1.287099297727989811e+00
4.083000012173079796e+01,1.322290350808787762e+00
4.084000012176060324e+01,1.289050941952699869e+00
4.085000012179042272e+01,1.216894516823717298e+00
4.086000012182023511e+01,1.368152123316574098e+00
4.087000012185004749e+01,1.358241473252610243e+00
4.088000012187986698e+01,1.451768432038786250e+00
4.089000012190967936e+01,1.413634398461754760e+00
4.090000012193949175e+01,1.407009560130203507e+00
4.091000012196930413e+01,1.345674582251286555e+00
4.092000012199911652e+01,1.303417954462393835e+00
4.093000012202893600e+01,1.500313669151342344e+00
4.094000012205874839e+01,1.445982733137689769e+00
4.095000012208856077e+01,1.402824150802177483e+00
4.096000012211838026e+01,1.401227675631183001e+00
4.097000012214818554e+01,1.418654886065105147e+00
4.098000012217800503e+01,1.413211894092293086e+00
4.099000012220781741e+01,1.368712172849886555e+00
4.100000012223762980e+01,1.455091130041080705e+00
4.101000012226744929e+01,1.409490504372155506e+00
4.102000012229726167e+01,1.248341310475078458e+00
4.103000012232707405e+01,1.370135709283733405e+00
4.104000012235689354e+01,1.439233847949531242e+00
4.105000012238669882e+01,1.352524564024901066e+00
4.106000012241651831e+01,1.450369008013101979e+00
4.107000012244633069e+01,1.336648255142537378e+00
4.108000012247614308e+01,1.316095410807805566e+00
4.109000012250596257e+01,1.176729769181887875e+00
4.110000012253576784e+01,1.147815285168751309e+00
4.111000012256558733e+01,1.165272815294836173e+00
4.112000012259540682e+01,1.126230319731776452e+00
4.113000012262521210e+01,1.241935294733728989e+00
4.114000012265503159e+01,1.272619936141212049e+00
4.115000012268483687e+01,1.294048303761753838e+00
4.116000012271465636e+01,1.161835896165441362e+00
4.117000012274447585e+01,1.194527548129870720e+00
4.118000012277428112e+01,1.191948279504192687e+00
4.119000012280410061e+01,1.240624148365499391e+00
4.120000012283392010e+01,1.231960978953186681e+00
4.121000012286372538e+01,1.217091870560031097e+00
4.122000012289354487e+01,1.160792423182819499e+00
4.123000012292335015e+01,1.183249059365237610e+00
4.124000012295316964e+01,1.216851322987089867e+00
4.125000012298298913e+01,1.255320307453389406e+00
4.126000012301279440e+01,1.264894648977406222e+00
4.127000012304261389e+01,1.189243523794694113e+00
4.128000012307242628e+01,1.222985664355090707e+00
4.129000012310223866e+01,1.230147215538668792e+00
4.130000012313205815e+01,1.192716491384597122e+00
4.131000012316186343e+01,1.137879818963185574e+00
4.132000012319168292e+01,1.222283971878427966e+00
4.133000012322150241e+01,1.105999945732326406e+00
4.134000012325130768e+01,1.236969589634904665e+00
4.135000012328112717e+01,1.365510325366566580e+00
4.136000012331093956e+01,1.302876091246574886e+00
4.137000012334075194e+01,1.246601158073044946e+00
4.138000012337057143e+01,1.306052361882954482e+00
4.139000012340037671e+01,1.349940497480717649e+00
4.140000012343019620e+01,1.292426588007723032e+00
4.141000012346000858e+01,1.449875440426164008e+00
4.142000012348982096e+01,1.510359400833474197e+00
4.143000012351964045e+01,1.313531322057687856e+00
4.144000012354944573e+01,1.388609234245010482e+00
4.145000012357926522e+01,1.173466666001143022e+00
4.146000012360907760e+01,1.310020217747481119e+00
4.147000012363888999e+01,1.355480385517797925e+00
4.148000012366870948e+01,1.260501167345104534e+00
4.149000012369852186e+01,1.262478479798773368e+00
4.150000012372833424e+01,1.281493185021338244e+00
4.151000012375815373e+01,1.266027207551343681e+00
4.152000012378795901e+01,1.104772829576183613e+00
4.153000012381777850e+01,1.396381835313640796e+00
4.154000012384759088e+01,1.251767253235040567e+00
4.155000012387740327e+01,1.260274790977525816e+00
4.156000012390722276e+01,1.315888599879942777e+00
4.157000012393703514e+01,1.133113081748160944e+00
4.158000012396684753e+01,1.106221271199661516e+00
4.159000012399665991e+01,1.180706049450551021e+00
4.160000012402647229e+01,1.268031530327534462e+00
4.161000012405629178e+01,1.213978199100021582e+00
4.162000012408610417e+01,1.188317920110088632e+00
4.163000012411591655e+01,1.195547720942985226e+00
4.164000012414573604e+01,1.064698197610582930e+00
4.165000012417554842e+01,1.110540559488078838e+00
4.166000012420536081e+01,1.145388153341056592e+00
4.167000012423517319e+01,1.247094326562233402e+00
4.168000012426498557e+01,1.316232979584889939e+00
4.169000012429480506e+01,1.235344989456208520e+00
4.170000012432461745e+01,1.384170019204300939e+00
4.171000012435442983e+01,1.361805089003191194e+00
4.172000012438424221e+01,1.342488899625770005e+00
4.173000012441406170e+01,1.391055805362597431e+00
4.174000012444387409e+01,1.309284597821698259e+00
4.175000012447368647e+01,1.231854514840270642e+00
4.176000012450349885e+01,1.191902325246945615e+00
4.177000012453331124e+01,1.245144351258434368e+00
4.178000012456313073e+01,1.313386886029875411e+00
4.179000012459294311e+01,1.325323095762369174e+00
4.180000012462275549e+01,1.318518956937484221e+00
4.181000012465257498e+01,1.335902351149239387e+00
4.182000012468238737e+01,1.362037466394139473e+00
4.183000012471219975e+01,1.325106055272862626e+00
4.184000012474201213e+01,1.261275924781049884e+00
4.185000012477182452e+01,1.325228345663699514e+00
4.186000012480164401e+01,1.344691921251017330e+00
4.187000012483145639e+01,1.238465998040787941e+00
4.188000012486126877e+01,1.344148437417119535e+00
4.189000012489108826e+01,1.246257294745500621e+00
4.190000012492089354e+01,1.231483221263604433e+00
4.191000012495071303e+01,1.223880285320563699e+00
4.192000012498052541e+01,1.297228217588878518e+00
4.193000012501033780e+01,1.246236316091789975e+00
4.194000012504015729e+01,1.366604416256360421e+00
4.195000012506996967e+01,1.357527396353603422e+00
4.196000012509978205e+01,1.326210142816830473e+00
4.197000012512960154e+01,1.241540209928525540e+00
4.198000012515940682e+01,1.325985280694308210e+00
4.199000012518922631e+01,1.421295566086965279e+00
4.200000012521903869e+01,1.413158064185964902e+00
4.201000012524885108e+01,1.371245615430392695e+00
4.202000012527867057e+01,1.284860293626652661e+00
4.203000012530847584e+01,1.322847125785955313e+00
4.204000012533829533e+01,1.333152896685185107e+00
4.205000012536810772e+01,1.421772059401344546e+00
4.206000012539792010e+01,1.285977059180172022e+00
4.207000012542773959e+01,1.287094326648577924e+00
4.208000012545754487e+01,1.264378080040925667e+00
4.209000012548736436e+01,1.283210866612652268e+00
4.210000012551718385e+01,1.219074010297430899e+00
4.211000012554698912e+01,1.333639359642134536e+00
4.212000012557680861e+01,1.289649097349901963e+00
4.213000012560661389e+01,1.123883911660890744e+00
4.214000012563643338e+01,1.085050684239186491e+00
4.215000012566625287e+01,1.178168769115542025e+00
4.216000012569605815e+01,1.094822294783116989e+00
4.217000012572587764e+01,1.261969811165556843e+00
4.218000012575569713e+01,1.119440466205829932e+00
4.219000012578550241e+01,1.057989854561387055e+00
4.220000012581532189e+01,1.223769981476216184e+00
4.221000012584512717e+01,1.098176510555869623e+00
4.222000012587494666e+01,1.199417677014400718e+00
4.223000012590476615e+01,1.141764869145298400e+00
4.224000012593457143e+01,1.195720101612546937e+00
4.225000012596439092e+01,1.182562360185492212e+00
4.226000012599421041e+01,1.308509656802101961e+00
4.227000012602401569e+01,1.183771621694202913e+00
4.228000012605383517e+01,1.306269127318575141e+00
4.229000012608364045e+01,1.355409903543789429e+00
4.230000012611345994e+01,1.376508662053477217e+00
4.231000012614327943e+01,1.402507116314269275e+00
4.232000012617308471e+01,1.371015126599322231e+00
4.233000012620290420e+01,1.503546258511564204e+00
4.234000012623271658e+01,1.377518378645966157e+00
4.235000012626252897e+01,1.262039068212030157e+00
4.236000012629234845e+01,1.435397374378160062e+00
4.237000012632215373e+01,1.363456623594589523e+00
4.238000012635197322e+01,1.336551553199010645e+00
4.239000012638178561e+01,1.458888242458709295e+00
4.240000012641159799e+01,1.493044330040596668e+00
4.241000012644141748e+01,1.506945691750676719e+00
4.242000012647122986e+01,1.492320204480764634e+00
4.243000012650104225e+01,1.442938538900532919e+00
4.244000012653085463e+01,1.414565515508531490e+00
4.245000012656066701e+01,1.487822989884067360e+00
4.246000012659048650e+01,1.475007194935563426e+00
4.247000012662029889e+01,1.406438725451018446e+00
4.248000012665011127e+01,1.355129363797309194e+00
4.249000012667993076e+01,1.390846835603453790e+00
4.250000012670973604e+01,1.427596241347552031e+00
4.251000012673955553e+01,1.501983612689284930e+00
4.252000012676936791e+01,1.341177601986437873e+00
4.253000012679918029e+01,1.289554263947114698e+00
4.254000012682899978e+01,1.393038783789546153e+00
4.255000012685881217e+01,1.457531728375071722e+00
4.256000012688862455e+01,1.493662428193619274e+00
4.257000012691844404e+01,1.514947757880177104e+00
4.258000012694824932e+01,1.515094233148120750e+00
4.259000012697806881e+01,1.516389890993602663e+00
4.260000012700788119e+01,1.575246127778042515e+00
4.261000012703769357e+01,1.463477921927057279e+00
4.262000012706751306e+01,1.535800423735508069e+00
4.263000012709732545e+01,1.548975588346105825e+00
4.264000012712713783e+01,1.401833355527539515e+00
4.265000012715695021e+01,1.395886984496063521e+00
4.266000012718676260e+01,1.480905964032061206e+00
4.267000012721658209e+01,1.349155137813489391e+00
4.268000012724639447e+01,1.484305905802355330e+00
4.269000012727620685e+01,1.629148466287586139e+00
4.270000012730601924e+01,1.661207985208982718e+00
4.271000012733583873e+01,1.646116240470436809e+00
4.272000012736565111e+01,1.554918758880208474e+00
4.273000012739546349e+01,1.634457637076469627e+00
4.274000012742527588e+01,1.731307355663617153e+00
4.275000012745508826e+01,1.765543508301938402e+00
4.276000012748490775e+01,1.767572063666101867e+00
4.277000012751472013e+01,1.720090165653920700e+00
4.278000012754453252e+01,1.692182764605546730e+00
4.279000012757435201e+01,1.732639795572843866e+00
4.280000012760416439e+01,1.700570109302063093e+00
4.281000012763397677e+01,1.703759343057043241e+00
4.282000012766378916e+01,1.673529980397168160e+00
4.283000012769360154e+01,1.636733231664248667e+00
4.284000012772342103e+01,1.726659189212107259e+00
4.285000012775323341e+01,1.570876408837770910e+00
4.286000012778304580e+01,1.492411156631323177e+00
4.287000012781286529e+01,1.454585112921806589e+00
4.288000012784267767e+01,1.613488394357327271e+00
4.289000012787249005e+01,1.602555997212938399e+00
4.290000012790230244e+01,1.646512018830575519e+00
4.291000012793211482e+01,1.574994634616853961e+00
4.292000012796193431e+01,1.658405123661405911e+00
4.293000012799174669e+01,1.643705701197444524e+00
4.294000012802155908e+01,1.653953082104834271e+00
4.295000012805137857e+01,1.598225365638036077e+00
4.296000012808118385e+01,1.564389345858635538e+00
4.297000012811100333e+01,1.486046131945298887e+00
4.298000012814081572e+01,1.499324605302754021e+00
4.299000012817062810e+01,1.642072282120148108e+00
4.300000012820044759e+01,1.581174544587703235e+00
4.301000012823025287e+01,1.423088654255869612e+00
4.302000012826007236e+01,1.476467456494859887e+00
4.303000012828989185e+01,1.553766582436004962e+00
4.304000012831969713e+01,1.683274640151234403e+00
4.305000012834951661e+01,1.608630209552665002e+00
4.306000012837932189e+01,1.563250525471199914e+00
4.307000012840914138e+01,1.572361044779205574e+00
4.308000012843896087e+01,1.712935300786445625e+00
4.309000012846876615e+01,1.604125411059805772e+00
4.310000012849858564e+01,1.684260792732863665e+00
4.311000012852839802e+01,1.714237116666766036e+00
4.312000012855821041e+01,1.735187779830582810e+00
4.313000012858802990e+01,1.751849174406369114e+00
4.314000012861783517e+01,1.596357077486362464e+00
4.315000012864765466e+01,1.760666184828418857e+00
4.316000012867747415e+01,1.805705842204788469e+00
4.317000012870727943e+01,1.726932025229906298e+00
4.318000012873709892e+01,1.848556169444763198e+00
4.319000012876691130e+01,1.684136742046361324e+00
4.320000012879672369e+01,1.646819659729499064e+00
4.321000012882654318e+01,1.583884484333926368e+00
4.322000012885634845e+01,1.590095854956063759e+00
4.323000012888616794e+01,1.604584950450730130e+00
4.324000012891598743e+01,1.602909724395143787e+00
4.325000012894579271e+01,1.509453132894462701e+00
4.326000012897561220e+01,1.650784427306179802e+00
4.327000012900541748e+01,1.529320728935290585e+00
4.328000012903523697e+01,1.603283549474903369e+00
4.329000012906505646e+01,1.583523149916125972e+00
4.330000012909486173e+01,1.567415044325999984e+00
4.331000012912468122e+01,1.535872523057409289e+00
4.332000012915449361e+01,1.577446427115028582e+00
4.333000012918430599e+01,1.466455675650120138e+00
4.334000012921412548e+01,1.504564339642487925e+00
4.335000012924393076e+01,1.606854471870249546e+00
4.336000012927375025e+01,1.463989081757581801e+00
4.337000012930356263e+01,1.400954636607023573e+00
4.338000012933337501e+01,1.504368312039235045e+00
4.339000012936319450e+01,1.377151038474804468e+00
4.340000012939300689e+01,1.434545129944313713e+00
4.341000012942281927e+01,1.536103895036551981e+00
4.342000012945263876e+01,1.510435651006938107e+00
4.343000012948244404e+01,1.679424834954670764e+00
4.344000012951226353e+01,1.599013022333425571e+00
4.345000012954207591e+01,1.488395232042262206e+00
4.346000012957188829e+01,1.585027971205695829e+00
4.347000012960170778e+01,1.574842413300005406e+00
4.348000012963152017e+01,1.531457213382163118e+00
4.349000012966133255e+01,1.559619462657647393e+00
4.350000012969115204e+01,1.455367091133809687e+00
4.351000012972095732e+01,1.563095496509242954e+00
4.352000012975077681e+01,1.543150699144013815e+00
4.353000012978058919e+01,1.564562044324598000e+00
4.354000012981040157e+01,1.470194414191196008e+00
4.355000012984022106e+01,1.590480039411378943e+00
4.356000012987003345e+01,1.552046539362764932e+00
4.357000012989984583e+01,1.524625280592300403e+00
4.358000012992965821e+01,1.424053561666628553e+00
4.359000012995947060e+01,1.593756945632184285e+00
4.360000012998929009e+01,1.669228346955909492e+00
4.361000013001910247e+01,1.599791967748621868e+00
4.362000013004891485e+01,1.667032962339670465e+00
4.363000013007872724e+01,1.661567905680300328e+00
4.364000013010853962e+01,1.788984758745980397e+00
4.365000013013835911e+01,1.722019447216044608e+00
4.366000013016817149e+01,1.770801442280138138e+00
4.367000013019798388e+01,1.825391793057569600e+00
4.368000013022779626e+01,1.789309612139708072e+00
4.369000013025761575e+01,1.911369549764899256e+00
4.370000013028742814e+01,1.765868980629131224e+00
4.371000013031724052e+01,1.718217015557062410e+00
4.372000013034705290e+01,1.629212100701778798e+00
4.373000013037687239e+01,1.604893016121813121e+00
4.374000013040668478e+01,1.636334536299727915e+00
4.375000013043649716e+01,1.685894117479458609e+00
4.376000013046630954e+01,1.684960679060329758e+00
4.377000013049612903e+01,1.753267907652255042e+00
4.378000013052594142e+01,1.560299685513857559e+00
4.379000013055575380e+01,1.549843625127595992e+00
4.380000013058556618e+01,1.665515155915694656e+00
4.381000013061538567e+01,1.695842493194388734e+00
4.382000013064519806e+01,1.843632217713183863e+00
4.383000013067501044e+01,1.865474577723515548e+00
4.384000013070482282e+01,1.867799440249996890e+00
4.385000013073464231e+01,1.693556004400886827e+00
4.386000013076445470e+01,1.711330635434831438e+00
4.387000013079426708e+01,1.649066682589349631e+00
4.388000013082407946e+01,1.806320206725714028e+00
4.389000013085389185e+01,1.693592556589958775e+00
4.390000013088371134e+01,1.678801407311042659e+00
4.391000013091352372e+01,1.614037689443826640e+00
4.392000013094333610e+01,1.510497365318105745e+00
4.393000013097315559e+01,1.693064813204980368e+00
4.394000013100296087e+01,1.464957269485125169e+00
4.395000013103278036e+01,1.558843444946225620e+00
4.396000013106259274e+01,1.606140272901979582e+00
4.397000013109240513e+01,1.657467084628381881e+00
4.398000013112222462e+01,1.596578355659397985e+00
4.399000013115202989e+01,1.537964802557501676e+00
4.400000013118184938e+01,1.482281802212342958e+00
4.401000013121166887e+01,1.524544444331506376e+00
4.402000013124147415e+01,1.521353367036652360e+00
4.403000013127129364e+01,1.486789712734344127e+00
4.404000013130110602e+01,1.485059982340934281e+00
4.405000013133091841e+01,1.504027893612187361e+00
4.406000013136073790e+01,1.511769324141735593e+00
4.407000013139054317e+01,1.696093919130770900e+00
4.408000013142036266e+01,1.550721212778647828e+00
4.409000013145018215e+01,1.487117565183183832e+00
4.410000013147998743e+01,1.475340608947501408e+00
4.411000013150980692e+01,1.474738001655880204e+00
4.412000013153961930e+01,1.562381376207324868e+00
4.413000013156943169e+01,1.435214698318538984e+00
4.414000013159925118e+01,1.477812441380699671e+00
4.415000013162905645e+01,1.542511283273793499e+00
4.416000013165887594e+01,1.499854697892911259e+00
4.417000013168869543e+01,1.533758912155956722e+00
4.418000013171850071e+01,1.632896534182009196e+00
4.419000013174832020e+01,1.615594020182955060e+00
4.420000013177812548e+01,1.675976259746627894e+00
4.421000013180794497e+01,1.489416323782709606e+00
4.422000013183776446e+01,1.454951782262775106e+00
4.423000013186756973e+01,1.385448927245550133e+00
4.424000013189738922e+01,1.457453307134997988e+00
4.425000013192719450e+01,1.500206744820162585e+00
4.426000013195701399e+01,1.464424519727390850e+00
4.427000013198683348e+01,1.417661768059141902e+00
4.428000013201663876e+01,1.628967555987511417e+00
4.429000013204645825e+01,1.648109629873014459e+00
4.430000013207627063e+01,1.427518720487020332e+00
4.431000013210608302e+01,1.362929615405733985e+00
4.432000013213590250e+01,1.565885034638814233e+00
4.433000013216570778e+01,1.510722105018660333e+00
4.434000013219552727e+01,1.597369067875641147e+00
4.435000013222534676e+01,1.555083559835590989e+00
4.436000013225515204e+01,1.629654505513819629e+00
4.437000013228497153e+01,1.694403164573305531e+00
4.438000013231478391e+01,1.538235054123625156e+00
4.439000013234459630e+01,1.557218136783748985e+00
4.440000013237441578e+01,1.588687613715642044e+00
4.441000013240422106e+01,1.663924044260937984e+00
4.442000013243404055e+01,1.579734359639087149e+00
4.443000013246386004e+01,1.499804179465798137e+00
4.444000013249366532e+01,1.570557010623184535e+00
4.445000013252348481e+01,1.442263182637214092e+00
4.446000013255329719e+01,1.656624638858707144e+00
4.447000013258310958e+01,1.637811636766613121e+00
4.448000013261292906e+01,1.647855696745012422e+00
4.449000013264273434e+01,1.561106929863731008e+00
4.450000013267255383e+01,1.709820013062721245e+00
4.451000013270236622e+01,1.662864247567593212e+00
4.452000013273217860e+01,1.546674536502838482e+00
4.453000013276199809e+01,1.661717999150119196e+00
4.454000013279181047e+01,1.593580943908925684e+00
4.455000013282162286e+01,1.531227955779060457e+00
4.456000013285143524e+01,1.383665521496731499e+00
4.457000013288124762e+01,1.591930113532486368e+00
4.458000013291106711e+01,1.558926301511891266e+00
4.459000013294087950e+01,1.461253974468644579e+00
4.460000013297069188e+01,1.668035776567329265e+00
4.461000013300050426e+01,1.523914347436053918e+00
4.462000013303032375e+01,1.470847689819477333e+00
4.463000013306013614e+01,1.425031754333810685e+00
4.464000013308994852e+01,1.360237552402254302e+00
4.465000013311976090e+01,1.493206274037296222e+00
4.466000013314957329e+01,1.384766420343730653e+00
4.467000013317939278e+01,1.395956738366030958e+00
4.468000013320920516e+01,1.251635636918844829e+00
4.469000013323901754e+01,1.369189424316505699e+00
4.470000013326882993e+01,1.391848798506710727e+00
4.471000013329864942e+01,1.327512802821719573e+00
4.472000013332846180e+01,1.372549465561509807e+00
4.473000013335827418e+01,1.406624680830266039e+00
4.474000013338809367e+01,1.454070952546451245e+00
4.475000013341790606e+01,1.480584475540158262e+00
4.476000013344771844e+01,1.297215000191678014e+00
4.477000013347753082e+01,1.377091599974087366e+00
4.478000013350734321e+01,1.495837716599647926e+00
4.479000013353716270e+01,1.445159159554547657e+00
4.480000013356697508e+01,1.377067735622491629e+00
4.481000013359678746e+01,1.314951172139404045e+00
4.482000013362659985e+01,1.498169693174255412e+00
4.483000013365641934e+01,1.505082240614680655e+00
4.484000013368623172e+01,1.446119919307574442e+00
4.485000013371604410e+01,1.446216153054949105e+00
4.486000013374585649e+01,1.487443743156320108e+00
4.487000013377566887e+01,1.479504196911202607e+00
4.488000013380548836e+01,1.369958372716146400e+00
4.489000013383530074e+01,1.451072338357900504e+00
4.490000013386511313e+01,1.369291702107952036e+00
4.491000013389493262e+01,1.408479484525065883e+00
4.492000013392473790e+01,1.311384944101621208e+00
4.493000013395455738e+01,1.305252898152342578e+00
4.494000013398436977e+01,1.409731937722596085e+00
4.495000013401418215e+01,1.299907396933531745e+00
4.496000013404400164e+01,1.388531546492918212e+00
4.497000013407380692e+01,1.345605714921692453e+00
4.498000013410362641e+01,1.248547996981212771e+00
4.499000013413344590e+01,1.305269663618336962e+00
4.500000013416325118e+01,1.420285086783940054e+00
4.501000013419307066e+01,1.348114738638722443e+00
4.502000013422288305e+01,1.511867681339540859e+00
4.503000013425269543e+01,1.502970096258022359e+00
4.504000013428251492e+01,1.451251612446202266e+00
4.505000013431232730e+01,1.423022805634040377e+00
4.506000013434213969e+01,1.401866642896665072e+00
4.507000013437195918e+01,1.444055087940921522e+00
4.508000013440176446e+01,1.575116414857856695e+00
4.509000013443158394e+01,1.364477182884966666e+00
4.510000013446139633e+01,1.327650325052234015e+00
4.511000013449120871e+01,1.419572830995585955e+00
4.512000013452102820e+01,1.394176440761970781e+00
4.513000013455083348e+01,1.441094600026056050e+00
4.514000013458065297e+01,1.397319751164551205e+00
4.515000013461047246e+01,1.272261451791888431e+00
4.516000013464027774e+01,1.330565074532378267e+00
4.517000013467009722e+01,1.396442547793698585e+00
4.518000013469990250e+01,1.402798973677898742e+00
4.519000013472972199e+01,1.291114176197817764e+00
4.520000013475954148e+01,1.323295675786680281e+00
4.521000013478934676e+01,1.359542182487599282e+00
4.522000013481916625e+01,1.317722781657933107e+00
4.523000013484897153e+01,1.310867445732799785e+00
4.524000013487879102e+01,1.250336547617219018e+00
4.525000013490861051e+01,1.207106753737428484e+00
4.526000013493841578e+01,1.218070934674353678e+00
4.527000013496823527e+01,1.305846390633540688e+00
4.528000013499804766e+01,1.386162548518327098e+00
4.529000013502786004e+01,1.322428518636986849e+00
4.530000013505767953e+01,1.482858891706053006e+00
4.531000013508748481e+01,1.426364014683621839e+00
4.532000013511730430e+01,1.398311374489471293e+00
4.533000013514712379e+01,1.334986766522376467e+00
4.534000013517692906e+01,1.467623515227017617e+00
4.535000013520674855e+01,1.552507016560387587e+00
4.536000013523656804e+01,1.429753556978500706e+00
4.537000013526637332e+01,1.495425590633776558e+00
4.538000013529619281e+01,1.395227199176622968e+00
4.539000013532599809e+01,1.337606049666763219e+00
4.540000013535581758e+01,1.319325388773058050e+00
4.541000013538563707e+01,1.283283194230260493e+00
4.542000013541544234e+01,1.262639936560530085e+00
4.543000013544526183e+01,1.361775806078299622e+00
4.544000013547507422e+01,1.223069416640627738e+00
4.545000013550488660e+01,1.372561251357336420e+00
4.546000013553470609e+01,1.433878510860197686e+00
4.547000013556451137e+01,1.418692698813459607e+00
4.548000013559433086e+01,1.237356626336488352e+00
4.549000013562414324e+01,1.292076697332056545e+00
4.550000013565395562e+01,1.418320175389112814e+00
4.551000013568377511e+01,1.295414056556847493e+00
4.552000013571358750e+01,1.398672006727528005e+00
4.553000013574339988e+01,1.347497021563269781e+00
4.554000013577321226e+01,1.375488051026658276e+00
4.555000013580302465e+01,1.322427019906895040e+00
4.556000013583284414e+01,1.286553295136643182e+00
4.557000013586265652e+01,1.144956858094569263e+00
4.558000013589246890e+01,1.213712948609961595e+00
4.559000013592228129e+01,1.341177080271623856e+00
4.560000013595210078e+01,1.249925554209998735e+00
4.561000013598191316e+01,1.266096003537960257e+00
4.562000013601172554e+01,1.313660010992802718e+00
4.563000013604153793e+01,1.184911913709636888e+00
4.564000013607135742e+01,1.232345025319781850e+00
4.565000013610116980e+01,1.229277820399787391e+00
4.566000013613098218e+01,1.254206453284495870e+00
4.567000013616080167e+01,1.167950137878106975e+00
4.568000013619061406e+01,1.139176875232106090e+00
4.569000013622042644e+01,1.202062651834951090e+00
4.570000013625023882e+01,1.124680041173194533e+00
4.571000013628005121e+01,1.168182804516476159e+00
4.572000013630987070e+01,1.137974598253183478e+00
4.573000013633968308e+01,1.179861553510245464e+00
4.574000013636949546e+01,1.195576113466294776e+00
4.575000013639930785e+01,1.112151277841064045e+00
4.576000013642912734e+01,1.097063861489562919e+00
4.577000013645893972e+01,1.138444218112900197e+00
4.578000013648875210e+01,1.161372936650625354e+00
4.579000013651856449e+01,1.205400900653302632e+00
4.580000013654837687e+01,1.154813608816949388e+00
4.581000013657819636e+01,1.153597738286034069e+00
4.582000013660800875e+01,1.231800764591041153e+00
4.583000013663782113e+01,1.193699094863049703e+00
4.584000013666763351e+01,1.249432973800872704e+00
4.585000013669744590e+01,1.352605529822261898e+00
4.586000013672726539e+01,1.201635375315618148e+00
4.587000013675707777e+01,1.302909064881520473e+00
4.588000013678689015e+01,1.241574870656414475e+00
4.589000013681670964e+01,1.208201003527039630e+00
4.590000013684651492e+01,1.214413061221095935e+00
4.591000013687633441e+01,1.227869884663053135e+00
4.592000013690614679e+01,1.307381717324701986e+00
4.593000013693595918e+01,1.290583497215179287e+00
4.594000013696577867e+01,1.248838117779257573e+00
4.595000013699559105e+01,1.426594955712853885e+00
4.596000013702540343e+01,1.318137582039224265e+00
4.597000013705522292e+01,1.436515535720323422e+00
4.598000013708503531e+01,1.341531913298175560e+00
4.599000013711484769e+01,1.384969426392847813e+00
4.600000013714466007e+01,1.346148586405492731e+00
4.601000013717447246e+01,1.377479940423844473e+00
4.602000013720429195e+01,1.370907603436278155e+00
4.603000013723410433e+01,1.289094923968021389e+00
4.604000013726391671e+01,1.264300062785998602e+00
4.605000013729373620e+01,1.143241801936067281e+00
4.606000013732354148e+01,1.233843703526765090e+00
4.607000013735336097e+01,1.162719626367465509e+00
4.608000013738317335e+01,1.112003801666153979e+00
4.609000013741298574e+01,1.131070713310654341e+00
4.610000013744280523e+01,1.140211908913804750e+00
4.611000013747261050e+01,1.240992739471222794e+00
4.612000013750242999e+01,1.335875794396305327e+00
4.613000013753224948e+01,1.141007596035205074e+00
4.614000013756205476e+01,1.167948971625104138e+00
4.615000013759187425e+01,1.084184474493087746e+00
4.616000013762167953e+01,1.125153543273264001e+00
4.617000013765149902e+01,1.117438166527137344e+00
4.618000013768131851e+01,1.105379933214367005e+00
4.619000013771112378e+01,1.222710936577320329e+00
4.620000013774094327e+01,1.107932918329930017e+00
4.621000013777075566e+01,1.149792041793467723e+00
4.622000013780056804e+01,1.207745387687900296e+00
4.623000013783038753e+01,1.128279949947337046e+00
4.624000013786019281e+01,1.167626990647124829e+00
4.625000013789001230e+01,1.175539975119057390e+00
4.626000013791983179e+01,1.187846986386903891e+00
4.627000013794963706e+01,1.163975315939756561e+00
4.628000013797945655e+01,1.130275244123240430e+00
4.629000013800927604e+01,1.189163197572404629e+00
4.630000013803908132e+01,1.322882019529482367e+00
4.631000013806890081e+01,1.127073556468178195e+00
4.632000013809870609e+01,1.189717071213136634e+00
4.633000013812852558e+01,1.242048250524250053e+00
4.634000013815834507e+01,1.304929900617172178e+00
4.635000013818815034e+01,1.167071582352399606e+00
4.636000013821796983e+01,1.161845934835904037e+00
4.637000013824777511e+01,1.147079723180027822e+00
4.638000013827759460e+01,1.105524655190293748e+00
4.639000013830741409e+01,1.213951701275872930e+00
4.640000013833721937e+01,1.287926180154395084e+00
4.641000013836703886e+01,1.243649968112587212e+00
4.642000013839685124e+01,1.322846333037147826e+00
4.643000013842666363e+01,1.198934486902868413e+00
4.644000013845648311e+01,1.219491180178504219e+00
4.645000013848628839e+01,1.197392334347683995e+00
4.646000013851610788e+01,1.147571570754506665e+00
4.647000013854592027e+01,1.230673615119544761e+00
4.648000013857573265e+01,1.293744854546097667e+00
4.649000013860555214e+01,1.290327632831485438e+00
4.650000013863536452e+01,1.189491810568219066e+00
4.651000013866517691e+01,1.306941594172823962e+00
4.652000013869498929e+01,1.215362852708724795e+00
4.653000013872480167e+01,1.248550494280820100e+00
4.654000013875462116e+01,1.282893661339432168e+00
4.655000013878443355e+01,1.230104416231541764e+00
4.656000013881424593e+01,1.352951936372039476e+00
4.657000013884406542e+01,1.223556345943180412e+00
4.658000013887387780e+01,1.291864304867696767e+00
4.659000013890369019e+01,1.161387801330223679e+00
4.660000013893350967e+01,1.264762051476950644e+00
4.661000013896331495e+01,1.207708253045374658e+00
4.662000013899313444e+01,1.328126878402955402e+00
4.663000013902294683e+01,1.353765733996625364e+00
4.664000013905275921e+01,1.282151883209652565e+00
4.665000013908257870e+01,1.217214846549189433e+00
4.666000013911239108e+01,1.237953472679819811e+00
4.667000013914220347e+01,1.198076377493412226e+00
4.668000013917201585e+01,1.141795348424092804e+00
4.669000013920182823e+01,1.140667443255379387e+00
4.670000013923164772e+01,1.154994724653434224e+00
4.671000013926146011e+01,1.264174165538683337e+00
4.672000013929127249e+01,1.158484231624603567e+00
4.673000013932108487e+01,1.181382396952828762e+00
4.674000013935090436e+01,1.223484987379465316e+00
4.675000013938071675e+01,1.324013897115941640e+00
4.676000013941052913e+01,1.174055769208860234e+00
4.677000013944034151e+01,1.087493692395480105e+00
4.678000013947015390e+01,1.146597868647758034e+00
4.679000013949997339e+01,1.132833297416568019e+00
4.680000013952978577e+01,1.160530879193774956e+00
4.681000013955959815e+01,1.150683533317922613e+00
4.682000013958941764e+01,1.077535871702159032e+00
4.683000013961922292e+01,1.051078397991977775e+00
4.684000013964904241e+01,1.137454954426169396e+00
4.685000013967885479e+01,1.256154090773389465e+00
4.686000013970866718e+01,1.174099103405348732e+00
4.687000013973848667e+01,1.180900558766975195e+00
4.688000013976829905e+01,1.181604207780137417e+00
4.689000013979811143e+01,1.125618061512879908e+00
4.690000013982792382e+01,1.106973399309139960e+00
4.691000013985774331e+01,1.218135766657805430e+00
4.692000013988755569e+01,1.158487924367995303e+00
4.693000013991736807e+01,1.216360129788980116e+00
4.694000013994718046e+01,1.231579701589549325e+00
4.695000013997699995e+01,1.228602010018611690e+00
4.696000014000681233e+01,1.177069686481984068e+00
4.697000014003662471e+01,1.207723538551883413e+00
4.698000014006643710e+01,1.266918893751781017e+00
4.699000014009624948e+01,1.310205168188238067e+00
4.700000014012606897e+01,1.385511822270195426e+00
4.701000014015588135e+01,1.209605784206264412e+00
4.702000014018569374e+01,1.279307891656418228e+00
4.703000014021551323e+01,1.260979411636252934e+00
4.704000014024531851e+01,1.298441328695956187e+00
4.705000014027513799e+01,1.449354102654547560e+00
4.706000014030495038e+01,1.422660542565795661e+00
4.707000014033476276e+01,1.324083847735124220e+00
4.708000014036458225e+01,1.196846364954830211e+00
4.709000014039438753e+01,1.275349166360900677e+00
4.710000014042420702e+01,1.241089318259869900e+00
4.711000014045402651e+01,1.354794660479912372e+00
4.712000014048383179e+01,1.365153554121963930e+00
4.713000014051365127e+01,1.211250217450858591e+00
4.714000014054345655e+01,1.342994792677435933e+00
4.715000014057327604e+01,1.227183117949981916e+00
4.716000014060309553e+01,1.218443509949281411e+00
4.717000014063290081e+01,1.294320037944189261e+00
4.718000014066272030e+01,1.237688975664162472e+00
4.719000014069253979e+01,1.394130480255854510e+00
4.720000014072234507e+01,1.402145822599625502e+00
4.721000014075216455e+01,1.411788549595456077e+00
4.722000014078196983e+01,1.333587801399477524e+00
4.723000014081178932e+01,1.346022283978696832e+00
4.724000014084160881e+01,1.448416825236218619e+00
4.725000014087141409e+01,1.452355838239944852e+00
4.726000014090123358e+01,1.468750036381226254e+00
4.727000014093105307e+01,1.370415254246799108e+00
4.728000014096085835e+01,1.322776767668628395e+00
4.729000014099067783e+01,1.394360202480289912e+00
4.730000014102048311e+01,1.364474204415128789e+00
4.731000014105030260e+01,1.363521811272420559e+00
4.732000014108012209e+01,1.388941583369194044e+00
4.733000014110992737e+01,1.236475855113269517e+00
4.734000014113974686e+01,1.335457052900429264e+00
4.735000014116955924e+01,1.254096833949577938e+00
4.736000014119937163e+01,1.434053774574687967e+00
4.737000014122919112e+01,1.297568817388714102e+00
4.738000014125899639e+01,1.295305517159251352e+00
4.739000014128881588e+01,1.316494444577451794e+00
4.740000014131862827e+01,1.304301028440614463e+00
4.741000014134844065e+01,1.338132121967089194e+00
4.742000014137826014e+01,1.359566712921408405e+00
4.743000014140806542e+01,1.211919043842072385e+00
4.744000014143788491e+01,1.238400317723699962e+00
4.745000014146769729e+01,1.259484041595557713e+00
4.746000014149750967e+01,1.380864010016048748e+00
4.747000014152732916e+01,1.372287530417037438e+00
4.748000014155714155e+01,1.370655618740965975e+00
4.749000014158695393e+01,1.305168102350671377e+00
4.750000014161677342e+01,1.399908929322552176e+00
4.751000014164657870e+01,1.429183565045863746e+00
4.752000014167639819e+01,1.391271296502559318e+00
4.753000014170621057e+01,1.380323322177300804e+00
4.754000014173602295e+01,1.325988682522280637e+00
4.755000014176584244e+01,1.416129763567552491e+00
4.756000014179565483e+01,1.392541087792027676e+00
4.757000014182546721e+01,1.397760695057978397e+00
4.758000014185528670e+01,1.386162334005086150e+00
4.759000014188509198e+01,1.407488518408656963e+00
4.760000014191491147e+01,1.420881309441039742e+00
4.761000014194472385e+01,1.255922542046019830e+00
4.762000014197453623e+01,1.377838899770677861e+00
4.763000014200435572e+01,1.435376286540221313e+00
4.764000014203416811e+01,1.309121049873884113e+00
4.765000014206398049e+01,1.331347670568914232e+00
4.766000014209379287e+01,1.271764403702001056e+00
4.767000014212360526e+01,1.376470517850001851e+00
4.768000014215342475e+01,1.278717218611690631e+00
4.769000014218323713e+01,1.352367196585087195e+00
4.770000014221304951e+01,1.426503514327764455e+00
4.771000014224286190e+01,1.379922097779336720e+00
4.772000014227268139e+01,1.267148752863456851e+00
4.773000014230249377e+01,1.225710161129532683e+00
4.774000014233230615e+01,1.309821175323369946e+00
4.775000014236211854e+01,1.401682452909632337e+00
4.776000014239193092e+01,1.339923556633926927e+00
4.777000014242175041e+01,1.343423598030526911e+00
4.778000014245156279e+01,1.255196547651902916e+00
4.779000014248137518e+01,1.417036376332280412e+00
4.780000014251119467e+01,1.311790973997357446e+00
4.781000014254100705e+01,1.451756503380763785e+00
4.782000014257081943e+01,1.330555821487457768e+00
4.783000014260063182e+01,1.299367453632762626e+00
4.784000014263044420e+01,1.291945627929842022e+00
4.785000014266026369e+01,1.263224026058531901e+00
4.786000014269007607e+01,1.270174116050614588e+00
4.787000014271988846e+01,1.197754753491288460e+00
4.788000014274970795e+01,1.322407487460081077e+00
4.789000014277952033e+01,1.321385068174796507e+00
4.790000014280933271e+01,1.261877314389433069e+00
4.791000014283914510e+01,1.291544205451840011e+00
4.792000014286895748e+01,1.274050425941531062e+00
4.793000014289877697e+01,1.267598064832128335e+00
4.794000014292858936e+01,1.257575593344738785e+00
4.795000014295840174e+01,1.193825841464228432e+00
4.796000014298822123e+01,1.232613684971004542e+00
4.797000014301802651e+01,1.149773287787847265e+00
4.798000014304784600e+01,1.135141101954886267e+00
4.799000014307765838e+01,1.273272478269463992e+00
4.800000014310747076e+01,1.333998463724292760e+00
4.801000014313729025e+01,1.247243536334121661e+00
4.802000014316709553e+01,1.311293529640825684e+00
4.803000014319691502e+01,1.348192245803074396e+00
4.804000014322672740e+01,1.357397399913052194e+00
4.805000014325653979e+01,1.402884897325406222e+00
4.806000014328635928e+01,1.329987901365820013e+00
4.807000014331616455e+01,1.391124800579304877e+00
4.808000014334598404e+01,1.305208761156383401e+00
4.809000014337580353e+01,1.305721946875530559e+00
4.810000014340560881e+01,1.233282262041952571e+00
4.811000014343542830e+01,1.435902631187052858e+00
4.812000014346524068e+01,1.406822449204336634e+00
4.813000014349505307e+01,1.570226942098700507e+00
4.814000014352487256e+01,1.571559441864309736e+00
4.815000014355467783e+01,1.603114597500656435e+00
4.816000014358449732e+01,1.598044912779380766e+00
4.817000014361431681e+01,1.565543810806149239e+00
4.818000014364412209e+01,1.481401397651808560e+00
4.819000014367394158e+01,1.444934459129472160e+00
4.820000014370375396e+01,1.335624432949968021e+00
4.821000014373356635e+01,1.387008783841886084e+00
4.822000014376338584e+01,1.466104193121703592e+00
4.823000014379319111e+01,1.531842424610909470e+00
4.824000014382301060e+01,1.407001527155640197e+00
4.825000014385283009e+01,1.565227398590580465e+00
4.826000014388263537e+01,1.672612476559735661e+00
4.827000014391245486e+01,1.555570871165459002e+00
4.828000014394226014e+01,1.527932350040077880e+00
4.829000014397207963e+01,1.589898429872650176e+00
4.830000014400189912e+01,1.599985491156076689e+00
4.831000014403170439e+01,1.636965819154024837e+00
4.832000014406152388e+01,1.596557589718250902e+00
4.833000014409133627e+01,1.538244333940971043e+00
4.834000014412114865e+01,1.588156391240287402e+00
4.835000014415096814e+01,1.565682807000358556e+00
4.836000014418077342e+01,1.601379365038887448e+00
4.837000014421059291e+01,1.595348231385175897e+00
4.838000014424040529e+01,1.683718808259398125e+00
4.839000014427021767e+01,1.599379452674726032e+00
4.840000014430003716e+01,1.613492496582273006e+00
4.841000014432984955e+01,1.551307595343861534e+00
4.842000014435966193e+01,1.635302689402905463e+00
4.843000014438947431e+01,1.673241140250063097e+00
4.844000014441928670e+01,1.579121177879331706e+00
4.845000014444910619e+01,1.608276668229485340e+00
4.846000014447892568e+01,1.646918237081900882e+00
4.847000014450873095e+01,1.581499875616390938e+00
4.848000014453855044e+01,1.565541571525837394e+00
4.849000014456835572e+01,1.548849808462250621e+00
4.850000014459817521e+01,1.554735059957413679e+00
4.851000014462799470e+01,1.436120609556675642e+00
4.852000014465779998e+01,1.610065863254324325e+00
4.853000014468761947e+01,1.500128988603611102e+00
4.854000014471743185e+01,1.569390928686937636e+00
4.855000014474724424e+01,1.696471800645839023e+00
4.856000014477706372e+01,1.581661835231081614e+00
4.857000014480686900e+01,1.659068324272929829e+00
4.858000014483668849e+01,1.564290287444781713e+00
4.859000014486650088e+01,1.559399644377090555e+00
4.860000014489631326e+01,1.555554959813494564e+00
4.861000014492613275e+01,1.563398733960950526e+00
4.862000014495594513e+01,1.529807415153289885e+00
4.863000014498575752e+01,1.543250065360065815e+00
4.864000014501556990e+01,1.426380592546196091e+00
4.865000014504538228e+01,1.473890506926212485e+00
4.866000014507520177e+01,1.385079594204222220e+00
4.867000014510501416e+01,1.293115491093795422e+00
4.868000014513482654e+01,1.422673628325322293e+00
4.869000014516463892e+01,1.262053692150158390e+00
4.870000014519445841e+01,1.221989178042476309e+00
4.871000014522427080e+01,1.189299466045562248e+00
4.872000014525408318e+01,1.139849301000555704e+00
4.873000014528389556e+01,1.201533444909809178e+00
4.874000014531370795e+01,1.181660925056985390e+00
4.875000014534352744e+01,1.272414717842099474e+00
4.876000014537333982e+01,1.254992429400147547e+00
4.877000014540315931e+01,1.256358453039439160e+00
4.878000014543297169e+01,1.293335725285604143e+00
4.879000014546278408e+01,1.293364723341968059e+00
4.880000014549259646e+01,1.255142737473013748e+00
4.881000014552240884e+01,1.247598584728805582e+00
4.882000014555222833e+01,1.246051460472952677e+00
4.883000014558204072e+01,1.312007022450185190e+00
4.884000014561185310e+01,1.314539637706373387e+00
4.885000014564166548e+01,1.252303301229188870e+00
4.886000014567148497e+01,1.318839216781289903e+00
4.887000014570129736e+01,1.323753358280115533e+00
4.888000014573110974e+01,1.110824571612496037e+00
4.889000014576092212e+01,1.210715222800868629e+00
4.890000014579073451e+01,1.322864902913776231e+00
4.891000014582055400e+01,1.405218193844590902e+00
4.892000014585036638e+01,1.474258808902703999e+00
4.893000014588017876e+01,1.363097322343043816e+00
4.894000014590999825e+01,1.390927865130137553e+00
4.895000014593980353e+01,1.447138390493712068e+00
4.896000014596962302e+01,1.444374308893412673e+00
4.897000014599943540e+01,1.488697674010782235e+00
4.898000014602924779e+01,1.555823446831302359e+00
4.899000014605906728e+01,1.307555760757500352e+00
4.900000014608887255e+01,1.384289841597924786e+00
4.901000014611869204e+01,1.332385602524117640e+00
4.902000014614851153e+01,1.286739462046014637e+00
4.903000014617831681e+01,1.316083115190365138e+00
4.904000014620813630e+01,1.279132798590702391e+00
4.905000014623794158e+01,1.286430692184234115e+00
4.906000014626776107e+01,1.272294731591678607e+00
4.907000014629758056e+01,1.295332468673118465e+00
4.908000014632739294e+01,1.285820916063883823e+00
4.909000014635720532e+01,1.399787752443963695e+00
4.910000014638701771e+01,1.323031916355580373e+00
4.911000014641683009e+01,1.369966539366356484e+00
4.912000014644664958e+01,1.181152429301955076e+00
4.913000014647646196e+01,1.179853121036330554e+00
4.914000014650627435e+01,1.246666202277040281e+00
4.915000014653609384e+01,1.312902214971850334e+00
4.916000014656589912e+01,1.321097063733609245e+00
4.917000014659571860e+01,1.271629573268612257e+00
4.918000014662553099e+01,1.251902002466273256e+00
4.919000014665534337e+01,1.198315867734330631e+00
4.920000014668516286e+01,1.250010588694249636e+00
4.921000014671496814e+01,1.322732710643741871e+00
4.922000014674478763e+01,1.460289481377437637e+00
4.923000014677460712e+01,1.396691880911997918e+00
4.924000014680441240e+01,1.304041881868183816e+00
4.925000014683423188e+01,1.249270887155805587e+00
4.926000014686403716e+01,1.262911933711547974e+00
4.927000014689385665e+01,1.205894182422528882e+00
4.928000014692367614e+01,1.339859194723453273e+00
4.929000014695348142e+01,1.370626652435977810e+00
4.930000014698330091e+01,1.228412502542169937e+00
4.931000014701311329e+01,1.155469264021026232e+00
4.932000014704292568e+01,1.144321063342264688e+00
4.933000014707274516e+01,1.206029351568899122e+00
4.934000014710255044e+01,1.210779394480362869e+00
4.935000014713236993e+01,1.161883303134236378e+00
4.936000014716218232e+01,1.130568910059985832e+00
4.937000014719199470e+01,1.114006388507436052e+00
4.938000014722181419e+01,1.283132412636484920e+00
4.939000014725163368e+01,1.179088069309322195e+00
4.940000014728143896e+01,1.194585078553705548e+00
4.941000014731125844e+01,1.178789448236232440e+00
4.942000014734106372e+01,1.203212285306281215e+00
4.943000014737088321e+01,1.253478699298830934e+00
4.944000014740070270e+01,1.243581281816650064e+00
4.945000014743050798e+01,1.249069281056225611e+00
4.946000014746032747e+01,1.209584634448667151e+00
4.947000014749013985e+01,1.164679912833743503e+00
4.948000014751995224e+01,1.155584929805166583e+00
4.949000014754977173e+01,1.142863920975670577e+00
4.950000014757957700e+01,1.091989307571016088e+00
4.951000014760939649e+01,1.146800431847557533e+00
4.952000014763920888e+01,1.212047063752383913e+00
4.953000014766902126e+01,1.187649881273110219e+00
4.954000014769884075e+01,1.204048127110674660e+00
4.955000014772865313e+01,1.191780295552181013e+00
4.956000014775846552e+01,1.192780440033738509e+00
4.957000014778827790e+01,1.272142515244055749e+00
4.958000014781809028e+01,1.275408564599459726e+00
4.959000014784790977e+01,1.336771084428872713e+00
4.960000014787772216e+01,1.250479557758358062e+00
4.961000014790753454e+01,1.179155463514220292e+00
4.962000014793734692e+01,1.215184503016792039e+00
4.963000014796715931e+01,1.256400166806886265e+00
4.964000014799697880e+01,1.076283990041306149e+00
4.965000014802679118e+01,1.131403424859532825e+00
4.966000014805660356e+01,1.173062937263110062e+00
4.967000014808641595e+01,1.281412801915421174e+00
4.968000014811623544e+01,1.275440241187129509e+00
4.969000014814604782e+01,1.049852291627716872e+00
4.970000014817586731e+01,1.102244235627612090e+00
4.971000014820567259e+01,1.072634638359939663e+00
4.972000014823549208e+01,1.168698366815080547e+00
4.973000014826530446e+01,1.147100744902182390e+00
4.974000014829511684e+01,1.076025419160962171e+00
4.975000014832493633e+01,1.221130462610596767e+00
4.976000014835474872e+01,1.256265339410693516e+00
4.977000014838456110e+01,1.157345314525802804e+00
4.978000014841437348e+01,1.045951618204328470e+00
4.979000014844418587e+01,1.087096895173696343e+00
4.980000014847400536e+01,1.065265171627578722e+00
4.981000014850381774e+01,1.144478220894465492e+00
4.982000014853363012e+01,1.221387271530218310e+00
4.983000014856344251e+01,1.232626030174885923e+00
4.984000014859326200e+01,1.133728394990960675e+00
4.985000014862307438e+01,1.121486228942023544e+00
4.986000014865288676e+01,1.153772959853553548e+00
4.987000014868269915e+01,1.160566895037828727e+00
4.988000014871251153e+01,1.106301458415198669e+00
4.989000014874233102e+01,1.069950651773759809e+00
4.990000014877214340e+01,1.111818887577655568e+00
4.991000014880195579e+01,1.137640997486256911e+00
4.992000014883177528e+01,1.156532586034141330e+00
4.993000014886158056e+01,1.161373821385505378e+00
4.994000014889140004e+01,1.108491354858150979e+00
4.995000014892121243e+01,1.147410833920812889e+00
4.996000014895102481e+01,1.209847870294663785e+00
4.997000014898084430e+01,1.193824066462180866e+00
4.998000014901064958e+01,1.195627129031915592e+00
4.999000014904046907e+01,1.243149327711188024e+00
5.000000014907028856e+01,1.215662856167436523e+00
5.001000014910010094e+01,1.218154746651549214e+00
5.002000014912991332e+01,1.062515593990009943e+00
5.003000014915972571e+01,1.142693756763314639e+00
5.004000014918953809e+01,1.200471010136958006e+00
5.005000014921935758e+01,1.140683860562063723e+00
5.006000014924916997e+01,1.222787873903359523e+00
5.007000014927898235e+01,1.302124700562745874e+00
5.008000014930880184e+01,1.174173592901478491e+00
5.009000014933861422e+01,1.173833252657960458e+00
5.010000014936842661e+01,1.234613718759385748e+00
5.011000014939823899e+01,1.166234387600550537e+00
5.012000014942805137e+01,1.252704547479166042e+00
5.013000014945787086e+01,1.273063736015603409e+00
5.014000014948768325e+01,1.271299629057745406e+00
5.015000014951749563e+01,1.183040479742546447e+00
5.016000014954731512e+01,1.206471511674862773e+00
5.017000014957712040e+01,1.183332231011401170e+00
5.018000014960693989e+01,1.273713822063372580e+00
5.019000014963675227e+01,1.244072268332000908e+00
5.020000014966656465e+01,1.369683180384707155e+00
5.021000014969638414e+01,1.307703072785373566e+00
5.022000014972618942e+01,1.386453517456850859e+00
5.023000014975600891e+01,1.180688685093108647e+00
5.024000014978582129e+01,1.131358437728487321e+00
5.025000014981563368e+01,1.304175870327581865e+00
5.026000014984545317e+01,1.275114037284205137e+00
5.027000014987526555e+01,1.367984159973427039e+00
5.028000014990507793e+01,1.487062015413908922e+00
5.029000014993489742e+01,1.308333064336760332e+00
5.030000014996470270e+01,1.265974383193397168e+00
5.031000014999452219e+01,1.241807987519029099e+00
5.032000015002433457e+01,1.253215094813294073e+00
5.033000015005414696e+01,1.297013700150653426e+00
5.034000015008396645e+01,1.084346614850925761e+00
5.035000015011377172e+01,1.180068562924990072e+00
5.036000015014359121e+01,1.227480668203561276e+00
5.037000015017341070e+01,1.270644181134665374e+00
5.038000015020321598e+01,1.245126471289955017e+00
5.039000015023303547e+01,1.199273735498635141e+00
5.040000015026284785e+01,1.296514494011618446e+00
5.041000015029266024e+01,1.220183476726776739e+00
5.042000015032247973e+01,1.168253302036938335e+00
5.043000015035228500e+01,1.361401558040255200e+00
5.044000015038210449e+01,1.279443321090962593e+00
5.045000015041192398e+01,1.231321912999855606e+00
5.046000015044172926e+01,1.261914106727828999e+00
5.047000015047154875e+01,1.318894482928893996e+00
5.048000015050135403e+01,1.204774181057693960e+00
5.049000015053117352e+01,1.271716248525351700e+00
5.050000015056099301e+01,1.230028642918796100e+00
5.051000015059079828e+01,1.194200519814053507e+00
5.052000015062061777e+01,1.273108608594110347e+00
5.053000015065043016e+01,1.319316071794233602e+00
5.054000015068024254e+01,1.266185642908706388e+00
5.055000015071006203e+01,1.307587679935749314e+00
5.056000015073986731e+01,1.340895789680496275e+00
5.057000015076968680e+01,1.268015836399591700e+00
5.058000015079950629e+01,1.274379799105767264e+00
5.059000015082931156e+01,1.236368436873863885e+00
5.060000015085913105e+01,1.243012709988022380e+00
5.061000015088894344e+01,1.261004848883310325e+00
5.062000015091875582e+01,1.229434647296203664e+00
5.063000015094857531e+01,1.204263370203325856e+00
5.064000015097838059e+01,1.208612205651287574e+00
5.065000015100820008e+01,1.165418551986940443e+00
5.066000015103801246e+01,1.212573516665194084e+00
5.067000015106782485e+01,1.231270581710461665e+00
5.068000015109764433e+01,1.182046721315424653e+00
5.069000015112744961e+01,1.208019083264046278e+00
5.070000015115726910e+01,1.172202456150752026e+00
5.071000015118708859e+01,1.277883648298003383e+00
5.072000015121689387e+01,1.207747049251399751e+00
5.073000015124671336e+01,1.155379145174373567e+00
5.074000015127652574e+01,1.220726183097644801e+00
5.075000015130633813e+01,1.216588845531516139e+00
5.076000015133615761e+01,1.097695129908920597e+00
5.077000015136596289e+01,1.147897014363130852e+00
5.078000015139578238e+01,1.163604149945678623e+00
5.079000015142559477e+01,1.160606810901559482e+00
5.080000015145540715e+01,1.195603084671135186e+00
5.081000015148522664e+01,1.225631028126226596e+00
5.082000015151503902e+01,1.248558297242055692e+00
5.083000015154485141e+01,1.269760176366720783e+00
5.084000015157466379e+01,1.316811866140582543e+00
5.085000015160447617e+01,1.278217815676111702e+00
5.086000015163429566e+01,1.323726673830562861e+00
5.087000015166410805e+01,1.237151479808633381e+00
5.088000015169392043e+01,1.264736021427006918e+00
5.089000015172373992e+01,1.232460361212946554e+00
5.090000015175355230e+01,1.166764463514500250e+00
5.091000015178336469e+01,1.246584189180967472e+00
5.092000015181317707e+01,1.243476039707853698e+00
5.093000015184298945e+01,1.279714853776481309e+00
5.094000015187280894e+01,1.118353159248253181e+00
5.095000015190262133e+01,1.167593412976375644e+00
5.096000015193243371e+01,1.249332590200022519e+00
5.097000015196224609e+01,1.270735622186730973e+00
5.098000015199206558e+01,1.234225285198428779e+00
5.099000015202187797e+01,1.334689842962044182e+00
5.100000015205169035e+01,1.283639210731873037e+00
5.101000015208150273e+01,1.277265332682403276e+00
5.102000015211131512e+01,1.223830140044470660e+00
5.103000015214113461e+01,1.279834573398983988e+00
5.104000015217094699e+01,1.245342593992651903e+00
5.105000015220075937e+01,1.262541889242724702e+00
5.106000015223057886e+01,1.336153069630884982e+00
5.107000015226039125e+01,1.364652411323264092e+00
5.108000015229020363e+01,1.339924261747112322e+00
5.109000015232001601e+01,1.318211272116246446e+00
5.110000015234982840e+01,1.351325470495279069e+00
5.111000015237964789e+01,1.257914275319031105e+00
5.112000015240946027e+01,1.316922251877868044e+00
5.113000015243927265e+01,1.481899530697316392e+00
5.114000015246909214e+01,1.422282091672348203e+00
5.115000015249889742e+01,1.325388492607715740e+00
5.116000015252871691e+01,1.318371212349479960e+00
5.117000015255852929e+01,1.372493497513055605e+00
5.118000015258834168e+01,1.252051496354374072e+00
5.119000015261816117e+01,1.369836376490225494e+00
5.120000015264797355e+01,1.301477505063722395e+00
5.121000015267778593e+01,1.295846118235233213e+00
5.122000015270760542e+01,1.364410438596738162e+00
5.123000015273741070e+01,1.392877833462277115e+00
5.124000015276723019e+01,1.402987178400375345e+00
5.125000015279704257e+01,1.399736594486812313e+00
5.126000015282685496e+01,1.415481312844608874e+00
5.127000015285667445e+01,1.441039281405814609e+00
5.128000015288647973e+01,1.498270926059283470e+00
5.129000015291629921e+01,1.439404113890027315e+00
5.130000015294611160e+01,1.506190660593113018e+00
5.131000015297592398e+01,1.254361187023344204e+00
5.132000015300574347e+01,1.323182073021807348e+00
5.133000015303554875e+01,1.283397076229538802e+00
5.134000015306536824e+01,1.329550649762480941e+00
5.135000015309518773e+01,1.285375937325615281e+00
5.136000015312499301e+01,1.374022866245376395e+00
5.137000015315481249e+01,1.305142928943400671e+00
5.138000015318462488e+01,1.321068771124500385e+00
5.139000015321443726e+01,1.221561346419775873e+00
5.140000015324425675e+01,1.253889764099269000e+00
5.141000015327406203e+01,1.221763001244724256e+00
5.142000015330388152e+01,1.196475282714386301e+00
5.143000015333370101e+01,1.153844181043664596e+00
5.144000015336350629e+01,1.250336790894995609e+00
5.145000015339332577e+01,1.326425199658765486e+00
5.146000015342313105e+01,1.218507775779249069e+00
5.147000015345295054e+01,1.226472542143607125e+00
5.148000015348277003e+01,1.201492943456742069e+00
5.149000015351257531e+01,1.253714376532184982e+00
5.150000015354239480e+01,1.226372674718153588e+00
5.151000015357221429e+01,1.218917319822585998e+00
5.152000015360201957e+01,1.312533234315353292e+00
5.153000015363183905e+01,1.166215640269519183e+00
5.154000015366164433e+01,1.239603168009114631e+00
5.155000015369146382e+01,1.233131771533133358e+00
5.156000015372128331e+01,1.256043228682721669e+00
5.157000015375108859e+01,1.195665800800319145e+00
5.158000015378090808e+01,1.252590101604415196e+00
5.159000015381072046e+01,1.155367987073666614e+00
5.160000015384053285e+01,1.313065529204077375e+00
5.161000015387035234e+01,1.521658623782208508e+00
5.162000015390015761e+01,1.392300503141995716e+00
5.163000015392997710e+01,1.254948488594077149e+00
5.164000015395978949e+01,1.199896067518686271e+00
5.165000015398960187e+01,1.179534183949259907e+00
5.166000015401942136e+01,1.360071075632605986e+00
5.167000015404923374e+01,1.492351044526335935e+00
5.168000015407904613e+01,1.588565219050628086e+00
5.169000015410886562e+01,1.532482126744485473e+00
5.170000015413867089e+01,1.394400368508124322e+00
5.171000015416849038e+01,1.400639627389800967e+00
5.172000015419830277e+01,1.278836656942271555e+00
5.173000015422811515e+01,1.405918576737776648e+00
5.174000015425793464e+01,1.215780757510250609e+00
5.175000015428774702e+01,1.372237765918341346e+00
5.176000015431755941e+01,1.254477363417623392e+00
5.177000015434737179e+01,1.315413069971402615e+00
5.178000015437718417e+01,1.228663480104101202e+00
5.179000015440700366e+01,1.399537423746287645e+00
5.180000015443681605e+01,1.396188401143213298e+00
5.181000015446662843e+01,1.450862395703517382e+00
5.182000015449644792e+01,1.307987730659569969e+00
5.183000015452625320e+01,1.307056599089637672e+00
5.184000015455607269e+01,1.308298041254241095e+00
5.185000015458588507e+01,1.253815841791808827e+00
5.186000015461569745e+01,1.261070252792945823e+00
5.187000015464551694e+01,1.400189701598128167e+00
5.188000015467532933e+01,1.320275181513745677e+00
5.189000015470514171e+01,1.289435886272664922e+00
5.190000015473495409e+01,1.266380857730039500e+00
5.191000015476476648e+01,1.289291795574029509e+00
5.192000015479458597e+01,1.185272665552064453e+00
5.193000015482439835e+01,1.161272993316528002e+00
5.194000015485421073e+01,1.176879472020802675e+00
5.195000015488402312e+01,1.413405390819968854e+00
5.196000015491384261e+01,1.429939908683605099e+00
5.197000015494365499e+01,1.408755060160522987e+00
5.198000015497346737e+01,1.424763165554391531e+00
5.199000015500327976e+01,1.432064685848533747e+00
5.200000015503309925e+01,1.389208159186935632e+00
5.201000015506291163e+01,1.364885451098967417e+00
5.202000015509272401e+01,1.482816717448454558e+00
5.203000015512253640e+01,1.401790139126219970e+00
5.204000015515235589e+01,1.285532851286150136e+00
5.205000015518216827e+01,1.254627285776068080e+00
5.206000015521198065e+01,1.346441521596904112e+00
5.207000015524179304e+01,1.264798301001306635e+00
5.208000015527160542e+01,1.404786646054067889e+00
5.209000015530142491e+01,1.259526306204448609e+00
5.210000015533123729e+01,1.536613232584956856e+00
5.211000015536104968e+01,1.238336495868542775e+00
5.212000015539086917e+01,1.310487601838410843e+00
5.213000015542068155e+01,1.468557733827687173e+00
5.214000015545049393e+01,1.442704831269729704e+00
5.215000015548030632e+01,1.298138793934500823e+00
5.216000015551011870e+01,1.302425447965926741e+00
5.217000015553993819e+01,1.400777890439540707e+00
5.218000015556975058e+01,1.414940995888185116e+00
5.219000015559956296e+01,1.389740066744796332e+00
5.220000015562938245e+01,1.335826559966195370e+00
5.221000015565918773e+01,1.381708792119729301e+00
5.222000015568900722e+01,1.396899167920807150e+00
5.223000015571881960e+01,1.491983011903980971e+00
5.224000015574863198e+01,1.583193007702208943e+00
5.225000015577845147e+01,1.443346772055859706e+00
5.226000015580825675e+01,1.457830471037557585e+00
5.227000015583807624e+01,1.401869205173362776e+00
5.228000015586789573e+01,1.436057385575548739e+00
5.229000015589770101e+01,1.471710474288707937e+00
5.230000015592752050e+01,1.449121351850045647e+00
5.231000015595733288e+01,1.360724372601978871e+00
5.232000015598714526e+01,1.320622307993143396e+00
5.233000015601696475e+01,1.325685915312762697e+00
5.234000015604677003e+01,1.245688954178162389e+00
5.235000015607658952e+01,1.282826316757422758e+00
5.236000015610640901e+01,1.409177508297654757e+00
5.237000015613621429e+01,1.546360635797193961e+00
5.238000015616603378e+01,1.383260770104141946e+00
5.239000015619583905e+01,1.396127006676946891e+00
5.240000015622565854e+01,1.402131448500717692e+00
5.241000015625547803e+01,1.424986650193453386e+00
5.242000015628528331e+01,1.440880211611917039e+00
5.243000015631510280e+01,1.450544442787137456e+00
5.244000015634491518e+01,1.406255494967064257e+00
5.245000015637472757e+01,1.406051065433403746e+00
5.246000015640454706e+01,1.266020978236353622e+00
5.247000015643435233e+01,1.303176947567096899e+00
5.248000015646417182e+01,1.555699945437605924e+00
5.249000015649399131e+01,1.446104929589001831e+00
5.250000015652379659e+01,1.398124248081021204e+00
5.251000015655361608e+01,1.363647494192532283e+00
5.252000015658342136e+01,1.408715365297520172e+00
5.253000015661324085e+01,1.499300245395314146e+00
5.254000015664306034e+01,1.305829285043955457e+00
5.255000015667286561e+01,1.422359361076173556e+00
5.256000015670268510e+01,1.397999673136742782e+00
5.257000015673249749e+01,1.474826660657640343e+00
5.258000015676230987e+01,1.319243800924120746e+00
5.259000015679212936e+01,1.292968928242947291e+00
5.260000015682193464e+01,1.260891826271360872e+00
5.261000015685175413e+01,1.274990557036007610e+00
5.262000015688157362e+01,1.315181996737434966e+00
5.263000015691137889e+01,1.357413930452493700e+00
5.264000015694119838e+01,1.379674265593640925e+00
5.265000015697101077e+01,1.453523328105005730e+00
5.266000015700082315e+01,1.287376299055140505e+00
5.267000015703064264e+01,1.268336979998992309e+00
5.268000015706044792e+01,1.404078598404567613e+00
5.269000015709026741e+01,1.433210863510343325e+00
5.270000015712007979e+01,1.449352370708537618e+00
5.271000015714989217e+01,1.453129584125187446e+00
5.272000015717971166e+01,1.409966983958452991e+00
5.273000015720952405e+01,1.248428412267663878e+00
5.274000015723933643e+01,1.188867326782250489e+00
5.275000015726915592e+01,1.284768097845812251e+00
5.276000015729896120e+01,1.241183143848793913e+00
5.277000015732878069e+01,1.303294677420886227e+00
5.278000015735859307e+01,1.316736048690331007e+00
5.279000015738840546e+01,1.313361373230978124e+00
5.280000015741822494e+01,1.504060923149116213e+00
5.281000015744803733e+01,1.452511354533791543e+00
5.282000015747784971e+01,1.501021748911581355e+00
5.283000015750766210e+01,1.522934430627907343e+00
5.284000015753747448e+01,1.478065690147231548e+00
5.285000015756729397e+01,1.378751044336274267e+00
5.286000015759710635e+01,1.309411363596069799e+00
5.287000015762691874e+01,1.328132131242123259e+00
5.288000015765673112e+01,1.280679414854470233e+00
5.289000015768654350e+01,1.325292927464290393e+00
5.290000015771636299e+01,1.169429318750718982e+00
5.291000015774617538e+01,1.275466631212585966e+00
5.292000015777598776e+01,1.331067687676821487e+00
5.293000015780580725e+01,1.186239129123555891e+00
5.294000015783561963e+01,1.301586846584252610e+00
5.295000015786543202e+01,1.262566780538000089e+00
5.296000015789524440e+01,1.282640759988476598e+00
5.297000015792505678e+01,1.294389530542007893e+00
5.298000015795487627e+01,1.295027786941876480e+00
5.299000015798468866e+01,1.287990137395710555e+00
5.300000015801450104e+01,1.333916243585997474e+00
5.301000015804431342e+01,1.288675696791098391e+00
5.302000015807413291e+01,1.294629559436693222e+00
5.303000015810394530e+01,1.384816780092963162e+00
5.304000015813375768e+01,1.218032220697210954e+00
5.305000015816357006e+01,1.396734336130894372e+00
5.306000015819338955e+01,1.249734024516768738e+00
5.307000015822320194e+01,1.268770824715126366e+00
5.308000015825301432e+01,1.321383391602566348e+00
5.309000015828282670e+01,1.379680169839362591e+00
5.310000015831264619e+01,1.428614371258029259e+00
5.311000015834245858e+01,1.323284830727379680e+00
5.312000015837227096e+01,1.428035675050909559e+00
5.313000015840208334e+01,1.361324471880538178e+00
5.314000015843189573e+01,1.406915734847700161e+00
5.315000015846171522e+01,1.345021105508998005e+00
5.316000015849152760e+01,1.349037237362853858e+00
5.317000015852133998e+01,1.393162560558369956e+00
5.318000015855115947e+01,1.329716928367663975e+00
5.319000015858096475e+01,1.324961197937738255e+00
5.320000015861078424e+01,1.436257706989630289e+00
5.321000015864059662e+01,1.467265647534073070e+00
5.322000015867040901e+01,1.488591348554628713e+00
5.323000015870022850e+01,1.422307348872231980e+00
5.324000015873004088e+01,1.499053901676494993e+00
5.325000015875985326e+01,1.424823716629321835e+00
5.326000015878967275e+01,1.298319633684254182e+00
5.327000015881947803e+01,1.193492160380478895e+00
5.328000015884929752e+01,1.292388108806362013e+00
5.329000015887910990e+01,1.283303773115118451e+00
5.330000015890892229e+01,1.290197483803972922e+00
5.331000015893874178e+01,1.307719817808917773e+00
5.332000015896854705e+01,1.451124389819574700e+00
5.333000015899836654e+01,1.371338465242341709e+00
5.334000015902818603e+01,1.322504720979708726e+00
5.335000015905799131e+01,1.315326844809483031e+00
5.336000015908781080e+01,1.287368901432356605e+00
5.337000015911762318e+01,1.395320758290837571e+00
5.338000015914743557e+01,1.430654546456896714e+00
5.339000015917725506e+01,1.453428875995403491e+00
5.340000015920706034e+01,1.511811937125341787e+00
5.341000015923687982e+01,1.358144117795571537e+00
5.342000015926669931e+01,1.357266532151218952e+00
5.343000015929650459e+01,1.332620449795199669e+00
5.344000015932632408e+01,1.486013105809881996e+00
5.345000015935612936e+01,1.425748056565811162e+00
5.346000015938594885e+01,1.522978763931376323e+00
5.347000015941576834e+01,1.324654560236502521e+00
5.348000015944557362e+01,1.398660401578704970e+00
5.349000015947539310e+01,1.432333188065492147e+00
5.350000015950519838e+01,1.335568662034967158e+00
5.351000015953501787e+01,1.331532838495044224e+00
5.352000015956483736e+01,1.400751380319235517e+00
5.353000015959464264e+01,1.377592069058736213e+00
5.354000015962446213e+01,1.391898682680885013e+00
5.355000015965428162e+01,1.379928306257418802e+00
5.356000015968408690e+01,1.451756437281779277e+00
5.357000015971390638e+01,1.571789556244678643e+00
5.358000015974371166e+01,1.554591270219387367e+00
5.359000015977353115e+01,1.531196687061916473e+00
5.360000015980335064e+01,1.417610533240349469e+00
5.361000015983315592e+01,1.429247230341879504e+00
5.362000015986297541e+01,1.368723444655155275e+00
5.363000015989278779e+01,1.488462334258834119e+00
5.364000015992260018e+01,1.404350191753344967e+00
5.365000015995241966e+01,1.484744952512853100e+00
5.366000015998222494e+01,1.551958762648691259e+00
5.367000016001204443e+01,1.472586126907703852e+00
5.368000016004186392e+01,1.470617550515944449e+00
5.369000016007166920e+01,1.524946573989800491e+00
5.370000016010148869e+01,1.568222155498304238e+00
5.371000016013130107e+01,1.521482671504693185e+00
5.372000016016111346e+01,1.433687049011874493e+00
5.373000016019093295e+01,1.506998955765982418e+00
5.374000016022073822e+01,1.457841159113993035e+00
5.375000016025055771e+01,1.426153619650701199e+00
5.376000016028037010e+01,1.480226989391576264e+00
5.377000016031018248e+01,1.433121066305813818e+00
5.378000016034000197e+01,1.405153670512392594e+00
5.379000016036981435e+01,1.498319658053762327e+00
5.380000016039962674e+01,1.414037624407201710e+00
5.381000016042943912e+01,1.535652879068702292e+00
5.382000016045925150e+01,1.401435055064919721e+00
5.383000016048907099e+01,1.427943898606779394e+00
5.384000016051888338e+01,1.334203035220245637e+00
5.385000016054869576e+01,1.550672536093329112e+00
5.386000016057851525e+01,1.548063300718822699e+00
5.387000016060832763e+01,1.441184423892964306e+00
5.388000016063814002e+01,1.513787435903373169e+00
5.389000016066795240e+01,1.483410187893501320e+00
5.390000016069776478e+01,1.502540153579366766e+00
5.391000016072758427e+01,1.447909952672120415e+00
5.392000016075739666e+01,1.517512985646998658e+00
5.393000016078720904e+01,1.517573595005076603e+00
5.394000016081702142e+01,1.576313793942094810e+00
5.395000016084684091e+01,1.556707566359959216e+00
5.396000016087665330e+01,1.476314571004598397e+00
5.397000016090646568e+01,1.497878065413970505e+00
5.398000016093627806e+01,1.635134412760242739e+00
5.399000016096609755e+01,1.507990434163891891e+00
5.400000016099590994e+01,1.542300761527692909e+00
5.401000016102572232e+01,1.542083908439606077e+00
5.402000016105553470e+01,1.478315949219394465e+00
5.403000016108534709e+01,1.562466180554058504e+00
5.404000016111516658e+01,1.499160897573623252e+00
5.405000016114497896e+01,1.395923564582594700e+00
5.406000016117479134e+01,1.459614895345906271e+00
5.407000016120460373e+01,1.597397053430835490e+00
5.408000016123442322e+01,1.563187546924311944e+00
5.409000016126423560e+01,1.587262415232418622e+00
5.410000016129404798e+01,1.529388971424421761e+00
5.411000016132386037e+01,1.650184050632012678e+00
5.412000016135367275e+01,1.516975686110426658e+00
5.413000016138349224e+01,1.510582717563561328e+00
5.414000016141330462e+01,1.581874750671052432e+00
5.415000016144311701e+01,1.626134204543755679e+00
5.416000016147293650e+01,1.639267387976835133e+00
5.417000016150274178e+01,1.518730187519760078e+00
5.418000016153256126e+01,1.577236441771733944e+00
5.419000016156237365e+01,1.671443618336544645e+00
5.420000016159218603e+01,1.529206468652174244e+00
5.421000016162200552e+01,1.571319347946662726e+00
5.422000016165181790e+01,1.653967811478829208e+00
5.423000016168163029e+01,1.680869649675337252e+00
5.424000016171144978e+01,1.780560402951345100e+00
5.425000016174125506e+01,1.694290432418312564e+00
5.426000016177107454e+01,1.744835864750450050e+00
5.427000016180088693e+01,1.842674186541456649e+00
5.428000016183069931e+01,1.785827369865767400e+00
5.429000016186051880e+01,1.666242758155770609e+00
5.430000016189033119e+01,1.685344391703880174e+00
5.431000016192014357e+01,1.749201734172566747e+00
5.432000016194996306e+01,1.608614901554783039e+00
5.433000016197976834e+01,1.709220605100481016e+00
5.434000016200958783e+01,1.823490827492234345e+00
5.435000016203940021e+01,1.722865759589833567e+00
5.436000016206921259e+01,1.688017495929167833e+00
5.437000016209903208e+01,1.767156706337078997e+00
5.438000016212883736e+01,1.660271832948754467e+00
5.439000016215865685e+01,1.642803755542642685e+00
5.440000016218847634e+01,1.706137781993555036e+00
5.441000016221828162e+01,1.640867807473355144e+00
5.442000016224810111e+01,1.525824735103295859e+00
5.443000016227790638e+01,1.657742438473638780e+00
5.444000016230772587e+01,1.660502586421860327e+00
5.445000016233754536e+01,1.659706913366078007e+00
5.446000016236735064e+01,1.733382965168239309e+00
5.447000016239717013e+01,1.791323575605030527e+00
5.448000016242697541e+01,1.683793504698756216e+00
5.449000016245679490e+01,1.724419572421888258e+00
5.450000016248661439e+01,1.767109873135298548e+00
5.451000016251641966e+01,1.783811948245508594e+00
5.452000016254623915e+01,1.812869953700908310e+00
5.453000016257605864e+01,1.765842491960300409e+00
5.454000016260586392e+01,1.704931939991272793e+00
5.455000016263568341e+01,1.803207155753789648e+00
5.456000016266548869e+01,1.658460608257565694e+00
5.457000016269530818e+01,1.786623655166866609e+00
5.458000016272512767e+01,1.815516481125844850e+00
5.459000016275493294e+01,1.733178821197626673e+00
5.460000016278475243e+01,1.785600357039307085e+00
5.461000016281457192e+01,1.761093427798555933e+00
5.462000016284437720e+01,1.729170939186282396e+00
5.463000016287419669e+01,1.759509439024698363e+00
5.464000016290400197e+01,1.743058915850578927e+00
5.465000016293382146e+01,1.750410624802255732e+00
5.466000016296364095e+01,1.742414595860138471e+00
5.467000016299344622e+01,1.724654218511494363e+00
5.468000016302326571e+01,1.759634357786271641e+00
5.469000016305307810e+01,1.704396949402039896e+00
5.470000016308289048e+01,1.729635565906042505e+00
5.471000016311270997e+01,1.678971241480386345e+00
5.472000016314251525e+01,1.788536464948376370e+00
5.473000016317233474e+01,1.841219913011952203e+00
5.474000016320214712e+01,1.853323797461529754e+00
5.475000016323195950e+01,1.677167285929492824e+00
5.476000016326177899e+01,1.548042339192223560e+00
5.477000016329159138e+01,1.656330634579084249e+00
5.478000016332140376e+01,1.545969929860492975e+00
5.479000016335121614e+01,1.625910802322361626e+00
5.480000016338102853e+01,1.553658565483594378e+00
5.481000016341084802e+01,1.606807705653895413e+00
5.482000016344066040e+01,1.651693405642356005e+00
5.483000016347047278e+01,1.645901825423608855e+00
5.484000016350029227e+01,1.579328507627848710e+00
5.485000016353010466e+01,1.594728870238741214e+00
5.486000016355991704e+01,1.612011845275644673e+00
5.487000016358972942e+01,1.610186149883092721e+00
5.488000016361954181e+01,1.669902450308865527e+00
5.489000016364936130e+01,1.699711926594418276e+00
5.490000016367917368e+01,1.694096171998546563e+00
5.491000016370898607e+01,1.648460552527837963e+00
5.492000016373880555e+01,1.621790480038197257e+00
5.493000016376861794e+01,1.499788772671258430e+00
5.494000016379843032e+01,1.574399393535881764e+00
5.495000016382824271e+01,1.712906636065490096e+00
5.496000016385805509e+01,1.783693351580273312e+00
5.497000016388787458e+01,1.657764782840253082e+00
5.498000016391768696e+01,1.566425949683019070e+00
5.499000016394749935e+01,1.572430057163639594e+00
5.500000016397731173e+01,1.488781743949848080e+00
5.501000016400713122e+01,1.682834728009751091e+00
5.502000016403694360e+01,1.714219365765299541e+00
5.503000016406675599e+01,1.628269631776890325e+00
5.504000016409656837e+01,1.668044055166076456e+00
5.505000016412638075e+01,1.742488623199682785e+00
5.506000016415620024e+01,1.730237726425567280e+00
5.507000016418601263e+01,1.668419772147833102e+00
5.508000016421582501e+01,1.807888154369354128e+00
5.509000016424563739e+01,1.624507568583261952e+00
5.510000016427544978e+01,1.551076669108266248e+00
5.511000016430526927e+01,1.465750352232565668e+00
5.512000016433508165e+01,1.520907690562398162e+00
5.513000016436489403e+01,1.658034087562074488e+00
5.514000016439471352e+01,1.508786860346645442e+00
5.515000016442452591e+01,1.678812676709407814e+00
5.516000016445433829e+01,1.731384495949941371e+00
5.517000016448415067e+01,1.730324394465559079e+00
5.518000016451396306e+01,1.608827388432313210e+00
5.519000016454378255e+01,1.740905782603447749e+00
5.520000016457359493e+01,1.728640432363194090e+00
5.521000016460340731e+01,1.777578559545625714e+00
5.522000016463322680e+01,1.795738262706926491e+00
5.523000016466303919e+01,1.752715332338202314e+00
5.524000016469285157e+01,1.777174578600866139e+00
5.525000016472266395e+01,1.768784120347217659e+00
5.526000016475247634e+01,1.801744907593377576e+00
5.527000016478229583e+01,1.731737438173763577e+00
5.528000016481210821e+01,1.727550417256721094e+00
5.529000016484192059e+01,1.757667777937480746e+00
5.530000016487174008e+01,1.814708446049471791e+00
5.531000016490154536e+01,1.787571280412032504e+00
5.532000016493136485e+01,1.725862693673664516e+00
5.533000016496117723e+01,1.734136705521569288e+00
5.534000016499098962e+01,1.809057102344941548e+00
5.535000016502080911e+01,1.719857259770719127e+00
5.536000016505061438e+01,1.742335901197237469e+00
5.537000016508043387e+01,1.694464941526452773e+00
5.538000016511025336e+01,1.617944178032594715e+00
5.539000016514005864e+01,1.689275031527097903e+00
5.540000016516987813e+01,1.814747653933996174e+00
5.541000016519968341e+01,1.690651482617212320e+00
5.542000016522950290e+01,1.604215882773565971e+00
5.543000016525932239e+01,1.675539255927787741e+00
5.544000016528912766e+01,1.769365485595007170e+00
5.545000016531894715e+01,1.730624184385457731e+00
5.546000016534876664e+01,1.746325998014611969e+00
5.547000016537857192e+01,1.672127341961181735e+00
5.548000016540839141e+01,1.840102406193559581e+00
5.549000016543819669e+01,1.674505292947028323e+00
5.550000016546801618e+01,1.749378024904572060e+00
5.551000016549783567e+01,1.759498014475005423e+00
5.552000016552764095e+01,1.742580999867951119e+00
5.553000016555746043e+01,1.732123571050368183e+00
5.554000016558727992e+01,1.689194455504320347e+00
5.555000016561708520e+01,1.667703595763446289e+00
5.556000016564690469e+01,1.749722007201102381e+00
5.557000016567670997e+01,1.656616956720192491e+00
5.558000016570652946e+01,1.694402272548668709e+00
5.559000016573634895e+01,1.673045977955582186e+00
5.560000016576615423e+01,1.575597777956534440e+00
5.561000016579597371e+01,1.548780915477916853e+00
5.562000016582577899e+01,1.736695312862961638e+00
5.563000016585559848e+01,1.729939932308720341e+00
5.564000016588541797e+01,1.612914788649970843e+00
5.565000016591522325e+01,1.706934635029494718e+00
5.566000016594504274e+01,1.535685923344613180e+00
5.567000016597485512e+01,1.703672710780857136e+00
5.568000016600466751e+01,1.854454342211992124e+00
5.569000016603448699e+01,1.815256713261155674e+00
5.570000016606429227e+01,1.682530401847911916e+00
5.571000016609411176e+01,1.711104047917115345e+00
5.572000016612392415e+01,1.747055877778673771e+00
5.573000016615373653e+01,1.558080248038746340e+00
5.574000016618355602e+01,1.607515341799280018e+00
5.575000016621336840e+01,1.686704788509307607e+00
5.576000016624318079e+01,1.631092646174332250e+00
5.577000016627300027e+01,1.578597331714403973e+00
5.578000016630280555e+01,1.556896550981273775e+00
5.579000016633262504e+01,1.676933868549952189e+00
5.580000016636243743e+01,1.615507499896295940e+00
5.581000016639224981e+01,1.617750058131814717e+00
5.582000016642206930e+01,1.644742969672492894e+00
5.583000016645188168e+01,1.626470918000056276e+00
5.584000016648169407e+01,1.687458289573745995e+00
5.585000016651151356e+01,1.579998546189050002e+00
5.586000016654131883e+01,1.627425772122943703e+00
5.587000016657113832e+01,1.832648522587955187e+00
5.588000016660095071e+01,1.792080732193836567e+00
5.589000016663076309e+01,1.739666908529311273e+00
5.590000016666058258e+01,1.785712835326877856e+00
5.591000016669039496e+01,1.783524416240456878e+00
5.592000016672020735e+01,1.707899206851537510e+00
5.593000016675001973e+01,1.760550098904153593e+00
5.594000016677983211e+01,1.609825914118253376e+00
5.595000016680965160e+01,1.663020828535666684e+00
5.596000016683946399e+01,1.785584772180613511e+00
5.597000016686927637e+01,1.794690405067133954e+00
5.598000016689908875e+01,1.706604498895915256e+00
5.599000016692890824e+01,1.701099868438327611e+00
5.600000016695872063e+01,1.736419083226922178e+00
5.601000016698853301e+01,1.732635781211780301e+00
5.602000016701834539e+01,1.689707584881742441e+00
5.603000016704815778e+01,1.583765856935145599e+00
5.604000016707797727e+01,1.642281531050143961e+00
5.605000016710778965e+01,1.739483035184283821e+00
5.606000016713760203e+01,1.723601949282184576e+00
5.607000016716742152e+01,1.652538162455408521e+00
5.608000016719723391e+01,1.581611861594811597e+00
5.609000016722704629e+01,1.602348808553951010e+00
5.610000016725685867e+01,1.704231258264287563e+00
5.611000016728667106e+01,1.695693587956056847e+00
5.612000016731649055e+01,1.593921954093294735e+00
5.613000016734630293e+01,1.587510626633800603e+00
5.614000016737611531e+01,1.579012974169562877e+00
5.615000016740593480e+01,1.561149495662314424e+00
5.616000016743574719e+01,1.614626164155068988e+00
5.617000016746555957e+01,1.496382904105009182e+00
5.618000016749537195e+01,1.504004431818340315e+00
5.619000016752518434e+01,1.658813305322157206e+00
5.620000016755500383e+01,1.746360769217036202e+00
5.621000016758481621e+01,1.683613189625098538e+00
5.622000016761462859e+01,1.734004398355768695e+00
5.623000016764444098e+01,1.676130893179326176e+00
5.624000016767425336e+01,1.866167714271124378e+00
5.625000016770407285e+01,1.603196015103260264e+00
5.626000016773388523e+01,1.691069867250240666e+00
5.627000016776369762e+01,1.739114308079500848e+00
5.628000016779351711e+01,1.741998048699455515e+00
5.629000016782332239e+01,1.594318445957997987e+00
5.630000016785314187e+01,1.779185553201220404e+00
5.631000016788295426e+01,1.812159848757362912e+00
5.632000016791276664e+01,1.737618626514852105e+00
5.633000016794258613e+01,1.664397920548709164e+00
5.634000016797239141e+01,1.676518689142581842e+00
5.635000016800221090e+01,1.710619836545118178e+00
5.636000016803203039e+01,1.789559035444755253e+00
5.637000016806183567e+01,1.674239628044721151e+00
5.638000016809165515e+01,1.652906699880563934e+00
5.639000016812146754e+01,1.722809476186169197e+00
5.640000016815127992e+01,1.668788486349189748e+00
5.641000016818109941e+01,1.806740090131411236e+00
5.642000016821090469e+01,1.740317635690024733e+00
5.643000016824072418e+01,1.599947253156321025e+00
5.644000016827054367e+01,1.725426115863636367e+00
5.645000016830034895e+01,1.634895609528041360e+00
5.646000016833016844e+01,1.602101297036526040e+00
5.647000016835998082e+01,1.639762939598656377e+00
5.648000016838979320e+01,1.675553822287337180e+00
5.649000016841961269e+01,1.738261551756875800e+00
5.650000016844941797e+01,1.745538229912815709e+00
5.651000016847923746e+01,1.716369334922252410e+00
5.652000016850905695e+01,1.739815745217352161e+00
5.653000016853886223e+01,1.694580024695684362e+00
5.654000016856868172e+01,1.694556898397630684e+00
5.655000016859848699e+01,1.744936488609734271e+00
5.656000016862830648e+01,1.708364866060570142e+00
5.657000016865812597e+01,1.826070399497842001e+00
5.658000016868793125e+01,1.787018448127924319e+00
5.659000016871775074e+01,1.808441559572912638e+00
5.660000016874756312e+01,1.733768983932260532e+00
5.661000016877737551e+01,1.877829049425091545e+00
5.662000016880719500e+01,1.703488980923006713e+00
5.663000016883700027e+01,1.871605299751074591e+00
5.664000016886681976e+01,1.852559234348518880e+00
5.665000016889663215e+01,1.897319711747595949e+00
5.666000016892644453e+01,1.885761110442886856e+00
5.667000016895626402e+01,1.831488237359986782e+00
5.668000016898606930e+01,1.901479637472192952e+00
5.669000016901588879e+01,1.828477886659432672e+00
5.670000016904570828e+01,1.777885256570227224e+00
5.671000016907551355e+01,1.693014522499965979e+00
5.672000016910533304e+01,1.798944849984521088e+00
5.673000016913514543e+01,1.846795181072900860e+00
5.674000016916495781e+01,1.816312932767158106e+00
5.675000016919477730e+01,1.797750359536776976e+00
5.676000016922458258e+01,1.684006658231970155e+00
5.677000016925440207e+01,1.787096760502120185e+00
5.678000016928422156e+01,1.689537121212727477e+00
5.679000016931402683e+01,1.575449229584772626e+00
5.680000016934384632e+01,1.815175675871666616e+00
5.681000016937365871e+01,1.688676834806223992e+00
5.682000016940347109e+01,1.777240901109458981e+00
5.683000016943329058e+01,1.747622221365411121e+00
5.684000016946309586e+01,1.664538113572366251e+00
5.685000016949291535e+01,1.781124927032693206e+00
5.686000016952272773e+01,1.701626107215758132e+00
5.687000016955254011e+01,1.711955136686791112e+00
5.688000016958235960e+01,1.784703737243038768e+00
5.689000016961217199e+01,1.764704366821233217e+00
5.690000016964198437e+01,1.664049241880664720e+00
5.691000016967179675e+01,1.597057749733868270e+00
5.692000016970160914e+01,1.727460529475666862e+00
5.693000016973142863e+01,1.765645707118443708e+00
5.694000016976124101e+01,1.775049278864299973e+00
5.695000016979105339e+01,1.716146197241006366e+00
5.696000016982086578e+01,1.765874103392361505e+00
5.697000016985068527e+01,1.713816982566399583e+00
5.698000016988049765e+01,1.757124673246068136e+00
5.699000016991031003e+01,1.790288506234225308e+00
5.700000016994012242e+01,1.607731682391257744e+00
5.701000016996994191e+01,1.713156163505020535e+00
5.702000016999975429e+01,1.613994194454481335e+00
5.703000017002956668e+01,1.777642316651408594e+00
5.704000017005937906e+01,1.751966428153111766e+00
5.705000017008919855e+01,1.688796698413487452e+00
5.706000017011901093e+01,1.616268343789300843e+00
5.707000017014882332e+01,1.731837674363343238e+00
5.708000017017863570e+01,1.745006462255633162e+00
5.709000017020845519e+01,1.725328027223392624e+00
5.710000017023826757e+01,1.697752970684299978e+00
5.711000017026807996e+01,1.759067575470287581e+00
5.712000017029789234e+01,1.755929121612314736e+00
5.713000017032771183e+01,1.732094266940519045e+00
5.714000017035752421e+01,1.638147876991512097e+00
5.715000017038733660e+01,1.627693706051191125e+00
5.716000017041714898e+01,1.693437389957005434e+00
5.717000017044696136e+01,1.712832245651104479e+00
5.718000017047678085e+01,1.705085739229753372e+00
5.719000017050659324e+01,1.764773044059228635e+00
5.720000017053640562e+01,1.617676201751644172e+00
5.721000017056622511e+01,1.624603853491533467e+00
5.722000017059603039e+01,1.602886199685073398e+00
5.723000017062584988e+01,1.654715657125625183e+00
5.724000017065566226e+01,1.716851465142911426e+00
5.725000017068547464e+01,1.763126824732420550e+00
5.726000017071529413e+01,1.773856199227464847e+00
5.727000017074509941e+01,1.714125339752985644e+00
5.728000017077491890e+01,1.865619966028007060e+00
5.729000017080473128e+01,1.764432845309607645e+00
5.730000017083454367e+01,1.635795201225729301e+00
5.731000017086436316e+01,1.657053253747371002e+00
5.732000017089417554e+01,1.744356799536087355e+00
5.733000017092398792e+01,1.762529654069340479e+00
5.734000017095380741e+01,1.903557158597254384e+00
5.735000017098361269e+01,1.857602256630360493e+00
5.736000017101343218e+01,1.704028792163039707e+00
5.737000017104324456e+01,1.746848533552605609e+00
5.738000017107305695e+01,1.700479218056046182e+00
5.739000017110287644e+01,1.860420583149401175e+00
5.740000017113268882e+01,1.650934582784622462e+00
5.741000017116250120e+01,1.659128488140242830e+00
5.742000017119232069e+01,1.856254770360902029e+00
5.743000017122212597e+01,1.686036827094184565e+00
5.744000017125194546e+01,1.689800483345957227e+00
5.745000017128175784e+01,1.735005464109313111e+00
5.746000017131157023e+01,1.690883501399546462e+00
5.747000017134138972e+01,1.777363237617197500e+00
5.748000017137119499e+01,1.758210970789847671e+00
5.749000017140101448e+01,1.858054376556713017e+00
5.750000017143083397e+01,1.954373050662832068e+00
5.751000017146063925e+01,1.915643478394314148e+00
5.752000017149045874e+01,1.759862370491750871e+00
5.753000017152026402e+01,1.743278843606001605e+00
5.754000017155008351e+01,1.715542126395760203e+00
5.755000017157990300e+01,1.789873436752656533e+00
5.756000017160970827e+01,1.833697548897545992e+00
5.757000017163952776e+01,1.805341408203809950e+00
5.758000017166934015e+01,1.763624645963173476e+00
5.759000017169915253e+01,1.743652435281712876e+00
5.760000017172897202e+01,1.766869947219348758e+00
5.761000017175877730e+01,1.797744072435952800e+00
5.762000017178859679e+01,1.761468320048043656e+00
5.763000017181840917e+01,1.725012720261537069e+00
5.764000017184822156e+01,1.832081845556950972e+00
5.765000017187804104e+01,1.746812630404410926e+00
5.766000017190785343e+01,1.633601629583735004e+00
5.767000017193766581e+01,1.644683109207332627e+00
5.768000017196748530e+01,1.654448622560813709e+00
5.769000017199729058e+01,1.697058231310441867e+00
5.770000017202711007e+01,1.626210383591133901e+00
5.771000017205692956e+01,1.641584558109859149e+00
5.772000017208673484e+01,1.811495611420202323e+00
5.773000017211655432e+01,1.743275322989139120e+00
5.774000017214636671e+01,1.833870096803040806e+00
5.775000017217617909e+01,1.805412469753074234e+00
5.776000017220599858e+01,1.874529158840398502e+00
5.777000017223580386e+01,1.678361927348203331e+00
5.778000017226562335e+01,1.760097369587839244e+00
5.779000017229543573e+01,1.770809955979925299e+00
5.780000017232524812e+01,1.781083994313012342e+00
5.781000017235506760e+01,1.533427941343352030e+00
5.782000017238487288e+01,1.831848625156053956e+00
5.783000017241469237e+01,1.943480850688709349e+00
5.784000017244450476e+01,1.903538587366883528e+00
5.785000017247431714e+01,1.918522350630063489e+00
5.786000017250413663e+01,1.853690705593052712e+00
5.787000017253394901e+01,1.804902470835169970e+00
5.788000017256376140e+01,1.856764294095636814e+00
5.789000017259357378e+01,1.791970829031582335e+00
5.790000017262338616e+01,1.824605190677409894e+00
5.791000017265320565e+01,1.731212767223903937e+00
5.792000017268301804e+01,1.811804657907915672e+00
5.793000017271283042e+01,1.707153738294586498e+00
5.794000017274264280e+01,1.730993115965825169e+00
5.795000017277246229e+01,1.742898101982149672e+00
5.796000017280227468e+01,1.806905163500271305e+00
5.797000017283208706e+01,1.703560728956158510e+00
5.798000017286189944e+01,1.671001160117577822e+00
5.799000017289171893e+01,1.548335355804301816e+00
5.800000017292153132e+01,1.749655028942198376e+00
5.801000017295134370e+01,1.543016518621817212e+00
5.802000017298116319e+01,1.599043689658949052e+00
5.803000017301097557e+01,1.592437571029906129e+00
5.804000017304078796e+01,1.563811990453484624e+00
5.805000017307060034e+01,1.591649979794069969e+00
5.806000017310041272e+01,1.700050657087539996e+00
5.807000017313023221e+01,1.691341835086814349e+00
5.808000017316004460e+01,1.783603865707757974e+00
5.809000017318985698e+01,1.570860076389438920e+00
5.810000017321966936e+01,1.707040282439382661e+00
5.811000017324948885e+01,1.726794625317080056e+00
5.812000017327930124e+01,1.638769609995628818e+00
5.813000017330911362e+01,1.706416029954644031e+00
5.814000017333892600e+01,1.590067452762798039e+00
5.815000017336873839e+01,1.633054634426226892e+00
5.816000017339855788e+01,1.678572487629622412e+00
5.817000017342837026e+01,1.772624808552887288e+00
5.818000017345818264e+01,1.736647217104227536e+00
5.819000017348800213e+01,1.681380355073468946e+00
5.820000017351780741e+01,1.756755307350004625e+00
5.821000017354762690e+01,1.656243065225578626e+00
5.822000017357743928e+01,1.788387032424730849e+00
5.823000017360725167e+01,1.791980470155568383e+00
5.824000017363707116e+01,1.624460106056091480e+00
5.825000017366687644e+01,1.721920501601762465e+00
5.826000017369669592e+01,1.649879396261124898e+00
5.827000017372651541e+01,1.774347371858375322e+00
5.828000017375632780e+01,1.782055386473085035e+00
5.829000017378614018e+01,1.811593544518812715e+00
5.830000017381594546e+01,1.736960513771170778e+00
5.831000017384576495e+01,1.647727039980499741e+00
5.832000017387558444e+01,1.694285807157137613e+00
5.833000017390539682e+01,1.681170836836885840e+00
5.834000017393520920e+01,1.544337192310053286e+00
5.835000017396502869e+01,1.603714238526881886e+00
5.836000017399483397e+01,1.711753419673022414e+00
5.837000017402465346e+01,1.802843804586129695e+00
5.838000017405446584e+01,1.657190766636062351e+00
5.839000017408427823e+01,1.697142983897461876e+00
5.840000017411409772e+01,1.603206959971879453e+00
5.841000017414390300e+01,1.700327311091396121e+00
5.842000017417372248e+01,1.671744275623156417e+00
5.843000017420353487e+01,1.649757741379527021e+00
5.844000017423334725e+01,1.769251098477815365e+00
5.845000017426316674e+01,1.675315939011582156e+00
5.846000017429297202e+01,1.567332020633166234e+00
5.847000017432279151e+01,1.762365431413256189e+00
5.848000017435261100e+01,1.552090344622409246e+00
5.849000017438241628e+01,1.588085951739340862e+00
5.850000017441223576e+01,1.603225089568708128e+00
5.851000017444204104e+01,1.657553733578583932e+00
5.852000017447186053e+01,1.712698854361511591e+00
5.853000017450168002e+01,1.615708820154482694e+00
5.854000017453148530e+01,1.696631812873691469e+00
5.855000017456130479e+01,1.643966937150936225e+00
5.856000017459111717e+01,1.627961698949060398e+00
5.857000017462092956e+01,1.671571918687902336e+00
5.858000017465074905e+01,1.754191888429267543e+00
5.859000017468056143e+01,1.933878701475834738e+00
5.860000017471037381e+01,1.899237725397218801e+00
5.861000017474018620e+01,1.821710111796970066e+00
5.862000017476999858e+01,1.741556622759447892e+00
5.863000017479981807e+01,1.691253331608270294e+00
5.864000017482963756e+01,1.806917114223760779e+00
5.865000017485944284e+01,1.727068440551303041e+00
5.866000017488926233e+01,1.677001823798343949e+00
5.867000017491906760e+01,1.864397378328276123e+00
5.868000017494888709e+01,1.713240751424491171e+00
5.869000017497870658e+01,1.825796585241847181e+00
5.870000017500851186e+01,1.782024839128115712e+00
5.871000017503833135e+01,1.733480041098460767e+00
5.872000017506814373e+01,1.818945365845427986e+00
5.873000017509795612e+01,1.790448856637253172e+00
5.874000017512777561e+01,1.839424341039534339e+00
5.875000017515758088e+01,1.671029723048117699e+00
5.876000017518740037e+01,1.795666897878334112e+00
5.877000017521721276e+01,1.826052055000998653e+00
5.878000017524702514e+01,1.799898054653775059e+00
5.879000017527684463e+01,1.926094973918982101e+00
5.880000017530665701e+01,1.788488337961202657e+00
5.881000017533646940e+01,1.963104847678921905e+00
5.882000017536628178e+01,1.820067173081207246e+00
5.883000017539609416e+01,1.789272242223662657e+00
5.884000017542591365e+01,1.764543697147733514e+00
5.885000017545572604e+01,1.682637381098210927e+00
5.886000017548553842e+01,1.650095672534601654e+00
5.887000017551535080e+01,1.687412697909663306e+00
5.888000017554516319e+01,1.603243296059433831e+00
5.889000017557498268e+01,1.597947381719994731e+00
5.890000017560480217e+01,1.679210516957908350e+00
5.891000017563460744e+01,1.751060277592701553e+00
5.892000017566441983e+01,1.651901682107153713e+00
5.893000017569423932e+01,1.697053344061681956e+00
5.894000017572405170e+01,1.531599822793212606e+00
5.895000017575387119e+01,1.553826368249709322e+00
5.896000017578367647e+01,1.656950082979732786e+00
5.897000017581349596e+01,1.572313277225404260e+00
5.898000017584330834e+01,1.698022768620140122e+00
5.899000017587312072e+01,1.699870397079022766e+00
5.900000017590294021e+01,1.510829068762510108e+00
5.901000017593275260e+01,1.554939347606802746e+00
5.902000017596256498e+01,1.509695302470515754e+00
5.903000017599237736e+01,1.531278658172617657e+00
5.904000017602218975e+01,1.391747828843670653e+00
5.905000017605200924e+01,1.388798537082643003e+00
5.906000017608182162e+01,1.472611982100279882e+00
5.907000017611163400e+01,1.266196472664221639e+00
5.908000017614144639e+01,1.463663143924849530e+00
5.909000017617126588e+01,1.443384551945391170e+00
5.910000017620107826e+01,1.534265137395082634e+00
5.911000017623089065e+01,1.576316632123359263e+00
5.912000017626070303e+01,1.443770350255537016e+00
5.913000017629051541e+01,1.578219904909024862e+00
5.914000017632033490e+01,1.462093534606042411e+00
5.915000017635014729e+01,1.357373346708590445e+00
5.916000017637995967e+01,1.362677384699887417e+00
5.917000017640977916e+01,1.393943349580356372e+00
5.918000017643958444e+01,1.272019640160064524e+00
5.919000017646940393e+01,1.304485613561277235e+00
5.920000017649921631e+01,1.271834214989684853e+00
5.921000017652903580e+01,1.313576824706737645e+00
5.922000017655884818e+01,1.270402338070195203e+00
5.923000017658865346e+01,1.308853208241880228e+00
5.924000017661847295e+01,1.349361452202848977e+00
5.925000017664829244e+01,1.375110441190563693e+00
5.926000017667810482e+01,1.354764507042157229e+00
5.927000017670791721e+01,1.400177559129055505e+00
5.928000017673772959e+01,1.362007316692325665e+00
5.929000017676754197e+01,1.514682405037422575e+00
5.930000017679736146e+01,1.601976360558229784e+00
5.931000017682717385e+01,1.470798614924362369e+00
5.932000017685698623e+01,1.595218060469720589e+00
5.933000017688680572e+01,1.545702848426545151e+00
5.934000017691661100e+01,1.529567066004816622e+00
5.935000017694643049e+01,1.533366022621915903e+00
5.936000017697624287e+01,1.518482830792853511e+00
5.937000017700605525e+01,1.568085761657360910e+00
5.938000017703587474e+01,1.619535374544062822e+00
5.939000017706568002e+01,1.608563227861763423e+00
5.940000017709549951e+01,1.562425365089932905e+00
5.941000017712531900e+01,1.621656354299163327e+00
5.942000017715512428e+01,1.522897965291462707e+00
5.943000017718494377e+01,1.606916164910485501e+00
5.944000017721474904e+01,1.675869548295036315e+00
5.945000017724456853e+01,1.652096669708299492e+00
5.946000017727438802e+01,1.750583359067465317e+00
5.947000017730419330e+01,1.765985294487672830e+00
5.948000017733401279e+01,1.648199285628360933e+00
5.949000017736381807e+01,1.608812205517202498e+00
5.950000017739363756e+01,1.697134612678886212e+00
5.951000017742345705e+01,1.578084826677536689e+00
5.952000017745326943e+01,1.639057024042039457e+00
5.953000017748308181e+01,1.571886172622292799e+00
5.954000017751289420e+01,1.702996192689044896e+00
5.955000017754270658e+01,1.653330139846722613e+00
5.956000017757252607e+01,1.654582427842230530e+00
5.957000017760233845e+01,1.804249667326303097e+00
5.958000017763215084e+01,1.640673121282145042e+00
5.959000017766197033e+01,1.634665801065097845e+00
5.960000017769177560e+01,1.764635407640501308e+00
5.961000017772159509e+01,1.816327230606640697e+00
5.962000017775141458e+01,1.797394477857646722e+00
5.963000017778121986e+01,1.772255336102527279e+00
5.964000017781103935e+01,1.760531705469809749e+00
5.965000017784084463e+01,1.834475007422993853e+00
5.966000017787066412e+01,1.831514417240814652e+00
5.967000017790048361e+01,1.707420067769132022e+00
5.968000017793028888e+01,1.781268252270513441e+00
5.969000017796010837e+01,1.749319818201475085e+00
5.970000017798992076e+01,1.783201375427930335e+00
5.971000017801973314e+01,1.759043715828390919e+00
5.972000017804955263e+01,1.811061256907657402e+00
5.973000017807935791e+01,1.744882839036090205e+00
5.974000017810917740e+01,1.710469658596124543e+00
5.975000017813898978e+01,1.756085762870656541e+00
5.976000017816880217e+01,1.724722213929637205e+00
5.977000017819862165e+01,1.556982671754687519e+00
5.978000017822843404e+01,1.677618215366390109e+00
5.979000017825824642e+01,1.563436183119174983e+00
5.980000017828805881e+01,1.554499662272237126e+00
5.981000017831787119e+01,1.586965780021121430e+00
5.982000017834769068e+01,1.569421503850640054e+00
5.983000017837751017e+01,1.622066183233516146e+00
5.984000017840731545e+01,1.729250775751944857e+00
5.985000017843712783e+01,1.686040199576004373e+00
5.986000017846694732e+01,1.670870628823334592e+00
5.987000017849675970e+01,1.754202525414717329e+00
5.988000017852657919e+01,1.745838882035335882e+00
5.989000017855638447e+01,1.676998490264702379e+00
5.990000017858620396e+01,1.692054592589490092e+00
5.991000017861601634e+01,1.623173087732451059e+00
5.992000017864582873e+01,1.688645248133109567e+00
5.993000017867564821e+01,1.676323484734561386e+00
5.994000017870546060e+01,1.664727171162427410e+00
5.995000017873527298e+01,1.560234749191681924e+00
5.996000017876508537e+01,1.713803069516278477e+00
5.997000017879489775e+01,1.648736352870294741e+00
5.998000017882471724e+01,1.661955036735353497e+00
5.999000017885452962e+01,1.619426671573818366e+00
6.000000017888434201e+01,1.634979322849310357e+00
6.001000017891416149e+01,1.665879662040499198e+00
6.002000017894396677e+01,1.650475999902053070e+00
6.003000017897378626e+01,1.511551693172555666e+00
6.004000017900359865e+01,1.691308648814595861e+00
6.005000017903341103e+01,1.630977714315960503e+00
6.006000017906323052e+01,1.600765838612849157e+00
6.007000017909304290e+01,1.673804534338211969e+00
6.008000017912285529e+01,1.644135312464487741e+00
6.009000017915267478e+01,1.603686558140281937e+00
6.010000017918248005e+01,1.736001447928434693e+00
6.011000017921229954e+01,1.682093809426609132e+00
6.012000017924211193e+01,1.745959995817317312e+00
6.013000017927192431e+01,1.641494468945481344e+00
6.014000017930174380e+01,1.646367228900945445e+00
6.015000017933155618e+01,1.579835211277430762e+00
6.016000017936136857e+01,1.491950160661543956e+00
6.017000017939118095e+01,1.447166433549992748e+00
6.018000017942099333e+01,1.632488406702619743e+00
6.019000017945081282e+01,1.761653234952909042e+00
6.020000017948062521e+01,1.755426827452027050e+00
6.021000017951043759e+01,1.732351634056876977e+00
6.022000017954024997e+01,1.832780115589413228e+00
6.023000017957006946e+01,1.761678306318230414e+00
6.024000017959988185e+01,1.875060781944628996e+00
6.025000017962969423e+01,1.826576697511441250e+00
6.026000017965950661e+01,1.848463091700266236e+00
6.027000017968932610e+01,1.731402228959602052e+00
6.028000017971913849e+01,1.890564390813118001e+00
6.029000017974895087e+01,1.925777654823235929e+00
6.030000017977876325e+01,1.848193943865882538e+00
6.031000017980858274e+01,1.785664544248100949e+00
6.032000017983839513e+01,1.750271351262542741e+00
6.033000017986820751e+01,1.812171502920827182e+00
6.034000017989801989e+01,1.887501829373993356e+00
6.035000017992783228e+01,1.813942099703026667e+00
6.036000017995765177e+01,1.751306432704339056e+00
6.037000017998746415e+01,1.765572828000709693e+00
6.038000018001727653e+01,1.708071730011155864e+00
6.039000018004709602e+01,1.867536018816316146e+00
6.040000018007690841e+01,1.810110148456718138e+00
6.041000018010672079e+01,1.769252665579399864e+00
6.042000018013653317e+01,1.742499766528287308e+00
6.043000018016634556e+01,1.746726360231562136e+00
6.044000018019616505e+01,1.838983290578524166e+00
6.045000018022597743e+01,1.699239797064931112e+00
6.046000018025578981e+01,1.798311029343146794e+00
6.047000018028560930e+01,1.649687168259703851e+00
6.048000018031541458e+01,1.733367748543496623e+00
6.049000018034523407e+01,1.699731589705622881e+00
6.050000018037504645e+01,1.659829357123353555e+00
6.051000018040485884e+01,1.738344910275181787e+00
6.052000018043467833e+01,1.669194624258265591e+00
6.053000018046448361e+01,1.835458728970405184e+00
6.054000018049430309e+01,1.878117239352543599e+00
6.055000018052412258e+01,1.818735595166299124e+00
6.056000018055392786e+01,1.867791646101602199e+00
6.057000018058374735e+01,1.769030433088058185e+00
6.058000018061355973e+01,1.903101950415246657e+00
6.059000018064337212e+01,1.763090472822927968e+00
6.060000018067319161e+01,1.765422855855580009e+00
6.061000018070299689e+01,1.816988467583331657e+00
6.062000018073281637e+01,1.801273678544691004e+00
6.063000018076262876e+01,1.836585306541996587e+00
6.064000018079244114e+01,1.745145775274380195e+00
6.065000018082226063e+01,1.692904945317862397e+00
6.066000018085206591e+01,1.635850029491939139e+00
6.067000018088188540e+01,1.768446368658557644e+00
6.068000018091170489e+01,1.747750738540856386e+00
6.069000018094151017e+01,1.712634223856387639e+00
6.070000018097132966e+01,1.601538205231776146e+00
6.071000018100114204e+01,1.722285842038090653e+00
6.072000018103095442e+01,1.584691875214539358e+00
6.073000018106077391e+01,1.649598323393332899e+00
6.074000018109057919e+01,1.731234009416012798e+00
6.075000018112039868e+01,1.697666064624154592e+00
6.076000018115021817e+01,1.627134153201375888e+00
6.077000018118002345e+01,1.578617996829984937e+00
6.078000018120984294e+01,1.582710986508527151e+00
6.079000018123964821e+01,1.543467782371191976e+00
6.080000018126946770e+01,1.552059197246352662e+00
6.081000018129928719e+01,1.549009129407517005e+00
6.082000018132909247e+01,1.474686958253869751e+00
6.083000018135891196e+01,1.604256860190566458e+00
6.084000018138872434e+01,1.480472507098409052e+00
6.085000018141853673e+01,1.726026618335562368e+00
6.086000018144835622e+01,1.722007122236896892e+00
6.087000018147816149e+01,1.715574722380941441e+00
6.088000018150798098e+01,1.616966500483590252e+00
6.089000018153780047e+01,1.670399392809219119e+00
6.090000018156760575e+01,1.659207256607769132e+00
6.091000018159742524e+01,1.562709850237437026e+00
6.092000018162723762e+01,1.715138117341497459e+00
6.093000018165705001e+01,1.713739659464627918e+00
6.094000018168686950e+01,1.618705772461728198e+00
6.095000018171667477e+01,1.610699870802621003e+00
6.096000018174649426e+01,1.507680577248636355e+00
6.097000018177630665e+01,1.580635813672474077e+00
6.098000018180611903e+01,1.590214574330350628e+00
6.099000018183593852e+01,1.544125098969131527e+00
6.100000018186575090e+01,1.569086944251857796e+00
6.101000018189556329e+01,1.786991496213326425e+00
6.102000018192538278e+01,1.707514800132535537e+00
6.103000018195518805e+01,1.717351512008352898e+00
6.104000018198500754e+01,1.756575289829729103e+00
6.105000018201481993e+01,1.647241434908771396e+00
6.106000018204463231e+01,1.546587692520597468e+00
6.107000018207445180e+01,1.582307875350178916e+00
6.108000018210425708e+01,1.532223923636945706e+00
6.109000018213407657e+01,1.567194161009440645e+00
6.110000018216388895e+01,1.573556777942128226e+00
6.111000018219370133e+01,1.616653542158802859e+00
6.112000018222352082e+01,1.565393749866441420e+00
6.113000018225333321e+01,1.607782365030383742e+00
6.114000018228314559e+01,1.693684049988341211e+00
6.115000018231295797e+01,1.563788982096005586e+00
6.116000018234277036e+01,1.591273727878991462e+00
6.117000018237258985e+01,1.536046850169332290e+00
6.118000018240240223e+01,1.559781685643363724e+00
6.119000018243221461e+01,1.592097558878576402e+00
6.120000018246203410e+01,1.653720440638642541e+00
6.121000018249184649e+01,1.622273440636601505e+00
6.122000018252165887e+01,1.482160086788160580e+00
6.123000018255147126e+01,1.687067870458896834e+00
6.124000018258128364e+01,1.707384823714074074e+00
6.125000018261110313e+01,1.722203769937362905e+00
6.126000018264091551e+01,1.578677940292915416e+00
6.127000018267072790e+01,1.515737647484655337e+00
6.128000018270054028e+01,1.699017880280830228e+00
6.129000018273035977e+01,1.632153820500989783e+00
6.130000018276017215e+01,1.638137609764246161e+00
6.131000018278998454e+01,1.572150387378888237e+00
6.132000018281979692e+01,1.527177414223918728e+00
6.133000018284961641e+01,1.619508447552476138e+00
6.134000018287942879e+01,1.429770369353238424e+00
6.135000018290924118e+01,1.440635712606005203e+00
6.136000018293905356e+01,1.420655785464038923e+00
6.137000018296887305e+01,1.417658894741483877e+00
6.138000018299868543e+01,1.355048871938873578e+00
6.139000018302849782e+01,1.468337825308267952e+00
6.140000018305831020e+01,1.459745965666078504e+00
6.141000018308812258e+01,1.448861802369149965e+00
6.142000018311794207e+01,1.423809212735785312e+00
6.143000018314775446e+01,1.505453898515962896e+00
6.144000018317756684e+01,1.382414839665423001e+00
6.145000018320738633e+01,1.533863812963659923e+00
6.146000018323719161e+01,1.388949026954267918e+00
6.147000018326701110e+01,1.567442450334904702e+00
6.148000018329682348e+01,1.451756086090527420e+00
6.149000018332663586e+01,1.420882022436682490e+00
6.150000018335645535e+01,1.444419107027025584e+00
6.151000018338626774e+01,1.565230056282335358e+00
6.152000018341608012e+01,1.811217666538085469e+00
6.153000018344589961e+01,1.577704560321255389e+00
6.154000018347570489e+01,1.551656798190299336e+00
6.155000018350552438e+01,1.722922898096995725e+00
6.156000018353533676e+01,1.726694983228463265e+00
6.157000018356514914e+01,1.701115796097228960e+00
6.158000018359496863e+01,1.688796922268591461e+00
6.159000018362477391e+01,1.639057561285205633e+00
6.160000018365459340e+01,1.669176280266355006e+00
6.161000018368441289e+01,1.721242671186943296e+00
6.162000018371421817e+01,1.594414314095792484e+00
6.163000018374403766e+01,1.647516707975644090e+00
6.164000018377385004e+01,1.421796763064090419e+00
6.165000018380366242e+01,1.574110487102446720e+00
6.166000018383348191e+01,1.377055024393800675e+00
6.167000018386328719e+01,1.393544931714839841e+00
6.168000018389310668e+01,1.559010910126090721e+00
6.169000018392291906e+01,1.500475166680069750e+00
6.170000018395273145e+01,1.567979192805808220e+00
6.171000018398255094e+01,1.539160692817351350e+00
6.172000018401235621e+01,1.437778090078371429e+00
6.173000018404217570e+01,1.313610471068344721e+00
6.174000018407199519e+01,1.592967711431036548e+00
6.175000018410180047e+01,1.529492796846035896e+00
6.176000018413161996e+01,1.444829601823049092e+00
6.177000018416142524e+01,1.545572555965945449e+00
6.178000018419124473e+01,1.607829147144031579e+00
6.179000018422106422e+01,1.679736305310178146e+00
6.180000018425086949e+01,1.704526001156429160e+00
6.181000018428068898e+01,1.763917903939780540e+00
6.182000018431050847e+01,1.784051150727773205e+00
6.183000018434031375e+01,1.620190980836598627e+00
6.184000018437013324e+01,1.487110265326043512e+00
6.185000018439993852e+01,1.447237447571704916e+00
6.186000018442975801e+01,1.524169868932969907e+00
6.187000018445957750e+01,1.470476773839191953e+00
6.188000018448938278e+01,1.329794521821601405e+00
6.189000018451920226e+01,1.313031653422832123e+00
6.190000018454901465e+01,1.293564998726449256e+00
6.191000018457882703e+01,1.262994939868917088e+00
6.192000018460864652e+01,1.424790681904257728e+00
6.193000018463845180e+01,1.321102081954918628e+00
6.194000018466827129e+01,1.458224246031025961e+00
6.195000018469809078e+01,1.342051746392072475e+00
6.196000018472789606e+01,1.449991703104601903e+00
6.197000018475771554e+01,1.393496953861341758e+00
6.198000018478752793e+01,1.396113922249970551e+00
6.199000018481734031e+01,1.457198120887199355e+00
6.200000018484715980e+01,1.388517259012112648e+00
6.201000018487696508e+01,1.580765630427217738e+00
6.202000018490678457e+01,1.457824365851658754e+00
6.203000018493659695e+01,1.405361880175421296e+00
6.204000018496640934e+01,1.375533064063277910e+00
6.205000018499622882e+01,1.405255670512522981e+00
6.206000018502604121e+01,1.493528823490462232e+00
6.207000018505585359e+01,1.368847768788618913e+00
6.208000018508566598e+01,1.466444970008485171e+00
6.209000018511547836e+01,1.563832650516381984e+00
6.210000018514529785e+01,1.354637280007360722e+00
6.211000018517511023e+01,1.327400989816202248e+00
6.212000018520492262e+01,1.411706779241310494e+00
6.213000018523473500e+01,1.397548281000466908e+00
6.214000018526455449e+01,1.448506103408080614e+00
6.215000018529436687e+01,1.584312469092188147e+00
6.216000018532417926e+01,1.624345108134286342e+00
6.217000018535399164e+01,1.531206657961877715e+00
6.218000018538381113e+01,1.450143618255753664e+00
6.219000018541362351e+01,1.458474663883484457e+00
6.220000018544343590e+01,1.592946568612396252e+00
6.221000018547324828e+01,1.529972815915835893e+00
6.222000018550306066e+01,1.602760425124674759e+00
6.223000018553288015e+01,1.626878704296236933e+00
6.224000018556269254e+01,1.620290928534074970e+00
6.225000018559250492e+01,1.643226486488515992e+00
6.226000018562232441e+01,1.514152038880322459e+00
6.227000018565213679e+01,1.544148637764150456e+00
6.228000018568194918e+01,1.564887331585179009e+00
6.229000018571176156e+01,1.595801985369168507e+00
6.230000018574157394e+01,1.591785287038491647e+00
6.231000018577139343e+01,1.781005258039297212e+00
6.232000018580120582e+01,1.595435800458953723e+00
6.233000018583101820e+01,1.595431359402744720e+00
6.234000018586083058e+01,1.506008060412970861e+00
6.235000018589065007e+01,1.717655374848485295e+00
6.236000018592046246e+01,1.650417792942175055e+00
6.237000018595027484e+01,1.658241415825753018e+00
6.238000018598008722e+01,1.604216897426352872e+00
6.239000018600989961e+01,1.684068827531705947e+00
6.240000018603971910e+01,1.710035453398857097e+00
6.241000018606953148e+01,1.756712862117633778e+00
6.242000018609934386e+01,1.679774000906573361e+00
6.243000018612916335e+01,1.731189662831714937e+00
6.244000018615896863e+01,1.623130102491705307e+00
6.245000018618878812e+01,1.825150032546696055e+00
6.246000018621860050e+01,1.861825645498061510e+00
6.247000018624841289e+01,1.745593883745717001e+00
6.248000018627823238e+01,1.727442699962236095e+00
6.249000018630804476e+01,1.657375522533489853e+00
6.250000018633785714e+01,1.686318110898940015e+00
6.251000018636767663e+01,1.679379451232065001e+00
6.252000018639748191e+01,1.515048766572141714e+00
6.253000018642730140e+01,1.518731446734708168e+00
6.254000018645711378e+01,1.697393909357355790e+00
6.255000018648692617e+01,1.694316118101381052e+00
6.256000018651674566e+01,1.780905487617709726e+00
6.257000018654655804e+01,1.707838088192327630e+00
6.258000018657637042e+01,1.644669163510764864e+00
6.259000018660618991e+01,1.672742826437947805e+00
6.260000018663599519e+01,1.666201625158055366e+00
6.261000018666581468e+01,1.852109327690867779e+00
6.262000018669562706e+01,1.784159322015813398e+00
6.263000018672543945e+01,1.720428279576920128e+00
6.264000018675525894e+01,1.822149006919209668e+00
6.265000018678506422e+01,1.659329405459410767e+00
6.266000018681488370e+01,1.820149306234119857e+00
6.267000018684470319e+01,1.665083373638930109e+00
6.268000018687450847e+01,1.742959259420536533e+00
6.269000018690432796e+01,1.704348445694922942e+00
6.270000018693413324e+01,1.786496778741104796e+00
6.271000018696395273e+01,1.843836168152372945e+00
6.272000018699377222e+01,1.745899274367211484e+00
6.273000018702357750e+01,1.848197802158063840e+00
6.274000018705339698e+01,1.886393797557109453e+00
6.275000018708320226e+01,1.844700350238987374e+00
6.276000018711302175e+01,1.834569065852342806e+00
6.277000018714284124e+01,1.765716171802901746e+00
6.278000018717264652e+01,1.675133654212434431e+00
6.279000018720246601e+01,1.559860910012778712e+00
6.280000018723228550e+01,1.529839058220753945e+00
6.281000018726209078e+01,1.557624131636808906e+00
6.282000018729191027e+01,1.703597475910070935e+00
6.283000018732171554e+01,1.588602787522418680e+00
6.284000018735153503e+01,1.630638244470015819e+00
6.285000018738135452e+01,1.548489279369965388e+00
6.286000018741115980e+01,1.723926266702729970e+00
6.287000018744097929e+01,1.655891719113202321e+00
6.288000018747079878e+01,1.630845891343698284e+00
6.289000018750060406e+01,1.811250853042886577e+00
6.290000018753042355e+01,1.654322226340897872e+00
6.291000018756022882e+01,1.677848981831176589e+00
6.292000018759004831e+01,1.731110820959090191e+00
6.293000018761986780e+01,1.829623427996266649e+00
6.294000018764967308e+01,1.819392498011007442e+00
6.295000018767949257e+01,1.873199128386886514e+00
6.296000018770930495e+01,1.822296417098326904e+00
6.297000018773911734e+01,1.769626374372231137e+00
6.298000018776893683e+01,1.618627032126489285e+00
6.299000018779874210e+01,1.782951116600260510e+00
6.300000018782856159e+01,1.702812950842120365e+00
6.301000018785837398e+01,1.672611629007104916e+00
6.302000018788818636e+01,1.680915719483884629e+00
6.303000018791800585e+01,1.702503384260051211e+00
6.304000018794781823e+01,1.685438305295127615e+00
6.305000018797763062e+01,1.697509272936273073e+00
6.306000018800744300e+01,1.606172111301341854e+00
6.307000018803725538e+01,1.576446477152478209e+00
6.308000018806707487e+01,1.556873854696142478e+00
6.309000018809688726e+01,1.572586598305236283e+00
6.310000018812669964e+01,1.612580583882022189e+00
6.311000018815651913e+01,1.547148963057392024e+00
6.312000018818633151e+01,1.550499010382802911e+00
6.313000018821614390e+01,1.518394623976375035e+00
6.314000018824595628e+01,1.561354218546179951e+00
6.315000018827576866e+01,1.583317454957779313e+00
6.316000018830558815e+01,1.577056096005447161e+00
6.317000018833540054e+01,1.568497274881142101e+00
6.318000018836521292e+01,1.591629290333385738e+00
6.319000018839503241e+01,1.649314175520237180e+00
6.320000018842484479e+01,1.765724596864744811e+00
6.321000018845465718e+01,1.604483425852852418e+00
6.322000018848446956e+01,1.599052023395926891e+00
6.323000018851428194e+01,1.653509551279542578e+00
6.324000018854410143e+01,1.694642764138186042e+00
6.325000018857391382e+01,1.627564735254717343e+00
6.326000018860372620e+01,1.731719614545772279e+00
6.327000018863353858e+01,1.747848347822219539e+00
6.328000018866335097e+01,1.753819522502313877e+00
6.329000018869317046e+01,1.792826366913889302e+00
6.330000018872298284e+01,1.814227680648085927e+00
6.331000018875279522e+01,1.770062134159565703e+00
6.332000018878260761e+01,1.711352825046639881e+00
6.333000018881242710e+01,1.729619649337816423e+00
6.334000018884223948e+01,1.694970825507432721e+00
6.335000018887205187e+01,1.781102604023373281e+00
6.336000018890186425e+01,1.603077279901946817e+00
6.337000018893167663e+01,1.694516553219721500e+00
6.338000018896149612e+01,1.812170706073399362e+00
6.339000018899130851e+01,1.853257116674346117e+00
6.340000018902112089e+01,1.758361033946803875e+00
6.341000018905094038e+01,1.676782937624561542e+00
6.342000018908075276e+01,1.780176128516665512e+00
6.343000018911056515e+01,1.772777886480989551e+00
6.344000018914037753e+01,1.660650726350549000e+00
6.345000018917018991e+01,1.578487330643113529e+00
6.346000018920000940e+01,1.566493782586841688e+00
6.347000018922982179e+01,1.580633007538256640e+00
6.348000018925963417e+01,1.509268688595660102e+00
6.349000018928945366e+01,1.547083167026187756e+00
6.350000018931926604e+01,1.715851261712147524e+00
6.351000018934907843e+01,1.707217850913952839e+00
6.352000018937889081e+01,1.536237753685015583e+00
6.353000018940870319e+01,1.638572899121691906e+00
6.354000018943852268e+01,1.762840890246766934e+00
6.355000018946833507e+01,1.572040156445492887e+00
6.356000018949814745e+01,1.613465632841288189e+00
6.357000018952796694e+01,1.598294581561687577e+00
6.358000018955777222e+01,1.749836747479055044e+00
6.359000018958759171e+01,1.826904390748489426e+00
6.360000018961740409e+01,1.742219315790474399e+00
6.361000018964721647e+01,1.777119916713332248e+00
6.362000018967703596e+01,1.760238279102959380e+00
6.363000018970684124e+01,1.630587655386692258e+00
6.364000018973666073e+01,1.616464281158291216e+00
6.365000018976648022e+01,1.557459061935238864e+00
6.366000018979628550e+01,1.576254073996291361e+00
6.367000018982610499e+01,1.524729065789136584e+00
6.368000018985591026e+01,1.500877380516870696e+00
6.369000018988572975e+01,1.395975101395554585e+00
6.370000018991554924e+01,1.427992316635694925e+00
6.371000018994535452e+01,1.398074334173551314e+00
6.372000018997517401e+01,1.487134004091381190e+00
6.373000019000499350e+01,1.276665283538594764e+00
6.374000019003479878e+01,1.358966604234924214e+00
6.375000019006461827e+01,1.374501689190418041e+00
6.376000019009442354e+01,1.473379919723776244e+00
6.377000019012424303e+01,1.566846001657437482e+00
6.378000019015406252e+01,1.491445107011505344e+00
6.379000019018386780e+01,1.494950509467130706e+00
6.380000019021368729e+01,1.523922079153404496e+00
6.381000019024350678e+01,1.486757236248169356e+00
6.382000019027331206e+01,1.433391368809012079e+00
6.383000019030313155e+01,1.579876886316226692e+00
6.384000019033293682e+01,1.528706143087225522e+00
6.385000019036275631e+01,1.530783003412437671e+00
6.386000019039257580e+01,1.331440019749114079e+00
6.387000019042238108e+01,1.409074463501683638e+00
6.388000019045220057e+01,1.481435326746460612e+00
6.389000019048200585e+01,1.340604245653129301e+00
6.390000019051182534e+01,1.378010181013716418e+00
6.391000019054164483e+01,1.476096247899702840e+00
6.392000019057145010e+01,1.469757663109551471e+00
6.393000019060126959e+01,1.432395100673795385e+00
6.394000019063108198e+01,1.502335416263111290e+00
6.395000019066089436e+01,1.463808526638130214e+00
6.396000019069071385e+01,1.492228256312898349e+00
6.397000019072051913e+01,1.486953363124559058e+00
6.398000019075033862e+01,1.517775843047207252e+00
6.399000019078015100e+01,1.565092721003518372e+00
6.400000019080997049e+01,1.529516326818957106e+00
6.401000019083977577e+01,1.528354721512961811e+00
6.402000019086959526e+01,1.590184283725118997e+00
6.403000019089941475e+01,1.531496945839094348e+00
6.404000019092922003e+01,1.674640614533439376e+00
6.405000019095903951e+01,1.483773557528046183e+00
6.406000019098885900e+01,1.583963736423430468e+00
6.407000019101866428e+01,1.561235946541929653e+00
6.408000019104848377e+01,1.443644034216620131e+00
6.409000019107828905e+01,1.398406366389574718e+00
6.410000019110810854e+01,1.572228907837710743e+00
6.411000019113792803e+01,1.471084348524985819e+00
6.412000019116773331e+01,1.602646852617098716e+00
6.413000019119755279e+01,1.529566305567142237e+00
6.414000019122737228e+01,1.557042573153470943e+00
6.415000019125717756e+01,1.511018592144556694e+00
6.416000019128699705e+01,1.488180546154680872e+00
6.417000019131680233e+01,1.552097425384576290e+00
6.418000019134662182e+01,1.466355429338106475e+00
6.419000019137644131e+01,1.464303611504004676e+00
6.420000019140624659e+01,1.492413737811598695e+00
6.421000019143606607e+01,1.578970813192699163e+00
6.422000019146588556e+01,1.486310019967977292e+00
6.423000019149569084e+01,1.590226878175507341e+00
6.424000019152551033e+01,1.586339225274792097e+00
6.425000019155531561e+01,1.556904765034375693e+00
6.426000019158513510e+01,1.606562721203400157e+00
6.427000019161495459e+01,1.581301331097293872e+00
6.428000019164475987e+01,1.473094757292461310e+00
6.429000019167457936e+01,1.623663003927255266e+00
6.430000019170438463e+01,1.627844827625841262e+00
6.431000019173420412e+01,1.641321319230164111e+00
6.432000019176402361e+01,1.602991119300627654e+00
6.433000019179382889e+01,1.802518606927789202e+00
6.434000019182364838e+01,1.731667220388875661e+00
6.435000019185346787e+01,1.712520174255216299e+00
6.436000019188327315e+01,1.563083388553194730e+00
6.437000019191309264e+01,1.503525024395072851e+00
6.438000019194289791e+01,1.461300526013278533e+00
6.439000019197271740e+01,1.633174667068137520e+00
6.440000019200253689e+01,1.464415477386571407e+00
6.441000019203234217e+01,1.400021941102408185e+00
6.442000019206216166e+01,1.462197672995788178e+00
6.443000019209198115e+01,1.528345286655575341e+00
6.444000019212178643e+01,1.545610201238901471e+00
6.445000019215160592e+01,1.472120390122691802e+00
6.446000019218141119e+01,1.404441428647636103e+00
6.447000019221123068e+01,1.439556017206953920e+00
6.448000019224105017e+01,1.473777384046164540e+00
6.449000019227085545e+01,1.461855621588509679e+00
6.450000019230067494e+01,1.469077459633374216e+00
6.451000019233048022e+01,1.431061488586136798e+00
6.452000019236029971e+01,1.515468877386959123e+00
6.453000019239011920e+01,1.435096100390759633e+00
6.454000019241992447e+01,1.457609532937892638e+00
6.455000019244974396e+01,1.366217442087324985e+00
6.456000019247954924e+01,1.457579243442860717e+00
6.457000019250936873e+01,1.454761659021942100e+00
6.458000019253918822e+01,1.374492359770761452e+00
6.459000019256899350e+01,1.414028426039532604e+00
6.460000019259881299e+01,1.458196472120788290e+00
6.461000019262861827e+01,1.484235687860378183e+00
6.462000019265843775e+01,1.549195543712347467e+00
6.463000019268825724e+01,1.525699008163632131e+00
6.464000019271806252e+01,1.467596869782380686e+00
6.465000019274788201e+01,1.490125830988170419e+00
6.466000019277768729e+01,1.433573125753013100e+00
6.467000019280750678e+01,1.415984271228086344e+00
6.468000019283732627e+01,1.601888330006980832e+00
6.469000019286713155e+01,1.502062762375238947e+00
6.470000019289695103e+01,1.486285371115092291e+00
6.471000019292677052e+01,1.387467155048036638e+00
6.472000019295657580e+01,1.475129536678369213e+00
6.473000019298639529e+01,1.419122189015457947e+00
6.474000019301621478e+01,1.499382459853443095e+00
6.475000019304602006e+01,1.451904467496124118e+00
6.476000019307583955e+01,1.456995597883956384e+00
6.477000019310564483e+01,1.372882172199738626e+00
6.478000019313546431e+01,1.415792496801962619e+00
6.479000019316528380e+01,1.437088415461991620e+00
6.480000019319508908e+01,1.419927396741246239e+00
6.481000019322490857e+01,1.347305606624046082e+00
6.482000019325471385e+01,1.271054888865813970e+00
6.483000019328453334e+01,1.342172319023254179e+00
6.484000019331435283e+01,1.490069682938091944e+00
6.485000019334415811e+01,1.534706958179195002e+00
6.486000019337397760e+01,1.490586070464667179e+00
6.487000019340378287e+01,1.450291960118924139e+00
6.488000019343360236e+01,1.488658552963993964e+00
6.489000019346342185e+01,1.446392221537068368e+00
6.490000019349322713e+01,1.478152483720470256e+00
6.491000019352304662e+01,1.279181988804237058e+00
6.492000019355285190e+01,1.257010723503457550e+00
6.493000019358267139e+01,1.422211129639598504e+00
6.494000019361249088e+01,1.453287846236059000e+00
6.495000019364229615e+01,1.425201895501560623e+00
6.496000019367211564e+01,1.377599513944159249e+00
6.497000019370192092e+01,1.319508865023561128e+00
6.498000019373174041e+01,1.425322925951294950e+00
6.499000019376155990e+01,1.399011101955976999e+00
6.500000019379136518e+01,1.377763624546640697e+00
6.501000019382118467e+01,1.446752988043898069e+00
6.502000019385100416e+01,1.429869390332078272e+00
6.503000019388080943e+01,1.396920306562294378e+00
6.504000019391062892e+01,1.326939196865044357e+00
6.505000019394044841e+01,1.356434870353553590e+00
6.506000019397025369e+01,1.291101615845049677e+00
6.507000019400007318e+01,1.405455687453442293e+00
6.508000019402987846e+01,1.412468760282620250e+00
6.509000019405969795e+01,1.483418662448494629e+00
6.510000019408951744e+01,1.465196285281475719e+00
6.511000019411932271e+01,1.404377981646567131e+00
6.512000019414914220e+01,1.397623198732383942e+00
6.513000019417894748e+01,1.476250995031684665e+00
6.514000019420876697e+01,1.445054128944208705e+00
6.515000019423858646e+01,1.412714561352029774e+00
6.516000019426839174e+01,1.468987919289611810e+00
6.517000019429821123e+01,1.378832840050700614e+00
6.518000019432801651e+01,1.415201288647735200e+00
6.519000019435783599e+01,1.364827323356446076e+00
6.520000019438765548e+01,1.374419823147281283e+00
6.521000019441746076e+01,1.389820032377587111e+00
6.522000019444728025e+01,1.490265641697875010e+00
6.523000019447708553e+01,1.523064539860980116e+00
6.524000019450690502e+01,1.395655990805454216e+00
6.525000019453672451e+01,1.399063002452678450e+00
6.526000019456652979e+01,1.373212001260609272e+00
6.527000019459634927e+01,1.467435816651621927e+00
6.528000019462616876e+01,1.341070052669047330e+00
6.529000019465597404e+01,1.546519312020126158e+00
6.530000019468579353e+01,1.508244173657633080e+00
6.531000019471559881e+01,1.430988001160057532e+00
6.532000019474541830e+01,1.484233568366902123e+00
6.533000019477523779e+01,1.411544898825476624e+00
6.534000019480504307e+01,1.474100785565663152e+00
6.535000019483486255e+01,1.462723958188271833e+00
6.536000019486468204e+01,1.434287648224765066e+00
6.537000019489448732e+01,1.404818970227231345e+00
6.538000019492430681e+01,1.446976433660553729e+00
6.539000019495411209e+01,1.389940929556468419e+00
6.540000019498393158e+01,1.488534800074548858e+00
6.541000019501375107e+01,1.508678177310829094e+00
6.542000019504355635e+01,1.541728661021080526e+00
6.543000019507337583e+01,1.643529278559901163e+00
6.544000019510318111e+01,1.557663001766457889e+00
6.545000019513300060e+01,1.549722109415604177e+00
6.546000019516282009e+01,1.564846285647697455e+00
6.547000019519262537e+01,1.538039204322506182e+00
6.548000019522244486e+01,1.711484380810426087e+00
6.549000019525226435e+01,1.610102107046775144e+00
6.550000019528206963e+01,1.582938218979929479e+00
6.551000019531188912e+01,1.485187696240248156e+00
6.552000019534169439e+01,1.525347515988700886e+00
6.553000019537151388e+01,1.483378809319576552e+00
6.554000019540133337e+01,1.527695447277476415e+00
6.555000019543113865e+01,1.684786370579540726e+00
6.556000019546095814e+01,1.549559187732285181e+00
6.557000019549077763e+01,1.442220141487622342e+00
6.558000019552058291e+01,1.467264174916836472e+00
6.559000019555040240e+01,1.554175931131167143e+00
6.560000019558020767e+01,1.402904906738036139e+00
6.561000019561002716e+01,1.480705075308021090e+00
6.562000019563984665e+01,1.441015839086997374e+00
6.563000019566965193e+01,1.383589394552557694e+00
6.564000019569947142e+01,1.397095047860749562e+00
6.565000019572929091e+01,1.515418757059858068e+00
6.566000019575909619e+01,1.495477486927539568e+00
6.567000019578891568e+01,1.341082048164592422e+00
6.568000019581873516e+01,1.459544716460744684e+00
6.569000019584854044e+01,1.543456036312409241e+00
6.570000019587835993e+01,1.651732430443682897e+00
6.571000019590816521e+01,1.709988567251450764e+00
6.572000019593798470e+01,1.737787485768793827e+00
6.573000019596780419e+01,1.587978902768698353e+00
6.574000019599760947e+01,1.568361356913543281e+00
6.575000019602742896e+01,1.547954684044855700e+00
6.576000019605723423e+01,1.552111375687305062e+00
6.577000019608705372e+01,1.575574470478262157e+00
6.578000019611687321e+01,1.703230447589038077e+00
6.579000019614667849e+01,1.686900511081146359e+00
6.580000019617649798e+01,1.540166184832129748e+00
6.581000019620631747e+01,1.747319881351188986e+00
6.582000019623612275e+01,1.496634036552862312e+00
6.583000019626594224e+01,1.470298628085452863e+00
6.584000019629574751e+01,1.558036239953233926e+00
6.585000019632556700e+01,1.719857089200041544e+00
6.586000019635538649e+01,1.622888886206730108e+00
6.587000019638519177e+01,1.599380438106555280e+00
6.588000019641501126e+01,1.595365383573183138e+00
6.589000019644481654e+01,1.581475661249203357e+00
6.590000019647463603e+01,1.593796493018900584e+00
6.591000019650445552e+01,1.756034345792661489e+00
6.592000019653426079e+01,1.583610434168890579e+00
6.593000019656408028e+01,1.525058857407926238e+00
6.594000019659389977e+01,1.508508909451679703e+00
6.595000019662370505e+01,1.531884455267546796e+00
6.596000019665352454e+01,1.454207713745123254e+00
6.597000019668334403e+01,1.609349151604200445e+00
6.598000019671314931e+01,1.606810331435320816e+00
6.599000019674296880e+01,1.532704548897593666e+00
6.600000019677277407e+01,1.368399930672645537e+00
6.601000019680259356e+01,1.457398949396859544e+00
6.602000019683241305e+01,1.363790387677300320e+00
6.603000019686221833e+01,1.419718327031154859e+00
6.604000019689203782e+01,1.425639004626011230e+00
6.605000019692184310e+01,1.355118224872105870e+00
6.606000019695166259e+01,1.424005661528357836e+00
6.607000019698148208e+01,1.474955535291026409e+00
6.608000019701128736e+01,1.366370625785719994e+00
6.609000019704110684e+01,1.353674027431661209e+00
6.610000019707091212e+01,1.318127858840667299e+00
6.611000019710073161e+01,1.408684702180548642e+00
6.612000019713055110e+01,1.402811962225383846e+00
6.613000019716035638e+01,1.346566462364242156e+00
6.614000019719017587e+01,1.456348632060833204e+00
6.615000019721998115e+01,1.364538341635685992e+00
6.616000019724980064e+01,1.420639975166242186e+00
6.617000019727962012e+01,1.507111996049075753e+00
6.618000019730943961e+01,1.277421411965720788e+00
6.619000019733924489e+01,1.383873624823145132e+00
6.620000019736905017e+01,1.417224978197517027e+00
6.621000019739886966e+01,1.370411734299463502e+00
6.622000019742868915e+01,1.373919606648581260e+00
6.623000019745850864e+01,1.446462828135146372e+00
6.624000019748831392e+01,1.405632141167333815e+00
6.625000019751811919e+01,1.394979806664704336e+00
6.626000019754793868e+01,1.499882331260883772e+00
6.627000019757775817e+01,1.429189895196272930e+00
6.628000019760757766e+01,1.344165267478154790e+00
6.629000019763738294e+01,1.488857017273588212e+00
6.630000019766718822e+01,1.395845402367984489e+00
6.631000019769700771e+01,1.555781613206667968e+00
6.632000019772682720e+01,1.461368270958699478e+00
6.633000019775664668e+01,1.309955930682331848e+00
6.634000019778646617e+01,1.399094406720594597e+00
6.635000019781627145e+01,1.468319390291451088e+00
6.636000019784607673e+01,1.412865597967963405e+00
6.637000019787589622e+01,1.516356105037897972e+00
6.638000019790571571e+01,1.526536305353665801e+00
6.639000019793553520e+01,1.306165151719181905e+00
6.640000019796534048e+01,1.309732612608431435e+00
6.641000019799514575e+01,1.331461909738566485e+00
6.642000019802496524e+01,1.291120549234559212e+00
6.643000019805478473e+01,1.472151130232022043e+00
6.644000019808460422e+01,1.378677012836587723e+00
6.645000019811440950e+01,1.379103620587005530e+00
6.646000019814421478e+01,1.369484298879810158e+00
6.647000019817403427e+01,1.463703932632816507e+00
6.648000019820385376e+01,1.330216077318296941e+00
6.649000019823367325e+01,1.300124419621382144e+00
6.650000019826349273e+01,1.310725237984988079e+00
6.651000019829328380e+01,1.434909236224911622e+00
6.652000019832310329e+01,1.380744830766528652e+00
6.653000019835292278e+01,1.339981670516055212e+00
6.654000019838274227e+01,1.365156743761716251e+00
6.655000019841256176e+01,1.271288245325440602e+00
6.656000019844236704e+01,1.361873091993583751e+00
6.657000019847217231e+01,1.334465174986517733e+00
6.658000019850199180e+01,1.287495946762841736e+00
6.659000019853181129e+01,1.318863049141769217e+00
6.660000019856163078e+01,1.258969897961261797e+00
6.661000019859143606e+01,1.530682086858908386e+00
6.662000019862124134e+01,1.435938267407188773e+00
6.663000019865106083e+01,1.494879742512249976e+00
6.664000019868088032e+01,1.414230402442990586e+00
6.665000019871069981e+01,1.344940722356975149e+00
6.666000019874050508e+01,1.391001688393506353e+00
6.667000019877031036e+01,1.391479845302276530e+00
6.668000019880012985e+01,1.444580565979232567e+00
6.669000019882994934e+01,1.475316179807169670e+00
6.670000019885976883e+01,1.303790732331659541e+00
6.671000019888958832e+01,1.329357876005521577e+00
6.672000019891937939e+01,1.412627829161104298e+00
6.673000019894919888e+01,1.332565795214292415e+00
6.674000019897901836e+01,1.246494139136822499e+00
6.675000019900883785e+01,1.344368246868664851e+00
6.676000019903865734e+01,1.353795294870903776e+00
6.677000019906844841e+01,1.240594200306593065e+00
6.678000019909826790e+01,1.234608822323958854e+00
6.679000019912808739e+01,1.392036640118489821e+00
6.680000019915790688e+01,1.261296020508088533e+00
6.681000019918772637e+01,1.381957730276787588e+00
6.682000019921751743e+01,1.358864566675751728e+00
6.683000019924733692e+01,1.340317729693097926e+00
6.684000019927715641e+01,1.363871271088493264e+00
6.685000019930697590e+01,1.414795994473165397e+00
6.686000019933679539e+01,1.427491292649616828e+00
6.687000019936660067e+01,1.418105854394162035e+00
6.688000019939640595e+01,1.624140273548942082e+00
6.689000019942622544e+01,1.573664471573979373e+00
6.690000019945604492e+01,1.601460537377700000e+00
6.691000019948586441e+01,1.488058511842092146e+00
6.692000019951566969e+01,1.684034661095043406e+00
6.693000019954547497e+01,1.464069818851338356e+00
6.694000019957529446e+01,1.643029792862910288e+00
6.695000019960511395e+01,1.487911663029364506e+00
6.696000019963493344e+01,1.579323490184072920e+00
6.697000019966475293e+01,1.359093491879562299e+00
6.698000019969454399e+01,1.520396153207245193e+00
6.699000019972436348e+01,1.457325108967869598e+00
6.700000019975418297e+01,1.650043724997939387e+00
6.701000019978400246e+01,1.608061135919722995e+00
6.702000019981382195e+01,1.582377090981448964e+00
6.703000019984361302e+01,1.433473083953943794e+00
6.704000019987343251e+01,1.664065118221468298e+00
6.705000019990325200e+01,1.439293666642811997e+00
6.706000019993307149e+01,1.531997985003267004e+00
6.707000019996289097e+01,1.329123316529757792e+00
6.708000019999269625e+01,1.491233158535179903e+00
6.709000020002250153e+01,1.495798600946798063e+00
6.710000020005232102e+01,1.580271955940032447e+00
6.711000020008214051e+01,1.511395128457949211e+00
6.712000020011196000e+01,1.551838993125793875e+00
6.713000020014176528e+01,1.531080601988749956e+00
6.714000020017157055e+01,1.553743572959197516e+00
6.715000020020139004e+01,1.545487608578221206e+00
6.716000020023120953e+01,1.546037263946783424e+00
6.717000020026102902e+01,1.558342144584982547e+00
6.718000020029084851e+01,1.524969313233371704e+00
6.719000020032063958e+01,1.466250418084169782e+00
6.720000020035045907e+01,1.533387864262932609e+00
6.721000020038027856e+01,1.491820205377305086e+00
6.722000020041009805e+01,1.451888601011959379e+00
6.723000020043991753e+01,1.497767583854707985e+00
6.724000020046972281e+01,1.487809917953032635e+00
6.725000020049952809e+01,1.480347658890215579e+00
6.726000020052934758e+01,1.748865934406711675e+00
6.727000020055916707e+01,1.738335771754475179e+00
6.728000020058898656e+01,1.671564124393341455e+00
6.729000020061879184e+01,1.720229284921328095e+00
6.730000020064859712e+01,1.711877747220232893e+00
6.731000020067841660e+01,1.650189247162865414e+00
6.732000020070823609e+01,1.557570095156730394e+00
6.733000020073805558e+01,1.654332588493788059e+00
6.734000020076786086e+01,1.563516057552334138e+00
6.735000020079766614e+01,1.608968964403600932e+00
6.736000020082748563e+01,1.502674935490029950e+00
6.737000020085730512e+01,1.651226979164763575e+00
6.738000020088712461e+01,1.520407930728523427e+00
6.739000020091692988e+01,1.445266876613090501e+00
6.740000020094674937e+01,1.590963902660713636e+00
6.741000020097655465e+01,1.601691299394438328e+00
6.742000020100637414e+01,1.481252006470007876e+00
6.743000020103619363e+01,1.345801062634076173e+00
6.744000020106599891e+01,1.419435462167017326e+00
6.745000020109581840e+01,1.496375774797418678e+00
6.746000020112562368e+01,1.349150635121281860e+00
6.747000020115544316e+01,1.373612771783133235e+00
6.748000020118526265e+01,1.416901887840704033e+00
6.749000020121506793e+01,1.459477378580759321e+00
6.750000020124488742e+01,1.621002152706468857e+00
6.751000020127469270e+01,1.414894131844701475e+00
6.752000020130451219e+01,1.510751467569030781e+00
6.753000020133433168e+01,1.375543278703455830e+00
6.754000020136413696e+01,1.374559140847687599e+00
6.755000020139395644e+01,1.218069781297444809e+00
6.756000020142377593e+01,1.285167631307642333e+00
6.757000020145358121e+01,1.256870478155630799e+00
6.758000020148340070e+01,1.268242032121635443e+00
6.759000020151322019e+01,1.276662917031933686e+00
6.760000020154302547e+01,1.273223446688738880e+00
6.761000020157284496e+01,1.322559676992560052e+00
6.762000020160265024e+01,1.241976135434118556e+00
6.763000020163246973e+01,1.300371033598834547e+00
6.764000020166228921e+01,1.348330642684746783e+00
6.765000020169209449e+01,1.342990315236044951e+00
6.766000020172191398e+01,1.457711428070789905e+00
6.767000020175171926e+01,1.305232577114429526e+00
6.768000020178153875e+01,1.332185182718331085e+00
6.769000020181135824e+01,1.309480216858754043e+00
6.770000020184116352e+01,1.385803887098079112e+00
6.771000020187098301e+01,1.289055705184147138e+00
6.772000020190078828e+01,1.344021444939031751e+00
6.773000020193060777e+01,1.355808306396014240e+00
6.774000020196042726e+01,1.398471763473408958e+00
6.775000020199023254e+01,1.371731808057769175e+00
6.776000020202005203e+01,1.277354077697498758e+00
6.777000020204987152e+01,1.247941978090404636e+00
6.778000020207967680e+01,1.259823987289784730e+00
6.779000020210949629e+01,1.296760921702214686e+00
6.780000020213931577e+01,1.240245513355445528e+00
6.781000020216912105e+01,1.340788706730700941e+00
6.782000020219894054e+01,1.479944446806450431e+00
6.783000020222874582e+01,1.315963234050310016e+00
6.784000020225856531e+01,1.229804592341424474e+00
6.785000020228838480e+01,1.326324177874616206e+00
6.786000020231819008e+01,1.269134084359654802e+00
6.787000020234800957e+01,1.407532758568998066e+00
6.788000020237781484e+01,1.333849780890007608e+00
6.789000020240763433e+01,1.371495199917523333e+00
6.790000020243745382e+01,1.354845589942672568e+00
6.791000020246725910e+01,1.296346367600798910e+00
6.792000020249707859e+01,1.267808440644532464e+00
6.793000020252689808e+01,1.404039019074754702e+00
6.794000020255670336e+01,1.350565907120981013e+00
6.795000020258652285e+01,1.275959987810956431e+00
6.796000020261632812e+01,1.294041845274586100e+00
6.797000020264614761e+01,1.291902861870948716e+00
6.798000020267596710e+01,1.334341724048330402e+00
6.799000020270577238e+01,1.340727572339583951e+00
6.800000020273559187e+01,1.418423329663797805e+00
6.801000020276539715e+01,1.375670298089826105e+00
6.802000020279521664e+01,1.414142522143050140e+00
6.803000020282503613e+01,1.405433348450831232e+00
6.804000020285484140e+01,1.564115579051291727e+00
6.805000020288466089e+01,1.516820492615859051e+00
6.806000020291446617e+01,1.418356085961470336e+00
6.807000020294428566e+01,1.271197489671970660e+00
6.808000020297410515e+01,1.305399698095357053e+00
6.809000020300392464e+01,1.292634980687928481e+00
6.810000020303372992e+01,1.378394089399663125e+00
6.811000020306353520e+01,1.320458308196945874e+00
6.812000020309335468e+01,1.335483489000559798e+00
6.813000020312317417e+01,1.323078457270389086e+00
6.814000020315299366e+01,1.295508242261622867e+00
6.815000020318279894e+01,1.390065000655643868e+00
6.816000020321260422e+01,1.285550702905054354e+00
6.817000020324242371e+01,1.230264891774887737e+00
6.818000020327224320e+01,1.141178796632987602e+00
6.819000020330206269e+01,1.174031567642639162e+00
6.820000020333186797e+01,1.257649982914390785e+00
6.821000020336167324e+01,1.389801077608078028e+00
6.822000020339149273e+01,1.347613871882081593e+00
6.823000020342131222e+01,1.366436827783342522e+00
6.824000020345113171e+01,1.325412275800811335e+00
6.825000020348093699e+01,1.339370867628743245e+00
6.826000020351075648e+01,1.539195912615645812e+00
6.827000020354056176e+01,1.507390181222738601e+00
6.828000020357038125e+01,1.351554766355665960e+00
6.829000020360020073e+01,1.292614866097479887e+00
6.830000020363002022e+01,1.399995482148310932e+00
6.831000020365982550e+01,1.543846922735265137e+00
6.832000020368963078e+01,1.505216178896883861e+00
6.833000020371945027e+01,1.418051477588452514e+00
6.834000020374926976e+01,1.413550881614304533e+00
6.835000020377908925e+01,1.485499710521685168e+00
6.836000020380889453e+01,1.358238889617729539e+00
6.837000020383871401e+01,1.278507106272789517e+00
6.838000020386851929e+01,1.321346608899984343e+00
6.839000020389833878e+01,1.326794388705426986e+00
6.840000020392815827e+01,1.348048200487236059e+00
6.841000020395796355e+01,1.440929336324180632e+00
6.842000020398778304e+01,1.394433544946984016e+00
6.843000020401758832e+01,1.554293594280928614e+00
6.844000020404740781e+01,1.433857964546390029e+00
6.845000020407722729e+01,1.394184616384356312e+00
6.846000020410704678e+01,1.368429431445863154e+00
6.847000020413685206e+01,1.420413052670725262e+00
6.848000020416665734e+01,1.314882412807405698e+00
6.849000020419647683e+01,1.513816365692136623e+00
6.850000020422629632e+01,1.555833523066519675e+00
6.851000020425611581e+01,1.531789280454554758e+00
6.852000020428592109e+01,1.660623676903757895e+00
6.853000020431572636e+01,1.510561759474168708e+00
6.854000020434554585e+01,1.388041443493074123e+00
6.855000020437536534e+01,1.427052336435728819e+00
6.856000020440518483e+01,1.451104553213298010e+00
6.857000020443499011e+01,1.501259863920122006e+00
6.858000020446479539e+01,1.527079160404551494e+00
6.859000020449461488e+01,1.446395716572629109e+00
6.860000020452443437e+01,1.559866895999728831e+00
6.861000020455425386e+01,1.605728591371487601e+00
6.862000020458407334e+01,1.458067434734410694e+00
6.863000020461386441e+01,1.537883604335636534e+00
6.864000020464368390e+01,1.476672961861019262e+00
6.865000020467350339e+01,1.560535788516023814e+00
6.866000020470332288e+01,1.503692677888957885e+00
6.867000020473314237e+01,1.503618788564409670e+00
6.868000020476293344e+01,1.602132239551493420e+00
6.869000020479275292e+01,1.601909981972351904e+00
6.870000020482257241e+01,1.620411712450481323e+00
6.871000020485239190e+01,1.636851055173337732e+00
6.872000020488221139e+01,1.630775352201478512e+00
6.873000020491200246e+01,1.622262579469475829e+00
6.874000020494182195e+01,1.587601024390397741e+00
6.875000020497164144e+01,1.510297296484507390e+00
6.876000020500146093e+01,1.517477535154909907e+00
6.877000020503128042e+01,1.546260410161195642e+00
6.878000020506107148e+01,1.396600443033505723e+00
6.879000020509089097e+01,1.395109869903799815e+00
6.880000020512071046e+01,1.333652199193007259e+00
6.881000020515052995e+01,1.282436933997290307e+00
6.882000020518034944e+01,1.272113769122245719e+00
6.883000020521015472e+01,1.272571857569662512e+00
6.884000020523996000e+01,1.321421854175779620e+00
6.885000020526977949e+01,1.505584523073373981e+00
6.886000020529959897e+01,1.520865111292998728e+00
6.887000020532941846e+01,1.415310047489734879e+00
6.888000020535923795e+01,1.363517739771560766e+00
6.889000020538902902e+01,1.487235644604120832e+00
6.890000020541884851e+01,1.539175641005283479e+00
6.891000020544866800e+01,1.402526263522333227e+00
6.892000020547848749e+01,1.420321933383679847e+00
6.893000020550830698e+01,1.486857082299818389e+00
6.894000020553809804e+01,1.422424634533597354e+00
6.895000020556791753e+01,1.325137777985831100e+00
6.896000020559773702e+01,1.458946674381998987e+00
6.897000020562755651e+01,1.305158406810077887e+00
6.898000020565737600e+01,1.249999363495832183e+00
6.899000020568719549e+01,1.276735223152541510e+00
6.900000020571698656e+01,1.281448701603242091e+00
6.901000020574680605e+01,1.343492724411493144e+00
6.902000020577662553e+01,1.314155383742796168e+00
6.903000020580644502e+01,1.385699752533418705e+00
6.904000020583626451e+01,1.450342535291270440e+00
6.905000020586605558e+01,1.423350021997342285e+00
6.906000020589587507e+01,1.408390648005854118e+00
6.907000020592569456e+01,1.429928173690353743e+00
6.908000020595551405e+01,1.614981876837824126e+00
6.909000020598533354e+01,1.465638815960557118e+00
6.910000020601512460e+01,1.461630939511496585e+00
6.911000020604494409e+01,1.390279479434707088e+00
6.912000020607476358e+01,1.445590676902352323e+00
6.913000020610458307e+01,1.445482374987431706e+00
6.914000020613440256e+01,1.671616150336245665e+00
6.915000020616420784e+01,1.454954118301162946e+00
6.916000020619401312e+01,1.555839468417807847e+00
6.917000020622383261e+01,1.621036391226009288e+00
6.918000020625365210e+01,1.575785007083611244e+00
6.919000020628347158e+01,1.472780469217775723e+00
6.920000020631327686e+01,1.586243628706037967e+00
6.921000020634308214e+01,1.701829806166410108e+00
6.922000020637290163e+01,1.629635507098900593e+00
6.923000020640272112e+01,1.445691671441394321e+00
6.924000020643254061e+01,1.587532314480767814e+00
6.925000020646234589e+01,1.632214882759122299e+00
6.926000020649215116e+01,1.413022253967327835e+00
6.927000020652197065e+01,1.508504976479970505e+00
6.928000020655179014e+01,1.459134931331208751e+00
6.929000020658160963e+01,1.504218690578271511e+00
6.930000020661141491e+01,1.437260869466212787e+00
6.931000020664122019e+01,1.447426165122473352e+00
6.932000020667103968e+01,1.512758900926981065e+00
6.933000020670085917e+01,1.360219571599582844e+00
6.934000020673067866e+01,1.390382222454791261e+00
6.935000020676048393e+01,1.435102347649586774e+00
6.936000020679030342e+01,1.499712935694731408e+00
6.937000020682010870e+01,1.528137417785242924e+00
6.938000020684992819e+01,1.472586311401091308e+00
6.939000020687974768e+01,1.440437436352581813e+00
6.940000020690955296e+01,1.593212931169476931e+00
6.941000020693937245e+01,1.728783666338911784e+00
6.942000020696917773e+01,1.646035785889707226e+00
6.943000020699899721e+01,1.708118512279722445e+00
6.944000020702881670e+01,1.708963869451633366e+00
6.945000020705862198e+01,1.656794617065639352e+00
6.946000020708844147e+01,1.539007337613796267e+00
6.947000020711824675e+01,1.552468461897450025e+00
6.948000020714806624e+01,1.533397012703035855e+00
6.949000020717788573e+01,1.470367618016056310e+00
6.950000020720770522e+01,1.431434514673249225e+00
6.951000020723751049e+01,1.420228083850996859e+00
6.952000020726732998e+01,1.432913857278212966e+00
6.953000020729713526e+01,1.493149218289960389e+00
6.954000020732695475e+01,1.507745365204273380e+00
6.955000020735677424e+01,1.560066306560473182e+00
6.956000020738657952e+01,1.648119092200042379e+00
6.957000020741639901e+01,1.544795079367836665e+00
6.958000020744620429e+01,1.495967557320936558e+00
6.959000020747602377e+01,1.511354777691570117e+00
6.960000020750584326e+01,1.543582068269969909e+00
6.961000020753566275e+01,1.525581129507225242e+00
6.962000020756546803e+01,1.646177378050404982e+00
6.963000020759527331e+01,1.587784255489268936e+00
6.964000020762509280e+01,1.429669522159248585e+00
6.965000020765491229e+01,1.599507380987670313e+00
6.966000020768473178e+01,1.541197297283489087e+00
6.967000020771453705e+01,1.431938864145052115e+00
6.968000020774435654e+01,1.644139492549102854e+00
6.969000020777416182e+01,1.686205997770962250e+00
6.970000020780398131e+01,1.518655111304901384e+00
6.971000020783380080e+01,1.445957745616625933e+00
6.972000020786360608e+01,1.656942996393845124e+00
6.973000020789342557e+01,1.538810692048165230e+00
6.974000020792323085e+01,1.501279652527570674e+00
6.975000020795305034e+01,1.640004049946475861e+00
6.976000020798286982e+01,1.737918871864916337e+00
6.977000020801267510e+01,1.634486852591832573e+00
6.978000020804249459e+01,1.689715381482723711e+00
6.979000020807229987e+01,1.752121109123509379e+00
6.980000020810211936e+01,1.801350327450671696e+00
6.981000020813193885e+01,1.773780875876541874e+00
6.982000020816174413e+01,1.692400346461725880e+00
6.983000020819156362e+01,1.646414390754080026e+00
6.984000020822136889e+01,1.766723716705078662e+00
6.985000020825118838e+01,1.830772826013798982e+00
6.986000020828100787e+01,1.882502903697397034e+00
6.987000020831081315e+01,1.674939153590648599e+00
6.988000020834063264e+01,1.752767293052077235e+00
6.989000020837045213e+01,1.726569108618607684e+00
6.990000020840025741e+01,1.623403694572266298e+00
6.991000020843007690e+01,1.688395296779381605e+00
6.992000020845988217e+01,1.433924508108518348e+00
6.993000020848970166e+01,1.703165972463941635e+00
6.994000020851952115e+01,1.597742430363315869e+00
6.995000020854932643e+01,1.736089940797755027e+00
6.996000020857914592e+01,1.508433545694384259e+00
6.997000020860895120e+01,1.537266937033058500e+00
6.998000020863877069e+01,1.434850740485595466e+00
6.999000020866859018e+01,1.520806216096892038e+00
7.000000020869839545e+01,1.539686460939115653e+00
7.001000020872821494e+01,1.624584884725382539e+00
7.002000020875803443e+01,1.649155027106844251e+00
7.003000020878783971e+01,1.483196638878295781e+00
7.004000020881765920e+01,1.544794664776006021e+00
7.005000020884747869e+01,1.512097609335454784e+00
7.006000020887728397e+01,1.545477454863405598e+00
7.007000020890710346e+01,1.472107804515594198e+00
7.008000020893690873e+01,1.521290214699388743e+00
7.009000020896672822e+01,1.484301260049147420e+00
7.010000020899654771e+01,1.514437033642485497e+00
7.011000020902635299e+01,1.448400646422288496e+00
7.012000020905617248e+01,1.628760613233790400e+00
7.013000020908597776e+01,1.605544605488141041e+00
7.014000020911579725e+01,1.729738482649310960e+00
7.015000020914561674e+01,1.590263169287556622e+00
7.016000020917542201e+01,1.610784116738217753e+00
7.017000020920524150e+01,1.578406077756259851e+00
7.018000020923506099e+01,1.585972454738278747e+00
7.019000020926486627e+01,1.521215212005622153e+00
7.020000020929468576e+01,1.503318153733094409e+00
7.021000020932450525e+01,1.412012659204044285e+00
7.022000020935431053e+01,1.291499697671263380e+00
7.023000020938413002e+01,1.427221927690914827e+00
7.024000020941393529e+01,1.423981546543937826e+00
7.025000020944375478e+01,1.390855400619763982e+00
7.026000020947357427e+01,1.351324628152972052e+00
7.027000020950337955e+01,1.550489982526587873e+00
7.028000020953319904e+01,1.449532865973437668e+00
7.029000020956300432e+01,1.578901062586234083e+00
7.030000020959282381e+01,1.427674183475823755e+00
7.031000020962264330e+01,1.404191527063445077e+00
7.032000020965244858e+01,1.493880750490696796e+00
7.033000020968226806e+01,1.407106884502375754e+00
7.034000020971207334e+01,1.415548850598983277e+00
7.035000020974189283e+01,1.370453992832019408e+00
7.036000020977171232e+01,1.334651747793209164e+00
7.037000020980153181e+01,1.311523787015298259e+00
7.038000020983133709e+01,1.332088230186763145e+00
7.039000020986114237e+01,1.475933666518697507e+00
7.040000020989096186e+01,1.397802590915805832e+00
7.041000020992078134e+01,1.400470978401220368e+00
7.042000020995060083e+01,1.465326072174776506e+00
7.043000020998040611e+01,1.331344215522062724e+00
7.044000021001021139e+01,1.393804113926653487e+00
7.045000021004003088e+01,1.367223484506822739e+00
7.046000021006985037e+01,1.353370683466498692e+00
7.047000021009966986e+01,1.527956287714816952e+00
7.048000021012947514e+01,1.462860818291838783e+00
7.049000021015929462e+01,1.448646738630574804e+00
7.050000021018909990e+01,1.418414272657442687e+00
7.051000021021891939e+01,1.558273396206136585e+00
7.052000021024873888e+01,1.427574783949404180e+00
7.053000021027854416e+01,1.465243010796729362e+00
7.054000021030836365e+01,1.556723329800557387e+00
7.055000021033816893e+01,1.543320520278711694e+00
7.056000021036798842e+01,1.450769165806944816e+00
7.057000021039780790e+01,1.541363743982985257e+00
7.058000021042762739e+01,1.464854110769134854e+00
7.059000021045743267e+01,1.473225017353719135e+00
7.060000021048723795e+01,1.492431636515692439e+00
7.061000021051705744e+01,1.408282515930468382e+00
7.062000021054687693e+01,1.427417609663897302e+00
7.063000021057669642e+01,1.426367810722749985e+00
7.064000021060650170e+01,1.469229414951376489e+00
7.065000021063630697e+01,1.481967607292382194e+00
7.066000021066612646e+01,1.503419179961387186e+00
7.067000021069594595e+01,1.598438751134361846e+00
7.068000021072576544e+01,1.597299228783193081e+00
7.069000021075557072e+01,1.565326488898077795e+00
7.070000021078537600e+01,1.765370663874940238e+00
7.071000021081519549e+01,1.714529943906495602e+00
7.072000021084501498e+01,1.655882487712330375e+00
7.073000021087483447e+01,1.530599176429730868e+00
7.074000021090465395e+01,1.592162732008914228e+00
7.075000021093444502e+01,1.644196940035197896e+00
7.076000021096426451e+01,1.413966254601774164e+00
7.077000021099408400e+01,1.524820403920578604e+00
7.078000021102390349e+01,1.721473367743267202e+00
7.079000021105372298e+01,1.457817880326160109e+00
7.080000021108352826e+01,1.469141257615388829e+00
7.081000021111333353e+01,1.517468757701021964e+00
7.082000021114315302e+01,1.579660819073223310e+00
7.083000021117297251e+01,1.489123027372770247e+00
7.084000021120279200e+01,1.485132364514650138e+00
7.085000021123259728e+01,1.688383766605988878e+00
7.086000021126240256e+01,1.678157635955934257e+00
7.087000021129222205e+01,1.670320398266479156e+00
7.088000021132204154e+01,1.714677326352326281e+00
7.089000021135186103e+01,1.735827286803026226e+00
7.090000021138168051e+01,1.754327037394724842e+00
7.091000021141147158e+01,1.649421490085089426e+00
7.092000021144129107e+01,1.698284885574926850e+00
7.093000021147111056e+01,1.690171505405912988e+00
7.094000021150093005e+01,1.761833247929461610e+00
7.095000021153074954e+01,1.701028657828379753e+00
7.096000021156054061e+01,1.690799902818526324e+00
7.097000021159036010e+01,1.766540248213592124e+00
7.098000021162017958e+01,1.773984852250829247e+00
7.099000021164999907e+01,1.728247266599865606e+00
7.100000021167981856e+01,1.737343211989450964e+00
7.101000021170960963e+01,1.834473774451455874e+00
7.102000021173942912e+01,1.787309953872111334e+00
7.103000021176924861e+01,1.580053143102191582e+00
7.104000021179906810e+01,1.617182716407150611e+00
7.105000021182888759e+01,1.618590880257867237e+00
7.106000021185867865e+01,1.737024122870570064e+00
7.107000021188849814e+01,1.641913793057936610e+00
7.108000021191831763e+01,1.583316679766506363e+00
7.109000021194813712e+01,1.698921352620594627e+00
7.110000021197795661e+01,1.665191520261102953e+00
7.111000021200777610e+01,1.647337887749974028e+00
7.112000021203756717e+01,1.810235610583148969e+00
7.113000021206738666e+01,1.641740367560072578e+00
7.114000021209720614e+01,1.701959432407385675e+00
7.115000021212702563e+01,1.592331639139330290e+00
7.116000021215684512e+01,1.796502400562290269e+00
7.117000021218663619e+01,1.738481174399076012e+00
7.118000021221645568e+01,1.729540189478008472e+00
7.119000021224627517e+01,1.806014104118520036e+00
7.120000021227609466e+01,1.744913851588099751e+00
7.121000021230591415e+01,1.710930708525130850e+00
7.122000021233570521e+01,1.724904514370682040e+00
7.123000021236552470e+01,1.761466320337565339e+00
7.124000021239534419e+01,1.726807462230637968e+00
7.125000021242516368e+01,1.667707936146077818e+00
7.126000021245498317e+01,1.668309781354035959e+00
7.127000021248478845e+01,1.817522731627369659e+00
7.128000021251459373e+01,1.859711797917949605e+00
7.129000021254441322e+01,1.775050517031961039e+00
7.130000021257423271e+01,1.716149026850138037e+00
7.131000021260405219e+01,1.727282080883931981e+00
7.132000021263385747e+01,1.620492130089746352e+00
7.133000021266366275e+01,1.534089570060938934e+00
7.134000021269348224e+01,1.634892550311355830e+00
7.135000021272330173e+01,1.741154225150307377e+00
7.136000021275312122e+01,1.834234775918196503e+00
7.137000021278292650e+01,1.890458354720600198e+00
7.138000021281273177e+01,1.813754442156392921e+00
7.139000021284255126e+01,1.700967070231145906e+00
7.140000021287237075e+01,1.787765858241574524e+00
7.141000021290219024e+01,1.663088660539831398e+00
7.142000021293200973e+01,1.591361285639903533e+00
7.143000021296180080e+01,1.548487725726204634e+00
7.144000021299162029e+01,1.393045237783973489e+00
7.145000021302143978e+01,1.530593030526280485e+00
7.146000021305125927e+01,1.669958477060601298e+00
7.147000021308107875e+01,1.592354814179918865e+00
7.148000021311088403e+01,1.701301793835051646e+00
7.149000021314068931e+01,1.646770125517280414e+00
7.150000021317050880e+01,1.673912137369806929e+00
7.151000021320032829e+01,1.722123332436067411e+00
7.152000021323014778e+01,1.777003598872658685e+00
7.153000021325995306e+01,1.719329007341309223e+00
7.154000021328975834e+01,1.720187410332508327e+00
7.155000021331957782e+01,1.646323152978170334e+00
7.156000021334939731e+01,1.824839759635543457e+00
7.157000021337921680e+01,1.730614434565290960e+00
7.158000021340902208e+01,1.793928190144864931e+00
7.159000021343882736e+01,1.670455725104021960e+00
7.160000021346864685e+01,1.747986588716069045e+00
7.161000021349846634e+01,1.686195755679036568e+00
7.162000021352828583e+01,1.736893174868436196e+00
7.163000021355809110e+01,1.811102675380250604e+00
7.164000021358791059e+01,1.679877441895999635e+00
7.165000021361771587e+01,1.727738189684437931e+00
7.166000021364753536e+01,1.762956624685363183e+00
7.167000021367735485e+01,1.822290788433942543e+00
7.168000021370716013e+01,1.796407770441665219e+00
7.169000021373697962e+01,1.815977615200402795e+00
7.170000021376678490e+01,1.765688810883530468e+00
7.171000021379660438e+01,1.831270313824783225e+00
7.172000021382642387e+01,1.793779121774037977e+00
7.173000021385622915e+01,1.668705984717426816e+00
7.174000021388604864e+01,1.757039435374211145e+00
7.175000021391585392e+01,1.733263320677275399e+00
7.176000021394567341e+01,1.536119103627165305e+00
7.177000021397549290e+01,1.710171010544407677e+00
7.178000021400531239e+01,1.623404079607710937e+00
7.179000021403511766e+01,1.633264779951427936e+00
7.180000021406493715e+01,1.640523560768539113e+00
7.181000021409474243e+01,1.691887529167246385e+00
7.182000021412456192e+01,1.813754248622127863e+00
7.183000021415438141e+01,1.660371962538601975e+00
7.184000021418418669e+01,1.825616872770128962e+00
7.185000021421400618e+01,1.867888120933224538e+00
7.186000021424381146e+01,1.920659938285498303e+00
7.187000021427363095e+01,1.928146214223948052e+00
7.188000021430345043e+01,1.924823835648419745e+00
7.189000021433325571e+01,1.854960081863083587e+00
7.190000021436307520e+01,1.939997908535355808e+00
7.191000021439288048e+01,1.828014376748946734e+00
7.192000021442269997e+01,1.881850212937401956e+00
7.193000021445251946e+01,1.871864103348404251e+00
7.194000021448232474e+01,1.949437605129319850e+00
7.195000021451214423e+01,1.833588493995533364e+00
7.196000021454196371e+01,1.955523927245499394e+00
7.197000021457176899e+01,1.802360968126740293e+00
7.198000021460158848e+01,1.808521229738347058e+00
7.199000021463139376e+01,1.840576974764110751e+00
7.200000021466121325e+01,1.803121713479975963e+00
7.201000021469103274e+01,1.841176481044551672e+00
7.202000021472083802e+01,1.735310488872648049e+00
7.203000021475065751e+01,1.697883143234452330e+00
7.204000021478047699e+01,1.833755297362668957e+00
7.205000021481028227e+01,1.892418629265779639e+00
7.206000021484010176e+01,1.797994469172663479e+00
7.207000021486990704e+01,1.723211999361647484e+00
7.208000021489972653e+01,1.799593040704844382e+00
7.209000021492954602e+01,1.873369832163316095e+00
7.210000021495935130e+01,1.861191501111872704e+00
7.211000021498917079e+01,1.911228661113136162e+00
7.212000021501897606e+01,1.810554291443277508e+00
7.213000021504879555e+01,1.865222784490091934e+00
7.214000021507861504e+01,1.811694433786245284e+00
7.215000021510842032e+01,1.812921989805581724e+00
7.216000021513823981e+01,1.861083977699621306e+00
7.217000021516805930e+01,1.850095778155866677e+00
7.218000021519786458e+01,1.817288956453816162e+00
7.219000021522768407e+01,1.805786291865068893e+00
7.220000021525748934e+01,1.775957337654264778e+00
7.221000021528730883e+01,1.789424532897358588e+00
7.222000021531712832e+01,1.887014633397184671e+00
7.223000021534693360e+01,1.784488481047109998e+00
7.224000021537675309e+01,1.866361600133211507e+00
7.225000021540655837e+01,1.707094607584937140e+00
7.226000021543637786e+01,1.633538344948983756e+00
7.227000021546619735e+01,1.741349999723186714e+00
7.228000021549600262e+01,1.617755927024677742e+00
7.229000021552582211e+01,1.702483660427091650e+00
7.230000021555562739e+01,1.682609226806783154e+00
7.231000021558544688e+01,1.690173271383184739e+00
7.232000021561526637e+01,1.737799634448234265e+00
7.233000021564508586e+01,1.711433417096368759e+00
7.234000021567489114e+01,1.664875332507311567e+00
7.235000021570469642e+01,1.803800868488085518e+00
7.236000021573451590e+01,1.629069935724570595e+00
7.237000021576433539e+01,1.626593488992314374e+00
7.238000021579415488e+01,1.740479263463965198e+00
7.239000021582396016e+01,1.594863515695741807e+00
7.240000021585377965e+01,1.693635212286351832e+00
7.241000021588358493e+01,1.632466042766619108e+00
7.242000021591340442e+01,1.810934087601479225e+00
7.243000021594322391e+01,1.644056203921102632e+00
7.244000021597302919e+01,1.669462561310147475e+00
7.245000021600284867e+01,1.714737344711140921e+00
7.246000021603265395e+01,1.744373718478550384e+00
7.247000021606247344e+01,1.615886377951353481e+00
7.248000021609229293e+01,1.714634994117243627e+00
7.249000021612211242e+01,1.877254644834113417e+00
7.250000021615191770e+01,1.779366504007704242e+00
7.251000021618172298e+01,1.848102742324286174e+00
7.252000021621154247e+01,1.931097504371147355e+00
7.253000021624136195e+01,1.747355330974435406e+00
7.254000021627118144e+01,1.750838661349777503e+00
7.255000021630098672e+01,1.640517742777334753e+00
7.256000021633079200e+01,1.721784986391326155e+00
7.257000021636061149e+01,1.881882728737251487e+00
7.258000021639043098e+01,1.862302872662184194e+00
7.259000021642025047e+01,1.777412572534215807e+00
7.260000021645005575e+01,1.742370428069359711e+00
7.261000021647986102e+01,1.871366167573708550e+00
7.262000021650968051e+01,1.761265786472895778e+00
7.263000021653950000e+01,1.719545895870260521e+00
7.264000021656931949e+01,1.713371132988275924e+00
7.265000021659912477e+01,1.679954862416024985e+00
7.266000021662894426e+01,1.633517108399663131e+00
7.267000021665874954e+01,1.775245061598056173e+00
7.268000021668856903e+01,1.650388980880304501e+00
7.269000021671838851e+01,1.651085984301756460e+00
7.270000021674820800e+01,1.708770314326111261e+00
7.271000021677801328e+01,1.793373950634324254e+00
7.272000021680781856e+01,1.763490857575569670e+00
7.273000021683763805e+01,1.580134389797243299e+00
7.274000021686745754e+01,1.440595310066490331e+00
7.275000021689727703e+01,1.528112009734929222e+00
7.276000021692708231e+01,1.508397566256242772e+00
7.277000021695688758e+01,1.519395608801492603e+00
7.278000021698670707e+01,1.577940468964288634e+00
7.279000021701652656e+01,1.555057601126157873e+00
7.280000021704634605e+01,1.662949627858191892e+00
7.281000021707615133e+01,1.641877588075485006e+00
7.282000021710595661e+01,1.488627800916147326e+00
7.283000021713577610e+01,1.615099734058727199e+00
7.284000021716559559e+01,1.585900143979896537e+00
7.285000021719541508e+01,1.683623435959629377e+00
7.286000021722523456e+01,1.646815127769861942e+00
7.287000021725502563e+01,1.658787090218431848e+00
7.288000021728484512e+01,1.681809110695085208e+00
7.289000021731466461e+01,1.709396196315784655e+00
7.290000021734448410e+01,1.649679859283392114e+00
7.291000021737430359e+01,1.766282729692406184e+00
7.292000021740409466e+01,1.743329934455331465e+00
7.293000021743391414e+01,1.722306587270448386e+00
7.294000021746373363e+01,1.666872534899533242e+00
7.295000021749355312e+01,1.812437261634424202e+00
7.296000021752337261e+01,1.775457319197813577e+00
7.297000021755316368e+01,1.769159725147066986e+00
7.298000021758298317e+01,1.658806672657306747e+00
7.299000021761280266e+01,1.746763955787458578e+00
7.300000021764262215e+01,1.729499657628076115e+00
7.301000021767244164e+01,1.655088787183206955e+00
7.302000021770226112e+01,1.595977859246720421e+00
7.303000021773205219e+01,1.545865233369188463e+00
7.304000021776187168e+01,1.706445505275356656e+00
7.305000021779169117e+01,1.797954543311686804e+00
7.306000021782151066e+01,1.767508797897867634e+00
7.307000021785133015e+01,1.749814410713484758e+00
7.308000021788112122e+01,1.836005608724586624e+00
7.309000021791094071e+01,1.760159957453544255e+00
7.310000021794076019e+01,1.783718145749337403e+00
7.311000021797057968e+01,1.764733782535479634e+00
7.312000021800039917e+01,1.707523547389840468e+00
7.313000021803019024e+01,1.800016486847400898e+00
7.314000021806000973e+01,1.704196336840549275e+00
7.315000021808982922e+01,1.785254283154131150e+00
7.316000021811964871e+01,1.893487808276825168e+00
7.317000021814946820e+01,1.646731183378918217e+00
7.318000021817925926e+01,1.908132463948341462e+00
7.319000021820907875e+01,1.758875539299068036e+00
7.320000021823889824e+01,1.765455110862267807e+00
7.321000021826871773e+01,1.643836798486299378e+00
7.322000021829853722e+01,1.672238901068529016e+00
7.323000021832834250e+01,1.718809344729467226e+00
7.324000021835814778e+01,1.772706672157303487e+00
7.325000021838796727e+01,1.772881560769593134e+00
7.326000021841778675e+01,1.625156843131765561e+00
7.327000021844760624e+01,1.583946395786107519e+00
7.328000021847742573e+01,1.536537332786205967e+00
7.329000021850721680e+01,1.586466864043088787e+00
7.330000021853703629e+01,1.530020121913160835e+00
7.331000021856685578e+01,1.638830588853530834e+00
7.332000021859667527e+01,1.624388060358985975e+00
7.333000021862649476e+01,1.595184022751925834e+00
7.334000021865628582e+01,1.654372966778957066e+00
7.335000021868610531e+01,1.590241402188177222e+00
7.336000021871592480e+01,1.679749803580324663e+00
7.337000021874574429e+01,1.696073549253420021e+00
7.338000021877556378e+01,1.602070097963690154e+00
7.339000021880536906e+01,1.628080953143325127e+00
7.340000021883517434e+01,1.579076100245496272e+00
7.341000021886499383e+01,1.637113097296811093e+00
7.342000021889481332e+01,1.643313252906104305e+00
7.343000021892463280e+01,1.640297212158033480e+00
7.344000021895443808e+01,1.777106216398832261e+00
7.345000021898424336e+01,1.762474446811033379e+00
7.346000021901406285e+01,1.779987118093189435e+00
7.347000021904388234e+01,1.754728418164833270e+00
7.348000021907370183e+01,1.678162761143988213e+00
7.349000021910350711e+01,1.630731793237768290e+00
7.350000021913331238e+01,1.751550910217431811e+00
7.351000021916313187e+01,1.785390121247184991e+00
7.352000021919295136e+01,1.627126116852200655e+00
7.353000021922277085e+01,1.779260246490471875e+00
7.354000021925257613e+01,1.611405046373824534e+00
7.355000021928239562e+01,1.708355086619110397e+00
7.356000021931220090e+01,1.725223169896342057e+00
7.357000021934202039e+01,1.742552283983330952e+00
7.358000021937183988e+01,1.669103184426856679e+00
7.359000021940164515e+01,1.704491273139326024e+00
7.360000021943146464e+01,1.678048037656138636e+00
7.361000021946126992e+01,1.585272396993038235e+00
7.362000021949108941e+01,1.636111202147033872e+00
7.363000021952090890e+01,1.611405337769814539e+00
7.364000021955072839e+01,1.713021377984954574e+00
7.365000021958053367e+01,1.735901570476167999e+00
7.366000021961033895e+01,1.716839122733316847e+00
7.367000021964015843e+01,1.721606238147141976e+00
7.368000021966997792e+01,1.779381003048837728e+00
7.369000021969979741e+01,1.775352929451379680e+00
7.370000021972960269e+01,1.634574153021917997e+00
7.371000021975940797e+01,1.713699662407870417e+00
7.372000021978922746e+01,1.641608526793677081e+00
7.373000021981904695e+01,1.652996767749452589e+00
7.374000021984886644e+01,1.791376619532179193e+00
7.375000021987867171e+01,1.767514225430716568e+00
7.376000021990849120e+01,1.773003869193978899e+00
7.377000021993829648e+01,1.760653071033936756e+00
7.378000021996811597e+01,1.765473715567461133e+00
7.379000021999793546e+01,1.679938725376391107e+00
7.380000022002774074e+01,1.722589815156364335e+00
7.381000022005756023e+01,1.780126764918124938e+00
7.382000022008736551e+01,1.786876623754101612e+00
7.383000022011718499e+01,1.750530920016351022e+00
7.384000022014700448e+01,1.703607286278417954e+00
7.385000022017680976e+01,1.656619347044303137e+00
7.386000022020662925e+01,1.658967515539861548e+00
7.387000022023643453e+01,1.750182618038355065e+00
7.388000022026625402e+01,1.844486916961305401e+00
7.389000022029607351e+01,1.720919631337838540e+00
7.390000022032589300e+01,1.654641944560008904e+00
7.391000022035569827e+01,1.860850809157953645e+00
7.392000022038551776e+01,1.655656751285236927e+00
7.393000022041532304e+01,1.791704125872564335e+00
7.394000022044514253e+01,1.628814461808012926e+00
7.395000022047496202e+01,1.724042201067322422e+00
7.396000022050476730e+01,1.754283700055025985e+00
7.397000022053458679e+01,1.804413500732563458e+00
7.398000022056439207e+01,1.735555697584796331e+00
7.399000022059421156e+01,1.816275625107066416e+00
7.400000022062403104e+01,1.673733123957069413e+00
7.401000022065383632e+01,1.581089529968838114e+00
7.402000022068365581e+01,1.758651522783640120e+00
7.403000022071346109e+01,1.780331198952508576e+00
7.404000022074328058e+01,1.796890615657968482e+00
7.405000022077310007e+01,1.779578377092358110e+00
7.406000022080290535e+01,1.796018832232430196e+00
7.407000022083272484e+01,1.787424850577856938e+00
7.408000022086254432e+01,1.609660729774852639e+00
7.409000022089234960e+01,1.599896963847458053e+00
7.410000022092216909e+01,1.641668357354468810e+00
7.411000022095197437e+01,1.652054318642756536e+00
7.412000022098179386e+01,1.623150514283039580e+00
7.413000022101161335e+01,1.669842312878707435e+00
7.414000022104141863e+01,1.669743617027138249e+00
7.415000022107123812e+01,1.757511960439297471e+00
7.416000022110104339e+01,1.672387436059173949e+00
7.417000022113086288e+01,1.713536633724079383e+00
7.418000022116068237e+01,1.726561828143746924e+00
7.419000022119048765e+01,1.725718487151421288e+00
7.420000022122030714e+01,1.600771839676197184e+00
7.421000022125011242e+01,1.690150039235319701e+00
7.422000022127993191e+01,1.663654648378465550e+00
7.423000022130975140e+01,1.730186219613365717e+00
7.424000022133955667e+01,1.725327425772242407e+00
7.425000022136937616e+01,1.749606973118906339e+00
7.426000022139918144e+01,1.753964518339548473e+00
7.427000022142900093e+01,1.773519500685280192e+00
7.428000022145882042e+01,1.860080649312424006e+00
7.429000022148863991e+01,1.804693418056974696e+00
7.430000022151844519e+01,1.695867180955125342e+00
7.431000022154826468e+01,1.778948454324537520e+00
7.432000022157806995e+01,1.680550892124557549e+00
7.433000022160788944e+01,1.615304364210714327e+00
7.434000022163770893e+01,1.619967608477855814e+00
7.435000022166751421e+01,1.656341698534713691e+00
7.436000022169733370e+01,1.542347541845567882e+00
7.437000022172713898e+01,1.622222804521312733e+00
7.438000022175695847e+01,1.701020606901210819e+00
7.439000022178677796e+01,1.732193027443378774e+00
7.440000022181658323e+01,1.720626710165171325e+00
7.441000022184640272e+01,1.633402299250479528e+00
7.442000022187620800e+01,1.686723963886862299e+00
7.443000022190602749e+01,1.701515663081403673e+00
7.444000022193584698e+01,1.719104291625912273e+00
7.445000022196566647e+01,1.755970634316015744e+00
7.446000022199547175e+01,1.757625656096965860e+00
7.447000022202527703e+01,1.664371669218684957e+00
7.448000022205509651e+01,1.742979640875894853e+00
7.449000022208491600e+01,1.712743633862787718e+00
7.450000022211473549e+01,1.849607586079611732e+00
7.451000022214454077e+01,1.644523345799791647e+00
7.452000022217436026e+01,1.688175063338054338e+00
7.453000022220416554e+01,1.725096419210233156e+00
7.454000022223398503e+01,1.757077175225809418e+00
7.455000022226380452e+01,1.792116982666636771e+00
7.456000022229360980e+01,1.600577711708450535e+00
7.457000022232342928e+01,1.600535638041781006e+00
7.458000022235323456e+01,1.590939831471281041e+00
7.459000022238305405e+01,1.574118272541755736e+00
7.460000022241287354e+01,1.621010941694957186e+00
7.461000022244269303e+01,1.539639463125881402e+00
7.462000022247249831e+01,1.583454819245412537e+00
7.463000022250230359e+01,1.673955904647627557e+00
7.464000022253212308e+01,1.579617087443140111e+00
7.465000022256194256e+01,1.586562211789644961e+00
7.466000022259176205e+01,1.581466481067013374e+00
7.467000022262156733e+01,1.649350119043368590e+00
7.468000022265137261e+01,1.654443656727495604e+00
7.469000022268119210e+01,1.652750586495424834e+00
7.470000022271101159e+01,1.678115289953139966e+00
7.471000022274083108e+01,1.730105285031591000e+00
7.472000022277063636e+01,1.759047646362479123e+00
7.473000022280044163e+01,1.864763039496718511e+00
7.474000022283026112e+01,1.695837477160910378e+00
7.475000022286008061e+01,1.808861603843088472e+00
7.476000022288990010e+01,1.761340897762073476e+00
7.477000022291971959e+01,1.784758453450526750e+00
7.478000022294951066e+01,1.740863328838229140e+00
7.479000022297933015e+01,1.641366159007887182e+00
7.480000022300914964e+01,1.742794948732750315e+00
7.481000022303896912e+01,1.679411602951119686e+00
7.482000022306878861e+01,1.766919286619683005e+00
7.483000022309857968e+01,1.770682361252884585e+00
7.484000022312839917e+01,1.782002042030501610e+00
7.485000022315821866e+01,1.819693158913843867e+00
7.486000022318803815e+01,1.841342162719700193e+00
7.487000022321785764e+01,1.764310111539120651e+00
7.488000022324764871e+01,1.642670372135761836e+00
7.489000022327746819e+01,1.814866800198187136e+00
7.490000022330728768e+01,1.823825351314143139e+00
7.491000022333710717e+01,1.654033551937657220e+00
7.492000022336692666e+01,1.750351774426932128e+00
7.493000022339673194e+01,1.678368106954664540e+00
7.494000022342653722e+01,1.698745311956830317e+00
7.495000022345635671e+01,1.796414571190791065e+00
7.496000022348617620e+01,1.809780403756145128e+00
7.497000022351599569e+01,1.751441210209583099e+00
7.498000022354581517e+01,1.828918037575570921e+00
7.499000022357560624e+01,1.697791077117450476e+00
7.500000022360542573e+01,1.755643833369448625e+00
7.501000022363524522e+01,1.732194560084173274e+00
7.502000022366506471e+01,1.697787591731662937e+00
7.503000022369488420e+01,1.627556166203796950e+00
7.504000022372467527e+01,1.622752954421874838e+00
7.505000022375449475e+01,1.652219882770766812e+00
7.506000022378431424e+01,1.626468303592301989e+00
7.507000022381413373e+01,1.653335582128815373e+00
7.508000022384395322e+01,1.561469442265472019e+00
7.509000022387374429e+01,1.668147092326617953e+00
7.510000022390356378e+01,1.511327801578073560e+00
7.511000022393338327e+01,1.590743979653566065e+00
7.512000022396320276e+01,1.714973970748428167e+00
7.513000022399302225e+01,1.580263288430582058e+00
7.514000022402284173e+01,1.611208759490965425e+00
7.515000022405263280e+01,1.712046232668075429e+00
7.516000022408245229e+01,1.547497581039170678e+00
7.517000022411227178e+01,1.575518711819640094e+00
7.518000022414209127e+01,1.674549893180314886e+00
7.519000022417191076e+01,1.738590749302878713e+00
7.520000022420170183e+01,1.549465808351549123e+00
7.521000022423152132e+01,1.659701304954520618e+00
7.522000022426134080e+01,1.784272971499876181e+00
7.523000022429116029e+01,1.688462151226420849e+00
7.524000022432097978e+01,1.810374919763533708e+00
7.525000022435077085e+01,1.717828389317274107e+00
7.526000022438059034e+01,1.624943162538229346e+00
7.527000022441040983e+01,1.576411743905939300e+00
7.528000022444022932e+01,1.613635266122649847e+00
7.529000022447004881e+01,1.595936689550648380e+00
7.530000022449983987e+01,1.613436844144043869e+00
7.531000022452965936e+01,1.654573040796693650e+00
7.532000022455947885e+01,1.641645629949187724e+00
7.533000022458929834e+01,1.684845225444466132e+00
7.534000022461911783e+01,1.666345774833701165e+00
7.535000022464892311e+01,1.760021044670022849e+00
7.536000022467872839e+01,1.782974098662094775e+00
7.537000022470854788e+01,1.688203918866910236e+00
7.538000022473836736e+01,1.759837440870511971e+00
7.539000022476818685e+01,1.665254380663111489e+00
7.540000022479799213e+01,1.683276492730048535e+00
7.541000022482779741e+01,1.598235576914517120e+00
7.542000022485761690e+01,1.609898622196739071e+00
7.543000022488743639e+01,1.704781096626665660e+00
7.544000022491725588e+01,1.781765912070662816e+00
7.545000022494706116e+01,1.710592230886445186e+00
7.546000022497686643e+01,1.811198523520984649e+00
7.547000022500668592e+01,1.791092328009981083e+00
7.548000022503650541e+01,1.791007912243354649e+00
7.549000022506632490e+01,1.732103726641878394e+00
7.550000022509613018e+01,1.604006815023902188e+00
7.551000022512594967e+01,1.548048921540223555e+00
7.552000022515575495e+01,1.486102016400932646e+00
7.553000022518557444e+01,1.543869733521326060e+00
7.554000022521539393e+01,1.580620535328465692e+00
7.555000022524521341e+01,1.701441049568329644e+00
7.556000022527501869e+01,1.735610828936562822e+00
7.557000022530482397e+01,1.680864980989526858e+00
7.558000022533464346e+01,1.857389845357749314e+00
7.559000022536446295e+01,1.777551642537579024e+00
7.560000022539428244e+01,1.708961246064564676e+00
7.561000022542408772e+01,1.764920986161805372e+00
7.562000022545389299e+01,1.729514703595849134e+00
7.563000022548371248e+01,1.655204265066631208e+00
7.564000022551353197e+01,1.653585584894623262e+00
7.565000022554335146e+01,1.749839717510371040e+00
7.566000022557315674e+01,1.818903420008911587e+00
7.567000022560297623e+01,1.740607728717200153e+00
7.568000022563278151e+01,1.687825387798651322e+00
7.569000022566260100e+01,1.639464519858755631e+00
7.570000022569242049e+01,1.759391247708011141e+00
7.571000022572222576e+01,1.759654046550008566e+00
7.572000022575204525e+01,1.784230685605592504e+00
7.573000022578185053e+01,1.849518213649921528e+00
7.574000022581167002e+01,1.817020448112669051e+00
7.575000022584148951e+01,1.809058776164360616e+00
7.576000022587130900e+01,1.852686461876015267e+00
7.577000022590111428e+01,1.877401153888912155e+00
7.578000022593091956e+01,1.775598982161262551e+00
7.579000022596073904e+01,1.751732201084402973e+00
7.580000022599055853e+01,1.800726024357774513e+00
7.581000022602037802e+01,1.705186626403884853e+00
7.582000022605018330e+01,1.875213674595683333e+00
7.583000022607998858e+01,1.821725284894518904e+00
7.584000022610980807e+01,1.833880645232657036e+00
7.585000022613962756e+01,1.750689161597017263e+00
7.586000022616944705e+01,1.626060922776055184e+00
7.587000022619925232e+01,1.654450175127710754e+00
7.588000022622907181e+01,1.684061080378866704e+00
7.589000022625887709e+01,1.813004233422286227e+00
7.590000022628869658e+01,1.842767545655792594e+00
7.591000022631851607e+01,1.845050518714827392e+00
7.592000022634832135e+01,1.791772938920563885e+00
7.593000022637814084e+01,1.828737936860793667e+00
7.594000022640794612e+01,1.773094451093730317e+00
7.595000022643776560e+01,1.812548211460269565e+00
7.596000022646758509e+01,1.764266636013204659e+00
7.597000022649739037e+01,1.676434617576672670e+00
7.598000022652720986e+01,1.769647073982138163e+00
7.599000022655701514e+01,1.724657094543032620e+00
7.600000022658683463e+01,1.861053377711672008e+00
7.601000022661665412e+01,1.852706304510022939e+00
7.602000022664645940e+01,1.773840156782574562e+00
7.603000022667627888e+01,1.813327940779731584e+00
7.604000022670609837e+01,1.759214843049162535e+00
7.605000022673590365e+01,1.704826587476095945e+00
7.606000022676572314e+01,1.663121324730380657e+00
7.607000022679552842e+01,1.786022232120584752e+00
7.608000022682534791e+01,1.754874217749263998e+00
7.609000022685516740e+01,1.688838886799642447e+00
7.610000022688497268e+01,1.709264354519123952e+00
7.611000022691479217e+01,1.822679640167631288e+00
7.612000022694459744e+01,1.672311069499417213e+00
7.613000022697441693e+01,1.711795693006873176e+00
7.614000022700423642e+01,1.897819515039537386e+00
7.615000022703404170e+01,1.912781671599080635e+00
7.616000022706386119e+01,1.816015532832074619e+00
7.617000022709368068e+01,1.864691628816608215e+00
7.618000022712348596e+01,1.931535378347190912e+00
7.619000022715330545e+01,1.903875741667064636e+00
7.620000022718312493e+01,1.820296918390811758e+00
7.621000022721293021e+01,1.926024496674366704e+00
7.622000022724274970e+01,1.958127835663194816e+00
7.623000022727255498e+01,1.872322455089379778e+00
7.624000022730237447e+01,1.994702541179337763e+00
7.625000022733219396e+01,1.807531179881301631e+00
7.626000022736199924e+01,1.932420740994506003e+00
7.627000022739181873e+01,1.936874564861358783e+00
7.628000022742162400e+01,1.968055439145477203e+00
7.629000022745144349e+01,1.972445115197623888e+00
7.630000022748126298e+01,1.796025549794822318e+00
7.631000022751106826e+01,1.733856117410248032e+00
7.632000022754088775e+01,1.723505633178969321e+00
7.633000022757069303e+01,1.687067970743862499e+00
7.634000022760051252e+01,1.840387315935968049e+00
7.635000022763033201e+01,1.839047644948171634e+00
7.636000022766015150e+01,1.796303080795670803e+00
7.637000022768995677e+01,1.741588416059350664e+00
7.638000022771977626e+01,1.669958664659888958e+00
7.639000022774958154e+01,1.637713886870390434e+00
7.640000022777940103e+01,1.795171568903132897e+00
7.641000022780922052e+01,1.862518115925677176e+00
7.642000022783902580e+01,1.845004907778294845e+00
7.643000022786884529e+01,1.791962239694568249e+00
7.644000022789865056e+01,1.710628203603913322e+00
7.645000022792847005e+01,1.796297472230683701e+00
7.646000022795828954e+01,1.787124869557977558e+00
7.647000022798809482e+01,2.040159962605883948e+00
7.648000022801791431e+01,2.004699288157667958e+00
7.649000022804771959e+01,1.986183230977337288e+00
7.650000022807753908e+01,1.963994601494436054e+00
7.651000022810735857e+01,1.761421957807748129e+00
7.652000022813716384e+01,1.985172868840583638e+00
7.653000022816698333e+01,1.897045921746017383e+00
7.654000022819678861e+01,1.869261828173876205e+00
7.655000022822660810e+01,1.894689146027624504e+00
7.656000022825642759e+01,1.876791680259096262e+00
7.657000022828624708e+01,1.828011426000059725e+00
7.658000022831605236e+01,1.722650217218242297e+00
7.659000022834585764e+01,1.802130129348549437e+00
7.660000022837567712e+01,1.790553949533096878e+00
7.661000022840549661e+01,1.823880506070772123e+00
7.662000022843531610e+01,1.918977184542589809e+00
7.663000022846512138e+01,1.807225330306803546e+00
7.664000022849492666e+01,1.657050194925939302e+00
7.665000022852474615e+01,1.639104533350466797e+00
7.666000022855456564e+01,1.642504941616435676e+00
7.667000022858438513e+01,1.748654810630047685e+00
7.668000022861419041e+01,1.813408308475362496e+00
7.669000022864399568e+01,1.742019110875816290e+00
7.670000022867381517e+01,1.841988823230559236e+00
7.671000022870363466e+01,1.795756698372309446e+00
7.672000022873345415e+01,1.803107872680384416e+00
7.673000022876327364e+01,1.856614896930343317e+00
7.674000022879306471e+01,1.710342145394417646e+00
7.675000022882288420e+01,1.767737948050063013e+00
7.676000022885270369e+01,1.707950095028234694e+00
7.677000022888252317e+01,1.824067149827397927e+00
7.678000022891234266e+01,1.815415914192305857e+00
7.679000022894214794e+01,1.945998788857160156e+00
7.680000022897195322e+01,1.796243889289265816e+00
7.681000022900177271e+01,1.851650952524924065e+00
7.682000022903159220e+01,1.879158994043568898e+00
7.683000022906141169e+01,1.807088668897511630e+00
7.684000022909121697e+01,1.914439380059545615e+00
7.685000022912102224e+01,1.938045302527930502e+00
7.686000022915084173e+01,1.895224598986519737e+00
7.687000022918066122e+01,1.957808457358317211e+00
7.688000022921048071e+01,1.833395158902688893e+00
7.689000022924030020e+01,1.842561384913817379e+00
7.690000022927009127e+01,1.967805431652572379e+00
7.691000022929991076e+01,1.939875258863729357e+00
7.692000022932973025e+01,1.902158713340435847e+00
7.693000022935954973e+01,1.933054206358069571e+00
7.694000022938936922e+01,1.912807988938847847e+00
7.695000022941916029e+01,1.899675649528295596e+00
7.696000022944897978e+01,1.782539421398326107e+00
7.697000022947879927e+01,1.766807998226412213e+00
7.698000022950861876e+01,2.023104737351894222e+00
7.699000022953843825e+01,1.956570395956134689e+00
7.700000022956824353e+01,1.958263403177065154e+00
7.701000022959804880e+01,2.012076293403668892e+00
7.702000022962786829e+01,1.861307032431433361e+00
7.703000022965768778e+01,1.912146703110675583e+00
7.704000022968750727e+01,2.002645186030263869e+00
7.705000022971731255e+01,1.930189679030889671e+00
7.706000022974711783e+01,2.075004731821326054e+00
7.707000022977693732e+01,1.959764167049123706e+00
7.708000022980675681e+01,2.004389637216598796e+00
7.709000022983657630e+01,1.854428478732085050e+00
7.710000022986639578e+01,1.983656508715364142e+00
7.711000022989618685e+01,1.830672332888308551e+00
7.712000022992600634e+01,1.845823813100338162e+00
7.713000022995582583e+01,1.682053015130235751e+00
7.714000022998564532e+01,1.551675293714327220e+00
7.715000023001546481e+01,1.612311130041785834e+00
7.716000023004525588e+01,1.642848986197030792e+00
7.717000023007507536e+01,1.598609504521984359e+00
7.718000023010489485e+01,1.741848682001793991e+00
7.719000023013471434e+01,1.662978777234059846e+00
7.720000023016453383e+01,1.608241274530783915e+00
7.721000023019432490e+01,1.556503428087881780e+00
7.722000023022414439e+01,1.450359732892952724e+00
7.723000023025396388e+01,1.548592509841957288e+00
7.724000023028378337e+01,1.539147690348492414e+00
7.725000023031360286e+01,1.525799591218257145e+00
7.726000023034340813e+01,1.414332475975368597e+00
7.727000023037321341e+01,1.618719895815027954e+00
7.728000023040303290e+01,1.557875542722732431e+00
7.729000023043285239e+01,1.674084272644490667e+00
7.730000023046267188e+01,1.720731862781762933e+00
7.731000023049247716e+01,1.509785802500897667e+00
7.732000023052228244e+01,1.701522388453460488e+00
7.733000023055210193e+01,1.594615660068803287e+00
7.734000023058192141e+01,1.676669357357730705e+00
7.735000023061174090e+01,1.802272692523600339e+00
7.736000023064154618e+01,1.822321284121548146e+00
7.737000023067135146e+01,1.841878086277404236e+00
7.738000023070117095e+01,1.709847158754153940e+00
7.739000023073099044e+01,1.781390377556833382e+00
7.740000023076080993e+01,1.660738142208785462e+00
7.741000023079062942e+01,1.585546795298093281e+00
7.742000023082042048e+01,1.692688363313121780e+00
7.743000023085023997e+01,1.726453726706333125e+00
7.744000023088005946e+01,1.697063115769285924e+00
7.745000023090987895e+01,1.712751487077940560e+00
7.746000023093969844e+01,1.754017134135116063e+00
7.747000023096950372e+01,1.624080377463039015e+00
7.748000023099930900e+01,1.493097195939601551e+00
7.749000023102912849e+01,1.648161503675555251e+00
7.750000023105894797e+01,1.833410989596925944e+00
7.751000023108876746e+01,1.691930041811146479e+00
7.752000023111857274e+01,1.671400190489077175e+00
7.753000023114837802e+01,1.604356793262666558e+00
7.754000023117819751e+01,1.617408053200400264e+00
7.755000023120801700e+01,1.751764663364244745e+00
7.756000023123783649e+01,1.619175880155548475e+00
7.757000023126764177e+01,1.716962768708363285e+00
7.758000023129744704e+01,1.709870629540278131e+00
7.759000023132726653e+01,1.659268877211280691e+00
7.760000023135708602e+01,1.693735600737736657e+00
7.761000023138690551e+01,1.724558490020309698e+00
7.762000023141672500e+01,1.670353412813134097e+00
7.763000023144653028e+01,1.692272023376676149e+00
7.764000023147633556e+01,1.658214058504230648e+00
7.765000023150615505e+01,1.559468972255728447e+00
7.766000023153597454e+01,1.574225438269442723e+00
7.767000023156579402e+01,1.474041424400216682e+00
7.768000023159559930e+01,1.420028830459154401e+00
7.769000023162540458e+01,1.454787926719673052e+00
7.770000023165522407e+01,1.621732640860864105e+00
7.771000023168504356e+01,1.681021761731535946e+00
7.772000023171486305e+01,1.769736862533608290e+00
7.773000023174466833e+01,1.646229055259557761e+00
7.774000023177447360e+01,1.828499278505869574e+00
7.775000023180429309e+01,1.888904736206437285e+00
7.776000023183411258e+01,1.740262786538488093e+00
7.777000023186393207e+01,1.767462562119867409e+00
7.778000023189373735e+01,1.854152775235715644e+00
7.779000023192355684e+01,1.828640791462342374e+00
7.780000023195336212e+01,1.798797379340862701e+00
7.781000023198318161e+01,1.772643954108632736e+00
7.782000023201300110e+01,1.855814898053344431e+00
7.783000023204280637e+01,1.768529623454842215e+00
7.784000023207262586e+01,1.765609291863251995e+00
7.785000023210243114e+01,1.769039494937549417e+00
7.786000023213225063e+01,1.911677484508987890e+00
7.787000023216207012e+01,1.827046843182831504e+00
7.788000023219187540e+01,1.930888627210707309e+00
7.789000023222169489e+01,1.900918071399597675e+00
7.790000023225150017e+01,1.908304453611840756e+00
7.791000023228131965e+01,1.827745463195241671e+00
7.792000023231113914e+01,1.827163022831003847e+00
7.793000023234094442e+01,1.779717522663467166e+00
7.794000023237076391e+01,1.789100898976638598e+00
7.795000023240058340e+01,1.812310094056692744e+00
7.796000023243038868e+01,1.694540255194754375e+00
7.797000023246020817e+01,1.667133168489315143e+00
7.798000023249001345e+01,1.698251082815850355e+00
7.799000023251983293e+01,1.791004811330129343e+00
7.800000023254965242e+01,1.614899464480786584e+00
7.801000023257945770e+01,1.749540265974640629e+00
7.802000023260927719e+01,1.619204170763364203e+00
7.803000023263909668e+01,1.676860491963802380e+00
7.804000023266890196e+01,1.655768813587807697e+00
7.805000023269872145e+01,1.502674069168258075e+00
7.806000023272852673e+01,1.540867286136039294e+00
7.807000023275834621e+01,1.585972097153354632e+00
7.808000023278816570e+01,1.751515015178416235e+00
7.809000023281797098e+01,1.705991544732281984e+00
7.810000023284779047e+01,1.623212121867287472e+00
7.811000023287759575e+01,1.747794777394027887e+00
7.812000023290741524e+01,1.780106866810998056e+00
7.813000023293723473e+01,1.681827619009405916e+00
7.814000023296704001e+01,1.766906449260371215e+00
7.815000023299685949e+01,1.656179135099941746e+00
7.816000023302667898e+01,1.700008225343013324e+00
7.817000023305648426e+01,1.596737643479029023e+00
7.818000023308630375e+01,1.695488265324478272e+00
7.819000023311610903e+01,1.879844099135959734e+00
7.820000023314592852e+01,1.825407059832742540e+00
7.821000023317574801e+01,1.846109614183561565e+00
7.822000023320555329e+01,1.772930105463804473e+00
7.823000023323537278e+01,1.712856496241714988e+00
7.824000023326519226e+01,1.706502740666125950e+00
7.825000023329499754e+01,1.718371102295743746e+00
7.826000023332481703e+01,1.673553728961595821e+00
7.827000023335462231e+01,1.733233129790781923e+00
7.828000023338444180e+01,1.799709958032670976e+00
7.829000023341426129e+01,1.755933145657011085e+00
7.830000023344406657e+01,1.671887977783499180e+00
7.831000023347388606e+01,1.531772545918984596e+00
7.832000023350370554e+01,1.620658200824301343e+00
7.833000023353351082e+01,1.633984461429060842e+00
7.834000023356333031e+01,1.671507827229178567e+00
7.835000023359313559e+01,1.783191574918833622e+00
7.836000023362295508e+01,1.686244093070286665e+00
7.837000023365277457e+01,1.795021882185915407e+00
7.838000023368257985e+01,1.729436274035027976e+00
7.839000023371239934e+01,1.740058434470448168e+00
7.840000023374220461e+01,1.673291770022965030e+00
7.841000023377202410e+01,1.744099221707202219e+00
7.842000023380184359e+01,1.655387384013424112e+00
7.843000023383164887e+01,1.659979016627890713e+00
7.844000023386146836e+01,1.730281715431992273e+00
7.845000023389127364e+01,1.525741799506161067e+00
7.846000023392109313e+01,1.568059751077529151e+00
7.847000023395091262e+01,1.502194999741952142e+00
7.848000023398073211e+01,1.577140577661213516e+00
7.849000023401053738e+01,1.560287359192837453e+00
7.850000023404034266e+01,1.567925483239824169e+00
7.851000023407016215e+01,1.591057736294630098e+00
7.852000023409998164e+01,1.488939101381311136e+00
7.853000023412980113e+01,1.484474993228799056e+00
7.854000023415960641e+01,1.474019084198857188e+00
7.855000023418941169e+01,1.639452925606064149e+00
7.856000023421923117e+01,1.532508103100163943e+00
7.857000023424905066e+01,1.508878015302107300e+00
7.858000023427887015e+01,1.501332082580520089e+00
7.859000023430867543e+01,1.484506283596354947e+00
7.860000023433848071e+01,1.388382022524415449e+00
7.861000023436830020e+01,1.410419923653532637e+00
7.862000023439811969e+01,1.444892229929569227e+00
7.863000023442793918e+01,1.353910346757105865e+00
7.864000023445774445e+01,1.336610218199953959e+00
7.865000023448754973e+01,1.301145575800468190e+00
7.866000023451736922e+01,1.282034183711494801e+00
7.867000023454718871e+01,1.450668101343500327e+00
7.868000023457700820e+01,1.359850117701565830e+00
7.869000023460682769e+01,1.445701034848368982e+00
7.870000023463663297e+01,1.441100837932847600e+00
7.871000023466643825e+01,1.459761371246971473e+00
7.872000023469625773e+01,1.375335308785933242e+00
7.873000023472607722e+01,1.378175141886421651e+00
7.874000023475589671e+01,1.495222651212697151e+00
7.875000023478570199e+01,1.527250207446588348e+00
7.876000023481550727e+01,1.411676768838156626e+00
7.877000023484532676e+01,1.446014444905369567e+00
7.878000023487514625e+01,1.396369019426509483e+00
7.879000023490496574e+01,1.458834943919548266e+00
7.880000023493477102e+01,1.357022232770743075e+00
7.881000023496457629e+01,1.273085214995653969e+00
7.882000023499439578e+01,1.421243247188994641e+00
7.883000023502421527e+01,1.498393888214077485e+00
7.884000023505403476e+01,1.338948949861316517e+00
7.885000023508385425e+01,1.313905092772277516e+00
7.886000023511365953e+01,1.330038693646230064e+00
7.887000023514346481e+01,1.233351681477148132e+00
7.888000023517328430e+01,1.411383816348221298e+00
7.889000023520310378e+01,1.351709604719804947e+00
7.890000023523292327e+01,1.235451635206038512e+00
7.891000023526272855e+01,1.260467215654632822e+00
7.892000023529253383e+01,1.301578269396986398e+00
7.893000023532235332e+01,1.255638436007356473e+00
7.894000023535217281e+01,1.315045170875762004e+00
7.895000023538199230e+01,1.376694019953679016e+00
7.896000023541179758e+01,1.269262330652212833e+00
7.897000023544160285e+01,1.363918820382992392e+00
7.898000023547142234e+01,1.388478110925376985e+00
7.899000023550124183e+01,1.403923840817977720e+00
7.900000023553106132e+01,1.401545687950157548e+00
7.901000023556088081e+01,1.231781497829391947e+00
7.902000023559067188e+01,1.284678187906124647e+00
7.903000023562049137e+01,1.403201098029949190e+00
7.904000023565031086e+01,1.358934847821198888e+00
7.905000023568013034e+01,1.303000019495085926e+00
7.906000023570994983e+01,1.459293226389054343e+00
7.907000023573974090e+01,1.403009657821707057e+00
7.908000023576956039e+01,1.396080124367660380e+00
7.909000023579937988e+01,1.380675046859345612e+00
7.910000023582919937e+01,1.352245391204472735e+00
7.911000023585901886e+01,1.316564662742707004e+00
7.912000023588880993e+01,1.349865394683828379e+00
7.913000023591862941e+01,1.266729651390702038e+00
7.914000023594844890e+01,1.248703017076362887e+00
7.915000023597826839e+01,1.331058082771882534e+00
7.916000023600808788e+01,1.289848548429804342e+00
7.917000023603787895e+01,1.444348112290595898e+00
7.918000023606769844e+01,1.306451030660718660e+00
7.919000023609751793e+01,1.364159229480135904e+00
7.920000023612733742e+01,1.329759324153890976e+00
7.921000023615715691e+01,1.423043072620432836e+00
7.922000023618696218e+01,1.390185124518060755e+00
7.923000023621676746e+01,1.447862366936664369e+00
7.924000023624658695e+01,1.417680756509194229e+00
7.925000023627640644e+01,1.417540619349896058e+00
7.926000023630622593e+01,1.498820233525116619e+00
7.927000023633603121e+01,1.525142754384219312e+00
7.928000023636583649e+01,1.453942427023663608e+00
7.929000023639565597e+01,1.465013037086801750e+00
7.930000023642547546e+01,1.440474186412581403e+00
7.931000023645529495e+01,1.499350677786580377e+00
7.932000023648510023e+01,1.453875853492683001e+00
7.933000023651490551e+01,1.391724768327759376e+00
7.934000023654472500e+01,1.437872535253586159e+00
7.935000023657454449e+01,1.340695620768612262e+00
7.936000023660436398e+01,1.513153925141839107e+00
7.937000023663418347e+01,1.367164834656501959e+00
7.938000023666398874e+01,1.300273250800555669e+00
7.939000023669379402e+01,1.302940523059601841e+00
7.940000023672361351e+01,1.255399557447229864e+00
7.941000023675343300e+01,1.337601443580813676e+00
7.942000023678325249e+01,1.273412786885752990e+00
7.943000023681305777e+01,1.403729014088994642e+00
7.944000023684286305e+01,1.280365252148167876e+00
7.945000023687268254e+01,1.377543146936073493e+00
7.946000023690250202e+01,1.331237488997335516e+00
7.947000023693232151e+01,1.292813603878077311e+00
7.948000023696214100e+01,1.192152736430132309e+00
7.949000023699193207e+01,1.319397591847113249e+00
7.950000023702175156e+01,1.416285002610590205e+00
7.951000023705157105e+01,1.339392920933899944e+00
7.952000023708139054e+01,1.401764921469397907e+00
7.953000023711121003e+01,1.516898220532429065e+00
7.954000023714101530e+01,1.411810238236413495e+00
7.955000023717082058e+01,1.395080537563475831e+00
7.956000023720064007e+01,1.452602714382848603e+00
7.957000023723045956e+01,1.509966767428557510e+00
7.958000023726027905e+01,1.446835906857235843e+00
7.959000023729008433e+01,1.449595293650135508e+00
7.960000023731988961e+01,1.480950889073102461e+00
7.961000023734970910e+01,1.422610661800866705e+00
7.962000023737952858e+01,1.415633377592442121e+00
7.963000023740934807e+01,1.506611770317980659e+00
7.964000023743915335e+01,1.454717997140887009e+00
7.965000023746895863e+01,1.506202399954043702e+00
7.966000023749877812e+01,1.465700116690259902e+00
7.967000023752859761e+01,1.481335444744450225e+00
7.968000023755841710e+01,1.410407769591894844e+00
7.969000023758822238e+01,1.637544255957169792e+00
7.970000023761802765e+01,1.506084824722061288e+00
7.971000023764784714e+01,1.535874554498730893e+00
7.972000023767766663e+01,1.529103495564379411e+00
7.973000023770748612e+01,1.599879858650322451e+00
7.974000023773729140e+01,1.526255249635414035e+00
7.975000023776711089e+01,1.511846590222443165e+00
7.976000023779691617e+01,1.523337345131551945e+00
7.977000023782673566e+01,1.386564614099904391e+00
7.978000023785655515e+01,1.376262161719861599e+00
7.979000023788636042e+01,1.430239939038405961e+00
7.980000023791617991e+01,1.478398845696444086e+00
7.981000023794598519e+01,1.494179920748851975e+00
7.982000023797580468e+01,1.495829134494465418e+00
7.983000023800562417e+01,1.495935493766056279e+00
7.984000023803542945e+01,1.543896206334234966e+00
7.985000023806524894e+01,1.465006283054055114e+00
7.986000023809505421e+01,1.516905361852186385e+00
7.987000023812487370e+01,1.471867848570694193e+00
7.988000023815469319e+01,1.470550562158300600e+00
7.989000023818449847e+01,1.540632801954498365e+00
7.990000023821431796e+01,1.561573883996886902e+00
7.991000023824413745e+01,1.534803885779086885e+00
7.992000023827394273e+01,1.505551456920368070e+00
7.993000023830376222e+01,1.465569251560288722e+00
7.994000023833356749e+01,1.433292782978520474e+00
7.995000023836338698e+01,1.438233572308882380e+00
7.996000023839320647e+01,1.418012743391720676e+00
7.997000023842301175e+01,1.411698965453573429e+00
7.998000023845283124e+01,1.323330926913316441e+00
7.999000023848265073e+01,1.503375090248364243e+00
8.000000023851245601e+01,1.307614991342782140e+00
8.001000023854227550e+01,1.311661021145830608e+00
8.002000023857208078e+01,1.402458933115531048e+00
8.003000023860188605e+01,1.516811517841588852e+00
8.004000023863170554e+01,1.428640610666731980e+00
8.005000023866152503e+01,1.579490734770372606e+00
8.006000023869134452e+01,1.450122978306464194e+00
8.007000023872116401e+01,1.540609445851030879e+00
8.008000023875095508e+01,1.569456587333343922e+00
8.009000023878077457e+01,1.595154677155788736e+00
8.010000023881059406e+01,1.537434617356367550e+00
8.011000023884041354e+01,1.432522301651789398e+00
8.012000023887023303e+01,1.418358721954361856e+00
8.013000023890002410e+01,1.488637844635023466e+00
8.014000023892984359e+01,1.414089809804014441e+00
8.015000023895966308e+01,1.429639561742938270e+00
8.016000023898948257e+01,1.413912754646418302e+00
8.017000023901930206e+01,1.388179330855370486e+00
8.018000023904910734e+01,1.403256449095871439e+00
8.019000023907891261e+01,1.383563323569204639e+00
8.020000023910873210e+01,1.464109201817057171e+00
8.021000023913855159e+01,1.454568760298715402e+00
8.022000023916837108e+01,1.489368796012910723e+00
8.023000023919817636e+01,1.521366418477844373e+00
8.024000023922798164e+01,1.522694299595603429e+00
8.025000023925780113e+01,1.588732693904912674e+00
8.026000023928762062e+01,1.490907023090928707e+00
8.027000023931744010e+01,1.405113293264837138e+00
8.028000023934725959e+01,1.423842797114269532e+00
8.029000023937705066e+01,1.343374564740669630e+00
8.030000023940687015e+01,1.448654468629671621e+00
8.031000023943668964e+01,1.389820778880114682e+00
8.032000023946650913e+01,1.407979428047527071e+00
8.033000023949632862e+01,1.419270022126645436e+00
8.034000023952611969e+01,1.498178229110487036e+00
8.035000023955593917e+01,1.402697362669398595e+00
8.036000023958575866e+01,1.482754467297955570e+00
8.037000023961557815e+01,1.438337152483046832e+00
8.038000023964539764e+01,1.454015114969286149e+00
8.039000023967518871e+01,1.463459826871616576e+00
8.040000023970500820e+01,1.456025617797920724e+00
8.041000023973482769e+01,1.531747552719296301e+00
8.042000023976464718e+01,1.592663984365753072e+00
8.043000023979446667e+01,1.623864114418170912e+00
8.044000023982427194e+01,1.459881932117919945e+00
8.045000023985407722e+01,1.466719737610141516e+00
8.046000023988389671e+01,1.495426306822191131e+00
8.047000023991371620e+01,1.506830178487276184e+00
8.048000023994353569e+01,1.513661929159731523e+00
8.049000023997335518e+01,1.369542110191302120e+00
8.050000024000314625e+01,1.429880852774864319e+00
8.051000024003296573e+01,1.426810902655444080e+00
8.052000024006278522e+01,1.616569496833665687e+00
8.053000024009260471e+01,1.513507365980973240e+00
8.054000024012242420e+01,1.474614372123351114e+00
8.055000024015221527e+01,1.454479104147100799e+00
8.056000024018203476e+01,1.606239858450857927e+00
8.057000024021185425e+01,1.389796476604187925e+00
8.058000024024167374e+01,1.436314893382325319e+00
8.059000024027149323e+01,1.446064501700224936e+00
8.060000024030128429e+01,1.425525777138248129e+00
8.061000024033110378e+01,1.396577262870270175e+00
8.062000024036092327e+01,1.485697164609404375e+00
8.063000024039074276e+01,1.370675644321748265e+00
8.064000024042056225e+01,1.456187600876152732e+00
8.065000024045036753e+01,1.489232950703790692e+00
8.066000024048017281e+01,1.521649628311002811e+00
8.067000024050999230e+01,1.477245383534032896e+00
8.068000024053981178e+01,1.562421802350471900e+00
8.069000024056963127e+01,1.379234552917132595e+00
8.070000024059943655e+01,1.361585601031960246e+00
8.071000024062924183e+01,1.329173331605976172e+00
8.072000024065906132e+01,1.412909904981932474e+00
8.073000024068888081e+01,1.309255012787965189e+00
8.074000024071870030e+01,1.401794598690469185e+00
8.075000024074850558e+01,1.538267023343056206e+00
8.076000024077831085e+01,1.478405238349355111e+00
8.077000024080813034e+01,1.442772832147463991e+00
8.078000024083794983e+01,1.517136256031066832e+00
8.079000024086776932e+01,1.505313052626955583e+00
8.080000024089758881e+01,1.571271503695738092e+00
8.081000024092739409e+01,1.545136591731119946e+00
8.082000024095719937e+01,1.353403561218352591e+00
8.083000024098701886e+01,1.346190943418384078e+00
8.084000024101683834e+01,1.457613000459727415e+00
8.085000024104665783e+01,1.383366682016728966e+00
8.086000024107646311e+01,1.341525146877101671e+00
8.087000024110626839e+01,1.338999958366555054e+00
8.088000024113608788e+01,1.274182817089709596e+00
8.089000024116590737e+01,1.417159263566315497e+00
8.090000024119572686e+01,1.370875508836936429e+00
8.091000024122553214e+01,1.513323228693331801e+00
8.092000024125533741e+01,1.499472057652744494e+00
8.093000024128515690e+01,1.426495821796570196e+00
8.094000024131497639e+01,1.394370375654167660e+00
8.095000024134479588e+01,1.399458494826203214e+00
8.096000024137460116e+01,1.332828431332213404e+00
8.097000024140442065e+01,1.355579883992769963e+00
8.098000024143422593e+01,1.288741591747807336e+00
8.099000024146404542e+01,1.312356508984287906e+00
8.100000024149386491e+01,1.363465705279465201e+00
8.101000024152367018e+01,1.460284718426023698e+00
8.102000024155348967e+01,1.367076881657471876e+00
8.103000024158329495e+01,1.506914695476051280e+00
8.104000024161311444e+01,1.345487860097105193e+00
8.105000024164293393e+01,1.359363794946952142e+00
8.106000024167273921e+01,1.454148484859658197e+00
8.107000024170255870e+01,1.545296792937040697e+00
8.108000024173236397e+01,1.467413362718278602e+00
8.109000024176218346e+01,1.395999205783639674e+00
8.110000024179200295e+01,1.493159457739382079e+00
8.111000024182182244e+01,1.438294867722540227e+00
8.112000024185162772e+01,1.308794885476252778e+00
8.113000024188144721e+01,1.523765390415426024e+00
8.114000024191125249e+01,1.394201426861801263e+00
8.115000024194107198e+01,1.413572717573609694e+00
8.116000024197089147e+01,1.496231028195579293e+00
8.117000024200069674e+01,1.543561658996729147e+00
8.118000024203051623e+01,1.414176923789547402e+00
8.119000024206032151e+01,1.296420130024325212e+00
8.120000024209014100e+01,1.369745599181182216e+00
8.121000024211996049e+01,1.320853993340636467e+00
8.122000024214976577e+01,1.278781502896653155e+00
8.123000024217958526e+01,1.354568647597352626e+00
8.124000024220939054e+01,1.332462638009587863e+00
8.125000024223921002e+01,1.312426619307182074e+00
8.126000024226902951e+01,1.251445411742867053e+00
8.127000024229883479e+01,1.299326051663935555e+00
8.128000024232865428e+01,1.189302339647927642e+00
8.129000024235845956e+01,1.437243877273348902e+00
8.130000024238827905e+01,1.413681180406498372e+00
8.131000024241809854e+01,1.427379262807838778e+00
8.132000024244790382e+01,1.442727497671440151e+00
8.133000024247772330e+01,1.419278318088361468e+00
8.134000024250754279e+01,1.576788208004036296e+00
8.135000024253734807e+01,1.421965329921614396e+00
8.136000024256716756e+01,1.432764535343470369e+00
8.137000024259697284e+01,1.430112660970477512e+00
8.138000024262679233e+01,1.409821042013480685e+00
8.139000024265661182e+01,1.407472755780434737e+00
8.140000024268641710e+01,1.516502195162053424e+00
8.141000024271623658e+01,1.438613892432620833e+00
8.142000024274605607e+01,1.385333879175614458e+00
8.143000024277586135e+01,1.493728856885883971e+00
8.144000024280568084e+01,1.494457779477730508e+00
8.145000024283548612e+01,1.433825059336008678e+00
8.146000024286530561e+01,1.485312096226289347e+00
8.147000024289512510e+01,1.546726528501257247e+00
8.148000024292493038e+01,1.476664142652128975e+00
8.149000024295474987e+01,1.420346314389663522e+00
8.150000024298456935e+01,1.458281978902717491e+00
8.151000024301437463e+01,1.494677421411001683e+00
8.152000024304419412e+01,1.468335937389252610e+00
8.153000024307399940e+01,1.548626054466100577e+00
8.154000024310381889e+01,1.613807968200629217e+00
8.155000024313363838e+01,1.554333024073650149e+00
8.156000024316344366e+01,1.548774409710437672e+00
8.157000024319326315e+01,1.570764646777645712e+00
8.158000024322306842e+01,1.547645359077868710e+00
8.159000024325288791e+01,1.597783783897061438e+00
8.160000024328270740e+01,1.589667317544419367e+00
8.161000024331251268e+01,1.561366324727240684e+00
8.162000024334233217e+01,1.571865451220447296e+00
8.163000024337213745e+01,1.469136640407501915e+00
8.164000024340195694e+01,1.626177786242214651e+00
8.165000024343177643e+01,1.543286985042745085e+00
8.166000024346159591e+01,1.447412005255200862e+00
8.167000024349140119e+01,1.432209611530457005e+00
8.168000024352120647e+01,1.464067105287035320e+00
8.169000024355102596e+01,1.400151212972667647e+00
8.170000024358084545e+01,1.456020059713045267e+00
8.171000024361066494e+01,1.551753729075818988e+00
8.172000024364047022e+01,1.331975223097205285e+00
8.173000024367027549e+01,1.533979503694679947e+00
8.174000024370009498e+01,1.321104355166802691e+00
8.175000024372991447e+01,1.444205977645803829e+00
8.176000024375973396e+01,1.565979003366860578e+00
8.177000024378953924e+01,1.441264736807891245e+00
8.178000024381935873e+01,1.537483450539157470e+00
8.179000024384916401e+01,1.547422500600319273e+00
8.180000024387898350e+01,1.451922530188799243e+00
8.181000024390880299e+01,1.415326817386018066e+00
8.182000024393860826e+01,1.444777291931812702e+00
8.183000024396842775e+01,1.446188381897914210e+00
8.184000024399823303e+01,1.428731157901499182e+00
8.185000024402805252e+01,1.329536563934919258e+00
8.186000024405787201e+01,1.507085274065759206e+00
8.187000024408769150e+01,1.457489958263734620e+00
8.188000024411749678e+01,1.449836609186284431e+00
8.189000024414730206e+01,1.602239790524740304e+00
8.190000024417712154e+01,1.585842234928122707e+00
8.191000024420694103e+01,1.525781723455705619e+00
8.192000024423676052e+01,1.535486786247769464e+00
8.193000024426656580e+01,1.383857732184694100e+00
8.194000024429637108e+01,1.505537184123938221e+00
8.195000024432619057e+01,1.633714422796248344e+00
8.196000024435601006e+01,1.492336124143801346e+00
8.197000024438582955e+01,1.616398376188927788e+00
8.198000024441563482e+01,1.618063778776304140e+00
8.199000024444544010e+01,1.554349120494829428e+00
8.200000024447525959e+01,1.604240093683058310e+00
8.201000024450507908e+01,1.618900838873355230e+00
8.202000024453489857e+01,1.559342819470442842e+00
8.203000024456471806e+01,1.552632591140815199e+00
8.204000024459452334e+01,1.530053379668640634e+00
8.205000024462432862e+01,1.523398685532245445e+00
8.206000024465414810e+01,1.611506548967059471e+00
8.207000024468396759e+01,1.563700589860969492e+00
8.208000024471378708e+01,1.521721364199415838e+00
8.209000024474359236e+01,1.382689763183013065e+00
8.210000024477339764e+01,1.377489409563589007e+00
8.211000024480321713e+01,1.559984906289584305e+00
8.212000024483303662e+01,1.436347441070996434e+00
8.213000024486285611e+01,1.666425889685460682e+00
8.214000024489266139e+01,1.625239700006626986e+00
8.215000024492246666e+01,1.604909653040018203e+00
8.216000024495228615e+01,1.602534252520759983e+00
8.217000024498210564e+01,1.802506567394393855e+00
8.218000024501192513e+01,1.792160527537604908e+00
8.219000024504174462e+01,1.742798669207535678e+00
8.220000024507153569e+01,1.603911942971643523e+00
8.221000024510135518e+01,1.760995719501673662e+00
8.222000024513117467e+01,1.693251290964765454e+00
8.223000024516099415e+01,1.745392170080769301e+00
8.224000024519081364e+01,1.804493550251990097e+00
8.225000024522060471e+01,1.777103760197441762e+00
8.226000024525042420e+01,1.857128485074647894e+00
8.227000024528024369e+01,1.838006542977844271e+00
8.228000024531006318e+01,1.802931631048902528e+00
8.229000024533988267e+01,1.740675656224021539e+00
8.230000024536967373e+01,1.708271563262321546e+00
8.231000024539949322e+01,1.587429063019457853e+00
8.232000024542931271e+01,1.746473512988066856e+00
8.233000024545913220e+01,1.738380517148001347e+00
8.234000024548895169e+01,1.701786700529256180e+00
8.235000024551874276e+01,1.836779666636749297e+00
8.236000024554856225e+01,1.748209832115384277e+00
8.237000024557838174e+01,1.811427224284983373e+00
8.238000024560820123e+01,1.780007478389215470e+00
8.239000024563802071e+01,1.805221178872141508e+00
8.240000024566784020e+01,1.841225782524578136e+00
8.241000024569763127e+01,1.791300817218301367e+00
8.242000024572745076e+01,1.845596045173178545e+00
8.243000024575727025e+01,1.761166618854294708e+00
8.244000024578708974e+01,1.816602471644928718e+00
8.245000024581690923e+01,1.811721775663514666e+00
8.246000024584670030e+01,1.870714368387187854e+00
8.247000024587651978e+01,1.686373819426404852e+00
8.248000024590633927e+01,1.652894213886731967e+00
8.249000024593615876e+01,1.662823082273348518e+00
8.250000024596597825e+01,1.595121346246187288e+00
8.251000024599576932e+01,1.613410727827336411e+00
8.252000024602558881e+01,1.642851187522725853e+00
8.253000024605540830e+01,1.626730844505357876e+00
8.254000024608522779e+01,1.696138602005830665e+00
8.255000024611504728e+01,1.701779649734355138e+00
8.256000024614485255e+01,1.814805643594697981e+00
8.257000024617465783e+01,1.740787682161618166e+00
8.258000024620447732e+01,1.841578714232759539e+00
8.259000024623429681e+01,1.721821057746959038e+00
8.260000024626411630e+01,1.859567793838682093e+00
8.261000024629392158e+01,1.827763459531108525e+00
8.262000024632372686e+01,1.724467315383125143e+00
8.263000024635354634e+01,1.745094289408679833e+00
8.264000024638336583e+01,1.756027687792337533e+00
8.265000024641318532e+01,1.797192416415273719e+00
8.266000024644300481e+01,1.748158890157728074e+00
8.267000024647279588e+01,1.797520271584524876e+00
8.268000024650261537e+01,1.929959491683913120e+00
8.269000024653243486e+01,1.932947189126679399e+00
8.270000024656225435e+01,1.767970272343828420e+00
8.271000024659207384e+01,1.783274191239563766e+00
8.272000024662187911e+01,1.786517475193539539e+00
8.273000024665168439e+01,1.730437545473869410e+00
8.274000024668150388e+01,1.737291927516496637e+00
8.275000024671132337e+01,1.676894931533512434e+00
8.276000024674114286e+01,1.761341847078705003e+00
8.277000024677094814e+01,1.820872982567645293e+00
8.278000024680075342e+01,1.744344694347474523e+00
8.279000024683057291e+01,1.703562574208456804e+00
8.280000024686039239e+01,1.685967733858211526e+00
8.281000024689021188e+01,1.652084064294637056e+00
8.282000024692001716e+01,1.553719821040150162e+00
8.283000024694982244e+01,1.679328857922447682e+00
8.284000024697964193e+01,1.571449246362168761e+00
8.285000024700946142e+01,1.533488684554149772e+00
8.286000024703928091e+01,1.776177948630283110e+00
8.287000024706908619e+01,1.626904311501822908e+00
8.288000024709889146e+01,1.530377425303701466e+00
8.289000024712871095e+01,1.641749039341078520e+00
8.290000024715853044e+01,1.620913092194609106e+00
8.291000024718834993e+01,1.631762990649727740e+00
8.292000024721815521e+01,1.617765011536218989e+00
8.293000024724797470e+01,1.547299020818565962e+00
8.294000024727777998e+01,1.591207206598081569e+00
8.295000024730759947e+01,1.590062327278586984e+00
8.296000024733741895e+01,1.566275053247720983e+00
8.297000024736722423e+01,1.600118447574740532e+00
8.298000024739704372e+01,1.633826308030332797e+00
8.299000024742684900e+01,1.570565761320367626e+00
8.300000024745666849e+01,1.609101189312879709e+00
8.301000024748648798e+01,1.610395019726136523e+00
8.302000024751630747e+01,1.545741133290509994e+00
8.303000024754611275e+01,1.513406712304000035e+00
8.304000024757591802e+01,1.398216454059830749e+00
8.305000024760573751e+01,1.593928832404762241e+00
8.306000024763555700e+01,1.509042651091376364e+00
8.307000024766537649e+01,1.341350351515828709e+00
8.308000024769518177e+01,1.379127147959855249e+00
8.309000024772500126e+01,1.543623569668106210e+00
8.310000024775480654e+01,1.434147485609427397e+00
8.311000024778462603e+01,1.580780574439307529e+00
8.312000024781444552e+01,1.598726433650983880e+00
8.313000024784425079e+01,1.508365837877355231e+00
8.314000024787407028e+01,1.513864196190843225e+00
8.315000024790387556e+01,1.492539032588791281e+00
8.316000024793369505e+01,1.373473132256570750e+00
8.317000024796351454e+01,1.477869304073510248e+00
8.318000024799331982e+01,1.656635351948352763e+00
8.319000024802313931e+01,1.693376286210266146e+00
8.320000024805294458e+01,1.621758329007921162e+00
8.321000024808276407e+01,1.528498702495277195e+00
8.322000024811258356e+01,1.574336450554660649e+00
8.323000024814238884e+01,1.551053951569376421e+00
8.324000024817220833e+01,1.538444313675208619e+00
8.325000024820202782e+01,1.628524627532702329e+00
8.326000024823183310e+01,1.640371508751117036e+00
8.327000024826165259e+01,1.584239346404292759e+00
8.328000024829147208e+01,1.662171644866297537e+00
8.329000024832127735e+01,1.757800617423176615e+00
8.330000024835109684e+01,1.658608178610548212e+00
8.331000024838090212e+01,1.644654418160343523e+00
8.332000024841072161e+01,1.593755419323138245e+00
8.333000024844054110e+01,1.649644418209419650e+00
8.334000024847034638e+01,1.801429765074414213e+00
8.335000024850016587e+01,1.849095553968890915e+00
8.336000024852997115e+01,1.775861406160782918e+00
8.337000024855979063e+01,1.797675114172932354e+00
8.338000024858961012e+01,1.720533035242188591e+00
8.339000024861941540e+01,1.824584300778014923e+00
8.340000024864923489e+01,1.779635477234882357e+00
8.341000024867904017e+01,1.706035819361142902e+00
8.342000024870885966e+01,1.763025152048199207e+00
8.343000024873867915e+01,1.660405460916471121e+00
8.344000024876848443e+01,1.566472189873002296e+00
8.345000024879830391e+01,1.656288382894625544e+00
8.346000024882812340e+01,1.693532830253105637e+00
8.347000024885792868e+01,1.598224383472093280e+00
8.348000024888774817e+01,1.627534211540556663e+00
8.349000024891755345e+01,1.650322512838252598e+00
8.350000024894737294e+01,1.831944244476962469e+00
8.351000024897719243e+01,1.793011934693033327e+00
8.352000024900699771e+01,1.838268777151503608e+00
8.353000024903681719e+01,1.716460608278155053e+00
8.354000024906662247e+01,1.743764785057121625e+00
8.355000024909644196e+01,1.658258395979501421e+00
8.356000024912626145e+01,1.686712778793736600e+00
8.357000024915606673e+01,1.677726575356212058e+00
8.358000024918588622e+01,1.585940231976763481e+00
8.359000024921569150e+01,1.458109750684219774e+00
8.360000024924551099e+01,1.646649326859658258e+00
8.361000024927533048e+01,1.609770674317748895e+00
8.362000024930514996e+01,1.663682613118609321e+00
8.363000024933495524e+01,1.575519332492831603e+00
8.364000024936477473e+01,1.576997369320564113e+00
8.365000024939458001e+01,1.599696577028383748e+00
8.366000024942439950e+01,1.739269487355473931e+00
8.367000024945421899e+01,1.588331679648383732e+00
8.368000024948402427e+01,1.574952745958186684e+00
8.369000024951384376e+01,1.472313333009306779e+00
8.370000024954364903e+01,1.599925126611255521e+00
8.371000024957346852e+01,1.535568043515844749e+00
8.372000024960328801e+01,1.505986477209608765e+00
8.373000024963309329e+01,1.661091330163289026e+00
8.374000024966291278e+01,1.634507310657457912e+00
8.375000024969271806e+01,1.629005467696187814e+00
8.376000024972253755e+01,1.580409671266348237e+00
8.377000024975235704e+01,1.608170875393137633e+00
8.378000024978217652e+01,1.611229031054174810e+00
8.379000024981198180e+01,1.599640624793019272e+00
8.380000024984178708e+01,1.637102358759734644e+00
8.381000024987160657e+01,1.563467614466473643e+00
8.382000024990142606e+01,1.557752290649797589e+00
8.383000024993124555e+01,1.555681912451906346e+00
8.384000024996105083e+01,1.637833286122237553e+00
8.385000024999085610e+01,1.486337182218357089e+00
8.386000025002067559e+01,1.582187911177030504e+00
8.387000025005049508e+01,1.518226310631248133e+00
8.388000025008031457e+01,1.472818666935871379e+00
8.389000025011011985e+01,1.415698118757102719e+00
8.390000025013993934e+01,1.486204348176895840e+00
8.391000025016974462e+01,1.434858232976406134e+00
8.392000025019956411e+01,1.554512237315943457e+00
8.393000025022938360e+01,1.411860540067281899e+00
8.394000025025920309e+01,1.346797945078137992e+00
8.395000025028900836e+01,1.483377838544553518e+00
8.396000025031881364e+01,1.469489254142539947e+00
8.397000025034863313e+01,1.578463666902879980e+00
8.398000025037845262e+01,1.529367624092283995e+00
8.399000025040827211e+01,1.581062720224975626e+00
8.400000025043807739e+01,1.642168495366505665e+00
8.401000025046788267e+01,1.549458630791280100e+00
8.402000025049770215e+01,1.673999830196924998e+00
8.403000025052752164e+01,1.510428484309825903e+00
8.404000025055734113e+01,1.628457106518226727e+00
8.405000025058714641e+01,1.567350214609779524e+00
8.406000025061695169e+01,1.502244893560882977e+00
8.407000025064677118e+01,1.519994541305693003e+00
8.408000025067659067e+01,1.576117872544092968e+00
8.409000025070641016e+01,1.555010981083902122e+00
8.410000025073621543e+01,1.564319184699387355e+00
8.411000025076602071e+01,1.522657472606131268e+00
8.412000025079584020e+01,1.586184615586477387e+00
8.413000025082565969e+01,1.485837642014759430e+00
8.414000025085547918e+01,1.524800033858142667e+00
8.415000025088529867e+01,1.488254490453938095e+00
8.416000025091508974e+01,1.465186880323956276e+00
8.417000025094490923e+01,1.369630744961425117e+00
8.418000025097472871e+01,1.473204274653481249e+00
8.419000025100454820e+01,1.555756353742513420e+00
8.420000025103436769e+01,1.481307458805906530e+00
8.421000025106415876e+01,1.527319215964501709e+00
8.422000025109397825e+01,1.530417028800669543e+00
8.423000025112379774e+01,1.620659358007331630e+00
8.424000025115361723e+01,1.535943280755830420e+00
8.425000025118343672e+01,1.662117142625799904e+00
8.426000025121322778e+01,1.560717119084968241e+00
8.427000025124304727e+01,1.520073406351296841e+00
8.428000025127286676e+01,1.582972055047121795e+00
8.429000025130268625e+01,1.639577796257762454e+00
8.430000025133250574e+01,1.765100299290687236e+00
8.431000025136232523e+01,1.773322865172731078e+00
8.432000025139211630e+01,1.678417993490920246e+00
8.433000025142193579e+01,1.555007272766112614e+00
8.434000025145175528e+01,1.774822848246934370e+00
8.435000025148157476e+01,1.669815763216643711e+00
8.436000025151139425e+01,1.756376238641172538e+00
8.437000025154118532e+01,1.826858157657560655e+00
8.438000025157100481e+01,1.673776037604817857e+00
8.439000025160082430e+01,1.584698015240877611e+00
8.440000025163064379e+01,1.599679786617742572e+00
8.441000025166046328e+01,1.559396016601664936e+00
8.442000025169025434e+01,1.655100486632044898e+00
8.443000025172007383e+01,1.608942109550066446e+00
8.444000025174989332e+01,1.617809860298690339e+00
8.445000025177971281e+01,1.548669792742111806e+00
8.446000025180953230e+01,1.677415772221514167e+00
8.447000025183932337e+01,1.626871363231562784e+00
8.448000025186914286e+01,1.655590321036781720e+00
8.449000025189896235e+01,1.583536298234647033e+00
8.450000025192878184e+01,1.691962483269756179e+00
8.451000025195860132e+01,1.650104569864170312e+00
8.452000025198842081e+01,1.628965050924650937e+00
8.453000025201821188e+01,1.584798652978666178e+00
8.454000025204803137e+01,1.615644952068333362e+00
8.455000025207785086e+01,1.580731424833708543e+00
8.456000025210767035e+01,1.553234277610328506e+00
8.457000025213748984e+01,1.609859693514002377e+00
8.458000025216728091e+01,1.581630248010536199e+00
8.459000025219710039e+01,1.525649237032811634e+00
8.460000025222691988e+01,1.686077816057659273e+00
8.461000025225673937e+01,1.555315075800601132e+00
8.462000025228655886e+01,1.628096450414116214e+00
8.463000025231634993e+01,1.603122922538533057e+00
8.464000025234616942e+01,1.726265056587481306e+00
8.465000025237598891e+01,1.736365218759664097e+00
8.466000025240580840e+01,1.693264887540888886e+00
8.467000025243562789e+01,1.949148443371007566e+00
8.468000025246543316e+01,1.805133962652488044e+00
8.469000025249523844e+01,1.833725983156133887e+00
8.470000025252505793e+01,1.859844025517902733e+00
8.471000025255487742e+01,1.871408295574672698e+00
8.472000025258469691e+01,1.764679510572721766e+00
8.473000025261450219e+01,1.697249119543329243e+00
8.474000025264430747e+01,1.695698139155896511e+00
8.475000025267412695e+01,1.857811750038832255e+00
8.476000025270394644e+01,1.717983472475775875e+00
8.477000025273376593e+01,1.758378240851329544e+00
8.478000025276357121e+01,1.844907855037082323e+00
8.479000025279337649e+01,1.737920906068451066e+00
8.480000025282319598e+01,1.674952749557924392e+00
8.481000025285301547e+01,1.696209733593385227e+00
8.482000025288283496e+01,1.793730798495324130e+00
8.483000025291264024e+01,1.737440732947079569e+00
8.484000025294245972e+01,1.826319930117809909e+00
8.485000025297226500e+01,1.706533393280363464e+00
8.486000025300208449e+01,1.845992548486852680e+00
8.487000025303190398e+01,1.811685643320678496e+00
8.488000025306170926e+01,1.711840196376872791e+00
8.489000025309152875e+01,1.660071486877692903e+00
8.490000025312133403e+01,1.878060564851267378e+00
8.491000025315115352e+01,1.666949942236825466e+00
8.492000025318097300e+01,1.831841677061059936e+00
8.493000025321079249e+01,1.738992263588612364e+00
8.494000025324059777e+01,1.911982489172741717e+00
8.495000025327040305e+01,1.830909536994849596e+00
8.496000025330022254e+01,1.826315789199641548e+00
8.497000025333004203e+01,1.848080931591760123e+00
8.498000025335986152e+01,1.776645381095168119e+00
8.499000025338966680e+01,1.805077145754297785e+00
8.500000025341947207e+01,1.802897184948338394e+00
8.501000025344929156e+01,1.860334679361437704e+00
8.502000025347911105e+01,1.787865097541057713e+00
8.503000025350893054e+01,1.815417662989827097e+00
8.504000025353873582e+01,1.664530204142408820e+00
8.505000025356855531e+01,1.870042769074622635e+00
8.506000025359836059e+01,1.804136106801226713e+00
8.507000025362818008e+01,1.756851755831246198e+00
8.508000025365799956e+01,1.712757156592761953e+00
8.509000025368780484e+01,1.834586483210783436e+00
8.510000025371762433e+01,1.914742948360767416e+00
8.511000025374742961e+01,1.763821373028692019e+00
8.512000025377724910e+01,1.810222417316050381e+00
8.513000025380706859e+01,1.735230872666838398e+00
8.514000025383688808e+01,1.805750671465105928e+00
8.515000025386669336e+01,1.731345645085151874e+00
8.516000025389649863e+01,1.814026367539146145e+00
8.517000025392631812e+01,1.726985862533470639e+00
8.518000025395613761e+01,1.617140362637216944e+00
8.519000025398595710e+01,1.707231722454971345e+00
8.520000025401576238e+01,1.667092496842485616e+00
8.521000025404558187e+01,1.595200388867787478e+00
8.522000025407538715e+01,1.743017885841640968e+00
8.523000025410520664e+01,1.598950046302445749e+00
8.524000025413502613e+01,1.588901554138822059e+00
8.525000025416483140e+01,1.630090114792750677e+00
8.526000025419465089e+01,1.636251855041361392e+00
8.527000025422445617e+01,1.662787439418656144e+00
8.528000025425427566e+01,1.698619445122739435e+00
8.529000025428409515e+01,1.672329653614377909e+00
8.530000025431390043e+01,1.770656221600414026e+00
8.531000025434371992e+01,1.664090792070339164e+00
8.532000025437352519e+01,1.695911356449795848e+00
8.533000025440334468e+01,1.655670608984997516e+00
8.534000025443316417e+01,1.759997584103121460e+00
8.535000025446296945e+01,1.768878963808370397e+00
8.536000025449278894e+01,1.748610572761911008e+00
8.537000025452260843e+01,1.655702906033728938e+00
8.538000025455241371e+01,1.680143655586148421e+00
8.539000025458223320e+01,1.485847038025939204e+00
8.540000025461203847e+01,1.652049809661344959e+00
8.541000025464185796e+01,1.641522162937806506e+00
8.542000025467167745e+01,1.600377960310220615e+00
8.543000025470148273e+01,1.542655930911146944e+00
8.544000025473130222e+01,1.545144378199738711e+00
8.545000025476110750e+01,1.552743398270628017e+00
8.546000025479092699e+01,1.494577477250613740e+00
8.547000025482074648e+01,1.529950628198975204e+00
8.548000025485055176e+01,1.473293488313578203e+00
8.549000025488037124e+01,1.532244358124123407e+00
8.550000025491017652e+01,1.576945366188800657e+00
8.551000025493999601e+01,1.645066869670318566e+00
8.552000025496981550e+01,1.696156892236522884e+00
8.553000025499963499e+01,1.801796423310907169e+00
8.554000025502944027e+01,1.591331720331037314e+00
8.555000025505925976e+01,1.556172674933137490e+00
8.556000025508906504e+01,1.556304745115221877e+00
8.557000025511888452e+01,1.560979857499926293e+00
8.558000025514870401e+01,1.512175103428254452e+00
8.559000025517850929e+01,1.576948850454073403e+00
8.560000025520832878e+01,1.638198989722406074e+00
8.561000025523813406e+01,1.485819212251582089e+00
8.562000025526795355e+01,1.577925565990346612e+00
8.563000025529777304e+01,1.496358503373713233e+00
8.564000025532757832e+01,1.558365347009275537e+00
8.565000025535739780e+01,1.631405387847176147e+00
8.566000025538720308e+01,1.564268272712247887e+00
8.567000025541702257e+01,1.650941762029459303e+00
8.568000025544684206e+01,1.736075904351088051e+00
8.569000025547664734e+01,1.665303199151964231e+00
8.570000025550646683e+01,1.714767078240805542e+00
8.571000025553627211e+01,1.664298617139166492e+00
8.572000025556609160e+01,1.639824900450062684e+00
8.573000025559591109e+01,1.599722681923012590e+00
8.574000025562573057e+01,1.661138025085208136e+00
8.575000025565553585e+01,1.636420789244953156e+00
8.576000025568535534e+01,1.803277313082299216e+00
8.577000025571516062e+01,1.761703381508845201e+00
8.578000025574498011e+01,1.762713692066586679e+00
8.579000025577479960e+01,1.654171333963541990e+00
8.580000025580460488e+01,1.650565495638732338e+00
8.581000025583442437e+01,1.687102835643440990e+00
8.582000025586422964e+01,1.659525766816672299e+00
8.583000025589404913e+01,1.633355702747208760e+00
8.584000025592386862e+01,1.660737580471681518e+00
8.585000025595367390e+01,1.726823204106641141e+00
8.586000025598349339e+01,1.798959007552707323e+00
8.587000025601329867e+01,1.685396602014572975e+00
8.588000025604311816e+01,1.699993130160096344e+00
8.589000025607293765e+01,1.593815948549311745e+00
8.590000025610275713e+01,1.734780830340791891e+00
8.591000025613256241e+01,1.643607307371259374e+00
8.592000025616236769e+01,1.507541975874969076e+00
8.593000025619218718e+01,1.662511531559387912e+00
8.594000025622200667e+01,1.785050090029943970e+00
8.595000025625182616e+01,1.908300267681000140e+00
8.596000025628163144e+01,1.904697689409855510e+00
8.597000025631143671e+01,1.884692231694019116e+00
8.598000025634125620e+01,1.672273972115541296e+00
8.599000025637107569e+01,1.721733199665176572e+00
8.600000025640089518e+01,1.774729776801627246e+00
8.601000025643070046e+01,1.776442824726816694e+00
8.602000025646050574e+01,1.648824384515698238e+00
8.603000025649032523e+01,1.775132559240445662e+00
8.604000025652014472e+01,1.811365618477181361e+00
8.605000025654996421e+01,1.811301142241332762e+00
8.606000025657978370e+01,1.721374465879844218e+00
8.607000025660957476e+01,1.791921926255013675e+00
8.608000025663939425e+01,1.852634969056202729e+00
8.609000025666921374e+01,1.802167231446688556e+00
8.610000025669903323e+01,1.714713175133396827e+00
8.611000025672885272e+01,1.776554644195012189e+00
8.612000025675864379e+01,1.716120070660859920e+00
8.613000025678846328e+01,1.736413543280869165e+00
8.614000025681828276e+01,1.800735426980831555e+00
8.615000025684810225e+01,1.673518058372533979e+00
8.616000025687792174e+01,1.763222198946596597e+00
8.617000025690772702e+01,1.883926991260083561e+00
8.618000025693753230e+01,1.767274228157623250e+00
8.619000025696735179e+01,1.807317075406055684e+00
8.620000025699717128e+01,1.801629304224280803e+00
8.621000025702699077e+01,1.709444331648706461e+00
8.622000025705679604e+01,1.953220379715655763e+00
8.623000025708660132e+01,1.879336852178158823e+00
8.624000025711642081e+01,1.711142318897820092e+00
8.625000025714624030e+01,1.899104622831825351e+00
8.626000025717605979e+01,2.031512967113896284e+00
8.627000025720587928e+01,1.966505180663333796e+00
8.628000025723567035e+01,1.876140281151722045e+00
8.629000025726548984e+01,1.771480566308482940e+00
8.630000025729530932e+01,1.701765214900309298e+00
8.631000025732512881e+01,1.711755984215943105e+00
8.632000025735494830e+01,1.756547127964063870e+00
8.633000025738473937e+01,1.664384903304152896e+00
8.634000025741455886e+01,1.575642479194427681e+00
8.635000025744437835e+01,1.679563942627485096e+00
8.636000025747419784e+01,1.787536081649403696e+00
8.637000025750401733e+01,1.595521653848275045e+00
8.638000025753382261e+01,1.662543072173343184e+00
8.639000025756362788e+01,1.669609864687830791e+00
8.640000025759344737e+01,1.699109183404551970e+00
8.641000025762326686e+01,1.819976633926997156e+00
8.642000025765308635e+01,1.695616732031621998e+00
8.643000025768290584e+01,1.603068460921840632e+00
8.644000025771269691e+01,1.723346943205870341e+00
8.645000025774251640e+01,1.637200634370137520e+00
8.646000025777233589e+01,1.634026703898005417e+00
8.647000025780215537e+01,1.595623028303011059e+00
8.648000025783197486e+01,1.649037833296099320e+00
8.649000025786176593e+01,1.751043149308332048e+00
8.650000025789158542e+01,1.906460835326486691e+00
8.651000025792140491e+01,1.933036471564453240e+00
8.652000025795122440e+01,1.747728616770770849e+00
8.653000025798104389e+01,1.710368417715090406e+00
8.654000025801083495e+01,1.733015060434314636e+00
8.655000025804065444e+01,1.814599405014568623e+00
8.656000025807047393e+01,1.876300791933211976e+00
8.657000025810029342e+01,1.676988262206882130e+00
8.658000025813011291e+01,1.803418381643065782e+00
8.659000025815990398e+01,1.686543434128011887e+00
8.660000025818972347e+01,1.746597163558097909e+00
8.661000025821954296e+01,1.710051683920305932e+00
8.662000025824936245e+01,1.875788179797704514e+00
8.663000025827918193e+01,1.709746345238249310e+00
8.664000025830898721e+01,1.700202852429541833e+00
8.665000025833879249e+01,1.741058489413299215e+00
8.666000025836861198e+01,1.699050548914076142e+00
8.667000025839843147e+01,1.609388149238201837e+00
8.668000025842825096e+01,1.563029927665269048e+00
8.669000025845805624e+01,1.624463398587234986e+00
8.670000025848786152e+01,1.660215294367216377e+00
8.671000025851768100e+01,1.796690301308880855e+00
8.672000025854750049e+01,1.707762699952867225e+00
8.673000025857731998e+01,1.735206354978718224e+00
8.674000025860712526e+01,1.770454352249002161e+00
8.675000025863693054e+01,1.696357068891767073e+00
8.676000025866675003e+01,1.764568188337188648e+00
8.677000025869656952e+01,1.723469234955147034e+00
8.678000025872638901e+01,1.780122985802777391e+00
8.679000025875620850e+01,1.785580026900798645e+00
8.680000025878601377e+01,1.727874980688442808e+00
8.681000025881581905e+01,1.751464500480672593e+00
8.682000025884563854e+01,1.887179837738009569e+00
8.683000025887545803e+01,1.809025542022216992e+00
8.684000025890527752e+01,1.859631912598680215e+00
8.685000025893508280e+01,1.913506523762328770e+00
8.686000025896488808e+01,1.800708253363457745e+00
8.687000025899470756e+01,1.717830166897912791e+00
8.688000025902452705e+01,1.744053991555345240e+00
8.689000025905434654e+01,1.868784038754687460e+00
8.690000025908415182e+01,1.834787779302948119e+00
8.691000025911395710e+01,1.811623417472509434e+00
8.692000025914377659e+01,1.773654054741290231e+00
8.693000025917359608e+01,1.942912361623430728e+00
8.694000025920341557e+01,1.994152337279869514e+00
8.695000025923322085e+01,1.908180189578662755e+00
8.696000025926304033e+01,1.790987364352294442e+00
8.697000025929284561e+01,1.830027140025019428e+00
8.698000025932266510e+01,1.863264247605068480e+00
8.699000025935248459e+01,1.755838359353588674e+00
8.700000025938230408e+01,1.846956857686098408e+00
8.701000025941210936e+01,1.917443852540643867e+00
8.702000025944191464e+01,2.003599527969541327e+00
8.703000025947173413e+01,2.027475670095275628e+00
8.704000025950155361e+01,1.964297437324121320e+00
8.705000025953137310e+01,2.013969287659833185e+00
8.706000025956117838e+01,1.891879270602053742e+00
8.707000025959098366e+01,1.831403502074909095e+00
8.708000025962080315e+01,1.883218348100072159e+00
8.709000025965062264e+01,1.874359474114944080e+00
8.710000025968044213e+01,1.889186450496508352e+00
8.711000025971024741e+01,1.799063663936094626e+00
8.712000025974006689e+01,1.865425339904542845e+00
8.713000025976987217e+01,1.867294175460189720e+00
8.714000025979969166e+01,1.793862082573734806e+00
8.715000025982951115e+01,1.839276115296326619e+00
8.716000025985931643e+01,1.830931321898200403e+00
8.717000025988913592e+01,1.648181958752264364e+00
8.718000025991894120e+01,1.823048350404725904e+00
8.719000025994876069e+01,1.723081603039476439e+00
8.720000025997858017e+01,1.706094294436706793e+00
8.721000026000838545e+01,1.799021351092282339e+00
8.722000026003820494e+01,1.864354723097370048e+00
8.723000026006801022e+01,1.887043971705941292e+00
8.724000026009782971e+01,1.958438006159692213e+00
8.725000026012764920e+01,1.834089724760090245e+00
8.726000026015745448e+01,1.712008232990049228e+00
8.727000026018727397e+01,1.824216021771602136e+00
8.728000026021707924e+01,1.824928821926227629e+00
8.729000026024689873e+01,2.029140820700544356e+00
8.730000026027671822e+01,1.858198448596162233e+00
8.731000026030652350e+01,1.912493463887407819e+00
8.732000026033634299e+01,1.846424896683443784e+00
8.733000026036616248e+01,1.797041255820314598e+00
8.734000026039596776e+01,1.925915378831260183e+00
8.735000026042578725e+01,1.909056396369753106e+00
8.736000026045559252e+01,1.827726327823721242e+00
8.737000026048541201e+01,1.771213374975194155e+00
8.738000026051523150e+01,1.877187340006134075e+00
8.739000026054503678e+01,1.891475415671175053e+00
8.740000026057485627e+01,1.856622422271062334e+00
8.741000026060467576e+01,1.807516113830544446e+00
8.742000026063448104e+01,1.710538992516867918e+00
8.743000026066430053e+01,1.804106226537453672e+00
8.744000026069410580e+01,1.850074836360574126e+00
8.745000026072392529e+01,1.857700066525873606e+00
8.746000026075374478e+01,1.913404562422119426e+00
8.747000026078355006e+01,1.816931296560173159e+00
8.748000026081336955e+01,1.798548376417536065e+00
8.749000026084318904e+01,1.910061374969721948e+00
8.750000026087299432e+01,1.951046231847906043e+00
8.751000026090281381e+01,1.880776169212734716e+00
8.752000026093261908e+01,1.903489481505437952e+00
8.753000026096243857e+01,1.888364789227014784e+00
8.754000026099225806e+01,1.842491186531909575e+00
8.755000026102206334e+01,1.733656260010763894e+00
8.756000026105188283e+01,1.916701696515657805e+00
8.757000026108168811e+01,1.814518765771492737e+00
8.758000026111150760e+01,1.830995047351417826e+00
8.759000026114132709e+01,1.777879499190443635e+00
8.760000026117113237e+01,1.947516158063634872e+00
8.761000026120095185e+01,1.884739821876685539e+00
8.762000026123077134e+01,1.826865661229804871e+00
8.763000026126057662e+01,1.871399686477024149e+00
8.764000026129039611e+01,1.879182146890524985e+00
8.765000026132021560e+01,1.984714461043819211e+00
8.766000026135002088e+01,1.958477669827398460e+00
8.767000026137984037e+01,1.889582034159312807e+00
8.768000026140964565e+01,1.967752989590069834e+00
8.769000026143946513e+01,1.866790274841916952e+00
8.770000026146928462e+01,1.928514098754312123e+00
8.771000026149908990e+01,1.917325140589772214e+00
8.772000026152890939e+01,1.952829060005965012e+00
8.773000026155871467e+01,1.974410222433224060e+00
8.774000026158853416e+01,2.065092737879425489e+00
8.775000026161835365e+01,1.993407228811470366e+00
8.776000026164815893e+01,2.063204994922774205e+00
8.777000026167797841e+01,2.009812609836109765e+00
8.778000026170778369e+01,1.968926092738723765e+00
8.779000026173760318e+01,1.997566397118886838e+00
8.780000026176742267e+01,2.133422387063981240e+00
8.781000026179722795e+01,1.974681707847317780e+00
8.782000026182704744e+01,1.991852627743299076e+00
8.783000026185685272e+01,1.885053903391795016e+00
8.784000026188667221e+01,1.899638518151274713e+00
8.785000026191649170e+01,1.911498867778978372e+00
8.786000026194631118e+01,1.885884262677502310e+00
8.787000026197611646e+01,1.873302401396519823e+00
8.788000026200592174e+01,1.992848215644524190e+00
8.789000026203574123e+01,1.988896422643459116e+00
8.790000026206556072e+01,1.967996605476896477e+00
8.791000026209538021e+01,2.004917861527834244e+00
8.792000026212518549e+01,2.040085226142638319e+00
8.793000026215499076e+01,1.990206997105561593e+00
8.794000026218481025e+01,1.943571723089360326e+00
8.795000026221462974e+01,1.966245712191253325e+00
8.796000026224444923e+01,2.025168965600836923e+00
8.797000026227425451e+01,2.034710432483779918e+00
8.798000026230405979e+01,2.035497330080493050e+00
8.799000026233387928e+01,1.956144361558428635e+00
8.800000026236369877e+01,1.864714954657499257e+00
8.801000026239351826e+01,1.779275026980005281e+00
8.802000026242333774e+01,1.854663722858770125e+00
8.803000026245314302e+01,1.776270239586324129e+00
8.804000026248294830e+01,1.861158347422944725e+00
8.805000026251276779e+01,1.861491193157870372e+00
8.806000026254258728e+01,1.840847565040759859e+00
8.807000026257240677e+01,1.791151052203652227e+00
8.808000026260221205e+01,1.844931169620360301e+00
8.809000026263201732e+01,1.842263860339721226e+00
8.810000026266183681e+01,1.902968131830798271e+00
8.811000026269165630e+01,1.867800525345894691e+00
8.812000026272147579e+01,1.798609735678504240e+00
8.813000026275128107e+01,1.839309485454278414e+00
8.814000026278108635e+01,1.836270095835593308e+00
8.815000026281090584e+01,1.742713323807312475e+00
8.816000026284072533e+01,1.867883275853890357e+00
8.817000026287054482e+01,1.865645846087510495e+00
8.818000026290036431e+01,1.910456971124606218e+00
8.819000026293015537e+01,1.739199304375952160e+00
8.820000026295997486e+01,1.798422942995942408e+00
8.821000026298979435e+01,1.806716039350873437e+00
8.822000026301961384e+01,1.858260704537843200e+00
8.823000026304943333e+01,1.839296851312960612e+00
8.824000026307923861e+01,1.898270752994151822e+00
8.825000026310904389e+01,1.878403872061421565e+00
8.826000026313886337e+01,1.918970887744287479e+00
8.827000026316868286e+01,1.922998668263902866e+00
8.828000026319850235e+01,1.890271604027115915e+00
8.829000026322830763e+01,1.855049130230950860e+00
8.830000026325811291e+01,1.856406414657856940e+00
8.831000026328793240e+01,1.890540453890030337e+00
8.832000026331775189e+01,1.981605647377041590e+00
8.833000026334757138e+01,1.929938800945009802e+00
8.834000026337739087e+01,1.884067262498371642e+00
8.835000026340718193e+01,1.896504783626855151e+00
8.836000026343700142e+01,1.888104416965438848e+00
8.837000026346682091e+01,1.862272460975373134e+00
8.838000026349664040e+01,1.814312515817422922e+00
8.839000026352645989e+01,1.808081219898422631e+00
8.840000026355625096e+01,1.865737454227321734e+00
8.841000026358607045e+01,1.866092592860182808e+00
8.842000026361588993e+01,1.875822733885908811e+00
8.843000026364570942e+01,1.911300502436028115e+00
8.844000026367552891e+01,1.863512936543675114e+00
8.845000026370531998e+01,1.800875935211626144e+00
8.846000026373513947e+01,1.807218145044881652e+00
8.847000026376495896e+01,1.916995764304036953e+00
8.848000026379477845e+01,1.847142476693555135e+00
8.849000026382459794e+01,1.936684141505067291e+00
8.850000026385438900e+01,1.811040111269266006e+00
8.851000026388420849e+01,1.901889296128933982e+00
8.852000026391402798e+01,1.950886348544267568e+00
8.853000026394384747e+01,1.831297052042692552e+00
8.854000026397366696e+01,1.967041413034056552e+00
8.855000026400347224e+01,1.924460978569502823e+00
8.856000026403327752e+01,1.844003499965678028e+00
8.857000026406309701e+01,1.833450855461748130e+00
8.858000026409291650e+01,1.834239817346195567e+00
8.859000026412273598e+01,1.873991445437654502e+00
8.860000026415254126e+01,1.804350911987523398e+00
8.861000026418234654e+01,1.831001722535902099e+00
8.862000026421216603e+01,1.801401436352366492e+00
8.863000026424198552e+01,1.764016007540023523e+00
8.864000026427180501e+01,1.912196428280056537e+00
8.865000026430161029e+01,1.867621509930065926e+00
8.866000026433141556e+01,1.820020003311685786e+00
8.867000026436123505e+01,1.928134699210355851e+00
8.868000026439105454e+01,1.898884558454280169e+00
8.869000026442087403e+01,1.939480107569716560e+00
8.870000026445069352e+01,1.752863125890031792e+00
8.871000026448049880e+01,1.780538037590339684e+00
8.872000026451030408e+01,1.921218656802019531e+00
8.873000026454012357e+01,1.807032902189303680e+00
8.874000026456994306e+01,1.790772421403844294e+00
8.875000026459976255e+01,1.904028441599779908e+00
8.876000026462956782e+01,1.934921747826490623e+00
8.877000026465937310e+01,1.809179641865363175e+00
8.878000026468919259e+01,1.964145560774839261e+00
8.879000026471901208e+01,1.860103668985948921e+00
8.880000026474883157e+01,1.897608669773178436e+00
8.881000026477863685e+01,1.908320503908872201e+00
8.882000026480844213e+01,1.920323572636372544e+00
8.883000026483826161e+01,1.908645249577723080e+00
8.884000026486808110e+01,2.010702667898186746e+00
8.885000026489790059e+01,1.950851884156800331e+00
8.886000026492772008e+01,1.948851564779670920e+00
8.887000026495751115e+01,1.935811336228490998e+00
8.888000026498733064e+01,1.814625190730396076e+00
8.889000026501715013e+01,1.773272389706703089e+00
8.890000026504696962e+01,1.832185161330547540e+00
8.891000026507678911e+01,1.753079992663767683e+00
8.892000026510659438e+01,1.773092734655478342e+00
8.893000026513639966e+01,1.753322954021186764e+00
8.894000026516621915e+01,1.784704623286992531e+00
8.895000026519603864e+01,1.712037463185357877e+00
8.896000026522585813e+01,1.906157367029420957e+00
8.897000026525566341e+01,1.811896348798378353e+00
8.898000026528546869e+01,2.032690436379439802e+00
8.899000026531528817e+01,1.925499350926520359e+00
8.900000026534510766e+01,1.880172544393432288e+00
8.901000026537492715e+01,1.871217270961750279e+00
8.902000026540473243e+01,1.907775922801675073e+00
8.903000026543453771e+01,1.900485201571405103e+00
8.904000026546435720e+01,1.957677091438205119e+00
8.905000026549417669e+01,1.798756713700677690e+00
8.906000026552399618e+01,1.814159270138510971e+00
8.907000026555380146e+01,1.887538034640844131e+00
8.908000026558362094e+01,1.799462706651587807e+00
8.909000026561342622e+01,1.819308693229565232e+00
8.910000026564324571e+01,1.729548980465964281e+00
8.911000026567306520e+01,1.858627881381213820e+00
8.912000026570287048e+01,1.833619453251903009e+00
8.913000026573268997e+01,1.887095705678645929e+00
8.914000026576249525e+01,1.855040971975981501e+00
8.915000026579231474e+01,1.867516166811746814e+00
8.916000026582213422e+01,1.805169534341485305e+00
8.917000026585193950e+01,1.847788033468455327e+00
8.918000026588175899e+01,1.731683237978564271e+00
8.919000026591156427e+01,1.803841267839328966e+00
8.920000026594138376e+01,1.777720525425967368e+00
8.921000026597120325e+01,1.791552828473379710e+00
8.922000026600100853e+01,1.761741072653941087e+00
8.923000026603082802e+01,1.746002153443834581e+00
8.924000026606064750e+01,1.759672349954478854e+00
8.925000026609045278e+01,1.889749971275314300e+00
8.926000026612027227e+01,1.877683212512178068e+00
8.927000026615007755e+01,1.846499542178526854e+00
8.928000026617989704e+01,1.834102134766282699e+00
8.929000026620971653e+01,1.786852033524560346e+00
8.930000026623952181e+01,1.800814050708182679e+00
8.931000026626934130e+01,1.761141736070943153e+00
8.932000026629914657e+01,1.771438347733446772e+00
8.933000026632896606e+01,1.767486201054870421e+00
8.934000026635878555e+01,1.816460778240432283e+00
8.935000026638859083e+01,1.848712602425372609e+00
8.936000026641841032e+01,1.892317406932991108e+00
8.937000026644822981e+01,1.904024698727949216e+00
8.938000026647803509e+01,1.804215217790120729e+00
8.939000026650785458e+01,1.806585489092418673e+00
8.940000026653765985e+01,1.853894785338430884e+00
8.941000026656747934e+01,1.757074068283689616e+00
8.942000026659729883e+01,1.918101305264001688e+00
8.943000026662710411e+01,1.877502398517975513e+00
8.944000026665692360e+01,1.750586615981955863e+00
8.945000026668674309e+01,1.933283294720082424e+00
8.946000026671654837e+01,1.841181870133294263e+00
8.947000026674636786e+01,1.933319321684754399e+00
8.948000026677618735e+01,1.918830619169912044e+00
8.949000026680599262e+01,1.831995284379853484e+00
8.950000026683581211e+01,1.843685689482503332e+00
8.951000026686561739e+01,1.786519081748764837e+00
8.952000026689543688e+01,1.811221330684520181e+00
8.953000026692525637e+01,1.830507189613282515e+00
8.954000026695506165e+01,1.842248244110185285e+00
8.955000026698488114e+01,1.822919465708231712e+00
8.956000026701468641e+01,1.837363660937744836e+00
8.957000026704450590e+01,1.802762345364460561e+00
8.958000026707432539e+01,1.853889989308176167e+00
8.959000026710413067e+01,1.860921348267153830e+00
8.960000026713395016e+01,1.926051128886065111e+00
8.961000026716376965e+01,1.802780332124598095e+00
8.962000026719357493e+01,1.849459751487734671e+00
8.963000026722339442e+01,1.894135591847410760e+00
8.964000026725319970e+01,1.847249312031465696e+00
8.965000026728301918e+01,1.930042063423538234e+00
8.966000026731283867e+01,1.751100464335372031e+00
8.967000026734264395e+01,1.824611655245140796e+00
8.968000026737246344e+01,1.796311620386344288e+00
8.969000026740226872e+01,1.806221378470421968e+00
8.970000026743208821e+01,1.884319021611211342e+00
8.971000026746190770e+01,1.815396881832375575e+00
8.972000026749171298e+01,1.812276671915659110e+00
8.973000026752153246e+01,1.857493665066549449e+00
8.974000026755133774e+01,1.878412830583237270e+00
8.975000026758115723e+01,1.844097226108731613e+00
8.976000026761097672e+01,1.918367116585555587e+00
8.977000026764079621e+01,1.819915634052077902e+00
8.978000026767060149e+01,1.868555525964104236e+00
8.979000026770040677e+01,1.837541468562790214e+00
8.980000026773022626e+01,1.788153078285481978e+00
8.981000026776004574e+01,1.813735109942568480e+00
8.982000026778986523e+01,1.828724659939554353e+00
8.983000026781967051e+01,1.811892315911612483e+00
8.984000026784947579e+01,1.841325970340140783e+00
8.985000026787929528e+01,1.820327576142650949e+00
8.986000026790911477e+01,1.832990895824264443e+00
8.987000026793893426e+01,1.802302356554755569e+00
8.988000026796873954e+01,1.806637303177716980e+00
8.989000026799854481e+01,1.750593498525366609e+00
8.990000026802836430e+01,1.812733602393395316e+00
8.991000026805818379e+01,1.825763907325736124e+00
8.992000026808800328e+01,1.821600819452289466e+00
8.993000026811782277e+01,1.790432553341591237e+00
8.994000026814761384e+01,1.843137032585957069e+00
8.995000026817743333e+01,1.884478304507237079e+00
8.996000026820725282e+01,1.758087996630502303e+00
8.997000026823707231e+01,1.727396303337946692e+00
8.998000026826689179e+01,1.815896096498184953e+00
8.999000026829669707e+01,1.720640842588018193e+00
9.000000026832650235e+01,1.740051254075807519e+00
9.001000026835632184e+01,1.791689643909959218e+00
9.002000026838614133e+01,1.807817534550363980e+00
9.003000026841594661e+01,1.778524615908793738e+00
9.004000026844575189e+01,1.806208787594731691e+00
9.005000026847557137e+01,1.868826700594630408e+00
9.006000026850539086e+01,1.715497961810187544e+00
9.007000026853521035e+01,1.935867458355926995e+00
9.008000026856501563e+01,1.883995767184429182e+00
9.009000026859482091e+01,1.872446469777022671e+00
9.010000026862464040e+01,1.669812816037174796e+00
9.011000026865445989e+01,1.854821360617727066e+00
9.012000026868427938e+01,1.705066555311253618e+00
9.013000026871408465e+01,1.786360445484561410e+00
9.014000026874390414e+01,1.731055853003244493e+00
9.015000026877370942e+01,1.815185617161192644e+00
9.016000026880352891e+01,1.775821079537237113e+00
9.017000026883334840e+01,1.888311231267786772e+00
9.018000026886316789e+01,1.821241899500197325e+00
9.019000026889297317e+01,1.818691328116614603e+00
9.020000026892277845e+01,1.833204652164554416e+00
9.021000026895259793e+01,1.590417811108174151e+00
9.022000026898241742e+01,1.728722191323712520e+00
9.023000026901223691e+01,1.859333647458392802e+00
9.024000026904204219e+01,1.735849669504928361e+00
9.025000026907184747e+01,1.782679130277635027e+00
9.026000026910166696e+01,1.959604902335835508e+00
9.027000026913148645e+01,1.842637201732915786e+00
9.028000026916130594e+01,1.885097491654369017e+00
9.029000026919111122e+01,1.823836668388804982e+00
9.030000026922093070e+01,1.805403970544940950e+00
9.031000026925073598e+01,1.834339354064235650e+00
9.032000026928055547e+01,1.746217177441082624e+00
9.033000026931037496e+01,1.866393610667083758e+00
9.034000026934018024e+01,1.856541952044960198e+00
9.035000026936999973e+01,1.837185118995375843e+00
9.036000026939980501e+01,1.824195584954880989e+00
9.037000026942962450e+01,1.801146168367075084e+00
9.038000026945944398e+01,1.824094354405441543e+00
9.039000026948924926e+01,1.801390838325988675e+00
9.040000026951906875e+01,1.748069321120261588e+00
9.041000026954887403e+01,1.826239156971182442e+00
9.042000026957869352e+01,1.832944246438202640e+00
9.043000026960851301e+01,1.834091367804120631e+00
9.044000026963831829e+01,1.996244563873193600e+00
9.045000026966813778e+01,1.890114902382687534e+00
9.046000026969794305e+01,1.907423075645169774e+00
9.047000026972776254e+01,1.951268227078333251e+00
9.048000026975758203e+01,1.861828021194692262e+00
9.049000026978740152e+01,1.867656222882604355e+00
9.050000026981720680e+01,1.877927573384267079e+00
9.051000026984702629e+01,1.792454377372674879e+00
9.052000026987683157e+01,1.889857931694882254e+00
9.053000026990665106e+01,1.953209338726607402e+00
9.054000026993647054e+01,1.826576866700265533e+00
9.055000026996627582e+01,1.799952087600144468e+00
9.056000026999609531e+01,1.769701790734399705e+00
9.057000027002590059e+01,1.802167484176503853e+00
9.058000027005572008e+01,1.857331477926576158e+00
9.059000027008553957e+01,1.756145753240618612e+00
9.060000027011534485e+01,1.903976954642271568e+00
9.061000027014516434e+01,1.950010639954082858e+00
9.062000027017496961e+01,1.846470858172510443e+00
9.063000027020478910e+01,1.811555160089610261e+00
9.064000027023460859e+01,1.865919564039919099e+00
9.065000027026441387e+01,1.814148899811667048e+00
9.066000027029423336e+01,1.890834591644507068e+00
9.067000027032405285e+01,1.843827129120142683e+00
9.068000027035385813e+01,1.878672139590352952e+00
9.069000027038367762e+01,1.865124877372202006e+00
9.070000027041348289e+01,1.839643461082190568e+00
9.071000027044330238e+01,1.735819695493111103e+00
9.072000027047312187e+01,1.747879121178991468e+00
9.073000027050292715e+01,1.888041062309479212e+00
9.074000027053274664e+01,1.910574612861107857e+00
9.075000027056255192e+01,1.887993909878114218e+00
9.076000027059237141e+01,1.900346100037567876e+00
9.077000027062219090e+01,1.959524390792797721e+00
9.078000027065199617e+01,1.984527677083770980e+00
9.079000027068181566e+01,1.937241411267277558e+00
9.080000027071163515e+01,2.019364448962914338e+00
9.081000027074144043e+01,2.012268806136430221e+00
9.082000027077125992e+01,1.923916540388471708e+00
9.083000027080107941e+01,1.929600268219095360e+00
9.084000027083088469e+01,1.877290964132348750e+00
9.085000027086070418e+01,1.912534810791043371e+00
9.086000027089050946e+01,1.906800248209524540e+00
9.087000027092032894e+01,1.908709736432358639e+00
9.088000027095014843e+01,2.006272862727424222e+00
9.089000027097995371e+01,2.091195449927224725e+00
9.090000027100977320e+01,2.010205552759119829e+00
9.091000027103957848e+01,1.953895718353633848e+00
9.092000027106939797e+01,1.991447410482655611e+00
9.093000027109921746e+01,1.988636094805785515e+00
9.094000027112902274e+01,1.967860554205789425e+00
9.095000027115884222e+01,2.145791832589746928e+00
9.096000027118864750e+01,2.127466548550170700e+00
9.097000027121846699e+01,2.013121472930596401e+00
9.098000027124828648e+01,1.902775079508743250e+00
9.099000027127809176e+01,2.062990540333735190e+00
9.100000027130791125e+01,2.046613979977593534e+00
9.101000027133771653e+01,2.098410696827656796e+00
9.102000027136753602e+01,2.027500240706272550e+00
9.103000027139735550e+01,1.982369648494855863e+00
9.104000027142717499e+01,1.946463718915815599e+00
9.105000027145698027e+01,1.997040803441151757e+00
9.106000027148678555e+01,1.985868716189019612e+00
9.107000027151660504e+01,1.964366550833657188e+00
9.108000027154642453e+01,1.857511636341757200e+00
9.109000027157624402e+01,1.843027285209710486e+00
9.110000027160604930e+01,1.927948708297781311e+00
9.111000027163586878e+01,1.903936971898273933e+00
9.112000027166567406e+01,1.823777425454816914e+00
9.113000027169549355e+01,1.934978201179829327e+00
9.114000027172531304e+01,1.922012570370926987e+00
9.115000027175511832e+01,1.898920566725957659e+00
9.116000027178493781e+01,1.887457684957343007e+00
9.117000027181474309e+01,1.882234001009634783e+00
9.118000027184456258e+01,1.919769754011464435e+00
9.119000027187438207e+01,1.879833533228132625e+00
9.120000027190420155e+01,1.870581224774264806e+00
9.121000027193400683e+01,1.895478513905882734e+00
9.122000027196381211e+01,1.852526621549020369e+00
9.123000027199363160e+01,1.890831170863328525e+00
9.124000027202345109e+01,1.845865732571031259e+00
9.125000027205327058e+01,1.845276311249675505e+00
9.126000027208307586e+01,1.885554059763732804e+00
9.127000027211288113e+01,1.910594916077752670e+00
9.128000027214270062e+01,1.963452990026126388e+00
9.129000027217252011e+01,1.845599445564193086e+00
9.130000027220233960e+01,1.861408834660519096e+00
9.131000027223214488e+01,1.792101336620800511e+00
9.132000027226195016e+01,1.994996492330134652e+00
9.133000027229176965e+01,1.943906319560754659e+00
9.134000027232158914e+01,1.940756309640024213e+00
9.135000027235140863e+01,1.890079440135904454e+00
9.136000027238122811e+01,1.881312684278896530e+00
9.137000027241101918e+01,1.819228559401627310e+00
9.138000027244083867e+01,1.761491233596184092e+00
9.139000027247065816e+01,1.941487222986029604e+00
9.140000027250047765e+01,1.888750089161011392e+00
9.141000027253029714e+01,1.913162629900714951e+00
9.142000027256010242e+01,1.966137280493550632e+00
9.143000027258990769e+01,1.820805814331097894e+00
9.144000027261972718e+01,1.784026447939608850e+00
9.145000027264954667e+01,1.783886585512118206e+00
9.146000027267936616e+01,1.827398811104971488e+00
9.147000027270917144e+01,1.824347726761834876e+00
9.148000027273897672e+01,1.813061370281557005e+00
9.149000027276879621e+01,1.826467367362185401e+00
9.150000027279861570e+01,1.906666802539771277e+00
9.151000027282843519e+01,1.918547834976206623e+00
9.152000027285825468e+01,1.863577185143109993e+00
9.153000027288804574e+01,1.968688540485874494e+00
9.154000027291786523e+01,1.831747411742942200e+00
9.155000027294768472e+01,1.760748180058640866e+00
9.156000027297750421e+01,1.707194058247853530e+00
9.157000027300732370e+01,1.788442505733910171e+00
9.158000027303711477e+01,1.828285748300695568e+00
9.159000027306693426e+01,1.768589656448957159e+00
9.160000027309675374e+01,1.809370105294580089e+00
9.161000027312657323e+01,1.822813668511047425e+00
9.162000027315639272e+01,1.746471217077973703e+00
9.163000027318618379e+01,1.867038613641790024e+00
9.164000027321600328e+01,1.769601052013644260e+00
9.165000027324582277e+01,1.798736229226704397e+00
9.166000027327564226e+01,1.846460688301602371e+00
9.167000027330546175e+01,1.831627495725319799e+00
9.168000027333525281e+01,1.915188868076608042e+00
9.169000027336507230e+01,1.866932777818290479e+00
9.170000027339489179e+01,1.948770275836261279e+00
9.171000027342471128e+01,1.847580830164267107e+00
9.172000027345453077e+01,1.810204363275405237e+00
9.173000027348433605e+01,1.863091615571902171e+00
9.174000027351414133e+01,1.701753637505161176e+00
9.175000027354396082e+01,1.752407623475646714e+00
9.176000027357378031e+01,1.768146791273132123e+00
9.177000027360359979e+01,1.843167459950366904e+00
9.178000027363341928e+01,1.840342798854282869e+00
9.179000027366321035e+01,1.822420839466521558e+00
9.180000027369302984e+01,1.847945507910591312e+00
9.181000027372284933e+01,1.797660587683758582e+00
9.182000027375266882e+01,1.967591609611882841e+00
9.183000027378248831e+01,1.981799208098034448e+00
9.184000027381227937e+01,1.894848130472459813e+00
9.185000027384209886e+01,1.802549090534520060e+00
9.186000027387191835e+01,1.848964810337277997e+00
9.187000027390173784e+01,1.896048941114415021e+00
9.188000027393155733e+01,1.839404720201783583e+00
9.189000027396136261e+01,1.903024426931806845e+00
9.190000027399116789e+01,1.952745456219163289e+00
9.191000027402098738e+01,1.875670371705801420e+00
9.192000027405080687e+01,1.829472186299074821e+00
9.193000027408062635e+01,1.908479102225739021e+00
9.194000027411043163e+01,1.801543551474327876e+00
9.195000027414023691e+01,1.843992160921232859e+00
9.196000027417005640e+01,1.913907592023380122e+00
9.197000027419987589e+01,1.846940870687922009e+00
9.198000027422969538e+01,1.831034593567606894e+00
9.199000027425950066e+01,1.838779414551863001e+00
9.200000027428930593e+01,1.820319129222744081e+00
9.201000027431912542e+01,1.849134106982699866e+00
9.202000027434894491e+01,1.696226456081791012e+00
9.203000027437876440e+01,1.859588337567759542e+00
9.204000027440858389e+01,1.896025847235499606e+00
9.205000027443837496e+01,1.903974111703537142e+00
9.206000027446819445e+01,1.809650854027065270e+00
9.207000027449801394e+01,1.969844912918358615e+00
9.208000027452783343e+01,1.951629619606952692e+00
9.209000027455765292e+01,1.960297786192927605e+00
9.210000027458745819e+01,1.833373997559176516e+00
9.211000027461726347e+01,1.882975830594958433e+00
9.212000027464708296e+01,1.943488639671670848e+00
9.213000027467690245e+01,1.797548139489255403e+00
9.214000027470672194e+01,1.828214459093236322e+00
9.215000027473652722e+01,1.910624041081534497e+00
9.216000027476633250e+01,1.860742004141686889e+00
9.217000027479615198e+01,1.764106243223118264e+00
9.218000027482597147e+01,1.680943688666109548e+00
9.219000027485579096e+01,1.845247545138712253e+00
9.220000027488559624e+01,1.738943303165824794e+00
9.221000027491540152e+01,1.765555781900190802e+00
9.222000027494522101e+01,1.672277620428231915e+00
9.223000027497504050e+01,1.768532133110727989e+00
9.224000027500485999e+01,1.749143440248462911e+00
9.225000027503466526e+01,1.733222002746794610e+00
9.226000027506448475e+01,1.701516315420290582e+00
9.227000027509429003e+01,1.734200596646810810e+00
9.228000027512410952e+01,1.744486662333171179e+00
9.229000027515392901e+01,1.911937344579314413e+00
9.230000027518373429e+01,1.738989307513586713e+00
9.231000027521355378e+01,1.668209326418476079e+00
9.232000027524335906e+01,1.769271105047870440e+00
9.233000027527317854e+01,1.798119253463617673e+00
9.234000027530299803e+01,1.827383962696131681e+00
9.235000027533280331e+01,1.891668910724565666e+00
9.236000027536262280e+01,1.855437823630782912e+00
9.237000027539242808e+01,1.863783578105796979e+00
9.238000027542224757e+01,1.732339451315155765e+00
9.239000027545206706e+01,1.935052888022753326e+00
9.240000027548188655e+01,1.840501397627310354e+00
9.241000027551169183e+01,1.822277834716320655e+00
9.242000027554151131e+01,1.790952620217953761e+00
9.243000027557131659e+01,1.897883588919698328e+00
9.244000027560113608e+01,1.795884515726709818e+00
9.245000027563095557e+01,1.772929747273932266e+00
9.246000027566076085e+01,1.810151918662098680e+00
9.247000027569058034e+01,1.725290597066348575e+00
9.248000027572038562e+01,1.893314277247635014e+00
9.249000027575020511e+01,1.806067884234058063e+00
9.250000027578002459e+01,1.828271822693948501e+00
9.251000027580982987e+01,1.899462831046546674e+00
9.252000027583964936e+01,1.853645925832635433e+00
9.253000027586945464e+01,1.783984676786844581e+00
9.254000027589927413e+01,1.781863849434029756e+00
9.255000027592909362e+01,1.837756333560236932e+00
9.256000027595889890e+01,1.835661666852652196e+00
9.257000027598871839e+01,1.793484351643304775e+00
9.258000027601852366e+01,1.768772332812311276e+00
9.259000027604834315e+01,1.871221494545257436e+00
9.260000027607816264e+01,1.844973669927848503e+00
9.261000027610796792e+01,1.801451188051232943e+00
9.262000027613778741e+01,1.898518051792978945e+00
9.263000027616760690e+01,1.958817139012701825e+00
9.264000027619741218e+01,1.835135778038831100e+00
9.265000027622723167e+01,1.773286389043466915e+00
9.266000027625705115e+01,1.734378857695793030e+00
9.267000027628685643e+01,1.829217601334075516e+00
9.268000027631667592e+01,1.766953568741862934e+00
9.269000027634648120e+01,1.891995478052937552e+00
9.270000027637630069e+01,1.868133017971079557e+00
9.271000027640612018e+01,1.910615951089550402e+00
9.272000027643592546e+01,1.825866202091932733e+00
9.273000027646574495e+01,1.903084262157557216e+00
9.274000027649555022e+01,1.840794615355296093e+00
9.275000027652536971e+01,1.810679222327465254e+00
9.276000027655518920e+01,1.888891653674566573e+00
9.277000027658499448e+01,1.726261502646009749e+00
9.278000027661481397e+01,1.802305672533315306e+00
9.279000027664463346e+01,1.807989473638564215e+00
9.280000027667443874e+01,1.803922762608008989e+00
9.281000027670425823e+01,1.851304121037075090e+00
9.282000027673406350e+01,1.868453535051734615e+00
9.283000027676388299e+01,1.863524465199927427e+00
9.284000027679370248e+01,1.878482180086731290e+00
9.285000027682350776e+01,1.974684506339457801e+00
9.286000027685332725e+01,1.877202735877856021e+00
9.287000027688313253e+01,1.937232062179498060e+00
9.288000027691295202e+01,1.959499437584381498e+00
9.289000027694277151e+01,1.912547645601335944e+00
9.290000027697257678e+01,1.869134905730128304e+00
9.291000027700239627e+01,2.001648616353415733e+00
9.292000027703220155e+01,1.888481840552598934e+00
9.293000027706202104e+01,1.840365613686155033e+00
9.294000027709184053e+01,1.907048670646027233e+00
9.295000027712166002e+01,1.811060277330570178e+00
9.296000027715146530e+01,1.861897534421919298e+00
9.297000027718127058e+01,1.855802334025772105e+00
9.298000027721109007e+01,1.869119889032984760e+00
9.299000027724090955e+01,1.951374293022542394e+00
9.300000027727072904e+01,1.861753911206046386e+00
9.301000027730053432e+01,1.908452545741053052e+00
9.302000027733035381e+01,1.792603119189621230e+00
9.303000027736015909e+01,1.843363687636732307e+00
9.304000027738997858e+01,1.826969420690607526e+00
9.305000027741979807e+01,1.921388939132088414e+00
9.306000027744960335e+01,1.750226000450257446e+00
9.307000027747942283e+01,1.785630936263423285e+00
9.308000027750922811e+01,1.647322894202764454e+00
9.309000027753904760e+01,1.641658284324293726e+00
9.310000027756886709e+01,1.698312243898634222e+00
9.311000027759868658e+01,1.761602492877774040e+00
9.312000027762849186e+01,1.725223947153617043e+00
9.313000027765829714e+01,1.714745643220840554e+00
9.314000027768811663e+01,1.617875551812794077e+00
9.315000027771793611e+01,1.794950935140268378e+00
9.316000027774775560e+01,1.822816602616366799e+00
9.317000027777756088e+01,1.995132382909972968e+00
9.318000027780736616e+01,1.844388834705705360e+00
9.319000027783718565e+01,1.861139096190788322e+00
9.320000027786700514e+01,1.850183290157462634e+00
9.321000027789682463e+01,1.961397041355179116e+00
9.322000027792662991e+01,1.864655990723255163e+00
9.323000027795643518e+01,1.792164355118295527e+00
9.324000027798625467e+01,1.777169650655116673e+00
9.325000027801607416e+01,1.800544970760831642e+00
9.326000027804589365e+01,1.857775943787686845e+00
9.327000027807569893e+01,1.733960852478966697e+00
9.328000027810551842e+01,1.827086748067047406e+00
9.329000027813532370e+01,1.846106363461478495e+00
9.330000027816514319e+01,1.786282334886314382e+00
9.331000027819496268e+01,1.853371740777076893e+00
9.332000027822478216e+01,1.737028458657558616e+00
9.333000027825458744e+01,1.786142445856776284e+00
9.334000027828439272e+01,1.783180088751613157e+00
9.335000027831421221e+01,1.810436094940442775e+00
9.336000027834403170e+01,1.817415019519267094e+00
9.337000027837385119e+01,1.758617039134061644e+00
9.338000027840365647e+01,1.610852602212196505e+00
9.339000027843346174e+01,1.568712240228363752e+00
9.340000027846328123e+01,1.730232793889189269e+00
9.341000027849310072e+01,1.606864771019577365e+00
9.342000027852292021e+01,1.698033276830200222e+00
9.343000027855272549e+01,1.642612908123348259e+00
9.344000027858253077e+01,1.801890091176301611e+00
9.345000027861235026e+01,1.637082886750157451e+00
9.346000027864216975e+01,1.736629943045640001e+00
9.347000027867198924e+01,1.819237481093475051e+00
9.348000027870180872e+01,1.900711995451206615e+00
9.349000027873159979e+01,1.871178195146022682e+00
9.350000027876141928e+01,1.839145004664954008e+00
9.351000027879123877e+01,1.821746912387924633e+00
9.352000027882105826e+01,1.773086347683117348e+00
9.353000027885087775e+01,1.780606649624129290e+00
9.354000027888066882e+01,1.847859933145259204e+00
9.355000027891048830e+01,1.928083470476839256e+00
9.356000027894030779e+01,1.771082408666089458e+00
9.357000027897012728e+01,1.763173766214167326e+00
9.358000027899994677e+01,1.725239059614889214e+00
9.359000027902973784e+01,1.816992107294437497e+00
9.360000027905955733e+01,1.759464830863571194e+00
9.361000027908937682e+01,1.785983549532834003e+00
9.362000027911919631e+01,1.804011356894263951e+00
9.363000027914901580e+01,1.752637100952072702e+00
9.364000027917883529e+01,1.932826376564302340e+00
9.365000027920862635e+01,1.830898768695012446e+00
9.366000027923844584e+01,1.914245444701177190e+00
9.367000027926826533e+01,1.817019278730218623e+00
9.368000027929808482e+01,1.846542030758850483e+00
9.369000027932790431e+01,1.851067612558694675e+00
9.370000027935769538e+01,1.891150868705705257e+00
9.371000027938751487e+01,1.817898556613364969e+00
9.372000027941733435e+01,1.821910872661643310e+00
9.373000027944715384e+01,1.855379611240784765e+00
9.374000027947697333e+01,1.727814120253692298e+00
9.375000027950676440e+01,1.809630656781977098e+00
9.376000027953658389e+01,1.922129073507825137e+00
9.377000027956640338e+01,1.822896434938167554e+00
9.378000027959622287e+01,1.767956753152859939e+00
9.379000027962604236e+01,1.791472476192386587e+00
9.380000027965583342e+01,1.783344999427481259e+00
9.381000027968565291e+01,1.843980835400221618e+00
9.382000027971547240e+01,1.812264663125787711e+00
9.383000027974529189e+01,1.801748473299406683e+00
9.384000027977511138e+01,1.789837484641631393e+00
9.385000027980491666e+01,1.840923483045027176e+00
9.386000027983472194e+01,1.887759247422888587e+00
9.387000027986454143e+01,1.912858712618083157e+00
9.388000027989436092e+01,1.934019995688377014e+00
9.389000027992418040e+01,1.839606476218473397e+00
9.390000027995399989e+01,1.886486791323169321e+00
9.391000027998379096e+01,1.911908951634436971e+00
9.392000028001361045e+01,1.872157174747111963e+00
9.393000028004342994e+01,1.867544333383740707e+00
9.394000028007324943e+01,2.022062737937916577e+00
9.395000028010306892e+01,2.097510266986363447e+00
9.396000028013285998e+01,2.010898951383052413e+00
9.397000028016267947e+01,1.907508330503728589e+00
9.398000028019249896e+01,1.828332933332104782e+00
9.399000028022231845e+01,1.757544650690878063e+00
9.400000028025213794e+01,1.930937434795311436e+00
9.401000028028194322e+01,1.744448891722469419e+00
9.402000028031174850e+01,1.784530114102797826e+00
9.403000028034156799e+01,1.804184596550308495e+00
9.404000028037138748e+01,1.865178288248488636e+00
9.405000028040120696e+01,1.839966297690130537e+00
9.406000028043101224e+01,1.838849225285990929e+00
9.407000028046081752e+01,1.842969288993903110e+00
9.408000028049063701e+01,1.737363541136345502e+00
9.409000028052045650e+01,1.902229068241394705e+00
9.410000028055027599e+01,1.893656837201717291e+00
9.411000028058008127e+01,1.838320586585661776e+00
9.412000028060988654e+01,1.693079482384000300e+00
9.413000028063970603e+01,1.802951594835485505e+00
9.414000028066952552e+01,1.772097461963362930e+00
9.415000028069934501e+01,1.741327125476755056e+00
9.416000028072915029e+01,1.700414994588764550e+00
9.417000028075895557e+01,1.743085647838860552e+00
9.418000028078877506e+01,1.829021596398810567e+00
9.419000028081859455e+01,1.785727679195196371e+00
9.420000028084841404e+01,1.885222154610983969e+00
9.421000028087821931e+01,1.748802508966329272e+00
9.422000028090803880e+01,1.734233844913083855e+00
9.423000028093784408e+01,1.748216408806718691e+00
9.424000028096766357e+01,1.778906216015488928e+00
9.425000028099748306e+01,1.761753097001447665e+00
9.426000028102728834e+01,1.752100046503696662e+00
9.427000028105710783e+01,1.710998400809734088e+00
9.428000028108691311e+01,1.859481573318747971e+00
9.429000028111673259e+01,1.703287056528526078e+00
9.430000028114655208e+01,1.789181591033994101e+00
9.431000028117637157e+01,1.774941950195815021e+00
9.432000028120617685e+01,1.755429382545621309e+00
9.433000028123598213e+01,1.701591735978140285e+00
9.434000028126580162e+01,1.671247470728011608e+00
9.435000028129562111e+01,1.775761235697236318e+00
9.436000028132544060e+01,1.657710921314323294e+00
9.437000028135524587e+01,1.715972854894013189e+00
9.438000028138506536e+01,1.693437269169009163e+00
9.439000028141487064e+01,1.812359096276435766e+00
9.440000028144469013e+01,1.769513597355918177e+00
9.441000028147450962e+01,1.610973507831688245e+00
9.442000028150431490e+01,1.655157150322517534e+00
9.443000028153413439e+01,1.568329117398725492e+00
9.444000028156393967e+01,1.543357466597282235e+00
9.445000028159375915e+01,1.733169770130783327e+00
9.446000028162357864e+01,1.549655643751701062e+00
9.447000028165338392e+01,1.643474648044314534e+00
9.448000028168320341e+01,1.656893145070051032e+00
9.449000028171300869e+01,1.553145055685674958e+00
9.450000028174282818e+01,1.632970719417072392e+00
9.451000028177264767e+01,1.592668781294819702e+00
9.452000028180246716e+01,1.710080957282318126e+00
9.453000028183227244e+01,1.632960332683807358e+00
9.454000028186209192e+01,1.650609208945336581e+00
9.455000028189189720e+01,1.734162801577307844e+00
9.456000028192171669e+01,1.743525117559331372e+00
9.457000028195153618e+01,1.737823044806712014e+00
9.458000028198134146e+01,1.864345207626575407e+00
9.459000028201116095e+01,1.828875050765823351e+00
9.460000028204096623e+01,1.806078152486916499e+00
9.461000028207078572e+01,1.675081190893467742e+00
9.462000028210060520e+01,1.708401476415784881e+00
9.463000028213041048e+01,1.676134902030012253e+00
9.464000028216022997e+01,1.603790512021127102e+00
9.465000028219003525e+01,1.750777447534836773e+00
9.466000028221985474e+01,1.641718319087519085e+00
9.467000028224967423e+01,1.751855422396807915e+00
9.468000028227947951e+01,1.884146059547296748e+00
9.469000028230929900e+01,1.635920663982039169e+00
9.470000028233911848e+01,1.674022201105966445e+00
9.471000028236892376e+01,1.799467557710910270e+00
9.472000028239874325e+01,1.826189308606024575e+00
9.473000028242854853e+01,1.795392899218527516e+00
9.474000028245836802e+01,1.778142481010452247e+00
9.475000028248818751e+01,1.747217032872164788e+00
9.476000028251799279e+01,1.820931876943176375e+00
9.477000028254781228e+01,1.802697370719393843e+00
9.478000028257761755e+01,1.787615945455731659e+00
9.479000028260743704e+01,1.834245646265138197e+00
9.480000028263725653e+01,1.817181035994196892e+00
9.481000028266706181e+01,1.914363807973918030e+00
9.482000028269688130e+01,1.885621183199631234e+00
9.483000028272668658e+01,1.843228383757050004e+00
9.484000028275650607e+01,1.983120265316657971e+00
9.485000028278632556e+01,1.877222913425429462e+00
9.486000028281613083e+01,1.925834201569994963e+00
9.487000028284595032e+01,1.857465597101408905e+00
9.488000028287575560e+01,1.766916594011326946e+00
9.489000028290557509e+01,1.709462960229210404e+00
9.490000028293539458e+01,1.762124657486956680e+00
9.491000028296521407e+01,1.816430782032885771e+00
9.492000028299501935e+01,1.829556007344165236e+00
9.493000028302483884e+01,1.795597180106284663e+00
9.494000028305464411e+01,1.757495625184296806e+00
9.495000028308446360e+01,1.854466278629204323e+00
9.496000028311428309e+01,1.790125339276893213e+00
9.497000028314408837e+01,1.863672859065363951e+00
9.498000028317390786e+01,1.905250239018801750e+00
9.499000028320371314e+01,1.880775672524749975e+00
9.500000028323353263e+01,1.915484743017651592e+00
9.501000028326335212e+01,1.861096292215420167e+00
9.502000028329315739e+01,1.766579142860848162e+00
9.503000028332297688e+01,1.722147787225183579e+00
9.504000028335278216e+01,1.819181969139232802e+00
9.505000028338260165e+01,1.858845230817822491e+00
9.506000028341242114e+01,1.738084179182159739e+00
9.507000028344224063e+01,1.837721440117097149e+00
9.508000028347204591e+01,1.909765741942704542e+00
9.509000028350185119e+01,1.879015493691498895e+00
9.510000028353167068e+01,1.861644249870062939e+00
9.511000028356149016e+01,1.945800745801466114e+00
9.512000028359130965e+01,1.966602178205628437e+00
9.513000028362111493e+01,1.894638675311038245e+00
9.514000028365093442e+01,1.791451681289856657e+00
9.515000028368073970e+01,1.925384978271482694e+00
9.516000028371055919e+01,1.947449810582579266e+00
9.517000028374037868e+01,1.933393589843661164e+00
9.518000028377018396e+01,1.881694309467268011e+00
9.519000028380000344e+01,1.885137514729307018e+00
9.520000028382980872e+01,1.894437018353995805e+00
9.521000028385962821e+01,1.828043448508783086e+00
9.522000028388944770e+01,1.935387721175322318e+00
9.523000028391926719e+01,1.921298760159519947e+00
9.524000028394907247e+01,1.972611046163989190e+00
9.525000028397887775e+01,1.878993319730844824e+00
9.526000028400869724e+01,1.971977676038354721e+00
9.527000028403851672e+01,1.836115073509981155e+00
9.528000028406833621e+01,1.811383940757817168e+00
9.529000028409814149e+01,1.790964063884191937e+00
9.530000028412794677e+01,1.887783128263790244e+00
9.531000028415776626e+01,1.932790916054749619e+00
9.532000028418758575e+01,1.900855738252593685e+00
9.533000028421740524e+01,1.944310265013418970e+00
9.534000028424721052e+01,1.816953530515298398e+00
9.535000028427701579e+01,1.939805038571855933e+00
9.536000028430683528e+01,1.990316592813708541e+00
9.537000028433665477e+01,1.844351009062338953e+00
9.538000028436647426e+01,1.916950158489538758e+00
9.539000028439627954e+01,1.873554151627150777e+00
9.540000028442608482e+01,1.747920503121635383e+00
9.541000028445590431e+01,1.834021712818093119e+00
9.542000028448572380e+01,1.868886791519148050e+00
9.543000028451554329e+01,1.787964278612260705e+00
9.544000028454536277e+01,1.804131025363755692e+00
9.545000028457515384e+01,1.855437132692457691e+00
9.546000028460497333e+01,1.783641395625140902e+00
9.547000028463479282e+01,1.777127153784915592e+00
9.548000028466461231e+01,1.899479072655525735e+00
9.549000028469443180e+01,1.925957528983982092e+00
9.550000028472422287e+01,2.030137109579420951e+00
9.551000028475404235e+01,1.809077067892010282e+00
9.552000028478386184e+01,1.920255484107091348e+00
9.553000028481368133e+01,1.915592043864775773e+00
9.554000028484350082e+01,1.959652623380726544e+00
9.555000028487330610e+01,1.842980045021783253e+00
9.556000028490311138e+01,1.930884186945462266e+00
9.557000028493293087e+01,1.839933314884506732e+00
9.558000028496275036e+01,1.971792310254968816e+00
9.559000028499256985e+01,1.853749998310209035e+00
9.560000028502238933e+01,1.919239433119126703e+00
9.561000028505218040e+01,1.946810730894626085e+00
9.562000028508199989e+01,1.970608466301780437e+00
9.563000028511181938e+01,1.851994961773895998e+00
9.564000028514163887e+01,1.859493498561913372e+00
9.565000028517145836e+01,1.794591607690145807e+00
9.566000028520124943e+01,1.912441687146638980e+00
9.567000028523106891e+01,1.872487601733159979e+00
9.568000028526088840e+01,1.857606390606715285e+00
9.569000028529070789e+01,1.788572103117231471e+00
9.570000028532052738e+01,1.867583021457975390e+00
9.571000028535031845e+01,1.790862524775863385e+00
9.572000028538013794e+01,1.821147246857184543e+00
9.573000028540995743e+01,1.823209196773691421e+00
9.574000028543977692e+01,1.918598165235062991e+00
9.575000028546959641e+01,1.852252146390503063e+00
9.576000028549941590e+01,1.883916247387891429e+00
9.577000028552920696e+01,1.813761663070746488e+00
9.578000028555902645e+01,1.723317276199792802e+00
9.579000028558884594e+01,1.762567556244448719e+00
9.580000028561866543e+01,1.715305242271236041e+00
9.581000028564848492e+01,1.716450353449728183e+00
9.582000028567827599e+01,1.815040743249408450e+00
9.583000028570809548e+01,1.754986791772985777e+00
9.584000028573791496e+01,1.670493311592580854e+00
9.585000028576773445e+01,1.829055601176160950e+00
9.586000028579755394e+01,1.716162552091058391e+00
9.587000028582734501e+01,1.761472280690560277e+00
9.588000028585716450e+01,1.954540454676922723e+00
9.589000028588698399e+01,1.831461249761584087e+00
9.590000028591680348e+01,1.714943411038055032e+00
9.591000028594662297e+01,1.794011213006928784e+00
9.592000028597641403e+01,1.768880204493244124e+00
9.593000028600623352e+01,1.850565466383064184e+00
9.594000028603605301e+01,1.699670972305658223e+00
9.595000028606587250e+01,1.825452295185868268e+00
9.596000028609569199e+01,1.582536412908457368e+00
9.597000028612549727e+01,1.659326531843759556e+00
9.598000028615530255e+01,1.764547957474606354e+00
9.599000028618512204e+01,1.891682963228241476e+00
9.600000028621494153e+01,1.842930949870976498e+00
9.601000028624476101e+01,1.741585650115742512e+00
9.602000028627456629e+01,1.754814898426210190e+00
9.603000028630437157e+01,1.759416300947799439e+00
9.604000028633419106e+01,1.639655854144902447e+00
9.605000028636401055e+01,1.668088464392746495e+00
9.606000028639383004e+01,1.837899989101255294e+00
9.607000028642363532e+01,1.852289938691236815e+00
9.608000028645344059e+01,1.689243466830598894e+00
9.609000028648326008e+01,1.712420385378611298e+00
9.610000028651307957e+01,1.642706867757142586e+00
9.611000028654289906e+01,1.780060527524684355e+00
9.612000028657270434e+01,1.734993370105253785e+00
9.613000028660252383e+01,1.681269782767808252e+00
9.614000028663232911e+01,1.726671199393515987e+00
9.615000028666214860e+01,1.700082352558413001e+00
9.616000028669196809e+01,1.597499526937587566e+00
9.617000028672178757e+01,1.812516051886874147e+00
9.618000028675159285e+01,1.608035967896622065e+00
9.619000028678139813e+01,1.681991981422889193e+00
9.620000028681121762e+01,1.612928866968000419e+00
9.621000028684103711e+01,1.700002520426511676e+00
9.622000028687085660e+01,1.680293207916340625e+00
9.623000028690066188e+01,1.543874737368528427e+00
9.624000028693046715e+01,1.458794142047280307e+00
9.625000028696028664e+01,1.633578914954480155e+00
9.626000028699010613e+01,1.608228710218110313e+00
9.627000028701992562e+01,1.638776108628911210e+00
9.628000028704973090e+01,1.776493627970074485e+00
9.629000028707955039e+01,1.636627071999442684e+00
9.630000028710935567e+01,1.635269774612915450e+00
9.631000028713917516e+01,1.696176890376230206e+00
9.632000028716899465e+01,1.690302164129628748e+00
9.633000028719879992e+01,1.753039618111902564e+00
9.634000028722861941e+01,1.659556414080738396e+00
9.635000028725842469e+01,1.682247534737856931e+00
9.636000028728824418e+01,1.648972821976082193e+00
9.637000028731806367e+01,1.733100925541445347e+00
9.638000028734788316e+01,1.764623205434280750e+00
9.639000028737768844e+01,1.705986956047273351e+00
9.640000028740749372e+01,1.664697512450057815e+00
9.641000028743731320e+01,1.593107378122708528e+00
9.642000028746713269e+01,1.725726619084614111e+00
9.643000028749695218e+01,1.668196200085141134e+00
9.644000028752675746e+01,1.652015921240065355e+00
9.645000028755656274e+01,1.675789103932426194e+00
9.646000028758638223e+01,1.604741358722818090e+00
9.647000028761620172e+01,1.605868377462925212e+00
9.648000028764602121e+01,1.688936612147737382e+00
9.649000028767582648e+01,1.637183787876546948e+00
9.650000028770564597e+01,1.724136670674063065e+00
9.651000028773545125e+01,1.668587111754572749e+00
9.652000028776527074e+01,1.676755937598782387e+00
9.653000028779509023e+01,1.561667600378207510e+00
9.654000028782489551e+01,1.655890503326230778e+00
9.655000028785471500e+01,1.683009379282294438e+00
9.656000028788452028e+01,1.703156842363038770e+00
9.657000028791433976e+01,1.805758381860714135e+00
9.658000028794415925e+01,1.912544928226024732e+00
9.659000028797396453e+01,1.714498484454477278e+00
9.660000028800378402e+01,1.649862019363079968e+00
9.661000028803358930e+01,1.723754873598967174e+00
9.662000028806340879e+01,1.716265858112006937e+00
9.663000028809322828e+01,1.719806373577261294e+00
9.664000028812303356e+01,1.710002614825729017e+00
9.665000028815285305e+01,1.519862849451175890e+00
9.666000028818267253e+01,1.588723888708415188e+00
9.667000028821247781e+01,1.637883356924716427e+00
9.668000028824229730e+01,1.637283235165220452e+00
9.669000028827210258e+01,1.627463121023681181e+00
9.670000028830192207e+01,1.627878036205655743e+00
9.671000028833174156e+01,1.587374900693771185e+00
9.672000028836154684e+01,1.727759141685387023e+00
9.673000028839136633e+01,1.622168457105544581e+00
9.674000028842117160e+01,1.597380201203445038e+00
9.675000028845099109e+01,1.552785773149335746e+00
9.676000028848081058e+01,1.660364120051375236e+00
9.677000028851061586e+01,1.541110610609962572e+00
9.678000028854043535e+01,1.630171501214299656e+00
9.679000028857025484e+01,1.605287005086394325e+00
9.680000028860006012e+01,1.723560892904777653e+00
9.681000028862987961e+01,1.712990789522329527e+00
9.682000028865969909e+01,1.687810252566330771e+00
9.683000028868950437e+01,1.660336031736995066e+00
9.684000028871932386e+01,1.756748430986815324e+00
9.685000028874912914e+01,1.702920981135012335e+00
9.686000028877894863e+01,1.643441836428838787e+00
9.687000028880876812e+01,1.586338462780553682e+00
9.688000028883857340e+01,1.705888029817116180e+00
9.689000028886839289e+01,1.678757958812072903e+00
9.690000028889819816e+01,1.900755224322520309e+00
9.691000028892801765e+01,1.766135650893951858e+00
9.692000028895783714e+01,1.811601089393815256e+00
9.693000028898764242e+01,1.684785526757335505e+00
9.694000028901746191e+01,1.741786152181756364e+00
9.695000028904726719e+01,1.828959004939764599e+00
9.696000028907708668e+01,1.797248743812610128e+00
9.697000028910690617e+01,1.795018746304083423e+00
9.698000028913671144e+01,1.697712837584354872e+00
9.699000028916653093e+01,1.746879831830396634e+00
9.700000028919635042e+01,1.667472260554217156e+00
9.701000028922615570e+01,1.681282777262676387e+00
9.702000028925597519e+01,1.685910660203518319e+00
9.703000028928579468e+01,1.743623966874529030e+00
9.704000028931559996e+01,1.591179704339568790e+00
9.705000028934541945e+01,1.703494423109346734e+00
9.706000028937522472e+01,1.825551867410816653e+00
9.707000028940504421e+01,1.833814470052540502e+00
9.708000028943486370e+01,1.717699940373272449e+00
9.709000028946466898e+01,1.635709995655786342e+00
9.710000028949448847e+01,1.802425881596775525e+00
9.711000028952429375e+01,1.811295618191518297e+00
9.712000028955411324e+01,1.733964907761751384e+00
9.713000028958393273e+01,1.772072329316978667e+00
9.714000028961373800e+01,1.730186770030162080e+00
9.715000028964355749e+01,1.714499336096586335e+00
9.716000028967336277e+01,1.724010596970689146e+00
9.717000028970318226e+01,1.659465321403862603e+00
9.718000028973300175e+01,1.705159391267328406e+00
9.719000028976282124e+01,1.651673914231428730e+00
9.720000028979262652e+01,1.687476339002362602e+00
9.721000028982243180e+01,1.751437423910659152e+00
9.722000028985225129e+01,1.660680709819988943e+00
9.723000028988207077e+01,1.675657188958187049e+00
9.724000028991189026e+01,1.709315896534184809e+00
9.725000028994169554e+01,1.723288368644088964e+00
9.726000028997150082e+01,1.752079710570807469e+00
9.727000029000132031e+01,1.730070644949579961e+00
9.728000029003113980e+01,1.639908972076324467e+00
9.729000029006095929e+01,1.710641859202735260e+00
9.730000029009076457e+01,1.773704881742876438e+00
9.731000029012056984e+01,1.769905727991911482e+00
9.732000029015038933e+01,1.619358631326524023e+00
9.733000029018020882e+01,1.489829709794927126e+00
9.734000029021002831e+01,1.704869267312895342e+00
9.735000029023984780e+01,1.631735907119048479e+00
9.736000029026963887e+01,1.605068624106174235e+00
9.737000029029945836e+01,1.626234746444462642e+00
9.738000029032927785e+01,1.565244564973560237e+00
9.739000029035909733e+01,1.595502624280120907e+00
9.740000029038891682e+01,1.528727270660031223e+00
9.741000029041872210e+01,1.575042380215793125e+00
9.742000029044852738e+01,1.439805147107071859e+00
9.743000029047834687e+01,1.584693792801477485e+00
9.744000029050816636e+01,1.510857675119034571e+00
9.745000029053798585e+01,1.491278293151183210e+00
9.746000029056779113e+01,1.491520920913326886e+00
9.747000029059759640e+01,1.530063852510246125e+00
9.748000029062741589e+01,1.562502961712222582e+00
9.749000029065723538e+01,1.683321460223037080e+00
9.750000029068705487e+01,1.665756642748560834e+00
9.751000029071687436e+01,1.696899446939301281e+00
9.752000029074666543e+01,1.831363997500009111e+00
9.753000029077648492e+01,1.692931822358703098e+00
9.754000029080630441e+01,1.598994044813930149e+00
9.755000029083612390e+01,1.630359401621198856e+00
9.756000029086594338e+01,1.637277118517323160e+00
9.757000029089573445e+01,1.673373315884352008e+00
9.758000029092555394e+01,1.608665615853114961e+00
9.759000029095537343e+01,1.576738977938731523e+00
9.760000029098519292e+01,1.632376041939506139e+00
9.761000029101501241e+01,1.570136648126628343e+00
9.762000029104481769e+01,1.651294053690018471e+00
9.763000029107462296e+01,1.789911481346890154e+00
9.764000029110444245e+01,1.744083039349289654e+00
9.765000029113426194e+01,1.691675421014804837e+00
9.766000029116408143e+01,1.661364267685741858e+00
9.767000029119388671e+01,1.675093948038380187e+00
9.768000029122369199e+01,1.661344733158562015e+00
9.769000029125351148e+01,1.586562598797219836e+00
9.770000029128333097e+01,1.676218535959662859e+00
9.771000029131315046e+01,1.669668917911131256e+00
9.772000029134296994e+01,1.625544546232883691e+00
9.773000029137276101e+01,1.662982520416874888e+00
9.774000029140258050e+01,1.759306500706540932e+00
9.775000029143239999e+01,1.461777525139128286e+00
9.776000029146221948e+01,1.582906236501481434e+00
9.777000029149203897e+01,1.602591900761759280e+00
9.778000029152183004e+01,1.592163009044045729e+00
9.779000029155164952e+01,1.639954205478632243e+00
9.780000029158146901e+01,1.671924576937263485e+00
9.781000029161128850e+01,1.522320341907360985e+00
9.782000029164110799e+01,1.643330140305688136e+00
9.783000029167089906e+01,1.538675206073658153e+00
9.784000029170071855e+01,1.539014870746306274e+00
9.785000029173053804e+01,1.489407329152549586e+00
9.786000029176035753e+01,1.574181367473346915e+00
9.787000029179017702e+01,1.558570062876774243e+00
9.788000029181998229e+01,1.517766759102471497e+00
9.789000029184978757e+01,1.588005131449555574e+00
9.790000029187960706e+01,1.623702143402302234e+00
9.791000029190942655e+01,1.660813113163781107e+00
9.792000029193924604e+01,1.620017283009136833e+00
9.793000029196905132e+01,1.656179382072605177e+00
9.794000029199885660e+01,1.647507380738387539e+00
9.795000029202867609e+01,1.608293745364936633e+00
9.796000029205849557e+01,1.570042055555195049e+00
9.797000029208831506e+01,1.672836911100340052e+00
9.798000029211812034e+01,1.693317092092283538e+00
9.799000029214792562e+01,1.556034990400434470e+00
9.800000029217774511e+01,1.661340157136759643e+00
9.801000029220756460e+01,1.698621216077381257e+00
9.802000029223738409e+01,1.569627349306998543e+00
9.803000029226720358e+01,1.565979254213810234e+00
9.804000029229699464e+01,1.682548826086850413e+00
9.805000029232681413e+01,1.647476883410034176e+00
9.806000029235663362e+01,1.531591267797019595e+00
9.807000029238645311e+01,1.652315850771993055e+00
9.808000029241627260e+01,1.762897439933797994e+00
9.809000029244607788e+01,1.681106522510212198e+00
9.810000029247588316e+01,1.733951693870156463e+00
9.811000029250570265e+01,1.588563359787031448e+00
9.812000029253552214e+01,1.692922336880644529e+00
9.813000029256534162e+01,1.565866926207806209e+00
9.814000029259514690e+01,1.588638170403464445e+00
9.815000029262495218e+01,1.659311670649182613e+00
9.816000029265477167e+01,1.515578644012633092e+00
9.817000029268459116e+01,1.666823993867289300e+00
9.818000029271441065e+01,1.495478321403397093e+00
9.819000029274421593e+01,1.585694014451444422e+00
9.820000029277402120e+01,1.701708397162575492e+00
9.821000029280384069e+01,1.678823506879804306e+00
9.822000029283366018e+01,1.601333431301464660e+00
9.823000029286347967e+01,1.634481997642815321e+00
9.824000029289329916e+01,1.452003260011746288e+00
9.825000029292310444e+01,1.472384830922123911e+00
9.826000029295290972e+01,1.478397747778997795e+00
9.827000029298272921e+01,1.573523877922672787e+00
9.828000029301254870e+01,1.610558158134107742e+00
9.829000029304236818e+01,1.730166528234451384e+00
9.830000029307217346e+01,1.598921857387394452e+00
9.831000029310197874e+01,1.702263671286484037e+00
9.832000029313179823e+01,1.578206835840861189e+00
9.833000029316161772e+01,1.635246277148144189e+00
9.834000029319143721e+01,1.748711672442105902e+00
9.835000029322124249e+01,1.645421371417805867e+00
9.836000029325104776e+01,1.589282026319869034e+00
9.837000029328086725e+01,1.612381511566859160e+00
9.838000029331068674e+01,1.561746319924062876e+00
9.839000029334050623e+01,1.650076569088383405e+00
9.840000029337031151e+01,1.655514521433474995e+00
9.841000029340013100e+01,1.660331082960164073e+00
9.842000029342993628e+01,1.678275526193875322e+00
9.843000029345975577e+01,1.703839740344625930e+00
9.844000029348957526e+01,1.783894127745571323e+00
9.845000029351938053e+01,1.722119131613741416e+00
9.846000029354920002e+01,1.633586585036891581e+00
9.847000029357900530e+01,1.633632224539363964e+00
9.848000029360882479e+01,1.595870378302207238e+00
9.849000029363864428e+01,1.527344546345482446e+00
9.850000029366844956e+01,1.553051701575719035e+00
9.851000029369826905e+01,1.547792529514961490e+00
9.852000029372807433e+01,1.523463060096094557e+00
9.853000029375789381e+01,1.472871919136732322e+00
9.854000029378771330e+01,1.423547797666250059e+00
9.855000029381751858e+01,1.345177240384709538e+00
9.856000029384733807e+01,1.377852963654574658e+00
9.857000029387714335e+01,1.384466611769612499e+00
9.858000029390696284e+01,1.381031630609729444e+00
9.859000029393678233e+01,1.320395833249744300e+00
9.860000029396658761e+01,1.544149360364713841e+00
9.861000029399640709e+01,1.445838942227616331e+00
9.862000029402622658e+01,1.378055605629444846e+00
9.863000029405603186e+01,1.409096270246811500e+00
9.864000029408585135e+01,1.450079571235855180e+00
9.865000029411565663e+01,1.398984894477662388e+00
9.866000029414547612e+01,1.578404531175511716e+00
9.867000029417529561e+01,1.518072732002593295e+00
9.868000029420510089e+01,1.522850674574649066e+00
9.869000029423492037e+01,1.667130016675195225e+00
9.870000029426473986e+01,1.729980679503620333e+00
9.871000029429454514e+01,1.710585290619703880e+00
9.872000029432436463e+01,1.793869229266213727e+00
9.873000029435416991e+01,1.671816258397072819e+00
9.874000029438398940e+01,1.597619539555675372e+00
9.875000029441380889e+01,1.529710276729828511e+00
9.876000029444361417e+01,1.492015081443291313e+00
9.877000029447343366e+01,1.510400371807398168e+00
9.878000029450325314e+01,1.428399746029351602e+00
9.879000029453305842e+01,1.469574245936914103e+00
9.880000029456287791e+01,1.561742136209972598e+00
9.881000029459268319e+01,1.477245921927799355e+00
9.882000029462250268e+01,1.483929870263684947e+00
9.883000029465232217e+01,1.532751377682208371e+00
9.884000029468212745e+01,1.524328167794449795e+00
9.885000029471194694e+01,1.391393667320680816e+00
9.886000029474176642e+01,1.537157260795420255e+00
9.887000029477157170e+01,1.672091960181668391e+00
9.888000029480139119e+01,1.553961576599218297e+00
9.889000029483119647e+01,1.476708367506022856e+00
9.890000029486101596e+01,1.551959432505002123e+00
9.891000029489083545e+01,1.478544377811811028e+00
9.892000029492064073e+01,1.431306712956827321e+00
9.893000029495046022e+01,1.545763495720886338e+00
9.894000029498027970e+01,1.523204176773159890e+00
9.895000029501008498e+01,1.519746907961624371e+00
9.896000029503990447e+01,1.622400811752533256e+00
9.897000029506970975e+01,1.624052289252958747e+00
9.898000029509952924e+01,1.471214950195905535e+00
9.899000029512934873e+01,1.483162684532378428e+00
9.900000029515915401e+01,1.575699488124491010e+00
9.901000029518897350e+01,1.611881402220263659e+00
9.902000029521877877e+01,1.536379199235847315e+00
9.903000029524859826e+01,1.679049738343922460e+00
9.904000029527841775e+01,1.585297173502294044e+00
9.905000029530822303e+01,1.591846335734043327e+00
9.906000029533804252e+01,1.500838029731909051e+00
9.907000029536784780e+01,1.508271878892286422e+00
9.908000029539766729e+01,1.594701123746639748e+00
9.909000029542748678e+01,1.628602366657171840e+00
9.910000029545730627e+01,1.595315576348511399e+00
9.911000029548711154e+01,1.535236048776192241e+00
9.912000029551691682e+01,1.496312983967071242e+00
9.913000029554673631e+01,1.456249407221980263e+00
9.914000029557655580e+01,1.608617684874909637e+00
9.915000029560637529e+01,1.613942901200026148e+00
9.916000029563618057e+01,1.615963596246937417e+00
9.917000029566598585e+01,1.599321045384036299e+00
9.918000029569580533e+01,1.646015170354860446e+00
9.919000029572562482e+01,1.533128569416886133e+00
9.920000029575544431e+01,1.577117916516984408e+00
9.921000029578524959e+01,1.583372358085808784e+00
9.922000029581505487e+01,1.665698966061857966e+00
9.923000029584487436e+01,1.689532465125745730e+00
9.924000029587469385e+01,1.745899697524513572e+00
9.925000029590451334e+01,1.819341244163110050e+00
9.926000029593431861e+01,1.727468706500474127e+00
9.927000029596412389e+01,1.716281665115686916e+00
9.928000029599394338e+01,1.787846171805576923e+00
9.929000029602376287e+01,1.777335593199049990e+00
9.930000029605358236e+01,1.766961734827493968e+00
9.931000029608340185e+01,1.846646021113073521e+00
9.932000029611319292e+01,1.750807143996287785e+00
9.933000029614301241e+01,1.863734989055285673e+00
9.934000029617283190e+01,1.755598153658566307e+00
9.935000029620265138e+01,1.748634112450090594e+00
9.936000029623247087e+01,1.803912547026478075e+00
9.937000029626227615e+01,1.794774379366719685e+00
9.938000029629208143e+01,1.779112524422572283e+00
9.939000029632190092e+01,1.744039069733457570e+00
9.940000029635172041e+01,1.729571652527992720e+00
9.941000029638153990e+01,1.792310526695643391e+00
9.942000029641134518e+01,1.784065394001844052e+00
9.943000029644115045e+01,1.811831599604206477e+00
9.944000029647096994e+01,1.766644119145025060e+00
9.945000029650078943e+01,1.703847137208561069e+00
9.946000029653060892e+01,1.855609356097978724e+00
9.947000029656042841e+01,1.715950849897092567e+00
9.948000029659023369e+01,1.908519704874668710e+00
9.949000029662003897e+01,1.822188260414466354e+00
9.950000029664985846e+01,1.751391214706416788e+00
9.951000029667967794e+01,1.755240431016669378e+00
9.952000029670949743e+01,1.684417180173980899e+00
9.953000029673930271e+01,1.651672838577318503e+00
9.954000029676910799e+01,1.818586447830052633e+00
9.955000029679892748e+01,1.863157906127107521e+00
9.956000029682874697e+01,1.630287868817849928e+00
9.957000029685856646e+01,1.636730569343290309e+00
9.958000029688837174e+01,1.634956192212333237e+00
9.959000029691817701e+01,1.736226880753823698e+00
9.960000029694799650e+01,1.665052196863115563e+00
9.961000029697781599e+01,1.638731316472845645e+00
9.962000029700763548e+01,1.706173603518629900e+00
9.963000029703745497e+01,1.862204199510584246e+00
9.964000029706724604e+01,1.740746458302648403e+00
9.965000029709706553e+01,1.840071478826443174e+00
9.966000029712688502e+01,1.664017458969547558e+00
9.967000029715670451e+01,1.606413121447452630e+00
9.968000029718652399e+01,1.569685701729290228e+00
9.969000029721631506e+01,1.605692978760627110e+00
9.970000029724613455e+01,1.635076930673103668e+00
9.971000029727595404e+01,1.644786514326435078e+00
9.972000029730577353e+01,1.594403926147365258e+00
9.973000029733559302e+01,1.681128224564631291e+00
9.974000029736538409e+01,1.698936701194178278e+00
9.975000029739520357e+01,1.658944395433997299e+00
9.976000029742502306e+01,1.682927102861397461e+00
9.977000029745484255e+01,1.636469770390959866e+00
9.978000029748466204e+01,1.758693253601466777e+00
9.979000029751445311e+01,1.797851886716772984e+00
9.980000029754427260e+01,1.739055462018604503e+00
9.981000029757409209e+01,1.753129697479110183e+00
9.982000029760391158e+01,1.732407510102863313e+00
9.983000029763373107e+01,1.778114274687273344e+00
9.984000029766353634e+01,1.880926029907732833e+00
9.985000029769334162e+01,1.813672384738421517e+00
9.986000029772316111e+01,1.680737603154096593e+00
9.987000029775298060e+01,1.801845327224286253e+00
9.988000029778280009e+01,1.696412600411705496e+00
9.989000029781260537e+01,1.744225210370940804e+00
9.990000029784241065e+01,1.708737504657577899e+00
9.991000029787223013e+01,1.652839201238961664e+00
9.992000029790204962e+01,1.590795129519380513e+00
9.993000029793186911e+01,1.569678414742959660e+00
9.994000029796167439e+01,1.632886230555941731e+00
9.995000029799147967e+01,1.587671166431066094e+00
9.996000029802129916e+01,1.557690386155594187e+00
9.997000029805111865e+01,1.542893089306579979e+00
9.998000029808093814e+01,1.594148582030678440e+00
9.999000029811075763e+01,1.623501596716186768e+00
